logg,Teff,Z,u,Filt,Met,Mod
0,3500,-5,0.2917,H,F,A
0.5,3500,-5,0.259,H,F,A
1,3500,-5,0.207,H,F,A
1.5,3500,-5,0.1935,H,F,A
2,3500,-5,0.2226,H,F,A
2.5,3500,-5,0.2001,H,F,A
3,3500,-5,0.1021,H,F,A
0,3750,-5,0.2891,H,F,A
0.5,3750,-5,0.262,H,F,A
1,3750,-5,0.2345,H,F,A
1.5,3750,-5,0.1985,H,F,A
2,3750,-5,0.1551,H,F,A
2.5,3750,-5,0.1736,H,F,A
3,3750,-5,0.227,H,F,A
0,4000,-5,0.29,H,F,A
0.5,4000,-5,0.2721,H,F,A
1,4000,-5,0.2495,H,F,A
1.5,4000,-5,0.2232,H,F,A
2,4000,-5,0.1993,H,F,A
2.5,4000,-5,0.1597,H,F,A
3,4000,-5,0.1364,H,F,A
3.5,4000,-5,0.1723,H,F,A
0,4250,-5,0.2871,H,F,A
0.5,4250,-5,0.2787,H,F,A
1,4250,-5,0.2648,H,F,A
1.5,4250,-5,0.2447,H,F,A
2,4250,-5,0.2228,H,F,A
2.5,4250,-5,0.1973,H,F,A
3,4250,-5,0.1727,H,F,A
3.5,4250,-5,0.1383,H,F,A
4,4250,-5,0.1151,H,F,A
0,4500,-5,0.278,H,F,A
0.5,4500,-5,0.275,H,F,A
1,4500,-5,0.2686,H,F,A
1.5,4500,-5,0.2573,H,F,A
2,4500,-5,0.2401,H,F,A
2.5,4500,-5,0.2197,H,F,A
3,4500,-5,0.1984,H,F,A
3.5,4500,-5,0.1753,H,F,A
4,4500,-5,0.1465,H,F,A
0,4750,-5,0.2663,H,F,A
0.5,4750,-5,0.2659,H,F,A
1,4750,-5,0.2637,H,F,A
1.5,4750,-5,0.2581,H,F,A
2,4750,-5,0.2484,H,F,A
2.5,4750,-5,0.2343,H,F,A
3,4750,-5,0.2167,H,F,A
3.5,4750,-5,0.1988,H,F,A
4,4750,-5,0.1783,H,F,A
4.5,4750,-5,0.1545,H,F,A
0,5000,-5,0.2542,H,F,A
0.5,5000,-5,0.2549,H,F,A
1,5000,-5,0.2544,H,F,A
1.5,5000,-5,0.2523,H,F,A
2,5000,-5,0.2472,H,F,A
2.5,5000,-5,0.2392,H,F,A
3,5000,-5,0.2272,H,F,A
3.5,5000,-5,0.2122,H,F,A
4,5000,-5,0.1966,H,F,A
4.5,5000,-5,0.1794,H,F,A
5,5000,-5,0.1622,H,F,A
0,5250,-5,0.2426,H,F,A
0.5,5250,-5,0.2426,H,F,A
1,5250,-5,0.2434,H,F,A
1.5,5250,-5,0.2429,H,F,A
2,5250,-5,0.2405,H,F,A
2.5,5250,-5,0.2362,H,F,A
3,5250,-5,0.2291,H,F,A
3.5,5250,-5,0.2194,H,F,A
4,5250,-5,0.2077,H,F,A
4.5,5250,-5,0.1939,H,F,A
5,5250,-5,0.1777,H,F,A
0,5500,-5,0.2312,H,F,A
0.5,5500,-5,0.2295,H,F,A
1,5500,-5,0.2305,H,F,A
1.5,5500,-5,0.2315,H,F,A
2,5500,-5,0.2309,H,F,A
2.5,5500,-5,0.229,H,F,A
3,5500,-5,0.2253,H,F,A
3.5,5500,-5,0.2199,H,F,A
4,5500,-5,0.2124,H,F,A
4.5,5500,-5,0.2027,H,F,A
5,5500,-5,0.1901,H,F,A
0,5750,-5,0.258,H,F,A
0.5,5750,-5,0.2161,H,F,A
1,5750,-5,0.2165,H,F,A
1.5,5750,-5,0.218,H,F,A
2,5750,-5,0.2193,H,F,A
2.5,5750,-5,0.2194,H,F,A
3,5750,-5,0.2184,H,F,A
3.5,5750,-5,0.2156,H,F,A
4,5750,-5,0.2118,H,F,A
4.5,5750,-5,0.2059,H,F,A
5,5750,-5,0.1969,H,F,A
0,6000,-5,0.2573,H,F,A
0.5,6000,-5,0.2468,H,F,A
1,6000,-5,0.2109,H,F,A
1.5,6000,-5,0.2045,H,F,A
2,6000,-5,0.2063,H,F,A
2.5,6000,-5,0.208,H,F,A
3,6000,-5,0.2089,H,F,A
3.5,6000,-5,0.2082,H,F,A
4,6000,-5,0.2076,H,F,A
4.5,6000,-5,0.2053,H,F,A
5,6000,-5,0.1993,H,F,A
0.5,6250,-5,0.243,H,F,A
1,6250,-5,0.2371,H,F,A
1.5,6250,-5,0.1984,H,F,A
2,6250,-5,0.1929,H,F,A
2.5,6250,-5,0.1956,H,F,A
3,6250,-5,0.1981,H,F,A
3.5,6250,-5,0.1995,H,F,A
4,6250,-5,0.2007,H,F,A
4.5,6250,-5,0.2001,H,F,A
5,6250,-5,0.1993,H,F,A
0.5,6500,-5,0.2407,H,F,A
1,6500,-5,0.2311,H,F,A
1.5,6500,-5,0.228,H,F,A
2,6500,-5,0.1864,H,F,A
2.5,6500,-5,0.1826,H,F,A
3,6500,-5,0.1866,H,F,A
3.5,6500,-5,0.1898,H,F,A
4,6500,-5,0.1929,H,F,A
4.5,6500,-5,0.1949,H,F,A
5,6500,-5,0.1952,H,F,A
0.5,6750,-5,0.2406,H,F,A
1,6750,-5,0.2259,H,F,A
1.5,6750,-5,0.2205,H,F,A
2,6750,-5,0.2199,H,F,A
2.5,6750,-5,0.1767,H,F,A
3,6750,-5,0.1755,H,F,A
3.5,6750,-5,0.1801,H,F,A
4,6750,-5,0.1846,H,F,A
4.5,6750,-5,0.1884,H,F,A
5,6750,-5,0.191,H,F,A
0.5,7000,-5,0.2427,H,F,A
1,7000,-5,0.2232,H,F,A
1.5,7000,-5,0.2139,H,F,A
2,7000,-5,0.2116,H,F,A
2.5,7000,-5,0.2128,H,F,A
3,7000,-5,0.1698,H,F,A
3.5,7000,-5,0.1714,H,F,A
4,7000,-5,0.1761,H,F,A
4.5,7000,-5,0.1812,H,F,A
5,7000,-5,0.1851,H,F,A
1,7250,-5,0.2222,H,F,A
1.5,7250,-5,0.2089,H,F,A
2,7250,-5,0.2034,H,F,A
2.5,7250,-5,0.204,H,F,A
3,7250,-5,0.2065,H,F,A
3.5,7250,-5,0.165,H,F,A
4,7250,-5,0.1684,H,F,A
4.5,7250,-5,0.1741,H,F,A
5,7250,-5,0.1785,H,F,A
1,7500,-5,0.2221,H,F,A
1.5,7500,-5,0.2059,H,F,A
2,7500,-5,0.1972,H,F,A
2.5,7500,-5,0.195,H,F,A
3,7500,-5,0.197,H,F,A
3.5,7500,-5,0.2011,H,F,A
4,7500,-5,0.1655,H,F,A
4.5,7500,-5,0.1678,H,F,A
5,7500,-5,0.172,H,F,A
1.5,7750,-5,0.2035,H,F,A
2,7750,-5,0.1928,H,F,A
2.5,7750,-5,0.1873,H,F,A
3,7750,-5,0.1875,H,F,A
3.5,7750,-5,0.1916,H,F,A
4,7750,-5,0.1968,H,F,A
4.5,7750,-5,0.1629,H,F,A
5,7750,-5,0.1665,H,F,A
1.5,8000,-5,0.2016,H,F,A
2,8000,-5,0.1888,H,F,A
2.5,8000,-5,0.1823,H,F,A
3,8000,-5,0.1795,H,F,A
3.5,8000,-5,0.1818,H,F,A
4,8000,-5,0.1875,H,F,A
4.5,8000,-5,0.1935,H,F,A
5,8000,-5,0.1619,H,F,A
2,8250,-5,0.1857,H,F,A
2.5,8250,-5,0.1777,H,F,A
3,8250,-5,0.1738,H,F,A
3.5,8250,-5,0.1729,H,F,A
4,8250,-5,0.1777,H,F,A
4.5,8250,-5,0.1842,H,F,A
5,8250,-5,0.1609,H,F,A
1.5,8500,-5,0.2004,H,F,A
2,8500,-5,0.1829,H,F,A
2.5,8500,-5,0.1735,H,F,A
3,8500,-5,0.1687,H,F,A
3.5,8500,-5,0.167,H,F,A
4,8500,-5,0.1683,H,F,A
4.5,8500,-5,0.1751,H,F,A
5,8500,-5,0.1828,H,F,A
2,8750,-5,0.1811,H,F,A
2.5,8750,-5,0.1703,H,F,A
3,8750,-5,0.1647,H,F,A
3.5,8750,-5,0.162,H,F,A
4,8750,-5,0.1618,H,F,A
4.5,8750,-5,0.1652,H,F,A
5,8750,-5,0.1737,H,F,A
1.5,9000,-5,0.2028,H,F,A
2,9000,-5,0.1797,H,F,A
2.5,9000,-5,0.1675,H,F,A
3,9000,-5,0.1609,H,F,A
3.5,9000,-5,0.1575,H,F,A
4,9000,-5,0.1566,H,F,A
4.5,9000,-5,0.1575,H,F,A
5,9000,-5,0.1607,H,F,A
2,9250,-5,0.1787,H,F,A
2.5,9250,-5,0.1653,H,F,A
3,9250,-5,0.1579,H,F,A
3.5,9250,-5,0.154,H,F,A
4,9250,-5,0.1526,H,F,A
4.5,9250,-5,0.153,H,F,A
5,9250,-5,0.1551,H,F,A
2,9500,-5,0.178,H,F,A
2.5,9500,-5,0.1637,H,F,A
3,9500,-5,0.1557,H,F,A
3.5,9500,-5,0.1514,H,F,A
4,9500,-5,0.1493,H,F,A
4.5,9500,-5,0.1489,H,F,A
5,9500,-5,0.1504,H,F,A
2,9750,-5,0.1773,H,F,A
2.5,9750,-5,0.1622,H,F,A
3,9750,-5,0.1538,H,F,A
3.5,9750,-5,0.149,H,F,A
4,9750,-5,0.1463,H,F,A
4.5,9750,-5,0.1452,H,F,A
5,9750,-5,0.1464,H,F,A
2,10000,-5,0.1766,H,F,A
2.5,10000,-5,0.1609,H,F,A
3,10000,-5,0.1519,H,F,A
3.5,10000,-5,0.1468,H,F,A
4,10000,-5,0.1439,H,F,A
4.5,10000,-5,0.1425,H,F,A
5,10000,-5,0.1433,H,F,A
2,10500,-5,0.1754,H,F,A
2.5,10500,-5,0.1582,H,F,A
3,10500,-5,0.1486,H,F,A
3.5,10500,-5,0.1432,H,F,A
4,10500,-5,0.1401,H,F,A
4.5,10500,-5,0.1386,H,F,A
5,10500,-5,0.1383,H,F,A
2.5,11000,-5,0.1557,H,F,A
3,11000,-5,0.1456,H,F,A
3.5,11000,-5,0.1399,H,F,A
4,11000,-5,0.1369,H,F,A
4.5,11000,-5,0.1351,H,F,A
5,11000,-5,0.1343,H,F,A
2.5,11500,-5,0.1535,H,F,A
3,11500,-5,0.1429,H,F,A
3.5,11500,-5,0.137,H,F,A
4,11500,-5,0.1338,H,F,A
4.5,11500,-5,0.1319,H,F,A
5,11500,-5,0.1312,H,F,A
2.5,12000,-5,0.1515,H,F,A
3,12000,-5,0.1404,H,F,A
3.5,12000,-5,0.1342,H,F,A
4,12000,-5,0.1308,H,F,A
4.5,12000,-5,0.129,H,F,A
5,12000,-5,0.1283,H,F,A
2.5,12500,-5,0.1499,H,F,A
3,12500,-5,0.1381,H,F,A
3.5,12500,-5,0.1315,H,F,A
4,12500,-5,0.128,H,F,A
4.5,12500,-5,0.1261,H,F,A
5,12500,-5,0.1256,H,F,A
2.5,13000,-5,0.1486,H,F,A
3,13000,-5,0.136,H,F,A
3.5,13000,-5,0.1292,H,F,A
4,13000,-5,0.1253,H,F,A
4.5,13000,-5,0.1234,H,F,A
5,13000,-5,0.1229,H,F,A
2,14000,-5,0.1766,H,F,A
2.5,14000,-5,0.1466,H,F,A
3,14000,-5,0.1324,H,F,A
3.5,14000,-5,0.1248,H,F,A
4,14000,-5,0.1207,H,F,A
4.5,14000,-5,0.1186,H,F,A
5,14000,-5,0.1178,H,F,A
2.5,15000,-5,0.1459,H,F,A
3,15000,-5,0.1298,H,F,A
3.5,15000,-5,0.1213,H,F,A
4,15000,-5,0.1168,H,F,A
4.5,15000,-5,0.1144,H,F,A
5,15000,-5,0.1135,H,F,A
2.5,16000,-5,0.1461,H,F,A
3,16000,-5,0.1279,H,F,A
3.5,16000,-5,0.1184,H,F,A
4,16000,-5,0.1135,H,F,A
4.5,16000,-5,0.1109,H,F,A
5,16000,-5,0.1099,H,F,A
2.5,17000,-5,0.1471,H,F,A
3,17000,-5,0.1266,H,F,A
3.5,17000,-5,0.1162,H,F,A
4,17000,-5,0.1107,H,F,A
4.5,17000,-5,0.108,H,F,A
5,17000,-5,0.1068,H,F,A
2.5,18000,-5,0.1489,H,F,A
3,18000,-5,0.1256,H,F,A
3.5,18000,-5,0.1145,H,F,A
4,18000,-5,0.1085,H,F,A
4.5,18000,-5,0.1054,H,F,A
5,18000,-5,0.1041,H,F,A
2.5,19000,-5,0.1522,H,F,A
3,19000,-5,0.1248,H,F,A
3.5,19000,-5,0.113,H,F,A
4,19000,-5,0.1067,H,F,A
4.5,19000,-5,0.1034,H,F,A
5,19000,-5,0.102,H,F,A
3,20000,-5,0.1249,H,F,A
3.5,20000,-5,0.1113,H,F,A
4,20000,-5,0.1049,H,F,A
4.5,20000,-5,0.1018,H,F,A
5,20000,-5,0.1004,H,F,A
3,21000,-5,0.1257,H,F,A
3.5,21000,-5,0.1103,H,F,A
4,21000,-5,0.1033,H,F,A
4.5,21000,-5,0.1,H,F,A
5,21000,-5,0.0988,H,F,A
3,22000,-5,0.1278,H,F,A
3.5,22000,-5,0.1102,H,F,A
4,22000,-5,0.1023,H,F,A
4.5,22000,-5,0.0986,H,F,A
5,22000,-5,0.0972,H,F,A
3,23000,-5,0.1307,H,F,A
3.5,23000,-5,0.1109,H,F,A
4,23000,-5,0.1019,H,F,A
4.5,23000,-5,0.0977,H,F,A
5,23000,-5,0.0962,H,F,A
3,24000,-5,0.1352,H,F,A
3.5,24000,-5,0.1124,H,F,A
4,24000,-5,0.1023,H,F,A
4.5,24000,-5,0.0975,H,F,A
5,24000,-5,0.0956,H,F,A
3,25000,-5,0.1411,H,F,A
3.5,25000,-5,0.1145,H,F,A
4,25000,-5,0.1033,H,F,A
4.5,25000,-5,0.0978,H,F,A
5,25000,-5,0.0955,H,F,A
3,26000,-5,0.1461,H,F,A
3.5,26000,-5,0.1172,H,F,A
4,26000,-5,0.1046,H,F,A
4.5,26000,-5,0.0988,H,F,A
5,26000,-5,0.0964,H,F,A
3.5,27000,-5,0.1195,H,F,A
4,27000,-5,0.1062,H,F,A
4.5,27000,-5,0.0997,H,F,A
5,27000,-5,0.097,H,F,A
3.5,28000,-5,0.1202,H,F,A
4,28000,-5,0.1075,H,F,A
4.5,28000,-5,0.1006,H,F,A
5,28000,-5,0.0977,H,F,A
3.5,29000,-5,0.1178,H,F,A
4,29000,-5,0.1071,H,F,A
4.5,29000,-5,0.1009,H,F,A
5,29000,-5,0.0977,H,F,A
3.5,30000,-5,0.1136,H,F,A
4,30000,-5,0.1049,H,F,A
4.5,30000,-5,0.0997,H,F,A
5,30000,-5,0.0968,H,F,A
3.5,31000,-5,0.1097,H,F,A
4,31000,-5,0.1009,H,F,A
4.5,31000,-5,0.0967,H,F,A
5,31000,-5,0.0944,H,F,A
4,32000,-5,0.0964,H,F,A
4.5,32000,-5,0.0928,H,F,A
5,32000,-5,0.0911,H,F,A
4,33000,-5,0.0922,H,F,A
4.5,33000,-5,0.0882,H,F,A
5,33000,-5,0.0865,H,F,A
4,34000,-5,0.0882,H,F,A
4.5,34000,-5,0.0835,H,F,A
5,34000,-5,0.082,H,F,A
4,35000,-5,0.0839,H,F,A
4.5,35000,-5,0.0793,H,F,A
5,35000,-5,0.0772,H,F,A
4.5,37500,-5,0.0676,H,F,A
5,37500,-5,0.0657,H,F,A
4.5,40000,-5,0.0595,H,F,A
5,40000,-5,0.0557,H,F,A
5,42500,-5,0.0511,H,F,A
5,45000,-5,0.0496,H,F,A
5,47500,-5,0.0491,H,F,A
5,50000,-5,0.0491,H,F,A
0,3500,-4.5,0.293,H,F,A
0.5,3500,-4.5,0.2605,H,F,A
1,3500,-4.5,0.2106,H,F,A
1.5,3500,-4.5,0.1926,H,F,A
2,3500,-4.5,0.2137,H,F,A
2.5,3500,-4.5,0.2173,H,F,A
3,3500,-4.5,0.1624,H,F,A
0,3750,-4.5,0.2892,H,F,A
0.5,3750,-4.5,0.2626,H,F,A
1,3750,-4.5,0.2357,H,F,A
1.5,3750,-4.5,0.2009,H,F,A
2,3750,-4.5,0.1563,H,F,A
2.5,3750,-4.5,0.1603,H,F,A
3,3750,-4.5,0.1957,H,F,A
3.5,3750,-4.5,0.203,H,F,A
0,4000,-4.5,0.2903,H,F,A
0.5,4000,-4.5,0.2728,H,F,A
1,4000,-4.5,0.25,H,F,A
1.5,4000,-4.5,0.2245,H,F,A
2,4000,-4.5,0.2,H,F,A
2.5,4000,-4.5,0.1615,H,F,A
3,4000,-4.5,0.1358,H,F,A
3.5,4000,-4.5,0.1487,H,F,A
4,4000,-4.5,0.2162,H,F,A
0,4250,-4.5,0.287,H,F,A
0.5,4250,-4.5,0.279,H,F,A
1,4250,-4.5,0.2649,H,F,A
1.5,4250,-4.5,0.2453,H,F,A
2,4250,-4.5,0.2224,H,F,A
2.5,4250,-4.5,0.2015,H,F,A
3,4250,-4.5,0.1739,H,F,A
3.5,4250,-4.5,0.1399,H,F,A
4,4250,-4.5,0.1178,H,F,A
4.5,4250,-4.5,0.1077,H,F,A
0,4500,-4.5,0.2779,H,F,A
0.5,4500,-4.5,0.2751,H,F,A
1,4500,-4.5,0.2687,H,F,A
1.5,4500,-4.5,0.2574,H,F,A
2,4500,-4.5,0.2404,H,F,A
2.5,4500,-4.5,0.2205,H,F,A
3,4500,-4.5,0.1996,H,F,A
3.5,4500,-4.5,0.1797,H,F,A
4,4500,-4.5,0.152,H,F,A
4.5,4500,-4.5,0.1288,H,F,A
5,4500,-4.5,0.113,H,F,A
0,4750,-4.5,0.2663,H,F,A
0.5,4750,-4.5,0.2664,H,F,A
1,4750,-4.5,0.2641,H,F,A
1.5,4750,-4.5,0.258,H,F,A
2,4750,-4.5,0.2485,H,F,A
2.5,4750,-4.5,0.2344,H,F,A
3,4750,-4.5,0.217,H,F,A
3.5,4750,-4.5,0.1987,H,F,A
4,4750,-4.5,0.1786,H,F,A
4.5,4750,-4.5,0.159,H,F,A
5,4750,-4.5,0.1385,H,F,A
0,5000,-4.5,0.2542,H,F,A
0.5,5000,-4.5,0.2549,H,F,A
1,5000,-4.5,0.2546,H,F,A
1.5,5000,-4.5,0.2523,H,F,A
2,5000,-4.5,0.2474,H,F,A
2.5,5000,-4.5,0.2391,H,F,A
3,5000,-4.5,0.2272,H,F,A
3.5,5000,-4.5,0.2126,H,F,A
4,5000,-4.5,0.1966,H,F,A
4.5,5000,-4.5,0.1794,H,F,A
5,5000,-4.5,0.159,H,F,A
0,5250,-4.5,0.2426,H,F,A
0.5,5250,-4.5,0.2425,H,F,A
1,5250,-4.5,0.2433,H,F,A
1.5,5250,-4.5,0.2429,H,F,A
2,5250,-4.5,0.2405,H,F,A
2.5,5250,-4.5,0.2363,H,F,A
3,5250,-4.5,0.2292,H,F,A
3.5,5250,-4.5,0.2195,H,F,A
4,5250,-4.5,0.2076,H,F,A
4.5,5250,-4.5,0.1937,H,F,A
5,5250,-4.5,0.1775,H,F,A
0,5500,-4.5,0.2312,H,F,A
0.5,5500,-4.5,0.2296,H,F,A
1,5500,-4.5,0.2305,H,F,A
1.5,5500,-4.5,0.2315,H,F,A
2,5500,-4.5,0.231,H,F,A
2.5,5500,-4.5,0.229,H,F,A
3,5500,-4.5,0.2253,H,F,A
3.5,5500,-4.5,0.2199,H,F,A
4,5500,-4.5,0.2125,H,F,A
4.5,5500,-4.5,0.2025,H,F,A
5,5500,-4.5,0.1899,H,F,A
0,5750,-4.5,0.258,H,F,A
0.5,5750,-4.5,0.2163,H,F,A
1,5750,-4.5,0.2165,H,F,A
1.5,5750,-4.5,0.2181,H,F,A
2,5750,-4.5,0.2193,H,F,A
2.5,5750,-4.5,0.2192,H,F,A
3,5750,-4.5,0.2184,H,F,A
3.5,5750,-4.5,0.2158,H,F,A
4,5750,-4.5,0.212,H,F,A
4.5,5750,-4.5,0.2058,H,F,A
5,5750,-4.5,0.1967,H,F,A
0,6000,-4.5,0.2574,H,F,A
0.5,6000,-4.5,0.2467,H,F,A
1,6000,-4.5,0.2032,H,F,A
1.5,6000,-4.5,0.2043,H,F,A
2,6000,-4.5,0.2064,H,F,A
2.5,6000,-4.5,0.2077,H,F,A
3,6000,-4.5,0.2087,H,F,A
3.5,6000,-4.5,0.2077,H,F,A
4,6000,-4.5,0.2067,H,F,A
4.5,6000,-4.5,0.2052,H,F,A
5,6000,-4.5,0.1964,H,F,A
0.5,6250,-4.5,0.2429,H,F,A
1,6250,-4.5,0.2371,H,F,A
1.5,6250,-4.5,0.1977,H,F,A
2,6250,-4.5,0.1926,H,F,A
2.5,6250,-4.5,0.1956,H,F,A
3,6250,-4.5,0.198,H,F,A
3.5,6250,-4.5,0.1995,H,F,A
4,6250,-4.5,0.2006,H,F,A
4.5,6250,-4.5,0.2002,H,F,A
5,6250,-4.5,0.1972,H,F,A
0.5,6500,-4.5,0.2406,H,F,A
1,6500,-4.5,0.2311,H,F,A
1.5,6500,-4.5,0.2278,H,F,A
2,6500,-4.5,0.1862,H,F,A
2.5,6500,-4.5,0.1825,H,F,A
3,6500,-4.5,0.1864,H,F,A
3.5,6500,-4.5,0.1898,H,F,A
4,6500,-4.5,0.1928,H,F,A
4.5,6500,-4.5,0.195,H,F,A
5,6500,-4.5,0.1953,H,F,A
0.5,6750,-4.5,0.2405,H,F,A
1,6750,-4.5,0.2258,H,F,A
1.5,6750,-4.5,0.2203,H,F,A
2,6750,-4.5,0.22,H,F,A
2.5,6750,-4.5,0.1768,H,F,A
3,6750,-4.5,0.1755,H,F,A
3.5,6750,-4.5,0.1801,H,F,A
4,6750,-4.5,0.1844,H,F,A
4.5,6750,-4.5,0.1884,H,F,A
5,6750,-4.5,0.1909,H,F,A
0.5,7000,-4.5,0.2426,H,F,A
1,7000,-4.5,0.2231,H,F,A
1.5,7000,-4.5,0.2137,H,F,A
2,7000,-4.5,0.2117,H,F,A
2.5,7000,-4.5,0.2127,H,F,A
3,7000,-4.5,0.1698,H,F,A
3.5,7000,-4.5,0.1714,H,F,A
4,7000,-4.5,0.176,H,F,A
4.5,7000,-4.5,0.1812,H,F,A
5,7000,-4.5,0.1852,H,F,A
1,7250,-4.5,0.2222,H,F,A
1.5,7250,-4.5,0.2088,H,F,A
2,7250,-4.5,0.2033,H,F,A
2.5,7250,-4.5,0.204,H,F,A
3,7250,-4.5,0.2065,H,F,A
3.5,7250,-4.5,0.1647,H,F,A
4,7250,-4.5,0.1687,H,F,A
4.5,7250,-4.5,0.1741,H,F,A
5,7250,-4.5,0.1785,H,F,A
1,7500,-4.5,0.2221,H,F,A
1.5,7500,-4.5,0.2059,H,F,A
2,7500,-4.5,0.1972,H,F,A
2.5,7500,-4.5,0.1948,H,F,A
3,7500,-4.5,0.197,H,F,A
3.5,7500,-4.5,0.2011,H,F,A
4,7500,-4.5,0.1655,H,F,A
4.5,7500,-4.5,0.1676,H,F,A
5,7500,-4.5,0.172,H,F,A
1.5,7750,-4.5,0.2035,H,F,A
2,7750,-4.5,0.1927,H,F,A
2.5,7750,-4.5,0.1873,H,F,A
3,7750,-4.5,0.1874,H,F,A
3.5,7750,-4.5,0.1915,H,F,A
4,7750,-4.5,0.1968,H,F,A
4.5,7750,-4.5,0.1628,H,F,A
5,7750,-4.5,0.1664,H,F,A
1.5,8000,-4.5,0.2014,H,F,A
2,8000,-4.5,0.1889,H,F,A
2.5,8000,-4.5,0.1822,H,F,A
3,8000,-4.5,0.1795,H,F,A
3.5,8000,-4.5,0.1818,H,F,A
4,8000,-4.5,0.1875,H,F,A
4.5,8000,-4.5,0.1934,H,F,A
5,8000,-4.5,0.1619,H,F,A
2,8250,-4.5,0.1858,H,F,A
2.5,8250,-4.5,0.1777,H,F,A
3,8250,-4.5,0.1736,H,F,A
3.5,8250,-4.5,0.1728,H,F,A
4,8250,-4.5,0.1775,H,F,A
4.5,8250,-4.5,0.1842,H,F,A
5,8250,-4.5,0.1608,H,F,A
1.5,8500,-4.5,0.2003,H,F,A
2,8500,-4.5,0.1829,H,F,A
2.5,8500,-4.5,0.1734,H,F,A
3,8500,-4.5,0.1687,H,F,A
3.5,8500,-4.5,0.167,H,F,A
4,8500,-4.5,0.1682,H,F,A
4.5,8500,-4.5,0.1751,H,F,A
5,8500,-4.5,0.1827,H,F,A
2,8750,-4.5,0.181,H,F,A
2.5,8750,-4.5,0.1703,H,F,A
3,8750,-4.5,0.1646,H,F,A
3.5,8750,-4.5,0.162,H,F,A
4,8750,-4.5,0.1618,H,F,A
4.5,8750,-4.5,0.1652,H,F,A
5,8750,-4.5,0.1736,H,F,A
1.5,9000,-4.5,0.2028,H,F,A
2,9000,-4.5,0.1797,H,F,A
2.5,9000,-4.5,0.1675,H,F,A
3,9000,-4.5,0.1609,H,F,A
3.5,9000,-4.5,0.1575,H,F,A
4,9000,-4.5,0.1566,H,F,A
4.5,9000,-4.5,0.1575,H,F,A
5,9000,-4.5,0.1605,H,F,A
2,9250,-4.5,0.1787,H,F,A
2.5,9250,-4.5,0.1653,H,F,A
3,9250,-4.5,0.1578,H,F,A
3.5,9250,-4.5,0.154,H,F,A
4,9250,-4.5,0.1526,H,F,A
4.5,9250,-4.5,0.153,H,F,A
5,9250,-4.5,0.1551,H,F,A
2,9500,-4.5,0.178,H,F,A
2.5,9500,-4.5,0.1637,H,F,A
3,9500,-4.5,0.1557,H,F,A
3.5,9500,-4.5,0.1514,H,F,A
4,9500,-4.5,0.1492,H,F,A
4.5,9500,-4.5,0.1488,H,F,A
5,9500,-4.5,0.1504,H,F,A
2,9750,-4.5,0.1774,H,F,A
2.5,9750,-4.5,0.1622,H,F,A
3,9750,-4.5,0.1537,H,F,A
3.5,9750,-4.5,0.149,H,F,A
4,9750,-4.5,0.1462,H,F,A
4.5,9750,-4.5,0.1452,H,F,A
5,9750,-4.5,0.1464,H,F,A
2,10000,-4.5,0.1767,H,F,A
2.5,10000,-4.5,0.1609,H,F,A
3,10000,-4.5,0.1519,H,F,A
3.5,10000,-4.5,0.1468,H,F,A
4,10000,-4.5,0.1439,H,F,A
4.5,10000,-4.5,0.1425,H,F,A
5,10000,-4.5,0.1433,H,F,A
2,10500,-4.5,0.1754,H,F,A
2.5,10500,-4.5,0.1581,H,F,A
3,10500,-4.5,0.1486,H,F,A
3.5,10500,-4.5,0.1431,H,F,A
4,10500,-4.5,0.14,H,F,A
4.5,10500,-4.5,0.1386,H,F,A
5,10500,-4.5,0.1382,H,F,A
2.5,11000,-4.5,0.1557,H,F,A
3,11000,-4.5,0.1456,H,F,A
3.5,11000,-4.5,0.14,H,F,A
4,11000,-4.5,0.1368,H,F,A
4.5,11000,-4.5,0.135,H,F,A
5,11000,-4.5,0.1343,H,F,A
2.5,11500,-4.5,0.1534,H,F,A
3,11500,-4.5,0.1428,H,F,A
3.5,11500,-4.5,0.1369,H,F,A
4,11500,-4.5,0.1337,H,F,A
4.5,11500,-4.5,0.1319,H,F,A
5,11500,-4.5,0.1312,H,F,A
2.5,12000,-4.5,0.1515,H,F,A
3,12000,-4.5,0.1403,H,F,A
3.5,12000,-4.5,0.1341,H,F,A
4,12000,-4.5,0.1308,H,F,A
4.5,12000,-4.5,0.1289,H,F,A
5,12000,-4.5,0.1283,H,F,A
2.5,12500,-4.5,0.1498,H,F,A
3,12500,-4.5,0.138,H,F,A
3.5,12500,-4.5,0.1315,H,F,A
4,12500,-4.5,0.1279,H,F,A
4.5,12500,-4.5,0.1261,H,F,A
5,12500,-4.5,0.1256,H,F,A
2.5,13000,-4.5,0.1485,H,F,A
3,13000,-4.5,0.1359,H,F,A
3.5,13000,-4.5,0.1291,H,F,A
4,13000,-4.5,0.1253,H,F,A
4.5,13000,-4.5,0.1234,H,F,A
5,13000,-4.5,0.1229,H,F,A
2,14000,-4.5,0.1766,H,F,A
2.5,14000,-4.5,0.1466,H,F,A
3,14000,-4.5,0.1323,H,F,A
3.5,14000,-4.5,0.1248,H,F,A
4,14000,-4.5,0.1206,H,F,A
4.5,14000,-4.5,0.1186,H,F,A
5,14000,-4.5,0.1178,H,F,A
2.5,15000,-4.5,0.1459,H,F,A
3,15000,-4.5,0.1298,H,F,A
3.5,15000,-4.5,0.1212,H,F,A
4,15000,-4.5,0.1167,H,F,A
4.5,15000,-4.5,0.1144,H,F,A
5,15000,-4.5,0.1135,H,F,A
2.5,16000,-4.5,0.1461,H,F,A
3,16000,-4.5,0.1279,H,F,A
3.5,16000,-4.5,0.1184,H,F,A
4,16000,-4.5,0.1134,H,F,A
4.5,16000,-4.5,0.1109,H,F,A
5,16000,-4.5,0.1099,H,F,A
2.5,17000,-4.5,0.1471,H,F,A
3,17000,-4.5,0.1265,H,F,A
3.5,17000,-4.5,0.1162,H,F,A
4,17000,-4.5,0.1107,H,F,A
4.5,17000,-4.5,0.1079,H,F,A
5,17000,-4.5,0.1068,H,F,A
2.5,18000,-4.5,0.1487,H,F,A
3,18000,-4.5,0.1257,H,F,A
3.5,18000,-4.5,0.1144,H,F,A
4,18000,-4.5,0.1085,H,F,A
4.5,18000,-4.5,0.1055,H,F,A
5,18000,-4.5,0.1041,H,F,A
2.5,19000,-4.5,0.152,H,F,A
3,19000,-4.5,0.1247,H,F,A
3.5,19000,-4.5,0.1129,H,F,A
4,19000,-4.5,0.1068,H,F,A
4.5,19000,-4.5,0.1034,H,F,A
5,19000,-4.5,0.1019,H,F,A
3,20000,-4.5,0.1246,H,F,A
3.5,20000,-4.5,0.1112,H,F,A
4,20000,-4.5,0.1048,H,F,A
4.5,20000,-4.5,0.1017,H,F,A
5,20000,-4.5,0.1002,H,F,A
3,21000,-4.5,0.1256,H,F,A
3.5,21000,-4.5,0.1103,H,F,A
4,21000,-4.5,0.1032,H,F,A
4.5,21000,-4.5,0.1002,H,F,A
5,21000,-4.5,0.0987,H,F,A
3,22000,-4.5,0.1277,H,F,A
3.5,22000,-4.5,0.1102,H,F,A
4,22000,-4.5,0.102,H,F,A
4.5,22000,-4.5,0.0985,H,F,A
5,22000,-4.5,0.0973,H,F,A
3,23000,-4.5,0.1305,H,F,A
3.5,23000,-4.5,0.1108,H,F,A
4,23000,-4.5,0.1017,H,F,A
4.5,23000,-4.5,0.0977,H,F,A
5,23000,-4.5,0.0961,H,F,A
3,24000,-4.5,0.1349,H,F,A
3.5,24000,-4.5,0.1122,H,F,A
4,24000,-4.5,0.102,H,F,A
4.5,24000,-4.5,0.0972,H,F,A
5,24000,-4.5,0.0956,H,F,A
3,25000,-4.5,0.1409,H,F,A
3.5,25000,-4.5,0.1144,H,F,A
4,25000,-4.5,0.103,H,F,A
4.5,25000,-4.5,0.0977,H,F,A
5,25000,-4.5,0.0958,H,F,A
3,26000,-4.5,0.146,H,F,A
3.5,26000,-4.5,0.1169,H,F,A
4,26000,-4.5,0.1045,H,F,A
4.5,26000,-4.5,0.0987,H,F,A
5,26000,-4.5,0.0961,H,F,A
3.5,27000,-4.5,0.1192,H,F,A
4,27000,-4.5,0.106,H,F,A
4.5,27000,-4.5,0.0997,H,F,A
5,27000,-4.5,0.097,H,F,A
3.5,28000,-4.5,0.1199,H,F,A
4,28000,-4.5,0.1069,H,F,A
4.5,28000,-4.5,0.1008,H,F,A
5,28000,-4.5,0.0975,H,F,A
3.5,29000,-4.5,0.1176,H,F,A
4,29000,-4.5,0.107,H,F,A
4.5,29000,-4.5,0.1007,H,F,A
5,29000,-4.5,0.0976,H,F,A
3.5,30000,-4.5,0.1136,H,F,A
4,30000,-4.5,0.1047,H,F,A
4.5,30000,-4.5,0.0996,H,F,A
5,30000,-4.5,0.0968,H,F,A
3.5,31000,-4.5,0.1099,H,F,A
4,31000,-4.5,0.1011,H,F,A
4.5,31000,-4.5,0.0968,H,F,A
5,31000,-4.5,0.0945,H,F,A
4,32000,-4.5,0.0964,H,F,A
4.5,32000,-4.5,0.0928,H,F,A
5,32000,-4.5,0.091,H,F,A
4,33000,-4.5,0.0921,H,F,A
4.5,33000,-4.5,0.0881,H,F,A
5,33000,-4.5,0.0865,H,F,A
4,34000,-4.5,0.0881,H,F,A
4.5,34000,-4.5,0.0834,H,F,A
5,34000,-4.5,0.0818,H,F,A
4,35000,-4.5,0.084,H,F,A
4.5,35000,-4.5,0.0793,H,F,A
5,35000,-4.5,0.0772,H,F,A
4.5,37500,-4.5,0.0677,H,F,A
5,37500,-4.5,0.0658,H,F,A
4.5,40000,-4.5,0.0595,H,F,A
5,40000,-4.5,0.0558,H,F,A
5,42500,-4.5,0.0513,H,F,A
5,45000,-4.5,0.0498,H,F,A
5,47500,-4.5,0.049,H,F,A
5,50000,-4.5,0.0491,H,F,A
0,3500,-4,0.3131,H,F,A
0.5,3500,-4,0.2805,H,F,A
1,3500,-4,0.2309,H,F,A
1.5,3500,-4,0.1913,H,F,A
2,3500,-4,0.203,H,F,A
2.5,3500,-4,0.2094,H,F,A
3,3500,-4,0.2081,H,F,A
0,3750,-4,0.304,H,F,A
0.5,3750,-4,0.2773,H,F,A
1,3750,-4,0.2495,H,F,A
1.5,3750,-4,0.215,H,F,A
2,3750,-4,0.1665,H,F,A
2.5,3750,-4,0.1574,H,F,A
3,3750,-4,0.1883,H,F,A
3.5,3750,-4,0.2063,H,F,A
0,4000,-4,0.2985,H,F,A
0.5,4000,-4,0.2807,H,F,A
1,4000,-4,0.2581,H,F,A
1.5,4000,-4,0.2329,H,F,A
2,4000,-4,0.2081,H,F,A
2.5,4000,-4,0.17,H,F,A
3,4000,-4,0.1406,H,F,A
3.5,4000,-4,0.1412,H,F,A
4,4000,-4,0.1733,H,F,A
4.5,4000,-4,0.1537,H,F,A
0,4250,-4,0.287,H,F,A
0.5,4250,-4,0.279,H,F,A
1,4250,-4,0.2657,H,F,A
1.5,4250,-4,0.2469,H,F,A
2,4250,-4,0.2244,H,F,A
2.5,4250,-4,0.2029,H,F,A
3,4250,-4,0.1766,H,F,A
3.5,4250,-4,0.1436,H,F,A
4,4250,-4,0.1222,H,F,A
0,4500,-4,0.278,H,F,A
0.5,4500,-4,0.2752,H,F,A
1,4500,-4,0.2688,H,F,A
1.5,4500,-4,0.2576,H,F,A
2,4500,-4,0.2411,H,F,A
2.5,4500,-4,0.2215,H,F,A
3,4500,-4,0.2025,H,F,A
3.5,4500,-4,0.1812,H,F,A
4,4500,-4,0.154,H,F,A
4.5,4500,-4,0.1302,H,F,A
5,4500,-4,0.1149,H,F,A
0,4750,-4,0.2665,H,F,A
0.5,4750,-4,0.2663,H,F,A
1,4750,-4,0.2642,H,F,A
1.5,4750,-4,0.2586,H,F,A
2,4750,-4,0.249,H,F,A
2.5,4750,-4,0.2351,H,F,A
3,4750,-4,0.2175,H,F,A
3.5,4750,-4,0.1996,H,F,A
4,4750,-4,0.1824,H,F,A
4.5,4750,-4,0.1606,H,F,A
5,4750,-4,0.1399,H,F,A
0,5000,-4,0.2545,H,F,A
0.5,5000,-4,0.2552,H,F,A
1,5000,-4,0.255,H,F,A
1.5,5000,-4,0.2528,H,F,A
2,5000,-4,0.2478,H,F,A
2.5,5000,-4,0.2396,H,F,A
3,5000,-4,0.2277,H,F,A
3.5,5000,-4,0.2132,H,F,A
4,5000,-4,0.1971,H,F,A
4.5,5000,-4,0.18,H,F,A
5,5000,-4,0.1635,H,F,A
0,5250,-4,0.2428,H,F,A
0.5,5250,-4,0.2428,H,F,A
1,5250,-4,0.2438,H,F,A
1.5,5250,-4,0.2434,H,F,A
2,5250,-4,0.2408,H,F,A
2.5,5250,-4,0.2368,H,F,A
3,5250,-4,0.2297,H,F,A
3.5,5250,-4,0.2199,H,F,A
4,5250,-4,0.2085,H,F,A
4.5,5250,-4,0.1946,H,F,A
5,5250,-4,0.1779,H,F,A
0,5500,-4,0.2313,H,F,A
0.5,5500,-4,0.2296,H,F,A
1,5500,-4,0.2309,H,F,A
1.5,5500,-4,0.2316,H,F,A
2,5500,-4,0.2312,H,F,A
2.5,5500,-4,0.2294,H,F,A
3,5500,-4,0.2258,H,F,A
3.5,5500,-4,0.2201,H,F,A
4,5500,-4,0.2127,H,F,A
4.5,5500,-4,0.2028,H,F,A
5,5500,-4,0.1904,H,F,A
0,5750,-4,0.2581,H,F,A
0.5,5750,-4,0.2163,H,F,A
1,5750,-4,0.2168,H,F,A
1.5,5750,-4,0.2183,H,F,A
2,5750,-4,0.2195,H,F,A
2.5,5750,-4,0.2195,H,F,A
3,5750,-4,0.2186,H,F,A
3.5,5750,-4,0.2158,H,F,A
4,5750,-4,0.2122,H,F,A
4.5,5750,-4,0.206,H,F,A
5,5750,-4,0.1968,H,F,A
0,6000,-4,0.2573,H,F,A
0.5,6000,-4,0.2468,H,F,A
1,6000,-4,0.2104,H,F,A
1.5,6000,-4,0.2044,H,F,A
2,6000,-4,0.2064,H,F,A
2.5,6000,-4,0.208,H,F,A
3,6000,-4,0.209,H,F,A
3.5,6000,-4,0.2084,H,F,A
4,6000,-4,0.2079,H,F,A
4.5,6000,-4,0.2055,H,F,A
5,6000,-4,0.1998,H,F,A
0.5,6250,-4,0.2428,H,F,A
1,6250,-4,0.2371,H,F,A
1.5,6250,-4,0.1977,H,F,A
2,6250,-4,0.193,H,F,A
2.5,6250,-4,0.196,H,F,A
3,6250,-4,0.1981,H,F,A
3.5,6250,-4,0.2001,H,F,A
4,6250,-4,0.2012,H,F,A
4.5,6250,-4,0.2014,H,F,A
5,6250,-4,0.1989,H,F,A
0.5,6500,-4,0.2405,H,F,A
1,6500,-4,0.231,H,F,A
1.5,6500,-4,0.2278,H,F,A
2,6500,-4,0.1863,H,F,A
2.5,6500,-4,0.1827,H,F,A
3,6500,-4,0.1866,H,F,A
3.5,6500,-4,0.1901,H,F,A
4,6500,-4,0.1931,H,F,A
4.5,6500,-4,0.1957,H,F,A
5,6500,-4,0.1962,H,F,A
0.5,6750,-4,0.2404,H,F,A
1,6750,-4,0.2258,H,F,A
1.5,6750,-4,0.2202,H,F,A
2,6750,-4,0.2198,H,F,A
2.5,6750,-4,0.1769,H,F,A
3,6750,-4,0.1757,H,F,A
3.5,6750,-4,0.1802,H,F,A
4,6750,-4,0.1845,H,F,A
4.5,6750,-4,0.1889,H,F,A
5,6750,-4,0.1916,H,F,A
0.5,7000,-4,0.2426,H,F,A
1,7000,-4,0.2233,H,F,A
1.5,7000,-4,0.2137,H,F,A
2,7000,-4,0.2115,H,F,A
2.5,7000,-4,0.2126,H,F,A
3,7000,-4,0.1698,H,F,A
3.5,7000,-4,0.1714,H,F,A
4,7000,-4,0.176,H,F,A
4.5,7000,-4,0.1816,H,F,A
5,7000,-4,0.1852,H,F,A
1,7250,-4,0.2221,H,F,A
1.5,7250,-4,0.2087,H,F,A
2,7250,-4,0.2033,H,F,A
2.5,7250,-4,0.2038,H,F,A
3,7250,-4,0.2064,H,F,A
3.5,7250,-4,0.1649,H,F,A
4,7250,-4,0.1686,H,F,A
4.5,7250,-4,0.1743,H,F,A
5,7250,-4,0.179,H,F,A
1,7500,-4,0.222,H,F,A
1.5,7500,-4,0.2058,H,F,A
2,7500,-4,0.1972,H,F,A
2.5,7500,-4,0.1948,H,F,A
3,7500,-4,0.1967,H,F,A
3.5,7500,-4,0.2007,H,F,A
4,7500,-4,0.1658,H,F,A
4.5,7500,-4,0.1678,H,F,A
5,7500,-4,0.1724,H,F,A
1.5,7750,-4,0.2035,H,F,A
2,7750,-4,0.1927,H,F,A
2.5,7750,-4,0.1873,H,F,A
3,7750,-4,0.1873,H,F,A
3.5,7750,-4,0.1913,H,F,A
4,7750,-4,0.1965,H,F,A
4.5,7750,-4,0.1632,H,F,A
5,7750,-4,0.1668,H,F,A
1.5,8000,-4,0.2014,H,F,A
2,8000,-4,0.1888,H,F,A
2.5,8000,-4,0.1822,H,F,A
3,8000,-4,0.1795,H,F,A
3.5,8000,-4,0.1816,H,F,A
4,8000,-4,0.1873,H,F,A
4.5,8000,-4,0.1933,H,F,A
5,8000,-4,0.1621,H,F,A
2,8250,-4,0.1857,H,F,A
2.5,8250,-4,0.1776,H,F,A
3,8250,-4,0.1736,H,F,A
3.5,8250,-4,0.1728,H,F,A
4,8250,-4,0.1774,H,F,A
4.5,8250,-4,0.184,H,F,A
5,8250,-4,0.1609,H,F,A
1.5,8500,-4,0.2004,H,F,A
2,8500,-4,0.1829,H,F,A
2.5,8500,-4,0.1734,H,F,A
3,8500,-4,0.1687,H,F,A
3.5,8500,-4,0.1669,H,F,A
4,8500,-4,0.1682,H,F,A
4.5,8500,-4,0.1748,H,F,A
5,8500,-4,0.1826,H,F,A
2,8750,-4,0.181,H,F,A
2.5,8750,-4,0.1703,H,F,A
3,8750,-4,0.1645,H,F,A
3.5,8750,-4,0.1619,H,F,A
4,8750,-4,0.1618,H,F,A
4.5,8750,-4,0.1651,H,F,A
5,8750,-4,0.1735,H,F,A
1.5,9000,-4,0.2028,H,F,A
2,9000,-4,0.1798,H,F,A
2.5,9000,-4,0.1675,H,F,A
3,9000,-4,0.1608,H,F,A
3.5,9000,-4,0.1575,H,F,A
4,9000,-4,0.1565,H,F,A
4.5,9000,-4,0.1574,H,F,A
5,9000,-4,0.1605,H,F,A
2,9250,-4,0.1787,H,F,A
2.5,9250,-4,0.1653,H,F,A
3,9250,-4,0.1578,H,F,A
3.5,9250,-4,0.1539,H,F,A
4,9250,-4,0.1525,H,F,A
4.5,9250,-4,0.1529,H,F,A
5,9250,-4,0.155,H,F,A
2,9500,-4,0.1781,H,F,A
2.5,9500,-4,0.1637,H,F,A
3,9500,-4,0.1557,H,F,A
3.5,9500,-4,0.1513,H,F,A
4,9500,-4,0.1492,H,F,A
4.5,9500,-4,0.1488,H,F,A
5,9500,-4,0.1503,H,F,A
2,9750,-4,0.1774,H,F,A
2.5,9750,-4,0.1622,H,F,A
3,9750,-4,0.1537,H,F,A
3.5,9750,-4,0.149,H,F,A
4,9750,-4,0.1462,H,F,A
4.5,9750,-4,0.1451,H,F,A
5,9750,-4,0.1463,H,F,A
2,10000,-4,0.1767,H,F,A
2.5,10000,-4,0.1609,H,F,A
3,10000,-4,0.1519,H,F,A
3.5,10000,-4,0.1467,H,F,A
4,10000,-4,0.1438,H,F,A
4.5,10000,-4,0.1424,H,F,A
5,10000,-4,0.1432,H,F,A
2,10500,-4,0.1753,H,F,A
2.5,10500,-4,0.1581,H,F,A
3,10500,-4,0.1486,H,F,A
3.5,10500,-4,0.1431,H,F,A
4,10500,-4,0.14,H,F,A
4.5,10500,-4,0.1385,H,F,A
5,10500,-4,0.1381,H,F,A
2.5,11000,-4,0.1556,H,F,A
3,11000,-4,0.1455,H,F,A
3.5,11000,-4,0.1399,H,F,A
4,11000,-4,0.1367,H,F,A
4.5,11000,-4,0.1349,H,F,A
5,11000,-4,0.1342,H,F,A
2.5,11500,-4,0.1534,H,F,A
3,11500,-4,0.1428,H,F,A
3.5,11500,-4,0.1369,H,F,A
4,11500,-4,0.1336,H,F,A
4.5,11500,-4,0.1318,H,F,A
5,11500,-4,0.1312,H,F,A
2.5,12000,-4,0.1514,H,F,A
3,12000,-4,0.1402,H,F,A
3.5,12000,-4,0.134,H,F,A
4,12000,-4,0.1307,H,F,A
4.5,12000,-4,0.1289,H,F,A
5,12000,-4,0.1282,H,F,A
2.5,12500,-4,0.1497,H,F,A
3,12500,-4,0.1379,H,F,A
3.5,12500,-4,0.1314,H,F,A
4,12500,-4,0.1279,H,F,A
4.5,12500,-4,0.126,H,F,A
5,12500,-4,0.1255,H,F,A
2.5,13000,-4,0.1484,H,F,A
3,13000,-4,0.1357,H,F,A
3.5,13000,-4,0.129,H,F,A
4,13000,-4,0.1252,H,F,A
4.5,13000,-4,0.1233,H,F,A
5,13000,-4,0.1228,H,F,A
2,14000,-4,0.1765,H,F,A
2.5,14000,-4,0.1465,H,F,A
3,14000,-4,0.1322,H,F,A
3.5,14000,-4,0.1246,H,F,A
4,14000,-4,0.1205,H,F,A
4.5,14000,-4,0.1185,H,F,A
5,14000,-4,0.1177,H,F,A
2.5,15000,-4,0.1458,H,F,A
3,15000,-4,0.1296,H,F,A
3.5,15000,-4,0.1212,H,F,A
4,15000,-4,0.1166,H,F,A
4.5,15000,-4,0.1143,H,F,A
5,15000,-4,0.1134,H,F,A
2.5,16000,-4,0.146,H,F,A
3,16000,-4,0.1278,H,F,A
3.5,16000,-4,0.1183,H,F,A
4,16000,-4,0.1133,H,F,A
4.5,16000,-4,0.1108,H,F,A
5,16000,-4,0.1098,H,F,A
2.5,17000,-4,0.147,H,F,A
3,17000,-4,0.1265,H,F,A
3.5,17000,-4,0.1161,H,F,A
4,17000,-4,0.1106,H,F,A
4.5,17000,-4,0.1078,H,F,A
5,17000,-4,0.1067,H,F,A
2.5,18000,-4,0.1488,H,F,A
3,18000,-4,0.1255,H,F,A
3.5,18000,-4,0.1144,H,F,A
4,18000,-4,0.1085,H,F,A
4.5,18000,-4,0.1054,H,F,A
5,18000,-4,0.1042,H,F,A
2.5,19000,-4,0.152,H,F,A
3,19000,-4,0.1246,H,F,A
3.5,19000,-4,0.1128,H,F,A
4,19000,-4,0.1064,H,F,A
4.5,19000,-4,0.1033,H,F,A
5,19000,-4,0.102,H,F,A
3,20000,-4,0.1245,H,F,A
3.5,20000,-4,0.1109,H,F,A
4,20000,-4,0.1046,H,F,A
4.5,20000,-4,0.1015,H,F,A
5,20000,-4,0.1,H,F,A
3,21000,-4,0.1252,H,F,A
3.5,21000,-4,0.1102,H,F,A
4,21000,-4,0.1032,H,F,A
4.5,21000,-4,0.0999,H,F,A
5,21000,-4,0.0983,H,F,A
3,22000,-4,0.1271,H,F,A
3.5,22000,-4,0.11,H,F,A
4,22000,-4,0.1017,H,F,A
4.5,22000,-4,0.0983,H,F,A
5,22000,-4,0.0972,H,F,A
3,23000,-4,0.1303,H,F,A
3.5,23000,-4,0.1103,H,F,A
4,23000,-4,0.1014,H,F,A
4.5,23000,-4,0.0974,H,F,A
5,23000,-4,0.0959,H,F,A
3,24000,-4,0.1347,H,F,A
3.5,24000,-4,0.1118,H,F,A
4,24000,-4,0.1018,H,F,A
4.5,24000,-4,0.0971,H,F,A
5,24000,-4,0.0954,H,F,A
3,25000,-4,0.1406,H,F,A
3.5,25000,-4,0.114,H,F,A
4,25000,-4,0.1029,H,F,A
4.5,25000,-4,0.0975,H,F,A
5,25000,-4,0.0954,H,F,A
3,26000,-4,0.1456,H,F,A
3.5,26000,-4,0.1164,H,F,A
4,26000,-4,0.1042,H,F,A
4.5,26000,-4,0.0986,H,F,A
5,26000,-4,0.096,H,F,A
3.5,27000,-4,0.1189,H,F,A
4,27000,-4,0.1058,H,F,A
4.5,27000,-4,0.0996,H,F,A
5,27000,-4,0.0969,H,F,A
3.5,28000,-4,0.1197,H,F,A
4,28000,-4,0.1069,H,F,A
4.5,28000,-4,0.1005,H,F,A
5,28000,-4,0.0972,H,F,A
3.5,29000,-4,0.1176,H,F,A
4,29000,-4,0.1068,H,F,A
4.5,29000,-4,0.1006,H,F,A
5,29000,-4,0.0974,H,F,A
3.5,30000,-4,0.1138,H,F,A
4,30000,-4,0.1047,H,F,A
4.5,30000,-4,0.0994,H,F,A
5,30000,-4,0.0965,H,F,A
3.5,31000,-4,0.1099,H,F,A
4,31000,-4,0.101,H,F,A
4.5,31000,-4,0.0967,H,F,A
5,31000,-4,0.0944,H,F,A
4,32000,-4,0.0964,H,F,A
4.5,32000,-4,0.0927,H,F,A
5,32000,-4,0.0908,H,F,A
4,33000,-4,0.0923,H,F,A
4.5,33000,-4,0.0882,H,F,A
5,33000,-4,0.0867,H,F,A
4,34000,-4,0.0882,H,F,A
4.5,34000,-4,0.0835,H,F,A
5,34000,-4,0.0818,H,F,A
4,35000,-4,0.084,H,F,A
4.5,35000,-4,0.0792,H,F,A
5,35000,-4,0.0773,H,F,A
4.5,37500,-4,0.0677,H,F,A
5,37500,-4,0.0657,H,F,A
4.5,40000,-4,0.0598,H,F,A
5,40000,-4,0.0561,H,F,A
5,42500,-4,0.0514,H,F,A
5,45000,-4,0.0499,H,F,A
5,47500,-4,0.0493,H,F,A
5,50000,-4,0.0494,H,F,A
0,3500,-3.5,0.3038,H,F,A
0.5,3500,-3.5,0.2787,H,F,A
1,3500,-3.5,0.2439,H,F,A
1.5,3500,-3.5,0.195,H,F,A
2,3500,-3.5,0.1881,H,F,A
2.5,3500,-3.5,0.2012,H,F,A
3,3500,-3.5,0.2118,H,F,A
3.5,3500,-3.5,0.2113,H,F,A
0,3750,-3.5,0.2948,H,F,A
0.5,3750,-3.5,0.2729,H,F,A
1,3750,-3.5,0.2498,H,F,A
1.5,3750,-3.5,0.223,H,F,A
2,3750,-3.5,0.1803,H,F,A
2.5,3750,-3.5,0.1563,H,F,A
3,3750,-3.5,0.1651,H,F,A
3.5,3750,-3.5,0.1886,H,F,A
4,3750,-3.5,0.2123,H,F,A
0,4000,-3.5,0.2913,H,F,A
0.5,4000,-3.5,0.2752,H,F,A
1,4000,-3.5,0.2555,H,F,A
1.5,4000,-3.5,0.2338,H,F,A
2,4000,-3.5,0.2117,H,F,A
2.5,4000,-3.5,0.1801,H,F,A
3,4000,-3.5,0.1477,H,F,A
3.5,4000,-3.5,0.1394,H,F,A
4,4000,-3.5,0.1586,H,F,A
4.5,4000,-3.5,0.1876,H,F,A
0,4250,-3.5,0.2875,H,F,A
0.5,4250,-3.5,0.2779,H,F,A
1,4250,-3.5,0.2646,H,F,A
1.5,4250,-3.5,0.2466,H,F,A
2,4250,-3.5,0.2259,H,F,A
2.5,4250,-3.5,0.2059,H,F,A
3,4250,-3.5,0.1818,H,F,A
3.5,4250,-3.5,0.1493,H,F,A
4,4250,-3.5,0.132,H,F,A
4.5,4250,-3.5,0.1355,H,F,A
0,4500,-3.5,0.2783,H,F,A
0.5,4500,-3.5,0.2755,H,F,A
1,4500,-3.5,0.2695,H,F,A
1.5,4500,-3.5,0.2584,H,F,A
2,4500,-3.5,0.2425,H,F,A
2.5,4500,-3.5,0.2238,H,F,A
3,4500,-3.5,0.2052,H,F,A
3.5,4500,-3.5,0.1851,H,F,A
4,4500,-3.5,0.1589,H,F,A
4.5,4500,-3.5,0.1367,H,F,A
5,4500,-3.5,0.1207,H,F,A
0,4750,-3.5,0.2669,H,F,A
0.5,4750,-3.5,0.267,H,F,A
1,4750,-3.5,0.2644,H,F,A
1.5,4750,-3.5,0.2592,H,F,A
2,4750,-3.5,0.2496,H,F,A
2.5,4750,-3.5,0.236,H,F,A
3,4750,-3.5,0.2193,H,F,A
3.5,4750,-3.5,0.2012,H,F,A
4,4750,-3.5,0.1848,H,F,A
4.5,4750,-3.5,0.1628,H,F,A
5,4750,-3.5,0.1396,H,F,A
0,5000,-3.5,0.2548,H,F,A
0.5,5000,-3.5,0.2557,H,F,A
1,5000,-3.5,0.2551,H,F,A
1.5,5000,-3.5,0.253,H,F,A
2,5000,-3.5,0.2482,H,F,A
2.5,5000,-3.5,0.24,H,F,A
3,5000,-3.5,0.2284,H,F,A
3.5,5000,-3.5,0.2142,H,F,A
4,5000,-3.5,0.1986,H,F,A
4.5,5000,-3.5,0.1817,H,F,A
5,5000,-3.5,0.1622,H,F,A
0,5250,-3.5,0.2429,H,F,A
0.5,5250,-3.5,0.2431,H,F,A
1,5250,-3.5,0.2435,H,F,A
1.5,5250,-3.5,0.2435,H,F,A
2,5250,-3.5,0.2414,H,F,A
2.5,5250,-3.5,0.2367,H,F,A
3,5250,-3.5,0.2299,H,F,A
3.5,5250,-3.5,0.2205,H,F,A
4,5250,-3.5,0.2088,H,F,A
4.5,5250,-3.5,0.1949,H,F,A
5,5250,-3.5,0.1795,H,F,A
0,5500,-3.5,0.2312,H,F,A
0.5,5500,-3.5,0.2301,H,F,A
1,5500,-3.5,0.231,H,F,A
1.5,5500,-3.5,0.2317,H,F,A
2,5500,-3.5,0.2315,H,F,A
2.5,5500,-3.5,0.2296,H,F,A
3,5500,-3.5,0.226,H,F,A
3.5,5500,-3.5,0.2205,H,F,A
4,5500,-3.5,0.213,H,F,A
4.5,5500,-3.5,0.2032,H,F,A
5,5500,-3.5,0.1912,H,F,A
0,5750,-3.5,0.2493,H,F,A
0.5,5750,-3.5,0.2162,H,F,A
1,5750,-3.5,0.2169,H,F,A
1.5,5750,-3.5,0.2186,H,F,A
2,5750,-3.5,0.22,H,F,A
2.5,5750,-3.5,0.2199,H,F,A
3,5750,-3.5,0.2186,H,F,A
3.5,5750,-3.5,0.2163,H,F,A
4,5750,-3.5,0.2125,H,F,A
4.5,5750,-3.5,0.2064,H,F,A
5,5750,-3.5,0.1976,H,F,A
0,6000,-3.5,0.2523,H,F,A
0.5,6000,-3.5,0.2369,H,F,A
1,6000,-3.5,0.2046,H,F,A
1.5,6000,-3.5,0.2047,H,F,A
2,6000,-3.5,0.2068,H,F,A
2.5,6000,-3.5,0.2083,H,F,A
3,6000,-3.5,0.2093,H,F,A
3.5,6000,-3.5,0.2093,H,F,A
4,6000,-3.5,0.2084,H,F,A
4.5,6000,-3.5,0.2058,H,F,A
5,6000,-3.5,0.2,H,F,A
0.5,6250,-3.5,0.2367,H,F,A
1,6250,-3.5,0.2215,H,F,A
1.5,6250,-3.5,0.1914,H,F,A
2,6250,-3.5,0.193,H,F,A
2.5,6250,-3.5,0.1958,H,F,A
3,6250,-3.5,0.1982,H,F,A
3.5,6250,-3.5,0.2004,H,F,A
4,6250,-3.5,0.2016,H,F,A
4.5,6250,-3.5,0.2021,H,F,A
5,6250,-3.5,0.1997,H,F,A
0.5,6500,-3.5,0.2383,H,F,A
1,6500,-3.5,0.2231,H,F,A
1.5,6500,-3.5,0.2091,H,F,A
2,6500,-3.5,0.1814,H,F,A
2.5,6500,-3.5,0.1827,H,F,A
3,6500,-3.5,0.1867,H,F,A
3.5,6500,-3.5,0.1906,H,F,A
4,6500,-3.5,0.1938,H,F,A
4.5,6500,-3.5,0.1962,H,F,A
5,6500,-3.5,0.1964,H,F,A
0.5,6750,-3.5,0.2404,H,F,A
1,6750,-3.5,0.2234,H,F,A
1.5,6750,-3.5,0.2102,H,F,A
2,6750,-3.5,0.1961,H,F,A
2.5,6750,-3.5,0.1721,H,F,A
3,6750,-3.5,0.176,H,F,A
3.5,6750,-3.5,0.1809,H,F,A
4,6750,-3.5,0.1853,H,F,A
4.5,6750,-3.5,0.1894,H,F,A
5,6750,-3.5,0.1919,H,F,A
0.5,7000,-3.5,0.2425,H,F,A
1,7000,-3.5,0.223,H,F,A
1.5,7000,-3.5,0.2113,H,F,A
2,7000,-3.5,0.1986,H,F,A
2.5,7000,-3.5,0.1815,H,F,A
3,7000,-3.5,0.1655,H,F,A
3.5,7000,-3.5,0.1721,H,F,A
4,7000,-3.5,0.1767,H,F,A
4.5,7000,-3.5,0.182,H,F,A
5,7000,-3.5,0.1861,H,F,A
0.5,7250,-3.5,0.2458,H,F,A
1,7250,-3.5,0.2221,H,F,A
1.5,7250,-3.5,0.2088,H,F,A
2,7250,-3.5,0.2009,H,F,A
2.5,7250,-3.5,0.1881,H,F,A
3,7250,-3.5,0.17,H,F,A
3.5,7250,-3.5,0.163,H,F,A
4,7250,-3.5,0.1691,H,F,A
4.5,7250,-3.5,0.1747,H,F,A
5,7250,-3.5,0.1797,H,F,A
1,7500,-3.5,0.2218,H,F,A
1.5,7500,-3.5,0.2058,H,F,A
2,7500,-3.5,0.1971,H,F,A
2.5,7500,-3.5,0.1919,H,F,A
3,7500,-3.5,0.1779,H,F,A
3.5,7500,-3.5,0.1595,H,F,A
4,7500,-3.5,0.1638,H,F,A
4.5,7500,-3.5,0.1681,H,F,A
5,7500,-3.5,0.1731,H,F,A
1.5,7750,-3.5,0.2034,H,F,A
2,7750,-3.5,0.1926,H,F,A
2.5,7750,-3.5,0.1872,H,F,A
3,7750,-3.5,0.184,H,F,A
3.5,7750,-3.5,0.1689,H,F,A
4,7750,-3.5,0.1576,H,F,A
4.5,7750,-3.5,0.1631,H,F,A
5,7750,-3.5,0.1673,H,F,A
1.5,8000,-3.5,0.2015,H,F,A
2,8000,-3.5,0.1888,H,F,A
2.5,8000,-3.5,0.1821,H,F,A
3,8000,-3.5,0.1794,H,F,A
3.5,8000,-3.5,0.1775,H,F,A
4,8000,-3.5,0.1639,H,F,A
4.5,8000,-3.5,0.1561,H,F,A
5,8000,-3.5,0.1625,H,F,A
1.5,8250,-3.5,0.2005,H,F,A
2,8250,-3.5,0.1857,H,F,A
2.5,8250,-3.5,0.1776,H,F,A
3,8250,-3.5,0.1736,H,F,A
3.5,8250,-3.5,0.1728,H,F,A
4,8250,-3.5,0.1712,H,F,A
4.5,8250,-3.5,0.1605,H,F,A
5,8250,-3.5,0.1567,H,F,A
1.5,8500,-3.5,0.2004,H,F,A
2,8500,-3.5,0.1829,H,F,A
2.5,8500,-3.5,0.1734,H,F,A
3,8500,-3.5,0.1686,H,F,A
3.5,8500,-3.5,0.1669,H,F,A
4,8500,-3.5,0.1684,H,F,A
4.5,8500,-3.5,0.1667,H,F,A
5,8500,-3.5,0.1578,H,F,A
2,8750,-3.5,0.1811,H,F,A
2.5,8750,-3.5,0.1703,H,F,A
3,8750,-3.5,0.1646,H,F,A
3.5,8750,-3.5,0.1619,H,F,A
4,8750,-3.5,0.1616,H,F,A
4.5,8750,-3.5,0.1655,H,F,A
5,8750,-3.5,0.1636,H,F,A
1.5,9000,-3.5,0.203,H,F,A
2,9000,-3.5,0.1798,H,F,A
2.5,9000,-3.5,0.1675,H,F,A
3,9000,-3.5,0.1608,H,F,A
3.5,9000,-3.5,0.1573,H,F,A
4,9000,-3.5,0.1564,H,F,A
4.5,9000,-3.5,0.1573,H,F,A
5,9000,-3.5,0.1603,H,F,A
2,9250,-3.5,0.1788,H,F,A
2.5,9250,-3.5,0.1654,H,F,A
3,9250,-3.5,0.1578,H,F,A
3.5,9250,-3.5,0.1539,H,F,A
4,9250,-3.5,0.1524,H,F,A
4.5,9250,-3.5,0.1528,H,F,A
5,9250,-3.5,0.155,H,F,A
2,9500,-3.5,0.1782,H,F,A
2.5,9500,-3.5,0.1637,H,F,A
3,9500,-3.5,0.1557,H,F,A
3.5,9500,-3.5,0.1513,H,F,A
4,9500,-3.5,0.1491,H,F,A
4.5,9500,-3.5,0.1487,H,F,A
5,9500,-3.5,0.1503,H,F,A
2,9750,-3.5,0.1774,H,F,A
2.5,9750,-3.5,0.1622,H,F,A
3,9750,-3.5,0.1537,H,F,A
3.5,9750,-3.5,0.1489,H,F,A
4,9750,-3.5,0.1461,H,F,A
4.5,9750,-3.5,0.1451,H,F,A
5,9750,-3.5,0.1462,H,F,A
2,10000,-3.5,0.1767,H,F,A
2.5,10000,-3.5,0.1609,H,F,A
3,10000,-3.5,0.1519,H,F,A
3.5,10000,-3.5,0.1467,H,F,A
4,10000,-3.5,0.1437,H,F,A
4.5,10000,-3.5,0.1423,H,F,A
5,10000,-3.5,0.1431,H,F,A
2,10500,-3.5,0.1754,H,F,A
2.5,10500,-3.5,0.1581,H,F,A
3,10500,-3.5,0.1485,H,F,A
3.5,10500,-3.5,0.1431,H,F,A
4,10500,-3.5,0.1399,H,F,A
4.5,10500,-3.5,0.1384,H,F,A
5,10500,-3.5,0.138,H,F,A
2.5,11000,-3.5,0.1556,H,F,A
3,11000,-3.5,0.1455,H,F,A
3.5,11000,-3.5,0.1398,H,F,A
4,11000,-3.5,0.1367,H,F,A
4.5,11000,-3.5,0.1348,H,F,A
5,11000,-3.5,0.1341,H,F,A
2.5,11500,-3.5,0.1532,H,F,A
3,11500,-3.5,0.1426,H,F,A
3.5,11500,-3.5,0.1368,H,F,A
4,11500,-3.5,0.1335,H,F,A
4.5,11500,-3.5,0.1317,H,F,A
5,11500,-3.5,0.131,H,F,A
2.5,12000,-3.5,0.1512,H,F,A
3,12000,-3.5,0.14,H,F,A
3.5,12000,-3.5,0.1339,H,F,A
4,12000,-3.5,0.1305,H,F,A
4.5,12000,-3.5,0.1287,H,F,A
5,12000,-3.5,0.1281,H,F,A
2.5,12500,-3.5,0.1495,H,F,A
3,12500,-3.5,0.1377,H,F,A
3.5,12500,-3.5,0.1312,H,F,A
4,12500,-3.5,0.1277,H,F,A
4.5,12500,-3.5,0.1259,H,F,A
5,12500,-3.5,0.1254,H,F,A
2.5,13000,-3.5,0.1481,H,F,A
3,13000,-3.5,0.1355,H,F,A
3.5,13000,-3.5,0.1287,H,F,A
4,13000,-3.5,0.1251,H,F,A
4.5,13000,-3.5,0.1231,H,F,A
5,13000,-3.5,0.1227,H,F,A
2,14000,-3.5,0.1763,H,F,A
2.5,14000,-3.5,0.1462,H,F,A
3,14000,-3.5,0.132,H,F,A
3.5,14000,-3.5,0.1244,H,F,A
4,14000,-3.5,0.1203,H,F,A
4.5,14000,-3.5,0.1182,H,F,A
5,14000,-3.5,0.1176,H,F,A
2.5,15000,-3.5,0.1455,H,F,A
3,15000,-3.5,0.1294,H,F,A
3.5,15000,-3.5,0.1209,H,F,A
4,15000,-3.5,0.1164,H,F,A
4.5,15000,-3.5,0.1141,H,F,A
5,15000,-3.5,0.1133,H,F,A
2.5,16000,-3.5,0.1458,H,F,A
3,16000,-3.5,0.1276,H,F,A
3.5,16000,-3.5,0.118,H,F,A
4,16000,-3.5,0.1131,H,F,A
4.5,16000,-3.5,0.1106,H,F,A
5,16000,-3.5,0.1096,H,F,A
2.5,17000,-3.5,0.1469,H,F,A
3,17000,-3.5,0.1263,H,F,A
3.5,17000,-3.5,0.1159,H,F,A
4,17000,-3.5,0.1105,H,F,A
4.5,17000,-3.5,0.1077,H,F,A
5,17000,-3.5,0.1065,H,F,A
2.5,18000,-3.5,0.1487,H,F,A
3,18000,-3.5,0.1253,H,F,A
3.5,18000,-3.5,0.114,H,F,A
4,18000,-3.5,0.1083,H,F,A
4.5,18000,-3.5,0.1052,H,F,A
5,18000,-3.5,0.104,H,F,A
2.5,19000,-3.5,0.1519,H,F,A
3,19000,-3.5,0.1246,H,F,A
3.5,19000,-3.5,0.1127,H,F,A
4,19000,-3.5,0.1063,H,F,A
4.5,19000,-3.5,0.1032,H,F,A
5,19000,-3.5,0.1017,H,F,A
3,20000,-3.5,0.1244,H,F,A
3.5,20000,-3.5,0.1107,H,F,A
4,20000,-3.5,0.1047,H,F,A
4.5,20000,-3.5,0.1013,H,F,A
5,20000,-3.5,0.1,H,F,A
3,21000,-3.5,0.1252,H,F,A
3.5,21000,-3.5,0.1097,H,F,A
4,21000,-3.5,0.103,H,F,A
4.5,21000,-3.5,0.0997,H,F,A
5,21000,-3.5,0.0983,H,F,A
3,22000,-3.5,0.127,H,F,A
3.5,22000,-3.5,0.1097,H,F,A
4,22000,-3.5,0.1017,H,F,A
4.5,22000,-3.5,0.0981,H,F,A
5,22000,-3.5,0.097,H,F,A
3,23000,-3.5,0.1301,H,F,A
3.5,23000,-3.5,0.1103,H,F,A
4,23000,-3.5,0.1012,H,F,A
4.5,23000,-3.5,0.0974,H,F,A
5,23000,-3.5,0.0957,H,F,A
3,24000,-3.5,0.1343,H,F,A
3.5,24000,-3.5,0.1115,H,F,A
4,24000,-3.5,0.1017,H,F,A
4.5,24000,-3.5,0.0968,H,F,A
5,24000,-3.5,0.0953,H,F,A
3,25000,-3.5,0.14,H,F,A
3.5,25000,-3.5,0.1137,H,F,A
4,25000,-3.5,0.1025,H,F,A
4.5,25000,-3.5,0.0975,H,F,A
5,25000,-3.5,0.0953,H,F,A
3,26000,-3.5,0.1452,H,F,A
3.5,26000,-3.5,0.116,H,F,A
4,26000,-3.5,0.1039,H,F,A
4.5,26000,-3.5,0.0983,H,F,A
5,26000,-3.5,0.0959,H,F,A
3.5,27000,-3.5,0.1185,H,F,A
4,27000,-3.5,0.1054,H,F,A
4.5,27000,-3.5,0.0994,H,F,A
5,27000,-3.5,0.0964,H,F,A
3.5,28000,-3.5,0.1195,H,F,A
4,28000,-3.5,0.1065,H,F,A
4.5,28000,-3.5,0.0999,H,F,A
5,28000,-3.5,0.0971,H,F,A
3.5,29000,-3.5,0.1175,H,F,A
4,29000,-3.5,0.1065,H,F,A
4.5,29000,-3.5,0.1001,H,F,A
5,29000,-3.5,0.0972,H,F,A
3.5,30000,-3.5,0.1136,H,F,A
4,30000,-3.5,0.1045,H,F,A
4.5,30000,-3.5,0.0993,H,F,A
5,30000,-3.5,0.0964,H,F,A
3.5,31000,-3.5,0.1098,H,F,A
4,31000,-3.5,0.1009,H,F,A
4.5,31000,-3.5,0.0966,H,F,A
5,31000,-3.5,0.0942,H,F,A
4,32000,-3.5,0.0965,H,F,A
4.5,32000,-3.5,0.0927,H,F,A
5,32000,-3.5,0.0908,H,F,A
4,33000,-3.5,0.0924,H,F,A
4.5,33000,-3.5,0.0882,H,F,A
5,33000,-3.5,0.0865,H,F,A
4,34000,-3.5,0.0885,H,F,A
4.5,34000,-3.5,0.0836,H,F,A
5,34000,-3.5,0.082,H,F,A
4,35000,-3.5,0.0843,H,F,A
4.5,35000,-3.5,0.0794,H,F,A
5,35000,-3.5,0.0775,H,F,A
4.5,37500,-3.5,0.0681,H,F,A
5,37500,-3.5,0.066,H,F,A
4.5,40000,-3.5,0.0602,H,F,A
5,40000,-3.5,0.0563,H,F,A
5,42500,-3.5,0.0519,H,F,A
5,45000,-3.5,0.0505,H,F,A
5,47500,-3.5,0.0499,H,F,A
5,50000,-3.5,0.0499,H,F,A
0,3500,-3,0.3177,H,F,A
0.5,3500,-3,0.2973,H,F,A
1,3500,-3,0.2733,H,F,A
1.5,3500,-3,0.2299,H,F,A
2,3500,-3,0.1906,H,F,A
2.5,3500,-3,0.184,H,F,A
3,3500,-3,0.1954,H,F,A
3.5,3500,-3,0.2045,H,F,A
4,3500,-3,0.2119,H,F,A
0,3750,-3,0.3033,H,F,A
0.5,3750,-3,0.2866,H,F,A
1,3750,-3,0.2677,H,F,A
1.5,3750,-3,0.2468,H,F,A
2,3750,-3,0.2155,H,F,A
2.5,3750,-3,0.1777,H,F,A
3,3750,-3,0.163,H,F,A
3.5,3750,-3,0.1725,H,F,A
4,3750,-3,0.1919,H,F,A
4.5,3750,-3,0.1523,H,F,A
5,3750,-3,0.148,H,F,A
0,4000,-3,0.2946,H,F,A
0.5,4000,-3,0.2816,H,F,A
1,4000,-3,0.2657,H,F,A
1.5,4000,-3,0.2478,H,F,A
2,4000,-3,0.2278,H,F,A
2.5,4000,-3,0.2033,H,F,A
3,4000,-3,0.1694,H,F,A
3.5,4000,-3,0.1495,H,F,A
4,4000,-3,0.1482,H,F,A
4.5,4000,-3,0.1643,H,F,A
5,4000,-3,0.1858,H,F,A
0,4250,-3,0.287,H,F,A
0.5,4250,-3,0.2796,H,F,A
1,4250,-3,0.2678,H,F,A
1.5,4250,-3,0.2521,H,F,A
2,4250,-3,0.2341,H,F,A
2.5,4250,-3,0.2154,H,F,A
3,4250,-3,0.195,H,F,A
3.5,4250,-3,0.1662,H,F,A
4,4250,-3,0.1443,H,F,A
4.5,4250,-3,0.135,H,F,A
5,4250,-3,0.1426,H,F,A
0,4500,-3,0.2787,H,F,A
0.5,4500,-3,0.2764,H,F,A
1,4500,-3,0.2706,H,F,A
1.5,4500,-3,0.2601,H,F,A
2,4500,-3,0.2458,H,F,A
2.5,4500,-3,0.2281,H,F,A
3,4500,-3,0.2102,H,F,A
3.5,4500,-3,0.1922,H,F,A
4,4500,-3,0.1676,H,F,A
4.5,4500,-3,0.1458,H,F,A
5,4500,-3,0.1304,H,F,A
0,4750,-3,0.2672,H,F,A
0.5,4750,-3,0.2674,H,F,A
1,4750,-3,0.2652,H,F,A
1.5,4750,-3,0.2598,H,F,A
2,4750,-3,0.251,H,F,A
2.5,4750,-3,0.2379,H,F,A
3,4750,-3,0.2217,H,F,A
3.5,4750,-3,0.2049,H,F,A
4,4750,-3,0.1876,H,F,A
4.5,4750,-3,0.1681,H,F,A
5,4750,-3,0.1489,H,F,A
0,5000,-3,0.255,H,F,A
0.5,5000,-3,0.2558,H,F,A
1.5,5000,-3,0.2534,H,F,A
2,5000,-3,0.2488,H,F,A
2.5,5000,-3,0.2408,H,F,A
3,5000,-3,0.2295,H,F,A
3.5,5000,-3,0.216,H,F,A
4,5000,-3,0.201,H,F,A
4.5,5000,-3,0.1848,H,F,A
5,5000,-3,0.1661,H,F,A
0,5250,-3,0.2434,H,F,A
0.5,5250,-3,0.2435,H,F,A
1,5250,-3,0.2444,H,F,A
1.5,5250,-3,0.2439,H,F,A
2,5250,-3,0.2417,H,F,A
2.5,5250,-3,0.2376,H,F,A
3,5250,-3,0.2303,H,F,A
3.5,5250,-3,0.2212,H,F,A
4,5250,-3,0.2103,H,F,A
4.5,5250,-3,0.1968,H,F,A
5,5250,-3,0.1818,H,F,A
0,5500,-3,0.2315,H,F,A
0.5,5500,-3,0.2304,H,F,A
1,5500,-3,0.2313,H,F,A
1.5,5500,-3,0.2321,H,F,A
2,5500,-3,0.2317,H,F,A
2.5,5500,-3,0.2297,H,F,A
3,5500,-3,0.2263,H,F,A
3.5,5500,-3,0.2207,H,F,A
4,5500,-3,0.2136,H,F,A
4.5,5500,-3,0.204,H,F,A
5,5500,-3,0.1922,H,F,A
0,5750,-3,0.2488,H,F,A
0.5,5750,-3,0.2166,H,F,A
1,5750,-3,0.2169,H,F,A
1.5,5750,-3,0.2183,H,F,A
2,5750,-3,0.2196,H,F,A
2.5,5750,-3,0.2195,H,F,A
3,5750,-3,0.2188,H,F,A
3.5,5750,-3,0.2163,H,F,A
4,5750,-3,0.2126,H,F,A
4.5,5750,-3,0.2068,H,F,A
5,5750,-3,0.1978,H,F,A
0,6000,-3,0.2521,H,F,A
0.5,6000,-3,0.2346,H,F,A
1,6000,-3,0.206,H,F,A
1.5,6000,-3,0.2045,H,F,A
2,6000,-3,0.2064,H,F,A
2.5,6000,-3,0.2077,H,F,A
3,6000,-3,0.209,H,F,A
3.5,6000,-3,0.2088,H,F,A
4,6000,-3,0.2079,H,F,A
4.5,6000,-3,0.2056,H,F,A
5,6000,-3,0.2,H,F,A
0.5,6250,-3,0.2358,H,F,A
1,6250,-3,0.2211,H,F,A
1.5,6250,-3,0.1941,H,F,A
2,6250,-3,0.1928,H,F,A
2.5,6250,-3,0.1955,H,F,A
3,6250,-3,0.198,H,F,A
3.5,6250,-3,0.1998,H,F,A
4,6250,-3,0.2011,H,F,A
4.5,6250,-3,0.2012,H,F,A
5,6250,-3,0.1991,H,F,A
0.5,6500,-3,0.2379,H,F,A
1,6500,-3,0.2222,H,F,A
1.5,6500,-3,0.2064,H,F,A
2,6500,-3,0.1839,H,F,A
2.5,6500,-3,0.1821,H,F,A
3,6500,-3,0.1862,H,F,A
3.5,6500,-3,0.1898,H,F,A
4,6500,-3,0.1929,H,F,A
4.5,6500,-3,0.1956,H,F,A
5,6500,-3,0.1961,H,F,A
0.5,6750,-3,0.2402,H,F,A
1,6750,-3,0.2233,H,F,A
1.5,6750,-3,0.2095,H,F,A
2,6750,-3,0.1961,H,F,A
2.5,6750,-3,0.1727,H,F,A
3,6750,-3,0.1755,H,F,A
3.5,6750,-3,0.1798,H,F,A
4,6750,-3,0.1842,H,F,A
4.5,6750,-3,0.1888,H,F,A
5,6750,-3,0.1914,H,F,A
0.5,7000,-3,0.2424,H,F,A
1,7000,-3,0.2228,H,F,A
1.5,7000,-3,0.2113,H,F,A
2,7000,-3,0.1979,H,F,A
2.5,7000,-3,0.1819,H,F,A
3,7000,-3,0.1659,H,F,A
3.5,7000,-3,0.1711,H,F,A
4,7000,-3,0.1757,H,F,A
4.5,7000,-3,0.1814,H,F,A
5,7000,-3,0.185,H,F,A
0.5,7250,-3,0.2457,H,F,A
1,7250,-3,0.2218,H,F,A
1.5,7250,-3,0.2085,H,F,A
2,7250,-3,0.2012,H,F,A
2.5,7250,-3,0.1875,H,F,A
3,7250,-3,0.1696,H,F,A
3.5,7250,-3,0.1625,H,F,A
4,7250,-3,0.1683,H,F,A
4.5,7250,-3,0.1744,H,F,A
5,7250,-3,0.1788,H,F,A
1,7500,-3,0.2219,H,F,A
1.5,7500,-3,0.2058,H,F,A
2,7500,-3,0.1971,H,F,A
2.5,7500,-3,0.1925,H,F,A
3,7500,-3,0.1777,H,F,A
3.5,7500,-3,0.1628,H,F,A
4,7500,-3,0.1636,H,F,A
4.5,7500,-3,0.1677,H,F,A
5,7500,-3,0.1725,H,F,A
1.5,7750,-3,0.2034,H,F,A
2,7750,-3,0.1926,H,F,A
2.5,7750,-3,0.1871,H,F,A
3,7750,-3,0.1849,H,F,A
3.5,7750,-3,0.1699,H,F,A
4,7750,-3,0.1576,H,F,A
4.5,7750,-3,0.1629,H,F,A
5,7750,-3,0.1665,H,F,A
1.5,8000,-3,0.2015,H,F,A
2,8000,-3,0.1888,H,F,A
2.5,8000,-3,0.1822,H,F,A
3,8000,-3,0.1793,H,F,A
3.5,8000,-3,0.1784,H,F,A
4,8000,-3,0.164,H,F,A
4.5,8000,-3,0.1559,H,F,A
5,8000,-3,0.1618,H,F,A
1.5,8250,-3,0.2006,H,F,A
2,8250,-3,0.1858,H,F,A
2.5,8250,-3,0.1776,H,F,A
3,8250,-3,0.1736,H,F,A
3.5,8250,-3,0.1727,H,F,A
4,8250,-3,0.1726,H,F,A
4.5,8250,-3,0.1613,H,F,A
5,8250,-3,0.1565,H,F,A
1.5,8500,-3,0.2005,H,F,A
2,8500,-3,0.1829,H,F,A
2.5,8500,-3,0.1734,H,F,A
3,8500,-3,0.1687,H,F,A
3.5,8500,-3,0.1667,H,F,A
4,8500,-3,0.1682,H,F,A
4.5,8500,-3,0.168,H,F,A
5,8500,-3,0.1594,H,F,A
1.5,8750,-3,0.2018,H,F,A
2,8750,-3,0.1812,H,F,A
2.5,8750,-3,0.1704,H,F,A
3,8750,-3,0.1645,H,F,A
3.5,8750,-3,0.1618,H,F,A
4,8750,-3,0.1615,H,F,A
4.5,8750,-3,0.1653,H,F,A
5,8750,-3,0.1633,H,F,A
1.5,9000,-3,0.2033,H,F,A
2,9000,-3,0.18,H,F,A
2.5,9000,-3,0.1676,H,F,A
3,9000,-3,0.1608,H,F,A
3.5,9000,-3,0.1574,H,F,A
4,9000,-3,0.1563,H,F,A
4.5,9000,-3,0.1571,H,F,A
5,9000,-3,0.1602,H,F,A
2,9250,-3,0.179,H,F,A
2.5,9250,-3,0.1655,H,F,A
3,9250,-3,0.1578,H,F,A
3.5,9250,-3,0.1538,H,F,A
4,9250,-3,0.1524,H,F,A
4.5,9250,-3,0.1527,H,F,A
5,9250,-3,0.1547,H,F,A
2,9500,-3,0.1784,H,F,A
2.5,9500,-3,0.1639,H,F,A
3,9500,-3,0.1557,H,F,A
3.5,9500,-3,0.1513,H,F,A
4,9500,-3,0.1491,H,F,A
4.5,9500,-3,0.1486,H,F,A
5,9500,-3,0.15,H,F,A
2,9750,-3,0.1777,H,F,A
2.5,9750,-3,0.1624,H,F,A
3,9750,-3,0.1538,H,F,A
3.5,9750,-3,0.1489,H,F,A
4,9750,-3,0.146,H,F,A
4.5,9750,-3,0.1449,H,F,A
5,9750,-3,0.1461,H,F,A
2,10000,-3,0.1769,H,F,A
2.5,10000,-3,0.161,H,F,A
3,10000,-3,0.1519,H,F,A
3.5,10000,-3,0.1467,H,F,A
4,10000,-3,0.1436,H,F,A
4.5,10000,-3,0.1423,H,F,A
5,10000,-3,0.143,H,F,A
2,10500,-3,0.1754,H,F,A
2.5,10500,-3,0.1582,H,F,A
3,10500,-3,0.1485,H,F,A
3.5,10500,-3,0.143,H,F,A
4,10500,-3,0.1399,H,F,A
4.5,10500,-3,0.1383,H,F,A
5,10500,-3,0.138,H,F,A
2.5,11000,-3,0.1555,H,F,A
3,11000,-3,0.1455,H,F,A
3.5,11000,-3,0.1398,H,F,A
4,11000,-3,0.1366,H,F,A
4.5,11000,-3,0.1347,H,F,A
5,11000,-3,0.1339,H,F,A
2.5,11500,-3,0.1531,H,F,A
3,11500,-3,0.1426,H,F,A
3.5,11500,-3,0.1367,H,F,A
4,11500,-3,0.1334,H,F,A
4.5,11500,-3,0.1316,H,F,A
5,11500,-3,0.1309,H,F,A
2.5,12000,-3,0.1509,H,F,A
3,12000,-3,0.1398,H,F,A
3.5,12000,-3,0.1337,H,F,A
4,12000,-3,0.1304,H,F,A
4.5,12000,-3,0.1286,H,F,A
5,12000,-3,0.128,H,F,A
2.5,12500,-3,0.1492,H,F,A
3,12500,-3,0.1374,H,F,A
3.5,12500,-3,0.131,H,F,A
4,12500,-3,0.1275,H,F,A
4.5,12500,-3,0.1257,H,F,A
5,12500,-3,0.1252,H,F,A
2.5,13000,-3,0.1476,H,F,A
3,13000,-3,0.1351,H,F,A
3.5,13000,-3,0.1285,H,F,A
4,13000,-3,0.1248,H,F,A
4.5,13000,-3,0.1229,H,F,A
5,13000,-3,0.1224,H,F,A
2,14000,-3,0.1759,H,F,A
2.5,14000,-3,0.1457,H,F,A
3,14000,-3,0.1314,H,F,A
3.5,14000,-3,0.1239,H,F,A
4,14000,-3,0.1199,H,F,A
4.5,14000,-3,0.1179,H,F,A
5,14000,-3,0.1173,H,F,A
2.5,15000,-3,0.1451,H,F,A
3,15000,-3,0.1289,H,F,A
3.5,15000,-3,0.1204,H,F,A
4,15000,-3,0.1159,H,F,A
4.5,15000,-3,0.1137,H,F,A
5,15000,-3,0.1129,H,F,A
2.5,16000,-3,0.1454,H,F,A
3,16000,-3,0.1271,H,F,A
3.5,16000,-3,0.1176,H,F,A
4,16000,-3,0.1127,H,F,A
4.5,16000,-3,0.1103,H,F,A
5,16000,-3,0.1093,H,F,A
2.5,17000,-3,0.1465,H,F,A
3,17000,-3,0.126,H,F,A
3.5,17000,-3,0.1155,H,F,A
4,17000,-3,0.11,H,F,A
4.5,17000,-3,0.1073,H,F,A
5,17000,-3,0.1061,H,F,A
2.5,18000,-3,0.1481,H,F,A
3,18000,-3,0.125,H,F,A
3.5,18000,-3,0.1138,H,F,A
4,18000,-3,0.1079,H,F,A
4.5,18000,-3,0.1048,H,F,A
5,18000,-3,0.1036,H,F,A
2.5,19000,-3,0.1515,H,F,A
3,19000,-3,0.1242,H,F,A
3.5,19000,-3,0.1121,H,F,A
4,19000,-3,0.106,H,F,A
4.5,19000,-3,0.1028,H,F,A
5,19000,-3,0.1016,H,F,A
3,20000,-3,0.1241,H,F,A
3.5,20000,-3,0.1108,H,F,A
4,20000,-3,0.1042,H,F,A
4.5,20000,-3,0.101,H,F,A
5,20000,-3,0.0998,H,F,A
3,21000,-3,0.125,H,F,A
3.5,21000,-3,0.1096,H,F,A
4,21000,-3,0.1026,H,F,A
4.5,21000,-3,0.0995,H,F,A
5,21000,-3,0.0982,H,F,A
3,22000,-3,0.127,H,F,A
3.5,22000,-3,0.1095,H,F,A
4,22000,-3,0.1015,H,F,A
4.5,22000,-3,0.098,H,F,A
5,22000,-3,0.097,H,F,A
3,23000,-3,0.1295,H,F,A
3.5,23000,-3,0.11,H,F,A
4,23000,-3,0.1011,H,F,A
4.5,23000,-3,0.0968,H,F,A
5,23000,-3,0.0957,H,F,A
3,24000,-3,0.1337,H,F,A
3.5,24000,-3,0.1115,H,F,A
4,24000,-3,0.1012,H,F,A
4.5,24000,-3,0.0964,H,F,A
5,24000,-3,0.095,H,F,A
3,25000,-3,0.1391,H,F,A
3.5,25000,-3,0.1132,H,F,A
4,25000,-3,0.1023,H,F,A
4.5,25000,-3,0.097,H,F,A
5,25000,-3,0.0949,H,F,A
3,26000,-3,0.1445,H,F,A
3.5,26000,-3,0.1155,H,F,A
4,26000,-3,0.1034,H,F,A
4.5,26000,-3,0.0978,H,F,A
5,26000,-3,0.0954,H,F,A
3,27000,-3,0.145,H,F,A
3.5,27000,-3,0.1178,H,F,A
4,27000,-3,0.1047,H,F,A
4.5,27000,-3,0.0989,H,F,A
5,27000,-3,0.0962,H,F,A
3.5,28000,-3,0.1188,H,F,A
4,28000,-3,0.1059,H,F,A
4.5,28000,-3,0.0995,H,F,A
5,28000,-3,0.0967,H,F,A
3.5,29000,-3,0.117,H,F,A
4,29000,-3,0.1057,H,F,A
4.5,29000,-3,0.0998,H,F,A
5,29000,-3,0.0968,H,F,A
3.5,30000,-3,0.1136,H,F,A
4,30000,-3,0.1041,H,F,A
4.5,30000,-3,0.0986,H,F,A
5,30000,-3,0.096,H,F,A
3.5,31000,-3,0.1099,H,F,A
4,31000,-3,0.1006,H,F,A
4.5,31000,-3,0.0963,H,F,A
5,31000,-3,0.094,H,F,A
4,32000,-3,0.0965,H,F,A
4.5,32000,-3,0.0924,H,F,A
5,32000,-3,0.0906,H,F,A
4,33000,-3,0.0924,H,F,A
4.5,33000,-3,0.0881,H,F,A
5,33000,-3,0.0864,H,F,A
4,34000,-3,0.0885,H,F,A
4.5,34000,-3,0.0837,H,F,A
5,34000,-3,0.0819,H,F,A
4,35000,-3,0.0848,H,F,A
4.5,35000,-3,0.0796,H,F,A
5,35000,-3,0.0774,H,F,A
4.5,37500,-3,0.0684,H,F,A
5,37500,-3,0.0663,H,F,A
4.5,40000,-3,0.0608,H,F,A
5,40000,-3,0.0567,H,F,A
5,42500,-3,0.0525,H,F,A
5,45000,-3,0.0511,H,F,A
5,47500,-3,0.0507,H,F,A
5,50000,-3,0.0506,H,F,A
0,3500,-2.5,0.3363,H,F,A
0.5,3500,-2.5,0.3203,H,F,A
1,3500,-2.5,0.3038,H,F,A
1.5,3500,-2.5,0.2776,H,F,A
2,3500,-2.5,0.2215,H,F,A
2.5,3500,-2.5,0.1803,H,F,A
3,3500,-2.5,0.1757,H,F,A
3.5,3500,-2.5,0.1881,H,F,A
4,3500,-2.5,0.206,H,F,A
0,3750,-2.5,0.3164,H,F,A
0.5,3750,-2.5,0.3048,H,F,A
1,3750,-2.5,0.2904,H,F,A
1.5,3750,-2.5,0.2733,H,F,A
2,3750,-2.5,0.2536,H,F,A
2.5,3750,-2.5,0.2194,H,F,A
3,3750,-2.5,0.1825,H,F,A
3.5,3750,-2.5,0.1658,H,F,A
4,3750,-2.5,0.1684,H,F,A
4.5,3750,-2.5,0.1836,H,F,A
0,4000,-2.5,0.301,H,F,A
0.5,4000,-2.5,0.292,H,F,A
1,4000,-2.5,0.2802,H,F,A
1.5,4000,-2.5,0.2668,H,F,A
2,4000,-2.5,0.2511,H,F,A
2.5,4000,-2.5,0.2328,H,F,A
3,4000,-2.5,0.2062,H,F,A
3.5,4000,-2.5,0.1768,H,F,A
4,4000,-2.5,0.1591,H,F,A
4.5,4000,-2.5,0.1533,H,F,A
0,4250,-2.5,0.2885,H,F,A
0.5,4250,-2.5,0.283,H,F,A
1,4250,-2.5,0.2745,H,F,A
1.5,4250,-2.5,0.2626,H,F,A
2,4250,-2.5,0.249,H,F,A
2.5,4250,-2.5,0.2333,H,F,A
3,4250,-2.5,0.2165,H,F,A
3.5,4250,-2.5,0.1934,H,F,A
4,4250,-2.5,0.1689,H,F,A
4.5,4250,-2.5,0.1515,H,F,A
5,4250,-2.5,0.1461,H,F,A
0,4500,-2.5,0.2793,H,F,A
0.5,4500,-2.5,0.2775,H,F,A
1,4500,-2.5,0.2722,H,F,A
1.5,4500,-2.5,0.2636,H,F,A
2,4500,-2.5,0.2519,H,F,A
2.5,4500,-2.5,0.2374,H,F,A
3,4500,-2.5,0.2229,H,F,A
3.5,4500,-2.5,0.207,H,F,A
4,4500,-2.5,0.1864,H,F,A
4.5,4500,-2.5,0.1654,H,F,A
5,4500,-2.5,0.1478,H,F,A
0,4750,-2.5,0.2673,H,F,A
0.5,4750,-2.5,0.2676,H,F,A
1,4750,-2.5,0.2653,H,F,A
1.5,4750,-2.5,0.2607,H,F,A
2,4750,-2.5,0.2523,H,F,A
2.5,4750,-2.5,0.2406,H,F,A
3,4750,-2.5,0.2268,H,F,A
3.5,4750,-2.5,0.2126,H,F,A
4,4750,-2.5,0.1969,H,F,A
4.5,4750,-2.5,0.1795,H,F,A
5,4750,-2.5,0.1616,H,F,A
0,5000,-2.5,0.2548,H,F,A
0.5,5000,-2.5,0.2559,H,F,A
1,5000,-2.5,0.2557,H,F,A
1.5,5000,-2.5,0.2536,H,F,A
2,5000,-2.5,0.2489,H,F,A
2.5,5000,-2.5,0.2418,H,F,A
3,5000,-2.5,0.2314,H,F,A
3.5,5000,-2.5,0.2193,H,F,A
4,5000,-2.5,0.2055,H,F,A
4.5,5000,-2.5,0.1907,H,F,A
5,5000,-2.5,0.1739,H,F,A
0,5250,-2.5,0.243,H,F,A
0.5,5250,-2.5,0.2431,H,F,A
1,5250,-2.5,0.2438,H,F,A
1.5,5250,-2.5,0.2436,H,F,A
2,5250,-2.5,0.2416,H,F,A
2.5,5250,-2.5,0.2375,H,F,A
3,5250,-2.5,0.231,H,F,A
3.5,5250,-2.5,0.2225,H,F,A
4,5250,-2.5,0.2119,H,F,A
4.5,5250,-2.5,0.1999,H,F,A
5,5250,-2.5,0.1855,H,F,A
0,5500,-2.5,0.2307,H,F,A
0.5,5500,-2.5,0.2297,H,F,A
1,5500,-2.5,0.2306,H,F,A
1.5,5500,-2.5,0.2315,H,F,A
2,5500,-2.5,0.2313,H,F,A
2.5,5500,-2.5,0.2295,H,F,A
3,5500,-2.5,0.2262,H,F,A
3.5,5500,-2.5,0.221,H,F,A
4,5500,-2.5,0.2146,H,F,A
4.5,5500,-2.5,0.2053,H,F,A
5,5500,-2.5,0.1943,H,F,A
0,5750,-2.5,0.2481,H,F,A
0.5,5750,-2.5,0.2156,H,F,A
1,5750,-2.5,0.2165,H,F,A
1.5,5750,-2.5,0.2181,H,F,A
2,5750,-2.5,0.2193,H,F,A
2.5,5750,-2.5,0.2196,H,F,A
3,5750,-2.5,0.2184,H,F,A
3.5,5750,-2.5,0.2165,H,F,A
4,5750,-2.5,0.2131,H,F,A
4.5,5750,-2.5,0.2072,H,F,A
5,5750,-2.5,0.1991,H,F,A
0,6000,-2.5,0.2517,H,F,A
0.5,6000,-2.5,0.2357,H,F,A
1,6000,-2.5,0.2072,H,F,A
1.5,6000,-2.5,0.2041,H,F,A
2,6000,-2.5,0.2061,H,F,A
2.5,6000,-2.5,0.2078,H,F,A
3,6000,-2.5,0.2089,H,F,A
3.5,6000,-2.5,0.2084,H,F,A
4,6000,-2.5,0.2078,H,F,A
4.5,6000,-2.5,0.2056,H,F,A
5,6000,-2.5,0.201,H,F,A
0.5,6250,-2.5,0.2356,H,F,A
1,6250,-2.5,0.2205,H,F,A
1.5,6250,-2.5,0.1955,H,F,A
2,6250,-2.5,0.1925,H,F,A
2.5,6250,-2.5,0.1954,H,F,A
3,6250,-2.5,0.1978,H,F,A
3.5,6250,-2.5,0.2,H,F,A
4,6250,-2.5,0.2016,H,F,A
4.5,6250,-2.5,0.2012,H,F,A
5,6250,-2.5,0.1991,H,F,A
0.5,6500,-2.5,0.2375,H,F,A
1,6500,-2.5,0.2219,H,F,A
1.5,6500,-2.5,0.2067,H,F,A
2,6500,-2.5,0.1835,H,F,A
2.5,6500,-2.5,0.1823,H,F,A
3,6500,-2.5,0.1861,H,F,A
3.5,6500,-2.5,0.1902,H,F,A
4,6500,-2.5,0.1934,H,F,A
4.5,6500,-2.5,0.1956,H,F,A
5,6500,-2.5,0.1962,H,F,A
0.5,6750,-2.5,0.2397,H,F,A
1,6750,-2.5,0.2229,H,F,A
1.5,6750,-2.5,0.2094,H,F,A
2,6750,-2.5,0.1954,H,F,A
2.5,6750,-2.5,0.1721,H,F,A
3,6750,-2.5,0.1754,H,F,A
3.5,6750,-2.5,0.1796,H,F,A
4,6750,-2.5,0.1839,H,F,A
4.5,6750,-2.5,0.1886,H,F,A
5,6750,-2.5,0.1912,H,F,A
0.5,7000,-2.5,0.2417,H,F,A
1,7000,-2.5,0.2224,H,F,A
1.5,7000,-2.5,0.2111,H,F,A
2,7000,-2.5,0.1977,H,F,A
2.5,7000,-2.5,0.1815,H,F,A
3,7000,-2.5,0.1664,H,F,A
3.5,7000,-2.5,0.171,H,F,A
4,7000,-2.5,0.1753,H,F,A
4.5,7000,-2.5,0.181,H,F,A
5,7000,-2.5,0.1849,H,F,A
0.5,7250,-2.5,0.2451,H,F,A
1,7250,-2.5,0.2217,H,F,A
1.5,7250,-2.5,0.2082,H,F,A
2,7250,-2.5,0.2009,H,F,A
2.5,7250,-2.5,0.1874,H,F,A
3,7250,-2.5,0.1697,H,F,A
3.5,7250,-2.5,0.1625,H,F,A
4,7250,-2.5,0.1682,H,F,A
4.5,7250,-2.5,0.1738,H,F,A
5,7250,-2.5,0.1785,H,F,A
0.5,7500,-2.5,0.2515,H,F,A
1,7500,-2.5,0.2216,H,F,A
1.5,7500,-2.5,0.2057,H,F,A
2,7500,-2.5,0.1967,H,F,A
2.5,7500,-2.5,0.1923,H,F,A
3,7500,-2.5,0.1777,H,F,A
3.5,7500,-2.5,0.1624,H,F,A
4,7500,-2.5,0.1631,H,F,A
4.5,7500,-2.5,0.1673,H,F,A
5,7500,-2.5,0.1721,H,F,A
1,7750,-2.5,0.2223,H,F,A
1.5,7750,-2.5,0.2032,H,F,A
2,7750,-2.5,0.1927,H,F,A
2.5,7750,-2.5,0.1869,H,F,A
3,7750,-2.5,0.1847,H,F,A
3.5,7750,-2.5,0.1697,H,F,A
4,7750,-2.5,0.1584,H,F,A
4.5,7750,-2.5,0.1628,H,F,A
5,7750,-2.5,0.1665,H,F,A
1.5,8000,-2.5,0.2014,H,F,A
2,8000,-2.5,0.1889,H,F,A
2.5,8000,-2.5,0.1821,H,F,A
3,8000,-2.5,0.1792,H,F,A
3.5,8000,-2.5,0.1783,H,F,A
4,8000,-2.5,0.1642,H,F,A
4.5,8000,-2.5,0.1563,H,F,A
5,8000,-2.5,0.1619,H,F,A
1.5,8250,-2.5,0.2007,H,F,A
2,8250,-2.5,0.1859,H,F,A
2.5,8250,-2.5,0.1777,H,F,A
3,8250,-2.5,0.1737,H,F,A
3.5,8250,-2.5,0.1724,H,F,A
4,8250,-2.5,0.1728,H,F,A
4.5,8250,-2.5,0.1615,H,F,A
5,8250,-2.5,0.1564,H,F,A
1.5,8500,-2.5,0.2006,H,F,A
2,8500,-2.5,0.1832,H,F,A
2.5,8500,-2.5,0.1737,H,F,A
3,8500,-2.5,0.1687,H,F,A
3.5,8500,-2.5,0.1667,H,F,A
4,8500,-2.5,0.1679,H,F,A
4.5,8500,-2.5,0.168,H,F,A
5,8500,-2.5,0.1592,H,F,A
2,8750,-2.5,0.1814,H,F,A
2.5,8750,-2.5,0.1705,H,F,A
3,8750,-2.5,0.1646,H,F,A
3.5,8750,-2.5,0.1619,H,F,A
4,8750,-2.5,0.1614,H,F,A
4.5,8750,-2.5,0.165,H,F,A
5,8750,-2.5,0.1632,H,F,A
2,9000,-2.5,0.1802,H,F,A
2.5,9000,-2.5,0.1677,H,F,A
3,9000,-2.5,0.1609,H,F,A
3.5,9000,-2.5,0.1573,H,F,A
4,9000,-2.5,0.1562,H,F,A
4.5,9000,-2.5,0.157,H,F,A
5,9000,-2.5,0.1599,H,F,A
2,9250,-2.5,0.1793,H,F,A
2.5,9250,-2.5,0.1657,H,F,A
3,9250,-2.5,0.1578,H,F,A
3.5,9250,-2.5,0.1538,H,F,A
4,9250,-2.5,0.1523,H,F,A
4.5,9250,-2.5,0.1525,H,F,A
5,9250,-2.5,0.1545,H,F,A
2,9500,-2.5,0.1787,H,F,A
2.5,9500,-2.5,0.1641,H,F,A
3,9500,-2.5,0.1558,H,F,A
3.5,9500,-2.5,0.1512,H,F,A
4,9500,-2.5,0.1489,H,F,A
4.5,9500,-2.5,0.1484,H,F,A
5,9500,-2.5,0.1499,H,F,A
2,9750,-2.5,0.178,H,F,A
2.5,9750,-2.5,0.1626,H,F,A
3,9750,-2.5,0.1539,H,F,A
3.5,9750,-2.5,0.1488,H,F,A
4,9750,-2.5,0.1459,H,F,A
4.5,9750,-2.5,0.1448,H,F,A
5,9750,-2.5,0.1458,H,F,A
2,10000,-2.5,0.1772,H,F,A
2.5,10000,-2.5,0.1612,H,F,A
3,10000,-2.5,0.1521,H,F,A
3.5,10000,-2.5,0.1467,H,F,A
4,10000,-2.5,0.1435,H,F,A
4.5,10000,-2.5,0.142,H,F,A
5,10000,-2.5,0.1428,H,F,A
2,10500,-2.5,0.1757,H,F,A
2.5,10500,-2.5,0.1584,H,F,A
3,10500,-2.5,0.1487,H,F,A
3.5,10500,-2.5,0.1431,H,F,A
4,10500,-2.5,0.1398,H,F,A
4.5,10500,-2.5,0.1382,H,F,A
5,10500,-2.5,0.1377,H,F,A
2.5,11000,-2.5,0.1557,H,F,A
3,11000,-2.5,0.1456,H,F,A
3.5,11000,-2.5,0.1399,H,F,A
4,11000,-2.5,0.1366,H,F,A
4.5,11000,-2.5,0.1346,H,F,A
5,11000,-2.5,0.1338,H,F,A
2.5,11500,-2.5,0.1531,H,F,A
3,11500,-2.5,0.1425,H,F,A
3.5,11500,-2.5,0.1366,H,F,A
4,11500,-2.5,0.1334,H,F,A
4.5,11500,-2.5,0.1315,H,F,A
5,11500,-2.5,0.1307,H,F,A
2.5,12000,-2.5,0.1507,H,F,A
3,12000,-2.5,0.1397,H,F,A
3.5,12000,-2.5,0.1336,H,F,A
4,12000,-2.5,0.1302,H,F,A
4.5,12000,-2.5,0.1285,H,F,A
5,12000,-2.5,0.1278,H,F,A
2.5,12500,-2.5,0.1488,H,F,A
3,12500,-2.5,0.137,H,F,A
3.5,12500,-2.5,0.1307,H,F,A
4,12500,-2.5,0.1273,H,F,A
4.5,12500,-2.5,0.1255,H,F,A
5,12500,-2.5,0.125,H,F,A
2.5,13000,-2.5,0.1472,H,F,A
3,13000,-2.5,0.1347,H,F,A
3.5,13000,-2.5,0.1281,H,F,A
4,13000,-2.5,0.1245,H,F,A
4.5,13000,-2.5,0.1226,H,F,A
5,13000,-2.5,0.1222,H,F,A
2,14000,-2.5,0.1755,H,F,A
2.5,14000,-2.5,0.1451,H,F,A
3,14000,-2.5,0.1309,H,F,A
3.5,14000,-2.5,0.1234,H,F,A
4,14000,-2.5,0.1194,H,F,A
4.5,14000,-2.5,0.1175,H,F,A
5,14000,-2.5,0.117,H,F,A
2.5,15000,-2.5,0.1444,H,F,A
3,15000,-2.5,0.1282,H,F,A
3.5,15000,-2.5,0.1197,H,F,A
4,15000,-2.5,0.1152,H,F,A
4.5,15000,-2.5,0.1131,H,F,A
5,15000,-2.5,0.1124,H,F,A
2.5,16000,-2.5,0.1448,H,F,A
3,16000,-2.5,0.1264,H,F,A
3.5,16000,-2.5,0.1168,H,F,A
4,16000,-2.5,0.1119,H,F,A
4.5,16000,-2.5,0.1096,H,F,A
5,16000,-2.5,0.1087,H,F,A
2.5,17000,-2.5,0.146,H,F,A
3,17000,-2.5,0.1252,H,F,A
3.5,17000,-2.5,0.1146,H,F,A
4,17000,-2.5,0.1094,H,F,A
4.5,17000,-2.5,0.1067,H,F,A
5,17000,-2.5,0.1056,H,F,A
2.5,18000,-2.5,0.1479,H,F,A
3,18000,-2.5,0.1243,H,F,A
3.5,18000,-2.5,0.113,H,F,A
4,18000,-2.5,0.1073,H,F,A
4.5,18000,-2.5,0.1043,H,F,A
5,18000,-2.5,0.103,H,F,A
2.5,19000,-2.5,0.1511,H,F,A
3,19000,-2.5,0.1234,H,F,A
3.5,19000,-2.5,0.1115,H,F,A
4,19000,-2.5,0.1053,H,F,A
4.5,19000,-2.5,0.1023,H,F,A
5,19000,-2.5,0.101,H,F,A
3,20000,-2.5,0.1235,H,F,A
3.5,20000,-2.5,0.1103,H,F,A
4,20000,-2.5,0.1038,H,F,A
4.5,20000,-2.5,0.1005,H,F,A
5,20000,-2.5,0.0994,H,F,A
3,21000,-2.5,0.1243,H,F,A
3.5,21000,-2.5,0.1091,H,F,A
4,21000,-2.5,0.1019,H,F,A
4.5,21000,-2.5,0.099,H,F,A
5,21000,-2.5,0.0978,H,F,A
3,22000,-2.5,0.1264,H,F,A
3.5,22000,-2.5,0.1089,H,F,A
4,22000,-2.5,0.1011,H,F,A
4.5,22000,-2.5,0.0973,H,F,A
5,22000,-2.5,0.0964,H,F,A
3,23000,-2.5,0.1291,H,F,A
3.5,23000,-2.5,0.1097,H,F,A
4,23000,-2.5,0.1005,H,F,A
4.5,23000,-2.5,0.0967,H,F,A
5,23000,-2.5,0.0955,H,F,A
3,24000,-2.5,0.1329,H,F,A
3.5,24000,-2.5,0.1109,H,F,A
4,24000,-2.5,0.101,H,F,A
4.5,24000,-2.5,0.0964,H,F,A
5,24000,-2.5,0.0948,H,F,A
3,25000,-2.5,0.138,H,F,A
3.5,25000,-2.5,0.1125,H,F,A
4,25000,-2.5,0.1017,H,F,A
4.5,25000,-2.5,0.0966,H,F,A
5,25000,-2.5,0.0946,H,F,A
3,26000,-2.5,0.1433,H,F,A
3.5,26000,-2.5,0.1145,H,F,A
4,26000,-2.5,0.103,H,F,A
4.5,26000,-2.5,0.0976,H,F,A
5,26000,-2.5,0.0953,H,F,A
3.5,27000,-2.5,0.1167,H,F,A
4,27000,-2.5,0.1042,H,F,A
4.5,27000,-2.5,0.0984,H,F,A
5,27000,-2.5,0.096,H,F,A
3.5,28000,-2.5,0.1179,H,F,A
4,28000,-2.5,0.1051,H,F,A
4.5,28000,-2.5,0.0989,H,F,A
5,28000,-2.5,0.0964,H,F,A
3.5,29000,-2.5,0.1167,H,F,A
4,29000,-2.5,0.1049,H,F,A
4.5,29000,-2.5,0.099,H,F,A
5,29000,-2.5,0.0963,H,F,A
3.5,30000,-2.5,0.1135,H,F,A
4,30000,-2.5,0.1035,H,F,A
4.5,30000,-2.5,0.0982,H,F,A
5,30000,-2.5,0.0954,H,F,A
3.5,31000,-2.5,0.1102,H,F,A
4,31000,-2.5,0.1004,H,F,A
4.5,31000,-2.5,0.0958,H,F,A
5,31000,-2.5,0.0934,H,F,A
4,32000,-2.5,0.0965,H,F,A
4.5,32000,-2.5,0.0922,H,F,A
5,32000,-2.5,0.0902,H,F,A
4,33000,-2.5,0.0924,H,F,A
4.5,33000,-2.5,0.0881,H,F,A
5,33000,-2.5,0.0862,H,F,A
4,34000,-2.5,0.0888,H,F,A
4.5,34000,-2.5,0.0838,H,F,A
5,34000,-2.5,0.0819,H,F,A
4,35000,-2.5,0.0852,H,F,A
4.5,35000,-2.5,0.0798,H,F,A
5,35000,-2.5,0.0775,H,F,A
4.5,37500,-2.5,0.0691,H,F,A
5,37500,-2.5,0.0667,H,F,A
4.5,40000,-2.5,0.0614,H,F,A
5,40000,-2.5,0.0575,H,F,A
5,42500,-2.5,0.053,H,F,A
5,45000,-2.5,0.0516,H,F,A
5,47500,-2.5,0.0512,H,F,A
5,50000,-2.5,0.051,H,F,A
0,3500,-2,0.3581,H,F,A
0.5,3500,-2,0.3452,H,F,A
1,3500,-2,0.3319,H,F,A
1.5,3500,-2,0.3173,H,F,A
2,3500,-2,0.2792,H,F,A
2.5,3500,-2,0.2013,H,F,A
3,3500,-2,0.1683,H,F,A
3.5,3500,-2,0.1598,H,F,A
4,3500,-2,0.1731,H,F,A
4.5,3500,-2,0.1956,H,F,A
5,3500,-2,0.2084,H,F,A
0,3750,-2,0.3333,H,F,A
0.5,3750,-2,0.3246,H,F,A
1,3750,-2,0.3139,H,F,A
1.5,3750,-2,0.301,H,F,A
2,3750,-2,0.2879,H,F,A
2.5,3750,-2,0.268,H,F,A
3,3750,-2,0.2237,H,F,A
3.5,3750,-2,0.179,H,F,A
4,3750,-2,0.1608,H,F,A
4.5,3750,-2,0.1576,H,F,A
5,3750,-2,0.157,H,F,A
0,4000,-2,0.3117,H,F,A
0.5,4000,-2,0.3066,H,F,A
1,4000,-2,0.2978,H,F,A
1.5,4000,-2,0.2877,H,F,A
2,4000,-2,0.2765,H,F,A
2.5,4000,-2,0.2632,H,F,A
3,4000,-2,0.2468,H,F,A
3.5,4000,-2,0.2194,H,F,A
4,4000,-2,0.1857,H,F,A
4.5,4000,-2,0.1592,H,F,A
5,4000,-2,0.1571,H,F,A
0,4250,-2,0.2937,H,F,A
0.5,4250,-2,0.2906,H,F,A
1,4250,-2,0.2848,H,F,A
1.5,4250,-2,0.277,H,F,A
2,4250,-2,0.2675,H,F,A
2.5,4250,-2,0.2556,H,F,A
3,4250,-2,0.2428,H,F,A
3.5,4250,-2,0.2273,H,F,A
4,4250,-2,0.2056,H,F,A
4.5,4250,-2,0.1807,H,F,A
5,4250,-2,0.1619,H,F,A
0,4500,-2,0.2809,H,F,A
0.5,4500,-2,0.2801,H,F,A
1,4500,-2,0.2766,H,F,A
1.5,4500,-2,0.2709,H,F,A
2,4500,-2,0.2618,H,F,A
2.5,4500,-2,0.2516,H,F,A
3,4500,-2,0.2409,H,F,A
3.5,4500,-2,0.2286,H,F,A
4,4500,-2,0.214,H,F,A
4.5,4500,-2,0.1953,H,F,A
5,4500,-2,0.1754,H,F,A
0,4750,-2,0.2676,H,F,A
0.5,4750,-2,0.2681,H,F,A
1,4750,-2,0.2666,H,F,A
1.5,4750,-2,0.2629,H,F,A
2,4750,-2,0.2559,H,F,A
2.5,4750,-2,0.2477,H,F,A
3,4750,-2,0.2372,H,F,A
3.5,4750,-2,0.2259,H,F,A
4,4750,-2,0.2142,H,F,A
4.5,4750,-2,0.1995,H,F,A
5,4750,-2,0.1839,H,F,A
0,5000,-2,0.2548,H,F,A
0.5,5000,-2,0.256,H,F,A
1,5000,-2,0.256,H,F,A
1.5,5000,-2,0.2539,H,F,A
2,5000,-2,0.2498,H,F,A
2.5,5000,-2,0.2434,H,F,A
3,5000,-2,0.2346,H,F,A
3.5,5000,-2,0.2248,H,F,A
4,5000,-2,0.214,H,F,A
4.5,5000,-2,0.2021,H,F,A
5,5000,-2,0.1887,H,F,A
0,5250,-2,0.2427,H,F,A
0.5,5250,-2,0.2428,H,F,A
1,5250,-2,0.2435,H,F,A
1.5,5250,-2,0.2435,H,F,A
2,5250,-2,0.2416,H,F,A
2.5,5250,-2,0.2378,H,F,A
3,5250,-2,0.232,H,F,A
3.5,5250,-2,0.2246,H,F,A
4,5250,-2,0.2157,H,F,A
4.5,5250,-2,0.205,H,F,A
5,5250,-2,0.1934,H,F,A
0,5500,-2,0.2308,H,F,A
0.5,5500,-2,0.2293,H,F,A
1,5500,-2,0.2301,H,F,A
1.5,5500,-2,0.2311,H,F,A
2,5500,-2,0.231,H,F,A
2.5,5500,-2,0.2294,H,F,A
3,5500,-2,0.2264,H,F,A
3.5,5500,-2,0.2217,H,F,A
4,5500,-2,0.2156,H,F,A
4.5,5500,-2,0.2076,H,F,A
5,5500,-2,0.1978,H,F,A
0,5750,-2,0.2475,H,F,A
0.5,5750,-2,0.2199,H,F,A
1,5750,-2,0.2159,H,F,A
1.5,5750,-2,0.2176,H,F,A
2,5750,-2,0.2187,H,F,A
2.5,5750,-2,0.2193,H,F,A
3,5750,-2,0.2182,H,F,A
3.5,5750,-2,0.2157,H,F,A
4,5750,-2,0.2137,H,F,A
4.5,5750,-2,0.2083,H,F,A
5,5750,-2,0.2008,H,F,A
0,6000,-2,0.2511,H,F,A
0.5,6000,-2,0.2357,H,F,A
1,6000,-2,0.2069,H,F,A
1.5,6000,-2,0.2034,H,F,A
2,6000,-2,0.2056,H,F,A
2.5,6000,-2,0.2075,H,F,A
3,6000,-2,0.2084,H,F,A
3.5,6000,-2,0.209,H,F,A
4,6000,-2,0.2077,H,F,A
4.5,6000,-2,0.2067,H,F,A
5,6000,-2,0.2015,H,F,A
0.5,6250,-2,0.2347,H,F,A
1,6250,-2,0.2194,H,F,A
1.5,6250,-2,0.1949,H,F,A
2,6250,-2,0.1918,H,F,A
2.5,6250,-2,0.195,H,F,A
3,6250,-2,0.1974,H,F,A
3.5,6250,-2,0.199,H,F,A
4,6250,-2,0.2004,H,F,A
4.5,6250,-2,0.2012,H,F,A
5,6250,-2,0.1995,H,F,A
0.5,6500,-2,0.2367,H,F,A
1,6500,-2,0.2214,H,F,A
1.5,6500,-2,0.2097,H,F,A
2,6500,-2,0.1822,H,F,A
2.5,6500,-2,0.1817,H,F,A
3,6500,-2,0.1856,H,F,A
3.5,6500,-2,0.1896,H,F,A
4,6500,-2,0.1931,H,F,A
4.5,6500,-2,0.1951,H,F,A
5,6500,-2,0.196,H,F,A
0.5,6750,-2,0.239,H,F,A
1,6750,-2,0.2222,H,F,A
1.5,6750,-2,0.2089,H,F,A
2,6750,-2,0.1936,H,F,A
2.5,6750,-2,0.1721,H,F,A
3,6750,-2,0.1747,H,F,A
3.5,6750,-2,0.1798,H,F,A
4,6750,-2,0.1844,H,F,A
4.5,6750,-2,0.1887,H,F,A
5,6750,-2,0.1907,H,F,A
0.5,7000,-2,0.2409,H,F,A
1,7000,-2,0.222,H,F,A
1.5,7000,-2,0.2104,H,F,A
2,7000,-2,0.1973,H,F,A
2.5,7000,-2,0.1814,H,F,A
3,7000,-2,0.1663,H,F,A
3.5,7000,-2,0.1706,H,F,A
4,7000,-2,0.1749,H,F,A
4.5,7000,-2,0.1807,H,F,A
5,7000,-2,0.1846,H,F,A
0.5,7250,-2,0.2428,H,F,A
1,7250,-2,0.2196,H,F,A
1.5,7250,-2,0.2066,H,F,A
2,7250,-2,0.1995,H,F,A
2.5,7250,-2,0.1864,H,F,A
3,7250,-2,0.1689,H,F,A
3.5,7250,-2,0.162,H,F,A
4,7250,-2,0.1671,H,F,A
4.5,7250,-2,0.1729,H,F,A
5,7250,-2,0.1777,H,F,A
0.5,7500,-2,0.2494,H,F,A
1,7500,-2,0.2195,H,F,A
1.5,7500,-2,0.2039,H,F,A
2,7500,-2,0.1954,H,F,A
2.5,7500,-2,0.1912,H,F,A
3,7500,-2,0.1769,H,F,A
3.5,7500,-2,0.161,H,F,A
4,7500,-2,0.1618,H,F,A
4.5,7500,-2,0.1665,H,F,A
5,7500,-2,0.1715,H,F,A
1,7750,-2,0.2208,H,F,A
1.5,7750,-2,0.2018,H,F,A
2,7750,-2,0.1912,H,F,A
2.5,7750,-2,0.1857,H,F,A
3,7750,-2,0.1832,H,F,A
3.5,7750,-2,0.1694,H,F,A
4,7750,-2,0.1578,H,F,A
4.5,7750,-2,0.1623,H,F,A
5,7750,-2,0.1666,H,F,A
1,8000,-2,0.2239,H,F,A
1.5,8000,-2,0.2001,H,F,A
2,8000,-2,0.1878,H,F,A
2.5,8000,-2,0.181,H,F,A
3,8000,-2,0.1782,H,F,A
3.5,8000,-2,0.1767,H,F,A
4,8000,-2,0.1629,H,F,A
4.5,8000,-2,0.1566,H,F,A
5,8000,-2,0.1619,H,F,A
1.5,8250,-2,0.1995,H,F,A
2,8250,-2,0.1849,H,F,A
2.5,8250,-2,0.1769,H,F,A
3,8250,-2,0.1727,H,F,A
3.5,8250,-2,0.1716,H,F,A
4,8250,-2,0.1715,H,F,A
4.5,8250,-2,0.1598,H,F,A
5,8250,-2,0.1561,H,F,A
1.5,8500,-2,0.1998,H,F,A
2,8500,-2,0.1822,H,F,A
2.5,8500,-2,0.1729,H,F,A
3,8500,-2,0.1681,H,F,A
3.5,8500,-2,0.1661,H,F,A
4,8500,-2,0.1673,H,F,A
4.5,8500,-2,0.1664,H,F,A
5,8500,-2,0.159,H,F,A
2,8750,-2,0.1805,H,F,A
2.5,8750,-2,0.1698,H,F,A
3,8750,-2,0.1641,H,F,A
3.5,8750,-2,0.1614,H,F,A
4,8750,-2,0.161,H,F,A
4.5,8750,-2,0.1643,H,F,A
5,8750,-2,0.1633,H,F,A
2,9000,-2,0.1807,H,F,A
2.5,9000,-2,0.168,H,F,A
3,9000,-2,0.1611,H,F,A
3.5,9000,-2,0.1573,H,F,A
4,9000,-2,0.1562,H,F,A
4.5,9000,-2,0.1568,H,F,A
5,9000,-2,0.1595,H,F,A
2,9250,-2,0.1798,H,F,A
2.5,9250,-2,0.1659,H,F,A
3,9250,-2,0.1579,H,F,A
3.5,9250,-2,0.1539,H,F,A
4,9250,-2,0.1522,H,F,A
4.5,9250,-2,0.1524,H,F,A
5,9250,-2,0.1543,H,F,A
2,9500,-2,0.1793,H,F,A
2.5,9500,-2,0.1644,H,F,A
3,9500,-2,0.1559,H,F,A
3.5,9500,-2,0.1511,H,F,A
4,9500,-2,0.1488,H,F,A
4.5,9500,-2,0.1483,H,F,A
5,9500,-2,0.1497,H,F,A
2,9750,-2,0.1786,H,F,A
2.5,9750,-2,0.163,H,F,A
3,9750,-2,0.1541,H,F,A
3.5,9750,-2,0.1487,H,F,A
4,9750,-2,0.1457,H,F,A
4.5,9750,-2,0.1446,H,F,A
5,9750,-2,0.1457,H,F,A
2,10000,-2,0.1778,H,F,A
2.5,10000,-2,0.1617,H,F,A
3,10000,-2,0.1523,H,F,A
3.5,10000,-2,0.1467,H,F,A
4,10000,-2,0.1433,H,F,A
4.5,10000,-2,0.1418,H,F,A
5,10000,-2,0.1426,H,F,A
2,10500,-2,0.1761,H,F,A
2.5,10500,-2,0.1588,H,F,A
3,10500,-2,0.149,H,F,A
3.5,10500,-2,0.1432,H,F,A
4,10500,-2,0.1396,H,F,A
4.5,10500,-2,0.1378,H,F,A
5,10500,-2,0.1373,H,F,A
2.5,11000,-2,0.1559,H,F,A
3,11000,-2,0.1457,H,F,A
3.5,11000,-2,0.14,H,F,A
4,11000,-2,0.1365,H,F,A
4.5,11000,-2,0.1344,H,F,A
5,11000,-2,0.1334,H,F,A
2.5,11500,-2,0.1531,H,F,A
3,11500,-2,0.1425,H,F,A
3.5,11500,-2,0.1367,H,F,A
4,11500,-2,0.1334,H,F,A
4.5,11500,-2,0.1313,H,F,A
5,11500,-2,0.1304,H,F,A
2.5,12000,-2,0.1505,H,F,A
3,12000,-2,0.1395,H,F,A
3.5,12000,-2,0.1335,H,F,A
4,12000,-2,0.1302,H,F,A
4.5,12000,-2,0.1283,H,F,A
5,12000,-2,0.1276,H,F,A
2.5,12500,-2,0.1485,H,F,A
3,12500,-2,0.1367,H,F,A
3.5,12500,-2,0.1305,H,F,A
4,12500,-2,0.1271,H,F,A
4.5,12500,-2,0.1253,H,F,A
5,12500,-2,0.1248,H,F,A
2.5,13000,-2,0.1468,H,F,A
3,13000,-2,0.1343,H,F,A
3.5,13000,-2,0.1277,H,F,A
4,13000,-2,0.1242,H,F,A
4.5,13000,-2,0.1223,H,F,A
5,13000,-2,0.1219,H,F,A
2,14000,-2,0.1753,H,F,A
2.5,14000,-2,0.1447,H,F,A
3,14000,-2,0.1303,H,F,A
3.5,14000,-2,0.1228,H,F,A
4,14000,-2,0.1188,H,F,A
4.5,14000,-2,0.117,H,F,A
5,14000,-2,0.1165,H,F,A
2.5,15000,-2,0.1439,H,F,A
3,15000,-2,0.1275,H,F,A
3.5,15000,-2,0.1189,H,F,A
4,15000,-2,0.1145,H,F,A
4.5,15000,-2,0.1124,H,F,A
5,15000,-2,0.1117,H,F,A
2.5,16000,-2,0.1441,H,F,A
3,16000,-2,0.1255,H,F,A
3.5,16000,-2,0.116,H,F,A
4,16000,-2,0.111,H,F,A
4.5,16000,-2,0.1086,H,F,A
5,16000,-2,0.1079,H,F,A
2.5,17000,-2,0.1453,H,F,A
3,17000,-2,0.1243,H,F,A
3.5,17000,-2,0.1137,H,F,A
4,17000,-2,0.1083,H,F,A
4.5,17000,-2,0.1056,H,F,A
5,17000,-2,0.1047,H,F,A
2.5,18000,-2,0.1474,H,F,A
3,18000,-2,0.1233,H,F,A
3.5,18000,-2,0.112,H,F,A
4,18000,-2,0.1063,H,F,A
4.5,18000,-2,0.1032,H,F,A
5,18000,-2,0.102,H,F,A
2.5,19000,-2,0.151,H,F,A
3,19000,-2,0.1226,H,F,A
3.5,19000,-2,0.1105,H,F,A
4,19000,-2,0.1044,H,F,A
4.5,19000,-2,0.1013,H,F,A
5,19000,-2,0.1001,H,F,A
3,20000,-2,0.123,H,F,A
3.5,20000,-2,0.1092,H,F,A
4,20000,-2,0.1027,H,F,A
4.5,20000,-2,0.0995,H,F,A
5,20000,-2,0.0983,H,F,A
3,21000,-2,0.1238,H,F,A
3.5,21000,-2,0.1084,H,F,A
4,21000,-2,0.1012,H,F,A
4.5,21000,-2,0.0981,H,F,A
5,21000,-2,0.0967,H,F,A
3,22000,-2,0.1256,H,F,A
3.5,22000,-2,0.1083,H,F,A
4,22000,-2,0.1002,H,F,A
4.5,22000,-2,0.0965,H,F,A
5,22000,-2,0.0954,H,F,A
3,23000,-2,0.1284,H,F,A
3.5,23000,-2,0.1088,H,F,A
4,23000,-2,0.0999,H,F,A
4.5,23000,-2,0.0958,H,F,A
5,23000,-2,0.0946,H,F,A
3,24000,-2,0.1318,H,F,A
3.5,24000,-2,0.11,H,F,A
4,24000,-2,0.1003,H,F,A
4.5,24000,-2,0.0958,H,F,A
5,24000,-2,0.0942,H,F,A
3,25000,-2,0.1366,H,F,A
3.5,25000,-2,0.1116,H,F,A
4,25000,-2,0.1011,H,F,A
4.5,25000,-2,0.0961,H,F,A
5,25000,-2,0.0943,H,F,A
3,26000,-2,0.142,H,F,A
3.5,26000,-2,0.1133,H,F,A
4,26000,-2,0.1022,H,F,A
4.5,26000,-2,0.0969,H,F,A
5,26000,-2,0.0947,H,F,A
3.5,27000,-2,0.1154,H,F,A
4,27000,-2,0.1032,H,F,A
4.5,27000,-2,0.0977,H,F,A
5,27000,-2,0.0955,H,F,A
3.5,28000,-2,0.1166,H,F,A
4,28000,-2,0.104,H,F,A
4.5,28000,-2,0.0982,H,F,A
5,28000,-2,0.0959,H,F,A
3.5,29000,-2,0.116,H,F,A
4,29000,-2,0.1041,H,F,A
4.5,29000,-2,0.0981,H,F,A
5,29000,-2,0.0957,H,F,A
4,30000,-2,0.1027,H,F,A
4.5,30000,-2,0.0973,H,F,A
5,30000,-2,0.0947,H,F,A
4,31000,-2,0.1,H,F,A
4.5,31000,-2,0.0952,H,F,A
5,31000,-2,0.0928,H,F,A
4,32000,-2,0.0964,H,F,A
4.5,32000,-2,0.0919,H,F,A
5,32000,-2,0.0898,H,F,A
4.5,33000,-2,0.088,H,F,A
5,33000,-2,0.086,H,F,A
4.5,34000,-2,0.0839,H,F,A
5,34000,-2,0.0818,H,F,A
4.5,35000,-2,0.0801,H,F,A
5,35000,-2,0.0776,H,F,A
4.5,37500,-2,0.0699,H,F,A
5,37500,-2,0.0673,H,F,A
4.5,40000,-2,0.0622,H,F,A
5,40000,-2,0.0582,H,F,A
5,42500,-2,0.0537,H,F,A
5,45000,-2,0.0522,H,F,A
5,47500,-2,0.0515,H,F,A
5,50000,-2,0.0514,H,F,A
0,3500,-1.5,0.3807,H,F,A
0.5,3500,-1.5,0.3712,H,F,A
1,3500,-1.5,0.3607,H,F,A
1.5,3500,-1.5,0.3499,H,F,A
2,3500,-1.5,0.3333,H,F,A
2.5,3500,-1.5,0.263,H,F,A
3,3500,-1.5,0.1868,H,F,A
3.5,3500,-1.5,0.1623,H,F,A
4,3500,-1.5,0.1564,H,F,A
4.5,3500,-1.5,0.1582,H,F,A
5,3500,-1.5,0.1619,H,F,A
0,3750,-1.5,0.3536,H,F,A
0.5,3750,-1.5,0.3467,H,F,A
1,3750,-1.5,0.339,H,F,A
1.5,3750,-1.5,0.3298,H,F,A
2,3750,-1.5,0.3201,H,F,A
2.5,3750,-1.5,0.3093,H,F,A
3,3750,-1.5,0.2804,H,F,A
3.5,3750,-1.5,0.2146,H,F,A
4,3750,-1.5,0.1719,H,F,A
4.5,3750,-1.5,0.1568,H,F,A
5,3750,-1.5,0.1537,H,F,A
0,4000,-1.5,0.3279,H,F,A
0.5,4000,-1.5,0.3239,H,F,A
1,4000,-1.5,0.3188,H,F,A
1.5,4000,-1.5,0.3122,H,F,A
2,4000,-1.5,0.3041,H,F,A
2.5,4000,-1.5,0.2941,H,F,A
3,4000,-1.5,0.2843,H,F,A
3.5,4000,-1.5,0.2679,H,F,A
4,4000,-1.5,0.2296,H,F,A
4.5,4000,-1.5,0.1854,H,F,A
5,4000,-1.5,0.1624,H,F,A
0,4250,-1.5,0.3045,H,F,A
0.5,4250,-1.5,0.3027,H,F,A
1,4250,-1.5,0.2999,H,F,A
1.5,4250,-1.5,0.2952,H,F,A
2,4250,-1.5,0.2887,H,F,A
2.5,4250,-1.5,0.2812,H,F,A
3,4250,-1.5,0.2727,H,F,A
3.5,4250,-1.5,0.2626,H,F,A
4,4250,-1.5,0.2488,H,F,A
4.5,4250,-1.5,0.224,H,F,A
5,4250,-1.5,0.1912,H,F,A
0,4500,-1.5,0.2844,H,F,A
0.5,4500,-1.5,0.2853,H,F,A
1,4500,-1.5,0.284,H,F,A
1.5,4500,-1.5,0.2801,H,F,A
2,4500,-1.5,0.2749,H,F,A
2.5,4500,-1.5,0.2687,H,F,A
3,4500,-1.5,0.2612,H,F,A
3.5,4500,-1.5,0.2531,H,F,A
4,4500,-1.5,0.2434,H,F,A
4.5,4500,-1.5,0.2301,H,F,A
5,4500,-1.5,0.2118,H,F,A
0,4750,-1.5,0.2686,H,F,A
0.5,4750,-1.5,0.2695,H,F,A
1,4750,-1.5,0.2692,H,F,A
1.5,4750,-1.5,0.2665,H,F,A
2,4750,-1.5,0.2626,H,F,A
2.5,4750,-1.5,0.2574,H,F,A
3,4750,-1.5,0.2507,H,F,A
3.5,4750,-1.5,0.2436,H,F,A
4,4750,-1.5,0.2354,H,F,A
4.5,4750,-1.5,0.2254,H,F,A
5,4750,-1.5,0.2139,H,F,A
0,5000,-1.5,0.2549,H,F,A
0.5,5000,-1.5,0.2558,H,F,A
1,5000,-1.5,0.2563,H,F,A
1.5,5000,-1.5,0.255,H,F,A
2,5000,-1.5,0.2522,H,F,A
2.5,5000,-1.5,0.2475,H,F,A
3,5000,-1.5,0.2417,H,F,A
3.5,5000,-1.5,0.2354,H,F,A
4,5000,-1.5,0.2281,H,F,A
4.5,5000,-1.5,0.2197,H,F,A
5,5000,-1.5,0.2101,H,F,A
0,5250,-1.5,0.2424,H,F,A
0.5,5250,-1.5,0.2424,H,F,A
1,5250,-1.5,0.2432,H,F,A
1.5,5250,-1.5,0.2433,H,F,A
2,5250,-1.5,0.2419,H,F,A
2.5,5250,-1.5,0.2386,H,F,A
3,5250,-1.5,0.2346,H,F,A
3.5,5250,-1.5,0.2289,H,F,A
4,5250,-1.5,0.2226,H,F,A
4.5,5250,-1.5,0.2159,H,F,A
5,5250,-1.5,0.2072,H,F,A
0,5500,-1.5,0.2299,H,F,A
0.5,5500,-1.5,0.2288,H,F,A
1,5500,-1.5,0.2295,H,F,A
1.5,5500,-1.5,0.2305,H,F,A
2,5500,-1.5,0.2306,H,F,A
2.5,5500,-1.5,0.2294,H,F,A
3,5500,-1.5,0.2267,H,F,A
3.5,5500,-1.5,0.2227,H,F,A
4,5500,-1.5,0.219,H,F,A
4.5,5500,-1.5,0.213,H,F,A
5,5500,-1.5,0.2056,H,F,A
0,5750,-1.5,0.2477,H,F,A
0.5,5750,-1.5,0.2195,H,F,A
1,5750,-1.5,0.2152,H,F,A
1.5,5750,-1.5,0.2169,H,F,A
2,5750,-1.5,0.2181,H,F,A
2.5,5750,-1.5,0.2187,H,F,A
3,5750,-1.5,0.2179,H,F,A
3.5,5750,-1.5,0.2161,H,F,A
4,5750,-1.5,0.2138,H,F,A
4.5,5750,-1.5,0.2101,H,F,A
5,5750,-1.5,0.2043,H,F,A
0,6000,-1.5,0.2506,H,F,A
0.5,6000,-1.5,0.2345,H,F,A
1,6000,-1.5,0.2062,H,F,A
1.5,6000,-1.5,0.2025,H,F,A
2,6000,-1.5,0.2049,H,F,A
2.5,6000,-1.5,0.2061,H,F,A
3,6000,-1.5,0.2076,H,F,A
3.5,6000,-1.5,0.2085,H,F,A
4,6000,-1.5,0.2078,H,F,A
4.5,6000,-1.5,0.2064,H,F,A
5,6000,-1.5,0.2029,H,F,A
0.5,6250,-1.5,0.2344,H,F,A
1,6250,-1.5,0.2197,H,F,A
1.5,6250,-1.5,0.1963,H,F,A
2,6250,-1.5,0.191,H,F,A
2.5,6250,-1.5,0.1941,H,F,A
3,6250,-1.5,0.1965,H,F,A
3.5,6250,-1.5,0.1986,H,F,A
4,6250,-1.5,0.1999,H,F,A
4.5,6250,-1.5,0.2014,H,F,A
5,6250,-1.5,0.2001,H,F,A
0.5,6500,-1.5,0.2366,H,F,A
1,6500,-1.5,0.2211,H,F,A
1.5,6500,-1.5,0.2089,H,F,A
2,6500,-1.5,0.1869,H,F,A
2.5,6500,-1.5,0.181,H,F,A
3,6500,-1.5,0.1843,H,F,A
3.5,6500,-1.5,0.1885,H,F,A
4,6500,-1.5,0.1915,H,F,A
4.5,6500,-1.5,0.1949,H,F,A
5,6500,-1.5,0.1959,H,F,A
0.5,6750,-1.5,0.238,H,F,A
1,6750,-1.5,0.2218,H,F,A
1.5,6750,-1.5,0.2085,H,F,A
2,6750,-1.5,0.1945,H,F,A
2.5,6750,-1.5,0.1732,H,F,A
3,6750,-1.5,0.1741,H,F,A
3.5,6750,-1.5,0.1784,H,F,A
4,6750,-1.5,0.1828,H,F,A
4.5,6750,-1.5,0.1875,H,F,A
5,6750,-1.5,0.1912,H,F,A
0.5,7000,-1.5,0.2398,H,F,A
1,7000,-1.5,0.2209,H,F,A
1.5,7000,-1.5,0.21,H,F,A
2,7000,-1.5,0.198,H,F,A
2.5,7000,-1.5,0.1819,H,F,A
3,7000,-1.5,0.1644,H,F,A
3.5,7000,-1.5,0.1707,H,F,A
4,7000,-1.5,0.1753,H,F,A
4.5,7000,-1.5,0.1804,H,F,A
5,7000,-1.5,0.1849,H,F,A
0.5,7250,-1.5,0.2417,H,F,A
1,7250,-1.5,0.2186,H,F,A
1.5,7250,-1.5,0.2059,H,F,A
2,7250,-1.5,0.199,H,F,A
2.5,7250,-1.5,0.1871,H,F,A
3,7250,-1.5,0.1687,H,F,A
3.5,7250,-1.5,0.16,H,F,A
4,7250,-1.5,0.1673,H,F,A
4.5,7250,-1.5,0.1727,H,F,A
5,7250,-1.5,0.178,H,F,A
0.5,7500,-1.5,0.2485,H,F,A
1,7500,-1.5,0.2187,H,F,A
1.5,7500,-1.5,0.2031,H,F,A
2,7500,-1.5,0.1947,H,F,A
2.5,7500,-1.5,0.1901,H,F,A
3,7500,-1.5,0.1775,H,F,A
3.5,7500,-1.5,0.1615,H,F,A
4,7500,-1.5,0.1595,H,F,A
4.5,7500,-1.5,0.1662,H,F,A
5,7500,-1.5,0.1716,H,F,A
1,7750,-1.5,0.22,H,F,A
1.5,7750,-1.5,0.2011,H,F,A
2,7750,-1.5,0.1906,H,F,A
2.5,7750,-1.5,0.1851,H,F,A
3,7750,-1.5,0.183,H,F,A
3.5,7750,-1.5,0.1699,H,F,A
4,7750,-1.5,0.1558,H,F,A
4.5,7750,-1.5,0.1619,H,F,A
5,7750,-1.5,0.1661,H,F,A
1,8000,-1.5,0.2238,H,F,A
1.5,8000,-1.5,0.1998,H,F,A
2,8000,-1.5,0.1873,H,F,A
2.5,8000,-1.5,0.1806,H,F,A
3,8000,-1.5,0.1776,H,F,A
3.5,8000,-1.5,0.1765,H,F,A
4,8000,-1.5,0.163,H,F,A
4.5,8000,-1.5,0.1582,H,F,A
5,8000,-1.5,0.1617,H,F,A
1.5,8250,-1.5,0.1996,H,F,A
2,8250,-1.5,0.185,H,F,A
2.5,8250,-1.5,0.1767,H,F,A
3,8250,-1.5,0.1723,H,F,A
3.5,8250,-1.5,0.1709,H,F,A
4,8250,-1.5,0.1715,H,F,A
4.5,8250,-1.5,0.1606,H,F,A
5,8250,-1.5,0.1575,H,F,A
1.5,8500,-1.5,0.2003,H,F,A
2,8500,-1.5,0.1826,H,F,A
2.5,8500,-1.5,0.1731,H,F,A
3,8500,-1.5,0.168,H,F,A
3.5,8500,-1.5,0.1658,H,F,A
4,8500,-1.5,0.1665,H,F,A
4.5,8500,-1.5,0.1663,H,F,A
5,8500,-1.5,0.1582,H,F,A
2,8750,-1.5,0.1813,H,F,A
2.5,8750,-1.5,0.1704,H,F,A
3,8750,-1.5,0.1646,H,F,A
3.5,8750,-1.5,0.1615,H,F,A
4,8750,-1.5,0.1606,H,F,A
4.5,8750,-1.5,0.1635,H,F,A
5,8750,-1.5,0.1631,H,F,A
2,9000,-1.5,0.1816,H,F,A
2.5,9000,-1.5,0.1687,H,F,A
3,9000,-1.5,0.1618,H,F,A
3.5,9000,-1.5,0.1577,H,F,A
4,9000,-1.5,0.1562,H,F,A
4.5,9000,-1.5,0.1565,H,F,A
5,9000,-1.5,0.159,H,F,A
2,9250,-1.5,0.1809,H,F,A
2.5,9250,-1.5,0.1667,H,F,A
3,9250,-1.5,0.1585,H,F,A
3.5,9250,-1.5,0.1544,H,F,A
4,9250,-1.5,0.1525,H,F,A
4.5,9250,-1.5,0.1523,H,F,A
5,9250,-1.5,0.1539,H,F,A
2,9500,-1.5,0.1803,H,F,A
2.5,9500,-1.5,0.1652,H,F,A
3,9500,-1.5,0.1563,H,F,A
3.5,9500,-1.5,0.1514,H,F,A
4,9500,-1.5,0.149,H,F,A
4.5,9500,-1.5,0.1484,H,F,A
5,9500,-1.5,0.1495,H,F,A
2,9750,-1.5,0.1798,H,F,A
2.5,9750,-1.5,0.1636,H,F,A
3,9750,-1.5,0.1545,H,F,A
3.5,9750,-1.5,0.1488,H,F,A
4,9750,-1.5,0.1457,H,F,A
4.5,9750,-1.5,0.1446,H,F,A
5,9750,-1.5,0.1456,H,F,A
2,10000,-1.5,0.1789,H,F,A
2.5,10000,-1.5,0.1624,H,F,A
3,10000,-1.5,0.1526,H,F,A
3.5,10000,-1.5,0.1467,H,F,A
4,10000,-1.5,0.1431,H,F,A
4.5,10000,-1.5,0.1416,H,F,A
5,10000,-1.5,0.1425,H,F,A
2,10500,-1.5,0.1769,H,F,A
2.5,10500,-1.5,0.1595,H,F,A
3,10500,-1.5,0.1494,H,F,A
3.5,10500,-1.5,0.1433,H,F,A
4,10500,-1.5,0.1395,H,F,A
4.5,10500,-1.5,0.1374,H,F,A
5,10500,-1.5,0.137,H,F,A
2.5,11000,-1.5,0.1564,H,F,A
3,11000,-1.5,0.1461,H,F,A
3.5,11000,-1.5,0.1402,H,F,A
4,11000,-1.5,0.1364,H,F,A
4.5,11000,-1.5,0.134,H,F,A
5,11000,-1.5,0.1329,H,F,A
2.5,11500,-1.5,0.1533,H,F,A
3,11500,-1.5,0.1427,H,F,A
3.5,11500,-1.5,0.1368,H,F,A
4,11500,-1.5,0.1332,H,F,A
4.5,11500,-1.5,0.131,H,F,A
5,11500,-1.5,0.1299,H,F,A
2.5,12000,-1.5,0.1505,H,F,A
3,12000,-1.5,0.1395,H,F,A
3.5,12000,-1.5,0.1335,H,F,A
4,12000,-1.5,0.1301,H,F,A
4.5,12000,-1.5,0.128,H,F,A
5,12000,-1.5,0.1272,H,F,A
2.5,12500,-1.5,0.1483,H,F,A
3,12500,-1.5,0.1365,H,F,A
3.5,12500,-1.5,0.1303,H,F,A
4,12500,-1.5,0.1269,H,F,A
4.5,12500,-1.5,0.125,H,F,A
5,12500,-1.5,0.1244,H,F,A
2.5,13000,-1.5,0.1464,H,F,A
3,13000,-1.5,0.1338,H,F,A
3.5,13000,-1.5,0.1271,H,F,A
4,13000,-1.5,0.1238,H,F,A
4.5,13000,-1.5,0.1219,H,F,A
5,13000,-1.5,0.1215,H,F,A
2,14000,-1.5,0.1754,H,F,A
2.5,14000,-1.5,0.1443,H,F,A
3,14000,-1.5,0.1297,H,F,A
3.5,14000,-1.5,0.122,H,F,A
4,14000,-1.5,0.1182,H,F,A
4.5,14000,-1.5,0.1165,H,F,A
5,14000,-1.5,0.1159,H,F,A
2.5,15000,-1.5,0.1435,H,F,A
3,15000,-1.5,0.1268,H,F,A
3.5,15000,-1.5,0.1181,H,F,A
4,15000,-1.5,0.1137,H,F,A
4.5,15000,-1.5,0.1117,H,F,A
5,15000,-1.5,0.111,H,F,A
2.5,16000,-1.5,0.1437,H,F,A
3,16000,-1.5,0.1249,H,F,A
3.5,16000,-1.5,0.115,H,F,A
4,16000,-1.5,0.1101,H,F,A
4.5,16000,-1.5,0.1077,H,F,A
5,16000,-1.5,0.1068,H,F,A
2.5,17000,-1.5,0.145,H,F,A
3,17000,-1.5,0.1235,H,F,A
3.5,17000,-1.5,0.1127,H,F,A
4,17000,-1.5,0.1072,H,F,A
4.5,17000,-1.5,0.1045,H,F,A
5,17000,-1.5,0.1035,H,F,A
2.5,18000,-1.5,0.1469,H,F,A
3,18000,-1.5,0.1225,H,F,A
3.5,18000,-1.5,0.111,H,F,A
4,18000,-1.5,0.1048,H,F,A
4.5,18000,-1.5,0.102,H,F,A
5,18000,-1.5,0.1007,H,F,A
2.5,19000,-1.5,0.151,H,F,A
3,19000,-1.5,0.1219,H,F,A
3.5,19000,-1.5,0.1093,H,F,A
4,19000,-1.5,0.1029,H,F,A
4.5,19000,-1.5,0.0999,H,F,A
5,19000,-1.5,0.0986,H,F,A
3,20000,-1.5,0.1219,H,F,A
3.5,20000,-1.5,0.1078,H,F,A
4,20000,-1.5,0.1012,H,F,A
4.5,20000,-1.5,0.0981,H,F,A
5,20000,-1.5,0.0968,H,F,A
3,21000,-1.5,0.123,H,F,A
3.5,21000,-1.5,0.1073,H,F,A
4,21000,-1.5,0.0999,H,F,A
4.5,21000,-1.5,0.0968,H,F,A
5,21000,-1.5,0.0956,H,F,A
3,22000,-1.5,0.1249,H,F,A
3.5,22000,-1.5,0.1074,H,F,A
4,22000,-1.5,0.0991,H,F,A
4.5,22000,-1.5,0.0952,H,F,A
5,22000,-1.5,0.0944,H,F,A
3,23000,-1.5,0.1275,H,F,A
3.5,23000,-1.5,0.1078,H,F,A
4,23000,-1.5,0.0989,H,F,A
4.5,23000,-1.5,0.0946,H,F,A
5,23000,-1.5,0.0935,H,F,A
3,24000,-1.5,0.1308,H,F,A
3.5,24000,-1.5,0.1089,H,F,A
4,24000,-1.5,0.0993,H,F,A
4.5,24000,-1.5,0.0947,H,F,A
5,24000,-1.5,0.0932,H,F,A
3,25000,-1.5,0.1356,H,F,A
3.5,25000,-1.5,0.1103,H,F,A
4,25000,-1.5,0.1001,H,F,A
4.5,25000,-1.5,0.0953,H,F,A
5,25000,-1.5,0.0935,H,F,A
3,26000,-1.5,0.1412,H,F,A
3.5,26000,-1.5,0.1122,H,F,A
4,26000,-1.5,0.1009,H,F,A
4.5,26000,-1.5,0.096,H,F,A
5,26000,-1.5,0.0939,H,F,A
3.5,27000,-1.5,0.1139,H,F,A
4,27000,-1.5,0.1016,H,F,A
4.5,27000,-1.5,0.0966,H,F,A
5,27000,-1.5,0.0945,H,F,A
3.5,28000,-1.5,0.1157,H,F,A
4,28000,-1.5,0.1027,H,F,A
4.5,28000,-1.5,0.0971,H,F,A
5,28000,-1.5,0.0947,H,F,A
3.5,29000,-1.5,0.1156,H,F,A
4,29000,-1.5,0.1029,H,F,A
4.5,29000,-1.5,0.097,H,F,A
5,29000,-1.5,0.0945,H,F,A
3.5,30000,-1.5,0.1137,H,F,A
4,30000,-1.5,0.102,H,F,A
4.5,30000,-1.5,0.0962,H,F,A
5,30000,-1.5,0.0936,H,F,A
3.5,31000,-1.5,0.1116,H,F,A
4,31000,-1.5,0.0999,H,F,A
4.5,31000,-1.5,0.0945,H,F,A
5,31000,-1.5,0.0919,H,F,A
4,32000,-1.5,0.0966,H,F,A
4.5,32000,-1.5,0.0915,H,F,A
5,32000,-1.5,0.0893,H,F,A
4,33000,-1.5,0.0934,H,F,A
4.5,33000,-1.5,0.088,H,F,A
5,33000,-1.5,0.0859,H,F,A
4,34000,-1.5,0.0906,H,F,A
4.5,34000,-1.5,0.0844,H,F,A
5,34000,-1.5,0.082,H,F,A
4,35000,-1.5,0.0874,H,F,A
4.5,35000,-1.5,0.0809,H,F,A
5,35000,-1.5,0.078,H,F,A
4.5,37500,-1.5,0.0714,H,F,A
5,37500,-1.5,0.0684,H,F,A
4.5,40000,-1.5,0.0636,H,F,A
5,40000,-1.5,0.0594,H,F,A
5,42500,-1.5,0.0547,H,F,A
5,45000,-1.5,0.0531,H,F,A
5,47500,-1.5,0.0522,H,F,A
5,50000,-1.5,0.0519,H,F,A
0,3500,-1,0.3988,H,F,A
0.5,3500,-1,0.387,H,F,A
1,3500,-1,0.3771,H,F,A
1.5,3500,-1,0.3723,H,F,A
2,3500,-1,0.3639,H,F,A
2.5,3500,-1,0.3387,H,F,A
3,3500,-1,0.2398,H,F,A
3.5,3500,-1,0.1811,H,F,A
4,3500,-1,0.1631,H,F,A
4.5,3500,-1,0.1598,H,F,A
5,3500,-1,0.1609,H,F,A
0,3750,-1,0.371,H,F,A
0.5,3750,-1,0.3655,H,F,A
1,3750,-1,0.3555,H,F,A
1.5,3750,-1,0.3464,H,F,A
2,3750,-1,0.3389,H,F,A
2.5,3750,-1,0.3365,H,F,A
3,3750,-1,0.3242,H,F,A
3.5,3750,-1,0.2702,H,F,A
4,3750,-1,0.1981,H,F,A
4.5,3750,-1,0.1674,H,F,A
5,3750,-1,0.158,H,F,A
0,4000,-1,0.3438,H,F,A
0.5,4000,-1,0.3403,H,F,A
1,4000,-1,0.3349,H,F,A
1.5,4000,-1,0.3268,H,F,A
2,4000,-1,0.3197,H,F,A
2.5,4000,-1,0.3139,H,F,A
3,4000,-1,0.3083,H,F,A
3.5,4000,-1,0.3032,H,F,A
4,4000,-1,0.276,H,F,A
4.5,4000,-1,0.2192,H,F,A
5,4000,-1,0.1766,H,F,A
0,4250,-1,0.3179,H,F,A
0.5,4250,-1,0.3167,H,F,A
1,4250,-1,0.3128,H,F,A
1.5,4250,-1,0.3084,H,F,A
2,4250,-1,0.3025,H,F,A
2.5,4250,-1,0.2966,H,F,A
3,4250,-1,0.2915,H,F,A
3.5,4250,-1,0.2866,H,F,A
4,4250,-1,0.2806,H,F,A
4.5,4250,-1,0.2652,H,F,A
5,4250,-1,0.2277,H,F,A
0,4500,-1,0.2925,H,F,A
0.5,4500,-1,0.2928,H,F,A
1,4500,-1,0.2926,H,F,A
1.5,4500,-1,0.2902,H,F,A
2,4500,-1,0.2876,H,F,A
2.5,4500,-1,0.2813,H,F,A
3,4500,-1,0.2761,H,F,A
3.5,4500,-1,0.2717,H,F,A
4,4500,-1,0.2669,H,F,A
4.5,4500,-1,0.2604,H,F,A
5,4500,-1,0.2498,H,F,A
0,4750,-1,0.2716,H,F,A
0.5,4750,-1,0.2731,H,F,A
1,4750,-1,0.2737,H,F,A
1.5,4750,-1,0.2728,H,F,A
2,4750,-1,0.2705,H,F,A
2.5,4750,-1,0.2667,H,F,A
3,4750,-1,0.2622,H,F,A
3.5,4750,-1,0.2578,H,F,A
4,4750,-1,0.2539,H,F,A
4.5,4750,-1,0.2493,H,F,A
5,4750,-1,0.2437,H,F,A
0,5000,-1,0.2555,H,F,A
0.5,5000,-1,0.2567,H,F,A
1,5000,-1,0.2573,H,F,A
1.5,5000,-1,0.257,H,F,A
2,5000,-1,0.2559,H,F,A
2.5,5000,-1,0.2538,H,F,A
3,5000,-1,0.25,H,F,A
3.5,5000,-1,0.246,H,F,A
4,5000,-1,0.2419,H,F,A
4.5,5000,-1,0.2376,H,F,A
5,5000,-1,0.2335,H,F,A
0,5250,-1,0.2421,H,F,A
0.5,5250,-1,0.242,H,F,A
1,5250,-1,0.2432,H,F,A
1.5,5250,-1,0.2437,H,F,A
2,5250,-1,0.2431,H,F,A
2.5,5250,-1,0.2414,H,F,A
3,5250,-1,0.2388,H,F,A
3.5,5250,-1,0.2355,H,F,A
4,5250,-1,0.232,H,F,A
4.5,5250,-1,0.2273,H,F,A
5,5250,-1,0.2234,H,F,A
0,5500,-1,0.255,H,F,A
0.5,5500,-1,0.228,H,F,A
1,5500,-1,0.2286,H,F,A
1.5,5500,-1,0.2298,H,F,A
2,5500,-1,0.2304,H,F,A
2.5,5500,-1,0.2296,H,F,A
3,5500,-1,0.2281,H,F,A
3.5,5500,-1,0.2262,H,F,A
4,5500,-1,0.2234,H,F,A
4.5,5500,-1,0.2193,H,F,A
5,5500,-1,0.2148,H,F,A
0,5750,-1,0.2555,H,F,A
0.5,5750,-1,0.25,H,F,A
1,5750,-1,0.2138,H,F,A
1.5,5750,-1,0.2156,H,F,A
2,5750,-1,0.2168,H,F,A
2.5,5750,-1,0.2177,H,F,A
3,5750,-1,0.2174,H,F,A
3.5,5750,-1,0.2167,H,F,A
4,5750,-1,0.2156,H,F,A
4.5,5750,-1,0.2134,H,F,A
5,5750,-1,0.2091,H,F,A
0,6000,-1,0.254,H,F,A
0.5,6000,-1,0.2435,H,F,A
1,6000,-1,0.2407,H,F,A
1.5,6000,-1,0.2009,H,F,A
2,6000,-1,0.2031,H,F,A
2.5,6000,-1,0.2049,H,F,A
3,6000,-1,0.2062,H,F,A
3.5,6000,-1,0.2075,H,F,A
4,6000,-1,0.2076,H,F,A
4.5,6000,-1,0.2076,H,F,A
5,6000,-1,0.205,H,F,A
0.5,6250,-1,0.2391,H,F,A
1,6250,-1,0.2332,H,F,A
1.5,6250,-1,0.2323,H,F,A
2,6250,-1,0.1895,H,F,A
2.5,6250,-1,0.1921,H,F,A
3,6250,-1,0.1949,H,F,A
3.5,6250,-1,0.1975,H,F,A
4,6250,-1,0.1993,H,F,A
4.5,6250,-1,0.2013,H,F,A
5,6250,-1,0.2007,H,F,A
0.5,6500,-1,0.2366,H,F,A
1,6500,-1,0.2271,H,F,A
1.5,6500,-1,0.2241,H,F,A
2,6500,-1,0.2246,H,F,A
2.5,6500,-1,0.1794,H,F,A
3,6500,-1,0.1832,H,F,A
3.5,6500,-1,0.1872,H,F,A
4,6500,-1,0.1908,H,F,A
4.5,6500,-1,0.194,H,F,A
5,6500,-1,0.1952,H,F,A
0.5,6750,-1,0.2367,H,F,A
1,6750,-1,0.2223,H,F,A
1.5,6750,-1,0.217,H,F,A
2,6750,-1,0.2159,H,F,A
2.5,6750,-1,0.2173,H,F,A
3,6750,-1,0.1729,H,F,A
3.5,6750,-1,0.1773,H,F,A
4,6750,-1,0.1817,H,F,A
4.5,6750,-1,0.1863,H,F,A
5,6750,-1,0.1896,H,F,A
0.5,7000,-1,0.2389,H,F,A
1,7000,-1,0.2198,H,F,A
1.5,7000,-1,0.2106,H,F,A
2,7000,-1,0.2079,H,F,A
2.5,7000,-1,0.2084,H,F,A
3,7000,-1,0.211,H,F,A
3.5,7000,-1,0.1693,H,F,A
4,7000,-1,0.1734,H,F,A
4.5,7000,-1,0.1787,H,F,A
5,7000,-1,0.1833,H,F,A
0.5,7250,-1,0.2423,H,F,A
1,7250,-1,0.2191,H,F,A
1.5,7250,-1,0.2059,H,F,A
2,7250,-1,0.2004,H,F,A
2.5,7250,-1,0.2003,H,F,A
3,7250,-1,0.2022,H,F,A
3.5,7250,-1,0.1649,H,F,A
4,7250,-1,0.1664,H,F,A
4.5,7250,-1,0.1714,H,F,A
5,7250,-1,0.1765,H,F,A
0.5,7500,-1,0.2491,H,F,A
1,7500,-1,0.2192,H,F,A
1.5,7500,-1,0.2036,H,F,A
2,7500,-1,0.1949,H,F,A
2.5,7500,-1,0.1917,H,F,A
3,7500,-1,0.1932,H,F,A
3.5,7500,-1,0.1963,H,F,A
4,7500,-1,0.1624,H,F,A
4.5,7500,-1,0.1653,H,F,A
5,7500,-1,0.1698,H,F,A
1,7750,-1,0.2205,H,F,A
1.5,7750,-1,0.2016,H,F,A
2,7750,-1,0.191,H,F,A
2.5,7750,-1,0.1851,H,F,A
3,7750,-1,0.1842,H,F,A
3.5,7750,-1,0.1874,H,F,A
4,7750,-1,0.1916,H,F,A
4.5,7750,-1,0.1631,H,F,A
5,7750,-1,0.1651,H,F,A
1,8000,-1,0.2252,H,F,A
1.5,8000,-1,0.2005,H,F,A
2,8000,-1,0.1879,H,F,A
2.5,8000,-1,0.1808,H,F,A
3,8000,-1,0.1774,H,F,A
3.5,8000,-1,0.1781,H,F,A
4,8000,-1,0.1829,H,F,A
4.5,8000,-1,0.1885,H,F,A
5,8000,-1,0.1609,H,F,A
1,8250,-1,0.2328,H,F,A
1.5,8250,-1,0.2013,H,F,A
2,8250,-1,0.1857,H,F,A
2.5,8250,-1,0.177,H,F,A
3,8250,-1,0.1722,H,F,A
3.5,8250,-1,0.1704,H,F,A
4,8250,-1,0.1733,H,F,A
4.5,8250,-1,0.1801,H,F,A
5,8250,-1,0.1863,H,F,A
1.5,8500,-1,0.2024,H,F,A
2,8500,-1,0.1843,H,F,A
2.5,8500,-1,0.1739,H,F,A
3,8500,-1,0.1684,H,F,A
3.5,8500,-1,0.1655,H,F,A
4,8500,-1,0.1653,H,F,A
4.5,8500,-1,0.1708,H,F,A
5,8500,-1,0.1776,H,F,A
1.5,8750,-1,0.205,H,F,A
2,8750,-1,0.1836,H,F,A
2.5,8750,-1,0.172,H,F,A
3,8750,-1,0.1652,H,F,A
3.5,8750,-1,0.1614,H,F,A
4,8750,-1,0.1599,H,F,A
4.5,8750,-1,0.1616,H,F,A
5,8750,-1,0.1694,H,F,A
1.5,9000,-1,0.2074,H,F,A
2,9000,-1,0.1831,H,F,A
2.5,9000,-1,0.1701,H,F,A
3,9000,-1,0.1624,H,F,A
3.5,9000,-1,0.1578,H,F,A
4,9000,-1,0.1556,H,F,A
4.5,9000,-1,0.1556,H,F,A
5,9000,-1,0.1579,H,F,A
2,9250,-1,0.1828,H,F,A
2.5,9250,-1,0.1682,H,F,A
3,9250,-1,0.1598,H,F,A
3.5,9250,-1,0.155,H,F,A
4,9250,-1,0.1526,H,F,A
4.5,9250,-1,0.1519,H,F,A
5,9250,-1,0.153,H,F,A
2,9500,-1,0.1821,H,F,A
2.5,9500,-1,0.1668,H,F,A
3,9500,-1,0.1578,H,F,A
3.5,9500,-1,0.1526,H,F,A
4,9500,-1,0.1496,H,F,A
4.5,9500,-1,0.1484,H,F,A
5,9500,-1,0.149,H,F,A
2,9750,-1,0.1812,H,F,A
2.5,9750,-1,0.1654,H,F,A
3,9750,-1,0.1557,H,F,A
3.5,9750,-1,0.1498,H,F,A
4,9750,-1,0.1465,H,F,A
4.5,9750,-1,0.145,H,F,A
5,9750,-1,0.1455,H,F,A
2,10000,-1,0.1802,H,F,A
2.5,10000,-1,0.1637,H,F,A
3,10000,-1,0.1538,H,F,A
3.5,10000,-1,0.1475,H,F,A
4,10000,-1,0.1439,H,F,A
4.5,10000,-1,0.1422,H,F,A
5,10000,-1,0.1427,H,F,A
2,10500,-1,0.1778,H,F,A
2.5,10500,-1,0.1604,H,F,A
3,10500,-1,0.1501,H,F,A
3.5,10500,-1,0.1439,H,F,A
4,10500,-1,0.1397,H,F,A
4.5,10500,-1,0.1375,H,F,A
5,10500,-1,0.137,H,F,A
2.5,11000,-1,0.1569,H,F,A
3,11000,-1,0.1466,H,F,A
3.5,11000,-1,0.1403,H,F,A
4,11000,-1,0.1364,H,F,A
4.5,11000,-1,0.1338,H,F,A
5,11000,-1,0.1326,H,F,A
2.5,11500,-1,0.1535,H,F,A
3,11500,-1,0.1429,H,F,A
3.5,11500,-1,0.1368,H,F,A
4,11500,-1,0.1332,H,F,A
4.5,11500,-1,0.1307,H,F,A
5,11500,-1,0.1294,H,F,A
2.5,12000,-1,0.1503,H,F,A
3,12000,-1,0.1393,H,F,A
3.5,12000,-1,0.1333,H,F,A
4,12000,-1,0.1299,H,F,A
4.5,12000,-1,0.1277,H,F,A
5,12000,-1,0.1267,H,F,A
2.5,12500,-1,0.1478,H,F,A
3,12500,-1,0.136,H,F,A
3.5,12500,-1,0.1297,H,F,A
4,12500,-1,0.1264,H,F,A
4.5,12500,-1,0.1246,H,F,A
5,12500,-1,0.1238,H,F,A
2.5,13000,-1,0.1461,H,F,A
3,13000,-1,0.1331,H,F,A
3.5,13000,-1,0.1265,H,F,A
4,13000,-1,0.1233,H,F,A
4.5,13000,-1,0.1214,H,F,A
5,13000,-1,0.1209,H,F,A
2,14000,-1,0.1758,H,F,A
2.5,14000,-1,0.144,H,F,A
3,14000,-1,0.129,H,F,A
3.5,14000,-1,0.1212,H,F,A
4,14000,-1,0.1173,H,F,A
4.5,14000,-1,0.1156,H,F,A
5,14000,-1,0.1151,H,F,A
2.5,15000,-1,0.1431,H,F,A
3,15000,-1,0.1261,H,F,A
3.5,15000,-1,0.1171,H,F,A
4,15000,-1,0.1126,H,F,A
4.5,15000,-1,0.1106,H,F,A
5,15000,-1,0.1101,H,F,A
2.5,16000,-1,0.1435,H,F,A
3,16000,-1,0.124,H,F,A
3.5,16000,-1,0.1141,H,F,A
4,16000,-1,0.1089,H,F,A
4.5,16000,-1,0.1065,H,F,A
5,16000,-1,0.1057,H,F,A
2.5,17000,-1,0.1452,H,F,A
3,17000,-1,0.1228,H,F,A
3.5,17000,-1,0.1118,H,F,A
4,17000,-1,0.1061,H,F,A
4.5,17000,-1,0.1032,H,F,A
5,17000,-1,0.1022,H,F,A
2.5,18000,-1,0.1477,H,F,A
3,18000,-1,0.1219,H,F,A
3.5,18000,-1,0.1102,H,F,A
4,18000,-1,0.1038,H,F,A
4.5,18000,-1,0.1005,H,F,A
5,18000,-1,0.0994,H,F,A
2.5,19000,-1,0.1523,H,F,A
3,19000,-1,0.1216,H,F,A
3.5,19000,-1,0.1085,H,F,A
4,19000,-1,0.1019,H,F,A
4.5,19000,-1,0.0986,H,F,A
5,19000,-1,0.0973,H,F,A
3,20000,-1,0.1222,H,F,A
3.5,20000,-1,0.1072,H,F,A
4,20000,-1,0.1,H,F,A
4.5,20000,-1,0.0968,H,F,A
5,20000,-1,0.0954,H,F,A
3,21000,-1,0.1233,H,F,A
3.5,21000,-1,0.1068,H,F,A
4,21000,-1,0.0987,H,F,A
4.5,21000,-1,0.0951,H,F,A
5,21000,-1,0.0938,H,F,A
3,22000,-1,0.1254,H,F,A
3.5,22000,-1,0.1069,H,F,A
4,22000,-1,0.0982,H,F,A
4.5,22000,-1,0.0941,H,F,A
5,22000,-1,0.0929,H,F,A
3,23000,-1,0.1278,H,F,A
3.5,23000,-1,0.1079,H,F,A
4,23000,-1,0.098,H,F,A
4.5,23000,-1,0.0937,H,F,A
5,23000,-1,0.0921,H,F,A
3,24000,-1,0.1309,H,F,A
3.5,24000,-1,0.1088,H,F,A
4,24000,-1,0.0986,H,F,A
4.5,24000,-1,0.0939,H,F,A
5,24000,-1,0.092,H,F,A
3,25000,-1,0.1355,H,F,A
3.5,25000,-1,0.1097,H,F,A
4,25000,-1,0.0993,H,F,A
4.5,25000,-1,0.0943,H,F,A
5,25000,-1,0.0925,H,F,A
3,26000,-1,0.1416,H,F,A
3.5,26000,-1,0.1113,H,F,A
4,26000,-1,0.1001,H,F,A
4.5,26000,-1,0.0951,H,F,A
5,26000,-1,0.093,H,F,A
3.5,27000,-1,0.1136,H,F,A
4,27000,-1,0.1007,H,F,A
4.5,27000,-1,0.0956,H,F,A
5,27000,-1,0.0937,H,F,A
3.5,28000,-1,0.1153,H,F,A
4,28000,-1,0.1015,H,F,A
4.5,28000,-1,0.0959,H,F,A
5,28000,-1,0.0938,H,F,A
3.5,29000,-1,0.1159,H,F,A
4,29000,-1,0.1022,H,F,A
4.5,29000,-1,0.0959,H,F,A
5,29000,-1,0.0935,H,F,A
3.5,30000,-1,0.1147,H,F,A
4,30000,-1,0.1017,H,F,A
4.5,30000,-1,0.0953,H,F,A
5,30000,-1,0.0927,H,F,A
3.5,31000,-1,0.1132,H,F,A
4,31000,-1,0.1,H,F,A
4.5,31000,-1,0.0941,H,F,A
5,31000,-1,0.0912,H,F,A
4,32000,-1,0.0974,H,F,A
4.5,32000,-1,0.0917,H,F,A
5,32000,-1,0.0889,H,F,A
4,33000,-1,0.0945,H,F,A
4.5,33000,-1,0.0885,H,F,A
5,33000,-1,0.0859,H,F,A
4,34000,-1,0.0921,H,F,A
4.5,34000,-1,0.0852,H,F,A
5,34000,-1,0.0823,H,F,A
4,35000,-1,0.0893,H,F,A
4.5,35000,-1,0.0822,H,F,A
5,35000,-1,0.0788,H,F,A
4.5,37500,-1,0.0736,H,F,A
5,37500,-1,0.0702,H,F,A
4.5,40000,-1,0.0663,H,F,A
5,40000,-1,0.0617,H,F,A
5,42500,-1,0.0571,H,F,A
5,45000,-1,0.0552,H,F,A
5,47500,-1,0.0544,H,F,A
5,50000,-1,0.054,H,F,A
0,3500,-0.5,0.4074,H,F,A
0.5,3500,-0.5,0.4016,H,F,A
1,3500,-0.5,0.3948,H,F,A
1.5,3500,-0.5,0.3879,H,F,A
2,3500,-0.5,0.3801,H,F,A
2.5,3500,-0.5,0.3715,H,F,A
3,3500,-0.5,0.3321,H,F,A
3.5,3500,-0.5,0.2303,H,F,A
4,3500,-0.5,0.181,H,F,A
4.5,3500,-0.5,0.1665,H,F,A
5,3500,-0.5,0.1618,H,F,A
0,3750,-0.5,0.3834,H,F,A
0.5,3750,-0.5,0.3791,H,F,A
1,3750,-0.5,0.3738,H,F,A
1.5,3750,-0.5,0.3684,H,F,A
2,3750,-0.5,0.3626,H,F,A
2.5,3750,-0.5,0.3567,H,F,A
3,3750,-0.5,0.3501,H,F,A
3.5,3750,-0.5,0.3264,H,F,A
4,3750,-0.5,0.2504,H,F,A
4.5,3750,-0.5,0.19,H,F,A
5,3750,-0.5,0.1672,H,F,A
0,4000,-0.5,0.3573,H,F,A
0.5,4000,-0.5,0.354,H,F,A
1,4000,-0.5,0.35,H,F,A
1.5,4000,-0.5,0.3455,H,F,A
2,4000,-0.5,0.342,H,F,A
2.5,4000,-0.5,0.3381,H,F,A
3,4000,-0.5,0.3339,H,F,A
3.5,4000,-0.5,0.3287,H,F,A
4,4000,-0.5,0.3135,H,F,A
4.5,4000,-0.5,0.2648,H,F,A
5,4000,-0.5,0.2035,H,F,A
0,4250,-0.5,0.3309,H,F,A
0.5,4250,-0.5,0.3288,H,F,A
1,4250,-0.5,0.326,H,F,A
1.5,4250,-0.5,0.3237,H,F,A
2,4250,-0.5,0.3204,H,F,A
2.5,4250,-0.5,0.3177,H,F,A
3,4250,-0.5,0.3156,H,F,A
3.5,4250,-0.5,0.3126,H,F,A
4,4250,-0.5,0.308,H,F,A
4.5,4250,-0.5,0.2978,H,F,A
5,4250,-0.5,0.2669,H,F,A
0,4500,-0.5,0.3038,H,F,A
0.5,4500,-0.5,0.3037,H,F,A
1,4500,-0.5,0.3031,H,F,A
1.5,4500,-0.5,0.3021,H,F,A
2,4500,-0.5,0.3002,H,F,A
2.5,4500,-0.5,0.2985,H,F,A
3,4500,-0.5,0.297,H,F,A
3.5,4500,-0.5,0.2956,H,F,A
4,4500,-0.5,0.2933,H,F,A
4.5,4500,-0.5,0.2889,H,F,A
5,4500,-0.5,0.2813,H,F,A
0,4750,-0.5,0.2789,H,F,A
0.5,4750,-0.5,0.2804,H,F,A
1,4750,-0.5,0.2809,H,F,A
1.5,4750,-0.5,0.2814,H,F,A
2,4750,-0.5,0.2811,H,F,A
2.5,4750,-0.5,0.28,H,F,A
3,4750,-0.5,0.279,H,F,A
3.5,4750,-0.5,0.2789,H,F,A
4,4750,-0.5,0.2778,H,F,A
4.5,4750,-0.5,0.2756,H,F,A
5,4750,-0.5,0.2717,H,F,A
0,5000,-0.5,0.2586,H,F,A
0.5,5000,-0.5,0.26,H,F,A
1,5000,-0.5,0.2613,H,F,A
1.5,5000,-0.5,0.2625,H,F,A
2,5000,-0.5,0.2629,H,F,A
2.5,5000,-0.5,0.2625,H,F,A
3,5000,-0.5,0.2623,H,F,A
3.5,5000,-0.5,0.2625,H,F,A
4,5000,-0.5,0.2625,H,F,A
4.5,5000,-0.5,0.261,H,F,A
5,5000,-0.5,0.2588,H,F,A
0,5250,-0.5,0.2424,H,F,A
0.5,5250,-0.5,0.2425,H,F,A
1,5250,-0.5,0.2442,H,F,A
1.5,5250,-0.5,0.2455,H,F,A
2,5250,-0.5,0.2458,H,F,A
2.5,5250,-0.5,0.2465,H,F,A
3,5250,-0.5,0.2469,H,F,A
3.5,5250,-0.5,0.2469,H,F,A
4,5250,-0.5,0.2477,H,F,A
4.5,5250,-0.5,0.2472,H,F,A
5,5250,-0.5,0.2455,H,F,A
0,5500,-0.5,0.2308,H,F,A
0.5,5500,-0.5,0.2273,H,F,A
1,5500,-0.5,0.2282,H,F,A
1.5,5500,-0.5,0.2296,H,F,A
2,5500,-0.5,0.231,H,F,A
2.5,5500,-0.5,0.232,H,F,A
3,5500,-0.5,0.2323,H,F,A
3.5,5500,-0.5,0.2329,H,F,A
4,5500,-0.5,0.2342,H,F,A
4.5,5500,-0.5,0.2346,H,F,A
5,5500,-0.5,0.2333,H,F,A
0,5750,-0.5,0.2468,H,F,A
0.5,5750,-0.5,0.2177,H,F,A
1,5750,-0.5,0.2123,H,F,A
1.5,5750,-0.5,0.2143,H,F,A
2,5750,-0.5,0.2165,H,F,A
2.5,5750,-0.5,0.2179,H,F,A
3,5750,-0.5,0.2192,H,F,A
3.5,5750,-0.5,0.2203,H,F,A
4,5750,-0.5,0.2218,H,F,A
4.5,5750,-0.5,0.223,H,F,A
5,5750,-0.5,0.2228,H,F,A
0,6000,-0.5,0.2483,H,F,A
0.5,6000,-0.5,0.2338,H,F,A
1,6000,-0.5,0.2117,H,F,A
1.5,6000,-0.5,0.1998,H,F,A
2,6000,-0.5,0.2022,H,F,A
2.5,6000,-0.5,0.2048,H,F,A
3,6000,-0.5,0.2065,H,F,A
3.5,6000,-0.5,0.2084,H,F,A
4,6000,-0.5,0.2109,H,F,A
4.5,6000,-0.5,0.2127,H,F,A
5,6000,-0.5,0.2132,H,F,A
0.5,6250,-0.5,0.2324,H,F,A
1,6250,-0.5,0.2193,H,F,A
1.5,6250,-0.5,0.2009,H,F,A
2,6250,-0.5,0.1878,H,F,A
2.5,6250,-0.5,0.1911,H,F,A
3,6250,-0.5,0.1939,H,F,A
3.5,6250,-0.5,0.1971,H,F,A
4,6250,-0.5,0.2007,H,F,A
4.5,6250,-0.5,0.2033,H,F,A
5,6250,-0.5,0.205,H,F,A
0.5,6500,-0.5,0.2345,H,F,A
1,6500,-0.5,0.2188,H,F,A
1.5,6500,-0.5,0.2063,H,F,A
2,6500,-0.5,0.1855,H,F,A
2.5,6500,-0.5,0.1778,H,F,A
3,6500,-0.5,0.1819,H,F,A
3.5,6500,-0.5,0.1867,H,F,A
4,6500,-0.5,0.1913,H,F,A
4.5,6500,-0.5,0.1942,H,F,A
5,6500,-0.5,0.1975,H,F,A
0.5,6750,-0.5,0.2354,H,F,A
1,6750,-0.5,0.2201,H,F,A
1.5,6750,-0.5,0.2081,H,F,A
2,6750,-0.5,0.1952,H,F,A
2.5,6750,-0.5,0.1776,H,F,A
3,6750,-0.5,0.1722,H,F,A
3.5,6750,-0.5,0.1769,H,F,A
4,6750,-0.5,0.1818,H,F,A
4.5,6750,-0.5,0.1864,H,F,A
5,6750,-0.5,0.1906,H,F,A
0.5,7000,-0.5,0.2377,H,F,A
1,7000,-0.5,0.2188,H,F,A
1.5,7000,-0.5,0.209,H,F,A
2,7000,-0.5,0.1976,H,F,A
2.5,7000,-0.5,0.1823,H,F,A
3,7000,-0.5,0.165,H,F,A
3.5,7000,-0.5,0.169,H,F,A
4,7000,-0.5,0.1735,H,F,A
4.5,7000,-0.5,0.1782,H,F,A
5,7000,-0.5,0.1833,H,F,A
0.5,7250,-0.5,0.2395,H,F,A
1,7250,-0.5,0.2164,H,F,A
1.5,7250,-0.5,0.204,H,F,A
2,7250,-0.5,0.1984,H,F,A
2.5,7250,-0.5,0.1873,H,F,A
3,7250,-0.5,0.1718,H,F,A
3.5,7250,-0.5,0.1614,H,F,A
4,7250,-0.5,0.1654,H,F,A
4.5,7250,-0.5,0.1699,H,F,A
5,7250,-0.5,0.1755,H,F,A
0.5,7500,-0.5,0.2471,H,F,A
1,7500,-0.5,0.2165,H,F,A
1.5,7500,-0.5,0.2013,H,F,A
2,7500,-0.5,0.1933,H,F,A
2.5,7500,-0.5,0.1898,H,F,A
3,7500,-0.5,0.1791,H,F,A
3.5,7500,-0.5,0.1635,H,F,A
4,7500,-0.5,0.1603,H,F,A
4.5,7500,-0.5,0.1642,H,F,A
5,7500,-0.5,0.1688,H,F,A
1,7750,-0.5,0.2182,H,F,A
1.5,7750,-0.5,0.1993,H,F,A
2,7750,-0.5,0.189,H,F,A
2.5,7750,-0.5,0.1837,H,F,A
3,7750,-0.5,0.1827,H,F,A
3.5,7750,-0.5,0.1719,H,F,A
4,7750,-0.5,0.1581,H,F,A
4.5,7750,-0.5,0.1588,H,F,A
5,7750,-0.5,0.1642,H,F,A
1,8000,-0.5,0.2233,H,F,A
1.5,8000,-0.5,0.1986,H,F,A
2,8000,-0.5,0.186,H,F,A
2.5,8000,-0.5,0.1791,H,F,A
3,8000,-0.5,0.1759,H,F,A
3.5,8000,-0.5,0.1763,H,F,A
4,8000,-0.5,0.166,H,F,A
4.5,8000,-0.5,0.1587,H,F,A
5,8000,-0.5,0.1604,H,F,A
1,8250,-0.5,0.2322,H,F,A
1.5,8250,-0.5,0.1995,H,F,A
2,8250,-0.5,0.184,H,F,A
2.5,8250,-0.5,0.1753,H,F,A
3,8250,-0.5,0.1706,H,F,A
3.5,8250,-0.5,0.169,H,F,A
4,8250,-0.5,0.1713,H,F,A
4.5,8250,-0.5,0.1634,H,F,A
5,8250,-0.5,0.1559,H,F,A
1,8500,-0.5,0.244,H,F,A
1.5,8500,-0.5,0.2017,H,F,A
2,8500,-0.5,0.1829,H,F,A
2.5,8500,-0.5,0.1726,H,F,A
3,8500,-0.5,0.1669,H,F,A
3.5,8500,-0.5,0.164,H,F,A
4,8500,-0.5,0.1639,H,F,A
4.5,8500,-0.5,0.1674,H,F,A
5,8500,-0.5,0.1607,H,F,A
1.5,8750,-0.5,0.205,H,F,A
2,8750,-0.5,0.1829,H,F,A
2.5,8750,-0.5,0.171,H,F,A
3,8750,-0.5,0.1641,H,F,A
3.5,8750,-0.5,0.1601,H,F,A
4,8750,-0.5,0.1585,H,F,A
4.5,8750,-0.5,0.16,H,F,A
5,8750,-0.5,0.1644,H,F,A
1.5,9000,-0.5,0.2097,H,F,A
2,9000,-0.5,0.1847,H,F,A
2.5,9000,-0.5,0.1709,H,F,A
3,9000,-0.5,0.1624,H,F,A
3.5,9000,-0.5,0.1572,H,F,A
4,9000,-0.5,0.1547,H,F,A
4.5,9000,-0.5,0.1544,H,F,A
5,9000,-0.5,0.1564,H,F,A
2,9250,-0.5,0.1848,H,F,A
2.5,9250,-0.5,0.1698,H,F,A
3,9250,-0.5,0.1606,H,F,A
3.5,9250,-0.5,0.1552,H,F,A
4,9250,-0.5,0.152,H,F,A
4.5,9250,-0.5,0.1507,H,F,A
5,9250,-0.5,0.1516,H,F,A
2,9500,-0.5,0.1847,H,F,A
2.5,9500,-0.5,0.169,H,F,A
3,9500,-0.5,0.1594,H,F,A
3.5,9500,-0.5,0.1533,H,F,A
4,9500,-0.5,0.1494,H,F,A
4.5,9500,-0.5,0.1476,H,F,A
5,9500,-0.5,0.1477,H,F,A
2,9750,-0.5,0.184,H,F,A
2.5,9750,-0.5,0.1679,H,F,A
3,9750,-0.5,0.1579,H,F,A
3.5,9750,-0.5,0.1515,H,F,A
4,9750,-0.5,0.1472,H,F,A
4.5,9750,-0.5,0.1449,H,F,A
5,9750,-0.5,0.1447,H,F,A
2,10000,-0.5,0.1829,H,F,A
2.5,10000,-0.5,0.1663,H,F,A
3,10000,-0.5,0.1561,H,F,A
3.5,10000,-0.5,0.1496,H,F,A
4,10000,-0.5,0.1451,H,F,A
4.5,10000,-0.5,0.1427,H,F,A
5,10000,-0.5,0.1425,H,F,A
2,10500,-0.5,0.1798,H,F,A
2.5,10500,-0.5,0.1624,H,F,A
3,10500,-0.5,0.1523,H,F,A
3.5,10500,-0.5,0.1457,H,F,A
4,10500,-0.5,0.1415,H,F,A
4.5,10500,-0.5,0.1388,H,F,A
5,10500,-0.5,0.1377,H,F,A
2.5,11000,-0.5,0.1582,H,F,A
3,11000,-0.5,0.1481,H,F,A
3.5,11000,-0.5,0.1418,H,F,A
4,11000,-0.5,0.1377,H,F,A
4.5,11000,-0.5,0.1348,H,F,A
5,11000,-0.5,0.1335,H,F,A
2.5,11500,-0.5,0.1541,H,F,A
3,11500,-0.5,0.1437,H,F,A
3.5,11500,-0.5,0.1378,H,F,A
4,11500,-0.5,0.134,H,F,A
4.5,11500,-0.5,0.1313,H,F,A
5,11500,-0.5,0.1298,H,F,A
2.5,12000,-0.5,0.1509,H,F,A
3,12000,-0.5,0.1396,H,F,A
3.5,12000,-0.5,0.1335,H,F,A
4,12000,-0.5,0.1301,H,F,A
4.5,12000,-0.5,0.128,H,F,A
5,12000,-0.5,0.1267,H,F,A
2.5,12500,-0.5,0.1482,H,F,A
3,12500,-0.5,0.1361,H,F,A
3.5,12500,-0.5,0.1297,H,F,A
4,12500,-0.5,0.1263,H,F,A
4.5,12500,-0.5,0.1245,H,F,A
5,12500,-0.5,0.1237,H,F,A
2.5,13000,-0.5,0.1463,H,F,A
3,13000,-0.5,0.133,H,F,A
3.5,13000,-0.5,0.1263,H,F,A
4,13000,-0.5,0.1228,H,F,A
4.5,13000,-0.5,0.121,H,F,A
5,13000,-0.5,0.1206,H,F,A
2,14000,-0.5,0.1774,H,F,A
2.5,14000,-0.5,0.1441,H,F,A
3,14000,-0.5,0.1285,H,F,A
3.5,14000,-0.5,0.1206,H,F,A
4,14000,-0.5,0.1166,H,F,A
4.5,14000,-0.5,0.1148,H,F,A
5,14000,-0.5,0.1144,H,F,A
2.5,15000,-0.5,0.1436,H,F,A
3,15000,-0.5,0.1256,H,F,A
3.5,15000,-0.5,0.1163,H,F,A
4,15000,-0.5,0.1116,H,F,A
4.5,15000,-0.5,0.1094,H,F,A
5,15000,-0.5,0.1091,H,F,A
2.5,16000,-0.5,0.1443,H,F,A
3,16000,-0.5,0.1239,H,F,A
3.5,16000,-0.5,0.1133,H,F,A
4,16000,-0.5,0.108,H,F,A
4.5,16000,-0.5,0.1054,H,F,A
5,16000,-0.5,0.1046,H,F,A
2.5,17000,-0.5,0.1464,H,F,A
3,17000,-0.5,0.1228,H,F,A
3.5,17000,-0.5,0.1113,H,F,A
4,17000,-0.5,0.1051,H,F,A
4.5,17000,-0.5,0.1021,H,F,A
5,17000,-0.5,0.1009,H,F,A
2.5,18000,-0.5,0.1505,H,F,A
3,18000,-0.5,0.1223,H,F,A
3.5,18000,-0.5,0.1094,H,F,A
4,18000,-0.5,0.1028,H,F,A
4.5,18000,-0.5,0.0994,H,F,A
5,18000,-0.5,0.098,H,F,A
2.5,19000,-0.5,0.1566,H,F,A
3,19000,-0.5,0.1228,H,F,A
3.5,19000,-0.5,0.1084,H,F,A
4,19000,-0.5,0.101,H,F,A
4.5,19000,-0.5,0.0974,H,F,A
5,19000,-0.5,0.0959,H,F,A
3,20000,-0.5,0.1242,H,F,A
3.5,20000,-0.5,0.1076,H,F,A
4,20000,-0.5,0.0996,H,F,A
4.5,20000,-0.5,0.0958,H,F,A
5,20000,-0.5,0.0938,H,F,A
3,21000,-0.5,0.126,H,F,A
3.5,21000,-0.5,0.1075,H,F,A
4,21000,-0.5,0.0987,H,F,A
4.5,21000,-0.5,0.0943,H,F,A
5,21000,-0.5,0.0926,H,F,A
3,22000,-0.5,0.1281,H,F,A
3.5,22000,-0.5,0.1084,H,F,A
4,22000,-0.5,0.0983,H,F,A
4.5,22000,-0.5,0.0937,H,F,A
5,22000,-0.5,0.0919,H,F,A
3,23000,-0.5,0.1299,H,F,A
3.5,23000,-0.5,0.1093,H,F,A
4,23000,-0.5,0.0988,H,F,A
4.5,23000,-0.5,0.0936,H,F,A
5,23000,-0.5,0.0911,H,F,A
3,24000,-0.5,0.1331,H,F,A
3.5,24000,-0.5,0.1097,H,F,A
4,24000,-0.5,0.0991,H,F,A
4.5,24000,-0.5,0.0939,H,F,A
5,24000,-0.5,0.0915,H,F,A
3,25000,-0.5,0.1384,H,F,A
3.5,25000,-0.5,0.1107,H,F,A
4,25000,-0.5,0.0998,H,F,A
4.5,25000,-0.5,0.0947,H,F,A
5,25000,-0.5,0.0921,H,F,A
3,26000,-0.5,0.1451,H,F,A
3.5,26000,-0.5,0.1122,H,F,A
4,26000,-0.5,0.1001,H,F,A
4.5,26000,-0.5,0.0953,H,F,A
5,26000,-0.5,0.0926,H,F,A
3.5,27000,-0.5,0.1145,H,F,A
4,27000,-0.5,0.1009,H,F,A
4.5,27000,-0.5,0.0952,H,F,A
5,27000,-0.5,0.0929,H,F,A
3.5,28000,-0.5,0.1165,H,F,A
4,28000,-0.5,0.1019,H,F,A
4.5,28000,-0.5,0.0954,H,F,A
5,28000,-0.5,0.093,H,F,A
3.5,29000,-0.5,0.1175,H,F,A
4,29000,-0.5,0.1026,H,F,A
4.5,29000,-0.5,0.0958,H,F,A
5,29000,-0.5,0.0928,H,F,A
3.5,30000,-0.5,0.1171,H,F,A
4,30000,-0.5,0.1025,H,F,A
4.5,30000,-0.5,0.0956,H,F,A
5,30000,-0.5,0.0921,H,F,A
3.5,31000,-0.5,0.1167,H,F,A
4,31000,-0.5,0.1011,H,F,A
4.5,31000,-0.5,0.0944,H,F,A
5,31000,-0.5,0.0911,H,F,A
4,32000,-0.5,0.0991,H,F,A
4.5,32000,-0.5,0.0923,H,F,A
5,32000,-0.5,0.0892,H,F,A
4,33000,-0.5,0.097,H,F,A
4.5,33000,-0.5,0.0897,H,F,A
5,33000,-0.5,0.0866,H,F,A
4,34000,-0.5,0.0948,H,F,A
4.5,34000,-0.5,0.087,H,F,A
5,34000,-0.5,0.0837,H,F,A
4,35000,-0.5,0.0927,H,F,A
4.5,35000,-0.5,0.0843,H,F,A
5,35000,-0.5,0.0805,H,F,A
4.5,37500,-0.5,0.0769,H,F,A
5,37500,-0.5,0.0728,H,F,A
4.5,40000,-0.5,0.0708,H,F,A
5,40000,-0.5,0.0655,H,F,A
5,42500,-0.5,0.0615,H,F,A
5,45000,-0.5,0.0599,H,F,A
5,47500,-0.5,0.059,H,F,A
5,50000,-0.5,0.0585,H,F,A
0,3500,-0.3,0.4113,H,F,A
0.5,3500,-0.3,0.4058,H,F,A
1,3500,-0.3,0.3997,H,F,A
1.5,3500,-0.3,0.391,H,F,A
2,3500,-0.3,0.3838,H,F,A
2.5,3500,-0.3,0.377,H,F,A
3,3500,-0.3,0.3564,H,F,A
3.5,3500,-0.3,0.2662,H,F,A
4,3500,-0.3,0.1955,H,F,A
4.5,3500,-0.3,0.1705,H,F,A
5,3500,-0.3,0.1633,H,F,A
0,3750,-0.3,0.3896,H,F,A
0.5,3750,-0.3,0.3853,H,F,A
1,3750,-0.3,0.3802,H,F,A
1.5,3750,-0.3,0.3733,H,F,A
2,3750,-0.3,0.3673,H,F,A
2.5,3750,-0.3,0.3617,H,F,A
3,3750,-0.3,0.3557,H,F,A
3.5,3750,-0.3,0.3413,H,F,A
4,3750,-0.3,0.278,H,F,A
4.5,3750,-0.3,0.2059,H,F,A
5,3750,-0.3,0.1737,H,F,A
0,4000,-0.3,0.3639,H,F,A
0.5,4000,-0.3,0.3601,H,F,A
1,4000,-0.3,0.3568,H,F,A
1.5,4000,-0.3,0.353,H,F,A
2,4000,-0.3,0.3474,H,F,A
2.5,4000,-0.3,0.3432,H,F,A
3,4000,-0.3,0.3395,H,F,A
3.5,4000,-0.3,0.3351,H,F,A
4,4000,-0.3,0.3246,H,F,A
4.5,4000,-0.3,0.2836,H,F,A
5,4000,-0.3,0.2193,H,F,A
0,4250,-0.3,0.3375,H,F,A
0.5,4250,-0.3,0.3349,H,F,A
1,4250,-0.3,0.3326,H,F,A
1.5,4250,-0.3,0.3291,H,F,A
2,4250,-0.3,0.326,H,F,A
2.5,4250,-0.3,0.3232,H,F,A
3,4250,-0.3,0.3212,H,F,A
3.5,4250,-0.3,0.3187,H,F,A
4,4250,-0.3,0.3153,H,F,A
4.5,4250,-0.3,0.3073,H,F,A
5,4250,-0.3,0.2804,H,F,A
0,4500,-0.3,0.3094,H,F,A
0.5,4500,-0.3,0.3091,H,F,A
1,4500,-0.3,0.3076,H,F,A
1.5,4500,-0.3,0.3066,H,F,A
2,4500,-0.3,0.3054,H,F,A
2.5,4500,-0.3,0.3036,H,F,A
3,4500,-0.3,0.3027,H,F,A
3.5,4500,-0.3,0.3014,H,F,A
4,4500,-0.3,0.2997,H,F,A
4.5,4500,-0.3,0.2969,H,F,A
5,4500,-0.3,0.2906,H,F,A
0,4750,-0.3,0.2828,H,F,A
0.5,4750,-0.3,0.2835,H,F,A
1,4750,-0.3,0.2844,H,F,A
1.5,4750,-0.3,0.2849,H,F,A
2,4750,-0.3,0.2848,H,F,A
2.5,4750,-0.3,0.2846,H,F,A
3,4750,-0.3,0.2844,H,F,A
3.5,4750,-0.3,0.2842,H,F,A
4,4750,-0.3,0.2839,H,F,A
4.5,4750,-0.3,0.2826,H,F,A
5,4750,-0.3,0.2798,H,F,A
0,5000,-0.3,0.2606,H,F,A
0.5,5000,-0.3,0.2618,H,F,A
1,5000,-0.3,0.2633,H,F,A
1.5,5000,-0.3,0.2648,H,F,A
2,5000,-0.3,0.2656,H,F,A
2.5,5000,-0.3,0.2663,H,F,A
3,5000,-0.3,0.2664,H,F,A
3.5,5000,-0.3,0.2671,H,F,A
4,5000,-0.3,0.2679,H,F,A
4.5,5000,-0.3,0.268,H,F,A
5,5000,-0.3,0.2666,H,F,A
0,5250,-0.3,0.2425,H,F,A
0.5,5250,-0.3,0.2428,H,F,A
1,5250,-0.3,0.2446,H,F,A
1.5,5250,-0.3,0.2464,H,F,A
2,5250,-0.3,0.2481,H,F,A
2.5,5250,-0.3,0.2492,H,F,A
3,5250,-0.3,0.2501,H,F,A
3.5,5250,-0.3,0.2514,H,F,A
4,5250,-0.3,0.2528,H,F,A
4.5,5250,-0.3,0.2536,H,F,A
5,5250,-0.3,0.2528,H,F,A
0,5500,-0.3,0.2597,H,F,A
0.5,5500,-0.3,0.2271,H,F,A
1,5500,-0.3,0.2278,H,F,A
1.5,5500,-0.3,0.2297,H,F,A
2,5500,-0.3,0.2313,H,F,A
2.5,5500,-0.3,0.2332,H,F,A
3,5500,-0.3,0.2348,H,F,A
3.5,5500,-0.3,0.2364,H,F,A
4,5500,-0.3,0.2384,H,F,A
4.5,5500,-0.3,0.2401,H,F,A
5,5500,-0.3,0.2398,H,F,A
0,5750,-0.3,0.2541,H,F,A
0.5,5750,-0.3,0.2484,H,F,A
1,5750,-0.3,0.2113,H,F,A
1.5,5750,-0.3,0.214,H,F,A
2,5750,-0.3,0.2166,H,F,A
2.5,5750,-0.3,0.2184,H,F,A
3,5750,-0.3,0.2205,H,F,A
3.5,5750,-0.3,0.2222,H,F,A
4,5750,-0.3,0.2252,H,F,A
4.5,5750,-0.3,0.2273,H,F,A
5,5750,-0.3,0.228,H,F,A
0,6000,-0.3,0.2518,H,F,A
0.5,6000,-0.3,0.2412,H,F,A
1,6000,-0.3,0.2382,H,F,A
1.5,6000,-0.3,0.1984,H,F,A
2,6000,-0.3,0.2015,H,F,A
2.5,6000,-0.3,0.2039,H,F,A
3,6000,-0.3,0.2067,H,F,A
3.5,6000,-0.3,0.2094,H,F,A
4,6000,-0.3,0.2126,H,F,A
4.5,6000,-0.3,0.2152,H,F,A
5,6000,-0.3,0.2168,H,F,A
0.5,6250,-0.3,0.2367,H,F,A
1,6250,-0.3,0.2306,H,F,A
1.5,6250,-0.3,0.2296,H,F,A
2,6250,-0.3,0.1871,H,F,A
2.5,6250,-0.3,0.1904,H,F,A
3,6250,-0.3,0.1936,H,F,A
3.5,6250,-0.3,0.1974,H,F,A
4,6250,-0.3,0.2016,H,F,A
4.5,6250,-0.3,0.2045,H,F,A
5,6250,-0.3,0.2072,H,F,A
0.5,6500,-0.3,0.2343,H,F,A
1,6500,-0.3,0.2247,H,F,A
1.5,6500,-0.3,0.2214,H,F,A
2,6500,-0.3,0.2218,H,F,A
2.5,6500,-0.3,0.1778,H,F,A
3,6500,-0.3,0.1818,H,F,A
3.5,6500,-0.3,0.1863,H,F,A
4,6500,-0.3,0.1909,H,F,A
4.5,6500,-0.3,0.1943,H,F,A
5,6500,-0.3,0.1982,H,F,A
0.5,6750,-0.3,0.2346,H,F,A
1,6750,-0.3,0.22,H,F,A
1.5,6750,-0.3,0.2148,H,F,A
2,6750,-0.3,0.2137,H,F,A
2.5,6750,-0.3,0.2147,H,F,A
3,6750,-0.3,0.1722,H,F,A
3.5,6750,-0.3,0.176,H,F,A
4,6750,-0.3,0.1809,H,F,A
4.5,6750,-0.3,0.1851,H,F,A
5,6750,-0.3,0.1901,H,F,A
0.5,7000,-0.3,0.2374,H,F,A
1,7000,-0.3,0.2182,H,F,A
1.5,7000,-0.3,0.2093,H,F,A
2,7000,-0.3,0.2059,H,F,A
2.5,7000,-0.3,0.2063,H,F,A
3,7000,-0.3,0.2083,H,F,A
3.5,7000,-0.3,0.1685,H,F,A
4,7000,-0.3,0.1722,H,F,A
4.5,7000,-0.3,0.177,H,F,A
5,7000,-0.3,0.1825,H,F,A
0.5,7250,-0.3,0.2405,H,F,A
1,7250,-0.3,0.2173,H,F,A
1.5,7250,-0.3,0.2048,H,F,A
2,7250,-0.3,0.1991,H,F,A
2.5,7250,-0.3,0.1985,H,F,A
3,7250,-0.3,0.1998,H,F,A
3.5,7250,-0.3,0.2023,H,F,A
4,7250,-0.3,0.1657,H,F,A
4.5,7250,-0.3,0.1696,H,F,A
5,7250,-0.3,0.175,H,F,A
0.5,7500,-0.3,0.2486,H,F,A
1,7500,-0.3,0.2175,H,F,A
1.5,7500,-0.3,0.2022,H,F,A
2,7500,-0.3,0.1938,H,F,A
2.5,7500,-0.3,0.1903,H,F,A
3,7500,-0.3,0.1912,H,F,A
3.5,7500,-0.3,0.194,H,F,A
4,7500,-0.3,0.1638,H,F,A
4.5,7500,-0.3,0.1637,H,F,A
5,7500,-0.3,0.1682,H,F,A
1,7750,-0.3,0.2193,H,F,A
1.5,7750,-0.3,0.2002,H,F,A
2,7750,-0.3,0.1898,H,F,A
2.5,7750,-0.3,0.1843,H,F,A
3,7750,-0.3,0.183,H,F,A
3.5,7750,-0.3,0.1853,H,F,A
4,7750,-0.3,0.1885,H,F,A
4.5,7750,-0.3,0.1616,H,F,A
5,7750,-0.3,0.1638,H,F,A
1,8000,-0.3,0.2249,H,F,A
1.5,8000,-0.3,0.1996,H,F,A
2,8000,-0.3,0.1868,H,F,A
2.5,8000,-0.3,0.1798,H,F,A
3,8000,-0.3,0.1762,H,F,A
3.5,8000,-0.3,0.1764,H,F,A
4,8000,-0.3,0.1802,H,F,A
4.5,8000,-0.3,0.1855,H,F,A
5,8000,-0.3,0.161,H,F,A
1,8250,-0.3,0.2345,H,F,A
1.5,8250,-0.3,0.2007,H,F,A
2,8250,-0.3,0.1849,H,F,A
2.5,8250,-0.3,0.1759,H,F,A
3,8250,-0.3,0.171,H,F,A
3.5,8250,-0.3,0.1691,H,F,A
4,8250,-0.3,0.1712,H,F,A
4.5,8250,-0.3,0.1772,H,F,A
5,8250,-0.3,0.1829,H,F,A
1,8500,-0.3,0.2469,H,F,A
1.5,8500,-0.3,0.2037,H,F,A
2,8500,-0.3,0.184,H,F,A
2.5,8500,-0.3,0.1733,H,F,A
3,8500,-0.3,0.1673,H,F,A
3.5,8500,-0.3,0.164,H,F,A
4,8500,-0.3,0.1636,H,F,A
4.5,8500,-0.3,0.1676,H,F,A
5,8500,-0.3,0.1747,H,F,A
1.5,8750,-0.3,0.2074,H,F,A
2,8750,-0.3,0.1846,H,F,A
2.5,8750,-0.3,0.172,H,F,A
3,8750,-0.3,0.1646,H,F,A
3.5,8750,-0.3,0.1601,H,F,A
4,8750,-0.3,0.1581,H,F,A
4.5,8750,-0.3,0.1592,H,F,A
5,8750,-0.3,0.1664,H,F,A
1.5,9000,-0.3,0.2108,H,F,A
2,9000,-0.3,0.1854,H,F,A
2.5,9000,-0.3,0.171,H,F,A
3,9000,-0.3,0.1623,H,F,A
3.5,9000,-0.3,0.157,H,F,A
4,9000,-0.3,0.1543,H,F,A
4.5,9000,-0.3,0.1538,H,F,A
5,9000,-0.3,0.1558,H,F,A
2,9250,-0.3,0.1859,H,F,A
2.5,9250,-0.3,0.1705,H,F,A
3,9250,-0.3,0.1608,H,F,A
3.5,9250,-0.3,0.155,H,F,A
4,9250,-0.3,0.1516,H,F,A
4.5,9250,-0.3,0.1501,H,F,A
5,9250,-0.3,0.1509,H,F,A
2,9500,-0.3,0.186,H,F,A
2.5,9500,-0.3,0.17,H,F,A
3,9500,-0.3,0.1598,H,F,A
3.5,9500,-0.3,0.1533,H,F,A
4,9500,-0.3,0.1493,H,F,A
4.5,9500,-0.3,0.1472,H,F,A
5,9500,-0.3,0.1472,H,F,A
2,9750,-0.3,0.1853,H,F,A
2.5,9750,-0.3,0.1691,H,F,A
3,9750,-0.3,0.1588,H,F,A
3.5,9750,-0.3,0.1518,H,F,A
4,9750,-0.3,0.1473,H,F,A
4.5,9750,-0.3,0.1446,H,F,A
5,9750,-0.3,0.1444,H,F,A
2,10000,-0.3,0.1843,H,F,A
2.5,10000,-0.3,0.1677,H,F,A
3,10000,-0.3,0.1573,H,F,A
3.5,10000,-0.3,0.1501,H,F,A
4,10000,-0.3,0.1454,H,F,A
4.5,10000,-0.3,0.1428,H,F,A
5,10000,-0.3,0.1421,H,F,A
2,10500,-0.3,0.1809,H,F,A
2.5,10500,-0.3,0.1638,H,F,A
3,10500,-0.3,0.1536,H,F,A
3.5,10500,-0.3,0.147,H,F,A
4,10500,-0.3,0.1423,H,F,A
4.5,10500,-0.3,0.1394,H,F,A
5,10500,-0.3,0.1378,H,F,A
2.5,11000,-0.3,0.1592,H,F,A
3,11000,-0.3,0.1492,H,F,A
3.5,11000,-0.3,0.143,H,F,A
4,11000,-0.3,0.1388,H,F,A
4.5,11000,-0.3,0.1357,H,F,A
5,11000,-0.3,0.1341,H,F,A
2.5,11500,-0.3,0.1548,H,F,A
3,11500,-0.3,0.1445,H,F,A
3.5,11500,-0.3,0.1387,H,F,A
4,11500,-0.3,0.1349,H,F,A
4.5,11500,-0.3,0.1322,H,F,A
5,11500,-0.3,0.1305,H,F,A
2.5,12000,-0.3,0.1511,H,F,A
3,12000,-0.3,0.1401,H,F,A
3.5,12000,-0.3,0.1342,H,F,A
4,12000,-0.3,0.1307,H,F,A
4.5,12000,-0.3,0.1285,H,F,A
5,12000,-0.3,0.1272,H,F,A
2.5,12500,-0.3,0.1484,H,F,A
3,12500,-0.3,0.1363,H,F,A
3.5,12500,-0.3,0.13,H,F,A
4,12500,-0.3,0.1266,H,F,A
4.5,12500,-0.3,0.1248,H,F,A
5,12500,-0.3,0.1239,H,F,A
2.5,13000,-0.3,0.1465,H,F,A
3,13000,-0.3,0.1332,H,F,A
3.5,13000,-0.3,0.1263,H,F,A
4,13000,-0.3,0.1228,H,F,A
4.5,13000,-0.3,0.1211,H,F,A
5,13000,-0.3,0.1206,H,F,A
2,14000,-0.3,0.1783,H,F,A
2.5,14000,-0.3,0.1444,H,F,A
3,14000,-0.3,0.1285,H,F,A
3.5,14000,-0.3,0.1204,H,F,A
4,14000,-0.3,0.1164,H,F,A
4.5,14000,-0.3,0.1147,H,F,A
5,14000,-0.3,0.1143,H,F,A
2.5,15000,-0.3,0.1438,H,F,A
3,15000,-0.3,0.1257,H,F,A
3.5,15000,-0.3,0.1162,H,F,A
4,15000,-0.3,0.1113,H,F,A
4.5,15000,-0.3,0.1092,H,F,A
5,15000,-0.3,0.1087,H,F,A
2.5,16000,-0.3,0.1448,H,F,A
3,16000,-0.3,0.1239,H,F,A
3.5,16000,-0.3,0.1132,H,F,A
4,16000,-0.3,0.1077,H,F,A
4.5,16000,-0.3,0.105,H,F,A
5,16000,-0.3,0.1042,H,F,A
2.5,17000,-0.3,0.1475,H,F,A
3,17000,-0.3,0.123,H,F,A
3.5,17000,-0.3,0.1111,H,F,A
4,17000,-0.3,0.1049,H,F,A
4.5,17000,-0.3,0.1017,H,F,A
5,17000,-0.3,0.1005,H,F,A
2.5,18000,-0.3,0.152,H,F,A
3,18000,-0.3,0.1229,H,F,A
3.5,18000,-0.3,0.1096,H,F,A
4,18000,-0.3,0.1027,H,F,A
4.5,18000,-0.3,0.0993,H,F,A
5,18000,-0.3,0.0977,H,F,A
2.5,19000,-0.3,0.1588,H,F,A
3,19000,-0.3,0.1239,H,F,A
3.5,19000,-0.3,0.1086,H,F,A
4,19000,-0.3,0.1009,H,F,A
4.5,19000,-0.3,0.0972,H,F,A
5,19000,-0.3,0.0956,H,F,A
3,20000,-0.3,0.1254,H,F,A
3.5,20000,-0.3,0.1082,H,F,A
4,20000,-0.3,0.0998,H,F,A
4.5,20000,-0.3,0.0952,H,F,A
5,20000,-0.3,0.0937,H,F,A
3,21000,-0.3,0.1279,H,F,A
3.5,21000,-0.3,0.1087,H,F,A
4,21000,-0.3,0.0992,H,F,A
4.5,21000,-0.3,0.0945,H,F,A
5,21000,-0.3,0.0925,H,F,A
3,22000,-0.3,0.1297,H,F,A
3.5,22000,-0.3,0.1095,H,F,A
4,22000,-0.3,0.099,H,F,A
4.5,22000,-0.3,0.0938,H,F,A
5,22000,-0.3,0.0916,H,F,A
3,23000,-0.3,0.1315,H,F,A
3.5,23000,-0.3,0.1102,H,F,A
4,23000,-0.3,0.0994,H,F,A
4.5,23000,-0.3,0.0938,H,F,A
5,23000,-0.3,0.0914,H,F,A
3,24000,-0.3,0.1345,H,F,A
3.5,24000,-0.3,0.1107,H,F,A
4,24000,-0.3,0.1,H,F,A
4.5,24000,-0.3,0.0944,H,F,A
5,24000,-0.3,0.0917,H,F,A
3,25000,-0.3,0.1401,H,F,A
3.5,25000,-0.3,0.1115,H,F,A
4,25000,-0.3,0.1006,H,F,A
4.5,25000,-0.3,0.0951,H,F,A
5,25000,-0.3,0.0924,H,F,A
3,26000,-0.3,0.1472,H,F,A
3.5,26000,-0.3,0.1129,H,F,A
4,26000,-0.3,0.1009,H,F,A
4.5,26000,-0.3,0.0955,H,F,A
5,26000,-0.3,0.093,H,F,A
3.5,27000,-0.3,0.1151,H,F,A
4,27000,-0.3,0.1011,H,F,A
4.5,27000,-0.3,0.0955,H,F,A
5,27000,-0.3,0.0934,H,F,A
3.5,28000,-0.3,0.1174,H,F,A
4,28000,-0.3,0.102,H,F,A
4.5,28000,-0.3,0.0956,H,F,A
5,28000,-0.3,0.0932,H,F,A
3.5,29000,-0.3,0.1188,H,F,A
4,29000,-0.3,0.1029,H,F,A
4.5,29000,-0.3,0.0958,H,F,A
5,29000,-0.3,0.0929,H,F,A
3.5,30000,-0.3,0.1188,H,F,A
4,30000,-0.3,0.103,H,F,A
4.5,30000,-0.3,0.0956,H,F,A
5,30000,-0.3,0.0921,H,F,A
3.5,31000,-0.3,0.1189,H,F,A
4,31000,-0.3,0.1019,H,F,A
4.5,31000,-0.3,0.0948,H,F,A
5,31000,-0.3,0.0911,H,F,A
4,32000,-0.3,0.1004,H,F,A
4.5,32000,-0.3,0.0929,H,F,A
5,32000,-0.3,0.0895,H,F,A
4,33000,-0.3,0.0985,H,F,A
4.5,33000,-0.3,0.0907,H,F,A
5,33000,-0.3,0.087,H,F,A
4,34000,-0.3,0.0966,H,F,A
4.5,34000,-0.3,0.0879,H,F,A
5,34000,-0.3,0.0843,H,F,A
4,35000,-0.3,0.0944,H,F,A
4.5,35000,-0.3,0.0857,H,F,A
5,35000,-0.3,0.0814,H,F,A
4.5,37500,-0.3,0.0787,H,F,A
5,37500,-0.3,0.0742,H,F,A
4.5,40000,-0.3,0.0731,H,F,A
5,40000,-0.3,0.0673,H,F,A
5,42500,-0.3,0.0637,H,F,A
5,45000,-0.3,0.0623,H,F,A
5,47500,-0.3,0.0614,H,F,A
5,50000,-0.3,0.0608,H,F,A
0,3500,-0.2,0.4118,H,F,A
0.5,3500,-0.2,0.4067,H,F,A
1,3500,-0.2,0.401,H,F,A
1.5,3500,-0.2,0.3945,H,F,A
2,3500,-0.2,0.3865,H,F,A
2.5,3500,-0.2,0.379,H,F,A
3,3500,-0.2,0.3634,H,F,A
3.5,3500,-0.2,0.2865,H,F,A
4,3500,-0.2,0.2052,H,F,A
4.5,3500,-0.2,0.174,H,F,A
5,3500,-0.2,0.1644,H,F,A
0,3750,-0.2,0.3913,H,F,A
0.5,3750,-0.2,0.3869,H,F,A
1,3750,-0.2,0.3824,H,F,A
1.5,3750,-0.2,0.3769,H,F,A
2,3750,-0.2,0.3705,H,F,A
2.5,3750,-0.2,0.3648,H,F,A
3,3750,-0.2,0.3589,H,F,A
3.5,3750,-0.2,0.3466,H,F,A
4,3750,-0.2,0.2921,H,F,A
4.5,3750,-0.2,0.2163,H,F,A
5,3750,-0.2,0.178,H,F,A
0,4000,-0.2,0.3663,H,F,A
0.5,4000,-0.2,0.3628,H,F,A
1,4000,-0.2,0.3594,H,F,A
1.5,4000,-0.2,0.3543,H,F,A
2,4000,-0.2,0.3506,H,F,A
2.5,4000,-0.2,0.3468,H,F,A
3,4000,-0.2,0.3431,H,F,A
3.5,4000,-0.2,0.3388,H,F,A
4,4000,-0.2,0.3293,H,F,A
4.5,4000,-0.2,0.2922,H,F,A
5,4000,-0.2,0.2283,H,F,A
0,4250,-0.2,0.34,H,F,A
0.5,4250,-0.2,0.3374,H,F,A
1,4250,-0.2,0.3344,H,F,A
1.5,4250,-0.2,0.3315,H,F,A
2,4250,-0.2,0.3292,H,F,A
2.5,4250,-0.2,0.3267,H,F,A
3,4250,-0.2,0.3247,H,F,A
3.5,4250,-0.2,0.3225,H,F,A
4,4250,-0.2,0.3196,H,F,A
4.5,4250,-0.2,0.3118,H,F,A
5,4250,-0.2,0.2867,H,F,A
0,4500,-0.2,0.3123,H,F,A
0.5,4500,-0.2,0.3116,H,F,A
1,4500,-0.2,0.3101,H,F,A
1.5,4500,-0.2,0.3092,H,F,A
2,4500,-0.2,0.308,H,F,A
2.5,4500,-0.2,0.3064,H,F,A
3,4500,-0.2,0.3057,H,F,A
3.5,4500,-0.2,0.305,H,F,A
4,4500,-0.2,0.3037,H,F,A
4.5,4500,-0.2,0.3013,H,F,A
5,4500,-0.2,0.295,H,F,A
0,4750,-0.2,0.285,H,F,A
0.5,4750,-0.2,0.2858,H,F,A
1,4750,-0.2,0.2866,H,F,A
1.5,4750,-0.2,0.2871,H,F,A
2,4750,-0.2,0.2869,H,F,A
2.5,4750,-0.2,0.2868,H,F,A
3,4750,-0.2,0.2874,H,F,A
3.5,4750,-0.2,0.2873,H,F,A
4,4750,-0.2,0.2876,H,F,A
4.5,4750,-0.2,0.2865,H,F,A
5,4750,-0.2,0.2844,H,F,A
0,5000,-0.2,0.2621,H,F,A
0.5,5000,-0.2,0.2627,H,F,A
1,5000,-0.2,0.2645,H,F,A
1.5,5000,-0.2,0.2663,H,F,A
2,5000,-0.2,0.2674,H,F,A
2.5,5000,-0.2,0.2685,H,F,A
3,5000,-0.2,0.2691,H,F,A
3.5,5000,-0.2,0.2704,H,F,A
4,5000,-0.2,0.2714,H,F,A
4.5,5000,-0.2,0.2716,H,F,A
5,5000,-0.2,0.2712,H,F,A
0,5250,-0.2,0.2435,H,F,A
0.5,5250,-0.2,0.2432,H,F,A
1,5250,-0.2,0.2451,H,F,A
1.5,5250,-0.2,0.2474,H,F,A
2,5250,-0.2,0.2492,H,F,A
2.5,5250,-0.2,0.2505,H,F,A
3,5250,-0.2,0.2517,H,F,A
3.5,5250,-0.2,0.2538,H,F,A
4,5250,-0.2,0.2558,H,F,A
4.5,5250,-0.2,0.2572,H,F,A
5,5250,-0.2,0.2569,H,F,A
0,5500,-0.2,0.2599,H,F,A
0.5,5500,-0.2,0.227,H,F,A
1,5500,-0.2,0.2278,H,F,A
1.5,5500,-0.2,0.2303,H,F,A
2,5500,-0.2,0.2317,H,F,A
2.5,5500,-0.2,0.2338,H,F,A
3,5500,-0.2,0.2359,H,F,A
3.5,5500,-0.2,0.2383,H,F,A
4,5500,-0.2,0.2407,H,F,A
4.5,5500,-0.2,0.2431,H,F,A
5,5500,-0.2,0.2434,H,F,A
0,5750,-0.2,0.254,H,F,A
0.5,5750,-0.2,0.2482,H,F,A
1,5750,-0.2,0.2116,H,F,A
1.5,5750,-0.2,0.2138,H,F,A
2,5750,-0.2,0.2161,H,F,A
2.5,5750,-0.2,0.2188,H,F,A
3,5750,-0.2,0.2212,H,F,A
3.5,5750,-0.2,0.2237,H,F,A
4,5750,-0.2,0.2269,H,F,A
4.5,5750,-0.2,0.23,H,F,A
5,5750,-0.2,0.231,H,F,A
0,6000,-0.2,0.2515,H,F,A
0.5,6000,-0.2,0.2409,H,F,A
1,6000,-0.2,0.2379,H,F,A
1.5,6000,-0.2,0.1982,H,F,A
2,6000,-0.2,0.2013,H,F,A
2.5,6000,-0.2,0.204,H,F,A
3,6000,-0.2,0.2071,H,F,A
3.5,6000,-0.2,0.2099,H,F,A
4,6000,-0.2,0.214,H,F,A
4.5,6000,-0.2,0.217,H,F,A
5,6000,-0.2,0.219,H,F,A
0.5,6250,-0.2,0.2363,H,F,A
1,6250,-0.2,0.2302,H,F,A
1.5,6250,-0.2,0.2289,H,F,A
2,6250,-0.2,0.1868,H,F,A
2.5,6250,-0.2,0.1903,H,F,A
3,6250,-0.2,0.1937,H,F,A
3.5,6250,-0.2,0.1978,H,F,A
4,6250,-0.2,0.2021,H,F,A
4.5,6250,-0.2,0.2055,H,F,A
5,6250,-0.2,0.2087,H,F,A
0.5,6500,-0.2,0.2341,H,F,A
1,6500,-0.2,0.2241,H,F,A
1.5,6500,-0.2,0.221,H,F,A
2,6500,-0.2,0.2215,H,F,A
2.5,6500,-0.2,0.1777,H,F,A
3,6500,-0.2,0.1815,H,F,A
3.5,6500,-0.2,0.1864,H,F,A
4,6500,-0.2,0.1912,H,F,A
4.5,6500,-0.2,0.195,H,F,A
5,6500,-0.2,0.1991,H,F,A
0.5,6750,-0.2,0.2343,H,F,A
1,6750,-0.2,0.2197,H,F,A
1.5,6750,-0.2,0.2141,H,F,A
2,6750,-0.2,0.2131,H,F,A
2.5,6750,-0.2,0.214,H,F,A
3,6750,-0.2,0.1722,H,F,A
3.5,6750,-0.2,0.1758,H,F,A
4,6750,-0.2,0.1807,H,F,A
4.5,6750,-0.2,0.1851,H,F,A
5,6750,-0.2,0.1904,H,F,A
0.5,7000,-0.2,0.2368,H,F,A
1,7000,-0.2,0.218,H,F,A
1.5,7000,-0.2,0.2085,H,F,A
2,7000,-0.2,0.2056,H,F,A
2.5,7000,-0.2,0.2057,H,F,A
3,7000,-0.2,0.2079,H,F,A
3.5,7000,-0.2,0.1685,H,F,A
4,7000,-0.2,0.1722,H,F,A
4.5,7000,-0.2,0.1768,H,F,A
5,7000,-0.2,0.1825,H,F,A
0.5,7250,-0.2,0.2405,H,F,A
1,7250,-0.2,0.2171,H,F,A
1.5,7250,-0.2,0.2047,H,F,A
2,7250,-0.2,0.1988,H,F,A
2.5,7250,-0.2,0.1982,H,F,A
3,7250,-0.2,0.1994,H,F,A
3.5,7250,-0.2,0.2019,H,F,A
4,7250,-0.2,0.1658,H,F,A
4.5,7250,-0.2,0.1693,H,F,A
5,7250,-0.2,0.1748,H,F,A
0.5,7500,-0.2,0.2488,H,F,A
1,7500,-0.2,0.2175,H,F,A
1.5,7500,-0.2,0.2019,H,F,A
2,7500,-0.2,0.1937,H,F,A
2.5,7500,-0.2,0.1903,H,F,A
3,7500,-0.2,0.1909,H,F,A
3.5,7500,-0.2,0.1936,H,F,A
4,7500,-0.2,0.1969,H,F,A
4.5,7500,-0.2,0.1636,H,F,A
5,7500,-0.2,0.1681,H,F,A
1,7750,-0.2,0.2194,H,F,A
1.5,7750,-0.2,0.2002,H,F,A
2,7750,-0.2,0.1897,H,F,A
2.5,7750,-0.2,0.1842,H,F,A
3,7750,-0.2,0.183,H,F,A
3.5,7750,-0.2,0.1851,H,F,A
4,7750,-0.2,0.1882,H,F,A
4.5,7750,-0.2,0.162,H,F,A
5,7750,-0.2,0.1637,H,F,A
1,8000,-0.2,0.225,H,F,A
1.5,8000,-0.2,0.1997,H,F,A
2,8000,-0.2,0.1867,H,F,A
2.5,8000,-0.2,0.1795,H,F,A
3,8000,-0.2,0.1763,H,F,A
3.5,8000,-0.2,0.1762,H,F,A
4,8000,-0.2,0.1799,H,F,A
4.5,8000,-0.2,0.1851,H,F,A
5,8000,-0.2,0.1612,H,F,A
1,8250,-0.2,0.2351,H,F,A
1.5,8250,-0.2,0.2008,H,F,A
2,8250,-0.2,0.1849,H,F,A
2.5,8250,-0.2,0.1759,H,F,A
3,8250,-0.2,0.1708,H,F,A
3.5,8250,-0.2,0.1691,H,F,A
4,8250,-0.2,0.171,H,F,A
4.5,8250,-0.2,0.1768,H,F,A
5,8250,-0.2,0.1824,H,F,A
1,8500,-0.2,0.2476,H,F,A
1.5,8500,-0.2,0.2037,H,F,A
2,8500,-0.2,0.1841,H,F,A
2.5,8500,-0.2,0.1733,H,F,A
3,8500,-0.2,0.1671,H,F,A
3.5,8500,-0.2,0.1639,H,F,A
4,8500,-0.2,0.1634,H,F,A
4.5,8500,-0.2,0.1672,H,F,A
5,8500,-0.2,0.1744,H,F,A
1.5,8750,-0.2,0.2077,H,F,A
2,8750,-0.2,0.1846,H,F,A
2.5,8750,-0.2,0.172,H,F,A
3,8750,-0.2,0.1645,H,F,A
3.5,8750,-0.2,0.1598,H,F,A
4,8750,-0.2,0.1579,H,F,A
4.5,8750,-0.2,0.159,H,F,A
5,8750,-0.2,0.166,H,F,A
1.5,9000,-0.2,0.2113,H,F,A
2,9000,-0.2,0.1856,H,F,A
2.5,9000,-0.2,0.1711,H,F,A
3,9000,-0.2,0.1623,H,F,A
3.5,9000,-0.2,0.1569,H,F,A
4,9000,-0.2,0.1542,H,F,A
4.5,9000,-0.2,0.1536,H,F,A
5,9000,-0.2,0.1555,H,F,A
2,9250,-0.2,0.1863,H,F,A
2.5,9250,-0.2,0.1706,H,F,A
3,9250,-0.2,0.1609,H,F,A
3.5,9250,-0.2,0.155,H,F,A
4,9250,-0.2,0.1514,H,F,A
4.5,9250,-0.2,0.1499,H,F,A
5,9250,-0.2,0.1506,H,F,A
2,9500,-0.2,0.1867,H,F,A
2.5,9500,-0.2,0.1702,H,F,A
3,9500,-0.2,0.16,H,F,A
3.5,9500,-0.2,0.1534,H,F,A
4,9500,-0.2,0.1493,H,F,A
4.5,9500,-0.2,0.1469,H,F,A
5,9500,-0.2,0.1468,H,F,A
2,9750,-0.2,0.1861,H,F,A
2.5,9750,-0.2,0.1698,H,F,A
3,9750,-0.2,0.159,H,F,A
3.5,9750,-0.2,0.152,H,F,A
4,9750,-0.2,0.1472,H,F,A
4.5,9750,-0.2,0.1445,H,F,A
5,9750,-0.2,0.1441,H,F,A
2,10000,-0.2,0.1851,H,F,A
2.5,10000,-0.2,0.1684,H,F,A
3,10000,-0.2,0.1579,H,F,A
3.5,10000,-0.2,0.1505,H,F,A
4,10000,-0.2,0.1456,H,F,A
4.5,10000,-0.2,0.1428,H,F,A
5,10000,-0.2,0.1419,H,F,A
2,10500,-0.2,0.1816,H,F,A
2.5,10500,-0.2,0.1645,H,F,A
3,10500,-0.2,0.1544,H,F,A
3.5,10500,-0.2,0.1477,H,F,A
4,10500,-0.2,0.1428,H,F,A
4.5,10500,-0.2,0.1396,H,F,A
5,10500,-0.2,0.1379,H,F,A
2.5,11000,-0.2,0.1598,H,F,A
3,11000,-0.2,0.1498,H,F,A
3.5,11000,-0.2,0.1437,H,F,A
4,11000,-0.2,0.1393,H,F,A
4.5,11000,-0.2,0.1361,H,F,A
5,11000,-0.2,0.1343,H,F,A
2.5,11500,-0.2,0.1554,H,F,A
3,11500,-0.2,0.145,H,F,A
3.5,11500,-0.2,0.1392,H,F,A
4,11500,-0.2,0.1354,H,F,A
4.5,11500,-0.2,0.1326,H,F,A
5,11500,-0.2,0.131,H,F,A
2.5,12000,-0.2,0.1516,H,F,A
3,12000,-0.2,0.1405,H,F,A
3.5,12000,-0.2,0.1345,H,F,A
4,12000,-0.2,0.1312,H,F,A
4.5,12000,-0.2,0.1289,H,F,A
5,12000,-0.2,0.1276,H,F,A
2.5,12500,-0.2,0.1488,H,F,A
3,12500,-0.2,0.1366,H,F,A
3.5,12500,-0.2,0.1302,H,F,A
4,12500,-0.2,0.127,H,F,A
4.5,12500,-0.2,0.125,H,F,A
5,12500,-0.2,0.1242,H,F,A
2.5,13000,-0.2,0.1468,H,F,A
3,13000,-0.2,0.1335,H,F,A
3.5,13000,-0.2,0.1264,H,F,A
4,13000,-0.2,0.123,H,F,A
4.5,13000,-0.2,0.1213,H,F,A
5,13000,-0.2,0.1208,H,F,A
2,14000,-0.2,0.1788,H,F,A
2.5,14000,-0.2,0.1446,H,F,A
3,14000,-0.2,0.1287,H,F,A
3.5,14000,-0.2,0.1204,H,F,A
4,14000,-0.2,0.1164,H,F,A
4.5,14000,-0.2,0.1147,H,F,A
5,14000,-0.2,0.1142,H,F,A
2.5,15000,-0.2,0.1442,H,F,A
3,15000,-0.2,0.1257,H,F,A
3.5,15000,-0.2,0.1162,H,F,A
4,15000,-0.2,0.1113,H,F,A
4.5,15000,-0.2,0.1091,H,F,A
5,15000,-0.2,0.1086,H,F,A
2.5,16000,-0.2,0.1454,H,F,A
3,16000,-0.2,0.1241,H,F,A
3.5,16000,-0.2,0.1134,H,F,A
4,16000,-0.2,0.1076,H,F,A
4.5,16000,-0.2,0.105,H,F,A
5,16000,-0.2,0.1041,H,F,A
2.5,17000,-0.2,0.1483,H,F,A
3,17000,-0.2,0.1232,H,F,A
3.5,17000,-0.2,0.1111,H,F,A
4,17000,-0.2,0.1049,H,F,A
4.5,17000,-0.2,0.1016,H,F,A
5,17000,-0.2,0.1005,H,F,A
2.5,18000,-0.2,0.1533,H,F,A
3,18000,-0.2,0.123,H,F,A
3.5,18000,-0.2,0.1098,H,F,A
4,18000,-0.2,0.1026,H,F,A
4.5,18000,-0.2,0.0991,H,F,A
5,18000,-0.2,0.0976,H,F,A
2.5,19000,-0.2,0.1603,H,F,A
3,19000,-0.2,0.1245,H,F,A
3.5,19000,-0.2,0.1088,H,F,A
4,19000,-0.2,0.1011,H,F,A
4.5,19000,-0.2,0.0974,H,F,A
5,19000,-0.2,0.0953,H,F,A
3,20000,-0.2,0.1264,H,F,A
3.5,20000,-0.2,0.1089,H,F,A
4,20000,-0.2,0.0999,H,F,A
4.5,20000,-0.2,0.0956,H,F,A
5,20000,-0.2,0.0935,H,F,A
3,21000,-0.2,0.1289,H,F,A
3.5,21000,-0.2,0.1094,H,F,A
4,21000,-0.2,0.0993,H,F,A
4.5,21000,-0.2,0.0944,H,F,A
5,21000,-0.2,0.0924,H,F,A
3,22000,-0.2,0.1309,H,F,A
3.5,22000,-0.2,0.1101,H,F,A
4,22000,-0.2,0.0995,H,F,A
4.5,22000,-0.2,0.0941,H,F,A
5,22000,-0.2,0.0917,H,F,A
3,23000,-0.2,0.1326,H,F,A
3.5,23000,-0.2,0.111,H,F,A
4,23000,-0.2,0.1002,H,F,A
4.5,23000,-0.2,0.0942,H,F,A
5,23000,-0.2,0.0914,H,F,A
3,24000,-0.2,0.1361,H,F,A
3.5,24000,-0.2,0.1115,H,F,A
4,24000,-0.2,0.1006,H,F,A
4.5,24000,-0.2,0.0948,H,F,A
5,24000,-0.2,0.0919,H,F,A
3,25000,-0.2,0.1416,H,F,A
3.5,25000,-0.2,0.1121,H,F,A
4,25000,-0.2,0.101,H,F,A
4.5,25000,-0.2,0.0956,H,F,A
5,25000,-0.2,0.0927,H,F,A
3,26000,-0.2,0.1488,H,F,A
3.5,26000,-0.2,0.1136,H,F,A
4,26000,-0.2,0.1013,H,F,A
4.5,26000,-0.2,0.0958,H,F,A
5,26000,-0.2,0.0933,H,F,A
3.5,27000,-0.2,0.1158,H,F,A
4,27000,-0.2,0.1017,H,F,A
4.5,27000,-0.2,0.0959,H,F,A
5,27000,-0.2,0.0936,H,F,A
3.5,28000,-0.2,0.1182,H,F,A
4,28000,-0.2,0.1025,H,F,A
4.5,28000,-0.2,0.0959,H,F,A
5,28000,-0.2,0.0935,H,F,A
3.5,29000,-0.2,0.1193,H,F,A
4,29000,-0.2,0.1032,H,F,A
4.5,29000,-0.2,0.096,H,F,A
5,29000,-0.2,0.0931,H,F,A
3.5,30000,-0.2,0.1197,H,F,A
4,30000,-0.2,0.1034,H,F,A
4.5,30000,-0.2,0.0958,H,F,A
5,30000,-0.2,0.0925,H,F,A
3.5,31000,-0.2,0.1202,H,F,A
4,31000,-0.2,0.1024,H,F,A
4.5,31000,-0.2,0.0948,H,F,A
5,31000,-0.2,0.0914,H,F,A
4,32000,-0.2,0.1009,H,F,A
4.5,32000,-0.2,0.0931,H,F,A
5,32000,-0.2,0.0896,H,F,A
4,33000,-0.2,0.0994,H,F,A
4.5,33000,-0.2,0.091,H,F,A
5,33000,-0.2,0.0872,H,F,A
4,34000,-0.2,0.0978,H,F,A
4.5,34000,-0.2,0.0885,H,F,A
5,34000,-0.2,0.0847,H,F,A
4,35000,-0.2,0.0955,H,F,A
4.5,35000,-0.2,0.0866,H,F,A
5,35000,-0.2,0.0819,H,F,A
4.5,37500,-0.2,0.0796,H,F,A
5,37500,-0.2,0.075,H,F,A
4.5,40000,-0.2,0.0743,H,F,A
5,40000,-0.2,0.0683,H,F,A
5,42500,-0.2,0.0647,H,F,A
5,45000,-0.2,0.0637,H,F,A
5,47500,-0.2,0.0628,H,F,A
5,50000,-0.2,0.0621,H,F,A
0,3500,-0.1,0.4103,H,F,A
0.5,3500,-0.1,0.4057,H,F,A
1,3500,-0.1,0.4,H,F,A
1.5,3500,-0.1,0.3945,H,F,A
2,3500,-0.1,0.3885,H,F,A
2.5,3500,-0.1,0.3814,H,F,A
3,3500,-0.1,0.368,H,F,A
3.5,3500,-0.1,0.3055,H,F,A
4,3500,-0.1,0.2171,H,F,A
4.5,3500,-0.1,0.1781,H,F,A
5,3500,-0.1,0.1657,H,F,A
0,3750,-0.1,0.391,H,F,A
0.5,3750,-0.1,0.387,H,F,A
1,3750,-0.1,0.3826,H,F,A
1.5,3750,-0.1,0.3778,H,F,A
2,3750,-0.1,0.373,H,F,A
2.5,3750,-0.1,0.368,H,F,A
3,3750,-0.1,0.3623,H,F,A
3.5,3750,-0.1,0.3508,H,F,A
4,3750,-0.1,0.3045,H,F,A
4.5,3750,-0.1,0.2276,H,F,A
5,3750,-0.1,0.1829,H,F,A
0,4000,-0.1,0.3672,H,F,A
0.5,4000,-0.1,0.3641,H,F,A
1,4000,-0.1,0.3603,H,F,A
1.5,4000,-0.1,0.3567,H,F,A
2,4000,-0.1,0.3536,H,F,A
2.5,4000,-0.1,0.3502,H,F,A
3,4000,-0.1,0.3472,H,F,A
3.5,4000,-0.1,0.3428,H,F,A
4,4000,-0.1,0.3337,H,F,A
4.5,4000,-0.1,0.3,H,F,A
5,4000,-0.1,0.2375,H,F,A
0,4250,-0.1,0.3417,H,F,A
0.5,4250,-0.1,0.3392,H,F,A
1,4250,-0.1,0.3365,H,F,A
1.5,4250,-0.1,0.3341,H,F,A
2,4250,-0.1,0.3321,H,F,A
2.5,4250,-0.1,0.33,H,F,A
3,4250,-0.1,0.3287,H,F,A
3.5,4250,-0.1,0.3269,H,F,A
4,4250,-0.1,0.324,H,F,A
4.5,4250,-0.1,0.3166,H,F,A
5,4250,-0.1,0.2927,H,F,A
0,4500,-0.1,0.3149,H,F,A
0.5,4500,-0.1,0.3138,H,F,A
1,4500,-0.1,0.3125,H,F,A
1.5,4500,-0.1,0.3114,H,F,A
2,4500,-0.1,0.3101,H,F,A
2.5,4500,-0.1,0.3099,H,F,A
3,4500,-0.1,0.3095,H,F,A
3.5,4500,-0.1,0.3092,H,F,A
4,4500,-0.1,0.3081,H,F,A
4.5,4500,-0.1,0.306,H,F,A
5,4500,-0.1,0.3001,H,F,A
0,4750,-0.1,0.2877,H,F,A
0.5,4750,-0.1,0.2876,H,F,A
1,4750,-0.1,0.2885,H,F,A
1.5,4750,-0.1,0.2889,H,F,A
2,4750,-0.1,0.2891,H,F,A
2.5,4750,-0.1,0.2897,H,F,A
3,4750,-0.1,0.2901,H,F,A
3.5,4750,-0.1,0.2912,H,F,A
4,4750,-0.1,0.2915,H,F,A
4.5,4750,-0.1,0.2912,H,F,A
5,4750,-0.1,0.289,H,F,A
0,5000,-0.1,0.2637,H,F,A
0.5,5000,-0.1,0.2646,H,F,A
1,5000,-0.1,0.2661,H,F,A
1.5,5000,-0.1,0.2678,H,F,A
2,5000,-0.1,0.2689,H,F,A
2.5,5000,-0.1,0.2703,H,F,A
3,5000,-0.1,0.2716,H,F,A
3.5,5000,-0.1,0.2733,H,F,A
4,5000,-0.1,0.275,H,F,A
4.5,5000,-0.1,0.2756,H,F,A
5,5000,-0.1,0.2749,H,F,A
0,5250,-0.1,0.2444,H,F,A
0.5,5250,-0.1,0.2442,H,F,A
1,5250,-0.1,0.2461,H,F,A
1.5,5250,-0.1,0.2482,H,F,A
2,5250,-0.1,0.2503,H,F,A
2.5,5250,-0.1,0.2523,H,F,A
3,5250,-0.1,0.2539,H,F,A
3.5,5250,-0.1,0.2564,H,F,A
4,5250,-0.1,0.2588,H,F,A
4.5,5250,-0.1,0.2605,H,F,A
5,5250,-0.1,0.2607,H,F,A
0,5500,-0.1,0.2389,H,F,A
0.5,5500,-0.1,0.2273,H,F,A
1,5500,-0.1,0.2287,H,F,A
1.5,5500,-0.1,0.2308,H,F,A
2,5500,-0.1,0.2331,H,F,A
2.5,5500,-0.1,0.2353,H,F,A
3,5500,-0.1,0.2375,H,F,A
3.5,5500,-0.1,0.2404,H,F,A
4,5500,-0.1,0.2433,H,F,A
4.5,5500,-0.1,0.2459,H,F,A
5,5500,-0.1,0.2468,H,F,A
0,5750,-0.1,0.2484,H,F,A
0.5,5750,-0.1,0.2298,H,F,A
1,5750,-0.1,0.2115,H,F,A
1.5,5750,-0.1,0.2142,H,F,A
2,5750,-0.1,0.2168,H,F,A
2.5,5750,-0.1,0.2193,H,F,A
3,5750,-0.1,0.2222,H,F,A
3.5,5750,-0.1,0.2254,H,F,A
4,5750,-0.1,0.2286,H,F,A
4.5,5750,-0.1,0.2321,H,F,A
5,5750,-0.1,0.2338,H,F,A
0,6000,-0.1,0.2481,H,F,A
0.5,6000,-0.1,0.2336,H,F,A
1,6000,-0.1,0.2205,H,F,A
1.5,6000,-0.1,0.1981,H,F,A
2,6000,-0.1,0.2011,H,F,A
2.5,6000,-0.1,0.2047,H,F,A
3,6000,-0.1,0.2079,H,F,A
3.5,6000,-0.1,0.2112,H,F,A
4,6000,-0.1,0.2152,H,F,A
4.5,6000,-0.1,0.2192,H,F,A
5,6000,-0.1,0.2216,H,F,A
0.5,6250,-0.1,0.2319,H,F,A
1,6250,-0.1,0.2202,H,F,A
1.5,6250,-0.1,0.206,H,F,A
2,6250,-0.1,0.1869,H,F,A
2.5,6250,-0.1,0.1905,H,F,A
3,6250,-0.1,0.1943,H,F,A
3.5,6250,-0.1,0.1983,H,F,A
4,6250,-0.1,0.2029,H,F,A
4.5,6250,-0.1,0.2073,H,F,A
5,6250,-0.1,0.2104,H,F,A
0.5,6500,-0.1,0.2333,H,F,A
1,6500,-0.1,0.2189,H,F,A
1.5,6500,-0.1,0.2077,H,F,A
2,6500,-0.1,0.1912,H,F,A
2.5,6500,-0.1,0.1777,H,F,A
3,6500,-0.1,0.1818,H,F,A
3.5,6500,-0.1,0.1865,H,F,A
4,6500,-0.1,0.192,H,F,A
4.5,6500,-0.1,0.1966,H,F,A
5,6500,-0.1,0.2005,H,F,A
0.5,6750,-0.1,0.2342,H,F,A
1,6750,-0.1,0.2191,H,F,A
1.5,6750,-0.1,0.2078,H,F,A
2,6750,-0.1,0.1961,H,F,A
2.5,6750,-0.1,0.1791,H,F,A
3,6750,-0.1,0.1717,H,F,A
3.5,6750,-0.1,0.1763,H,F,A
4,6750,-0.1,0.1815,H,F,A
4.5,6750,-0.1,0.1866,H,F,A
5,6750,-0.1,0.1915,H,F,A
0.5,7000,-0.1,0.2367,H,F,A
1,7000,-0.1,0.2178,H,F,A
1.5,7000,-0.1,0.208,H,F,A
2,7000,-0.1,0.198,H,F,A
2.5,7000,-0.1,0.1845,H,F,A
3,7000,-0.1,0.1666,H,F,A
3.5,7000,-0.1,0.1685,H,F,A
4,7000,-0.1,0.1729,H,F,A
4.5,7000,-0.1,0.1775,H,F,A
5,7000,-0.1,0.1832,H,F,A
0.5,7250,-0.1,0.2402,H,F,A
1,7250,-0.1,0.2168,H,F,A
1.5,7250,-0.1,0.2045,H,F,A
2,7250,-0.1,0.1989,H,F,A
2.5,7250,-0.1,0.1894,H,F,A
3,7250,-0.1,0.1738,H,F,A
3.5,7250,-0.1,0.1591,H,F,A
4,7250,-0.1,0.166,H,F,A
4.5,7250,-0.1,0.1697,H,F,A
5,7250,-0.1,0.1754,H,F,A
0.5,7500,-0.1,0.249,H,F,A
1,7500,-0.1,0.217,H,F,A
1.5,7500,-0.1,0.2018,H,F,A
2,7500,-0.1,0.1937,H,F,A
2.5,7500,-0.1,0.1902,H,F,A
3,7500,-0.1,0.181,H,F,A
3.5,7500,-0.1,0.1651,H,F,A
4,7500,-0.1,0.1602,H,F,A
4.5,7500,-0.1,0.1635,H,F,A
5,7500,-0.1,0.1685,H,F,A
1,7750,-0.1,0.2195,H,F,A
1.5,7750,-0.1,0.1999,H,F,A
2,7750,-0.1,0.1894,H,F,A
2.5,7750,-0.1,0.1841,H,F,A
3,7750,-0.1,0.1827,H,F,A
3.5,7750,-0.1,0.1743,H,F,A
4,7750,-0.1,0.1593,H,F,A
4.5,7750,-0.1,0.1571,H,F,A
5,7750,-0.1,0.1638,H,F,A
1,8000,-0.1,0.2253,H,F,A
1.5,8000,-0.1,0.1997,H,F,A
2,8000,-0.1,0.1867,H,F,A
2.5,8000,-0.1,0.1796,H,F,A
3,8000,-0.1,0.1764,H,F,A
3.5,8000,-0.1,0.1761,H,F,A
4,8000,-0.1,0.1679,H,F,A
4.5,8000,-0.1,0.158,H,F,A
5,8000,-0.1,0.16,H,F,A
1,8250,-0.1,0.2354,H,F,A
1.5,8250,-0.1,0.2011,H,F,A
2,8250,-0.1,0.1848,H,F,A
2.5,8250,-0.1,0.1759,H,F,A
3,8250,-0.1,0.1709,H,F,A
3.5,8250,-0.1,0.169,H,F,A
4,8250,-0.1,0.1708,H,F,A
4.5,8250,-0.1,0.1642,H,F,A
5,8250,-0.1,0.1566,H,F,A
1,8500,-0.1,0.2483,H,F,A
1.5,8500,-0.1,0.204,H,F,A
2,8500,-0.1,0.1843,H,F,A
2.5,8500,-0.1,0.1733,H,F,A
3,8500,-0.1,0.1669,H,F,A
3.5,8500,-0.1,0.1638,H,F,A
4,8500,-0.1,0.1633,H,F,A
4.5,8500,-0.1,0.1662,H,F,A
5,8500,-0.1,0.1613,H,F,A
1.5,8750,-0.1,0.2081,H,F,A
2,8750,-0.1,0.185,H,F,A
2.5,8750,-0.1,0.1722,H,F,A
3,8750,-0.1,0.1644,H,F,A
3.5,8750,-0.1,0.1597,H,F,A
4,8750,-0.1,0.1577,H,F,A
4.5,8750,-0.1,0.1589,H,F,A
5,8750,-0.1,0.1633,H,F,A
1.5,9000,-0.1,0.2118,H,F,A
2,9000,-0.1,0.1858,H,F,A
2.5,9000,-0.1,0.1713,H,F,A
3,9000,-0.1,0.1623,H,F,A
3.5,9000,-0.1,0.1567,H,F,A
4,9000,-0.1,0.1539,H,F,A
4.5,9000,-0.1,0.1535,H,F,A
5,9000,-0.1,0.1553,H,F,A
2,9250,-0.1,0.1867,H,F,A
2.5,9250,-0.1,0.1708,H,F,A
3,9250,-0.1,0.1611,H,F,A
3.5,9250,-0.1,0.1551,H,F,A
4,9250,-0.1,0.1513,H,F,A
4.5,9250,-0.1,0.1497,H,F,A
5,9250,-0.1,0.1504,H,F,A
2,9500,-0.1,0.1872,H,F,A
2.5,9500,-0.1,0.1707,H,F,A
3,9500,-0.1,0.1603,H,F,A
3.5,9500,-0.1,0.1536,H,F,A
4,9500,-0.1,0.1492,H,F,A
4.5,9500,-0.1,0.1467,H,F,A
5,9500,-0.1,0.1466,H,F,A
2,9750,-0.1,0.1867,H,F,A
2.5,9750,-0.1,0.1701,H,F,A
3,9750,-0.1,0.1595,H,F,A
3.5,9750,-0.1,0.1521,H,F,A
4,9750,-0.1,0.1472,H,F,A
4.5,9750,-0.1,0.1444,H,F,A
5,9750,-0.1,0.1439,H,F,A
2,10000,-0.1,0.1856,H,F,A
2.5,10000,-0.1,0.1689,H,F,A
3,10000,-0.1,0.1582,H,F,A
3.5,10000,-0.1,0.1509,H,F,A
4,10000,-0.1,0.1457,H,F,A
4.5,10000,-0.1,0.1427,H,F,A
5,10000,-0.1,0.1417,H,F,A
2,10500,-0.1,0.1822,H,F,A
2.5,10500,-0.1,0.1652,H,F,A
3,10500,-0.1,0.1549,H,F,A
3.5,10500,-0.1,0.148,H,F,A
4,10500,-0.1,0.1432,H,F,A
4.5,10500,-0.1,0.1397,H,F,A
5,10500,-0.1,0.1379,H,F,A
2.5,11000,-0.1,0.1605,H,F,A
3,11000,-0.1,0.1507,H,F,A
3.5,11000,-0.1,0.1442,H,F,A
4,11000,-0.1,0.1399,H,F,A
4.5,11000,-0.1,0.1366,H,F,A
5,11000,-0.1,0.1346,H,F,A
2.5,11500,-0.1,0.1558,H,F,A
3,11500,-0.1,0.1457,H,F,A
3.5,11500,-0.1,0.1398,H,F,A
4,11500,-0.1,0.1359,H,F,A
4.5,11500,-0.1,0.1332,H,F,A
5,11500,-0.1,0.1314,H,F,A
2.5,12000,-0.1,0.1521,H,F,A
3,12000,-0.1,0.1409,H,F,A
3.5,12000,-0.1,0.135,H,F,A
4,12000,-0.1,0.1315,H,F,A
4.5,12000,-0.1,0.1294,H,F,A
5,12000,-0.1,0.128,H,F,A
2.5,12500,-0.1,0.1493,H,F,A
3,12500,-0.1,0.1369,H,F,A
3.5,12500,-0.1,0.1306,H,F,A
4,12500,-0.1,0.1274,H,F,A
4.5,12500,-0.1,0.1254,H,F,A
5,12500,-0.1,0.1245,H,F,A
2.5,13000,-0.1,0.1472,H,F,A
3,13000,-0.1,0.1338,H,F,A
3.5,13000,-0.1,0.1268,H,F,A
4,13000,-0.1,0.1233,H,F,A
4.5,13000,-0.1,0.1216,H,F,A
5,13000,-0.1,0.121,H,F,A
2,14000,-0.1,0.1796,H,F,A
2.5,14000,-0.1,0.1449,H,F,A
3,14000,-0.1,0.129,H,F,A
3.5,14000,-0.1,0.1206,H,F,A
4,14000,-0.1,0.1165,H,F,A
4.5,14000,-0.1,0.1147,H,F,A
5,14000,-0.1,0.1143,H,F,A
2.5,15000,-0.1,0.1445,H,F,A
3,15000,-0.1,0.126,H,F,A
3.5,15000,-0.1,0.1163,H,F,A
4,15000,-0.1,0.1113,H,F,A
4.5,15000,-0.1,0.1091,H,F,A
5,15000,-0.1,0.1085,H,F,A
2.5,16000,-0.1,0.1458,H,F,A
3,16000,-0.1,0.1244,H,F,A
3.5,16000,-0.1,0.1133,H,F,A
4,16000,-0.1,0.1076,H,F,A
4.5,16000,-0.1,0.1049,H,F,A
5,16000,-0.1,0.104,H,F,A
2.5,17000,-0.1,0.149,H,F,A
3,17000,-0.1,0.1237,H,F,A
3.5,17000,-0.1,0.1115,H,F,A
4,17000,-0.1,0.105,H,F,A
4.5,17000,-0.1,0.1017,H,F,A
5,17000,-0.1,0.1004,H,F,A
2.5,18000,-0.1,0.1544,H,F,A
3,18000,-0.1,0.1236,H,F,A
3.5,18000,-0.1,0.1102,H,F,A
4,18000,-0.1,0.1028,H,F,A
4.5,18000,-0.1,0.0991,H,F,A
5,18000,-0.1,0.0974,H,F,A
2.5,19000,-0.1,0.1622,H,F,A
3,19000,-0.1,0.125,H,F,A
3.5,19000,-0.1,0.1091,H,F,A
4,19000,-0.1,0.1014,H,F,A
4.5,19000,-0.1,0.0972,H,F,A
5,19000,-0.1,0.0952,H,F,A
3,20000,-0.1,0.1275,H,F,A
3.5,20000,-0.1,0.1092,H,F,A
4,20000,-0.1,0.1,H,F,A
4.5,20000,-0.1,0.0956,H,F,A
5,20000,-0.1,0.0938,H,F,A
3,21000,-0.1,0.1301,H,F,A
3.5,21000,-0.1,0.1101,H,F,A
4,21000,-0.1,0.0997,H,F,A
4.5,21000,-0.1,0.0949,H,F,A
5,21000,-0.1,0.0923,H,F,A
3,22000,-0.1,0.1322,H,F,A
3.5,22000,-0.1,0.1112,H,F,A
4,22000,-0.1,0.1001,H,F,A
4.5,22000,-0.1,0.0944,H,F,A
5,22000,-0.1,0.0919,H,F,A
3,23000,-0.1,0.1339,H,F,A
3.5,23000,-0.1,0.1121,H,F,A
4,23000,-0.1,0.1008,H,F,A
4.5,23000,-0.1,0.0947,H,F,A
5,23000,-0.1,0.0919,H,F,A
3,24000,-0.1,0.1373,H,F,A
3.5,24000,-0.1,0.1125,H,F,A
4,24000,-0.1,0.1015,H,F,A
4.5,24000,-0.1,0.0953,H,F,A
5,24000,-0.1,0.0919,H,F,A
3,25000,-0.1,0.143,H,F,A
3.5,25000,-0.1,0.1129,H,F,A
4,25000,-0.1,0.1018,H,F,A
4.5,25000,-0.1,0.0961,H,F,A
5,25000,-0.1,0.0932,H,F,A
3,26000,-0.1,0.1502,H,F,A
3.5,26000,-0.1,0.1143,H,F,A
4,26000,-0.1,0.1019,H,F,A
4.5,26000,-0.1,0.0964,H,F,A
5,26000,-0.1,0.0938,H,F,A
3.5,27000,-0.1,0.1165,H,F,A
4,27000,-0.1,0.1023,H,F,A
4.5,27000,-0.1,0.0963,H,F,A
5,27000,-0.1,0.0937,H,F,A
3.5,28000,-0.1,0.1189,H,F,A
4,28000,-0.1,0.103,H,F,A
4.5,28000,-0.1,0.0964,H,F,A
5,28000,-0.1,0.0937,H,F,A
3.5,29000,-0.1,0.1202,H,F,A
4,29000,-0.1,0.1038,H,F,A
4.5,29000,-0.1,0.0962,H,F,A
5,29000,-0.1,0.0932,H,F,A
3.5,30000,-0.1,0.1209,H,F,A
4,30000,-0.1,0.1037,H,F,A
4.5,30000,-0.1,0.0962,H,F,A
5,30000,-0.1,0.0925,H,F,A
3.5,31000,-0.1,0.1216,H,F,A
4,31000,-0.1,0.1029,H,F,A
4.5,31000,-0.1,0.0953,H,F,A
5,31000,-0.1,0.0916,H,F,A
4,32000,-0.1,0.1018,H,F,A
4.5,32000,-0.1,0.0936,H,F,A
5,32000,-0.1,0.0899,H,F,A
4,33000,-0.1,0.1001,H,F,A
4.5,33000,-0.1,0.0916,H,F,A
5,33000,-0.1,0.0876,H,F,A
4,34000,-0.1,0.0985,H,F,A
4.5,34000,-0.1,0.0892,H,F,A
5,34000,-0.1,0.0849,H,F,A
4,35000,-0.1,0.0966,H,F,A
4.5,35000,-0.1,0.0872,H,F,A
5,35000,-0.1,0.0825,H,F,A
4.5,37500,-0.1,0.0806,H,F,A
5,37500,-0.1,0.076,H,F,A
4.5,40000,-0.1,0.0755,H,F,A
5,40000,-0.1,0.0695,H,F,A
5,42500,-0.1,0.0661,H,F,A
5,45000,-0.1,0.065,H,F,A
5,47500,-0.1,0.0642,H,F,A
5,50000,-0.1,0.0636,H,F,A
0,3500,0,0.3916,H,F,A
0.5,3500,0,0.3886,H,F,A
1,3500,0,0.3857,H,F,A
1.5,3500,0,0.383,H,F,A
2,3500,0,0.3805,H,F,A
2.5,3500,0,0.3765,H,F,A
3,3500,0,0.3667,H,F,A
3.5,3500,0,0.3164,H,F,A
4,3500,0,0.2275,H,F,A
4.5,3500,0,0.1817,H,F,A
5,3500,0,0.1663,H,F,A
0,3750,0,0.3718,H,F,A
0.5,3750,0,0.3703,H,F,A
1,3750,0,0.3688,H,F,A
1.5,3750,0,0.3673,H,F,A
2,3750,0,0.3655,H,F,A
2.5,3750,0,0.3632,H,F,A
3,3750,0,0.3601,H,F,A
3.5,3750,0,0.3513,H,F,A
4,3750,0,0.3124,H,F,A
4.5,3750,0,0.2369,H,F,A
5,3750,0,0.1873,H,F,A
0,4000,0,0.3495,H,F,A
0.5,4000,0,0.3488,H,F,A
1,4000,0,0.3482,H,F,A
1.5,4000,0,0.348,H,F,A
2,4000,0,0.3472,H,F,A
2.5,4000,0,0.3465,H,F,A
3,4000,0,0.3457,H,F,A
3.5,4000,0,0.3433,H,F,A
4,4000,0,0.3358,H,F,A
4.5,4000,0,0.3053,H,F,A
5,4000,0,0.2447,H,F,A
0,4250,0,0.3269,H,F,A
0.5,4250,0,0.3266,H,F,A
1,4250,0,0.3267,H,F,A
1.5,4250,0,0.3271,H,F,A
2,4250,0,0.3271,H,F,A
2.5,4250,0,0.3274,H,F,A
3,4250,0,0.3281,H,F,A
3.5,4250,0,0.3278,H,F,A
4,4250,0,0.3262,H,F,A
4.5,4250,0,0.3197,H,F,A
5,4250,0,0.2971,H,F,A
0,4500,0,0.3051,H,F,A
0.5,4500,0,0.3051,H,F,A
1,4500,0,0.3054,H,F,A
1.5,4500,0,0.3066,H,F,A
2,4500,0,0.3069,H,F,A
2.5,4500,0,0.3084,H,F,A
3,4500,0,0.3096,H,F,A
3.5,4500,0,0.3105,H,F,A
4,4500,0,0.3104,H,F,A
4.5,4500,0,0.3094,H,F,A
5,4500,0,0.3039,H,F,A
0,4750,0,0.2841,H,F,A
0.5,4750,0,0.2845,H,F,A
1,4750,0,0.2856,H,F,A
1.5,4750,0,0.2868,H,F,A
2,4750,0,0.2879,H,F,A
2.5,4750,0,0.2894,H,F,A
3,4750,0,0.2906,H,F,A
3.5,4750,0,0.293,H,F,A
4,4750,0,0.2938,H,F,A
4.5,4750,0,0.2944,H,F,A
5,4750,0,0.2931,H,F,A
0,5000,0,0.2647,H,F,A
0.5,5000,0,0.2647,H,F,A
1,5000,0,0.2663,H,F,A
1.5,5000,0,0.2679,H,F,A
2,5000,0,0.2692,H,F,A
2.5,5000,0,0.2709,H,F,A
3,5000,0,0.273,H,F,A
3.5,5000,0,0.2754,H,F,A
4,5000,0,0.2775,H,F,A
4.5,5000,0,0.2794,H,F,A
5,5000,0,0.279,H,F,A
0,5250,0,0.2464,H,F,A
0.5,5250,0,0.2459,H,F,A
1,5250,0,0.2476,H,F,A
1.5,5250,0,0.2498,H,F,A
2,5250,0,0.2518,H,F,A
2.5,5250,0,0.254,H,F,A
3,5250,0,0.2558,H,F,A
3.5,5250,0,0.2587,H,F,A
4,5250,0,0.2618,H,F,A
4.5,5250,0,0.2642,H,F,A
5,5250,0,0.265,H,F,A
0,5500,0,0.2369,H,F,A
0.5,5500,0,0.2293,H,F,A
1,5500,0,0.2305,H,F,A
1.5,5500,0,0.2326,H,F,A
2,5500,0,0.2347,H,F,A
2.5,5500,0,0.2372,H,F,A
3,5500,0,0.2397,H,F,A
3.5,5500,0,0.2429,H,F,A
4,5500,0,0.2463,H,F,A
4.5,5500,0,0.2494,H,F,A
5,5500,0,0.2507,H,F,A
0,5750,0,0.2495,H,F,A
0.5,5750,0,0.2297,H,F,A
1,5750,0,0.2137,H,F,A
1.5,5750,0,0.2159,H,F,A
2,5750,0,0.2181,H,F,A
2.5,5750,0,0.2213,H,F,A
3,5750,0,0.2242,H,F,A
3.5,5750,0,0.2276,H,F,A
4,5750,0,0.2311,H,F,A
4.5,5750,0,0.2355,H,F,A
5,5750,0,0.2374,H,F,A
0,6000,0,0.2488,H,F,A
0.5,6000,0,0.2336,H,F,A
1,6000,0,0.2165,H,F,A
1.5,6000,0,0.1996,H,F,A
2,6000,0,0.2029,H,F,A
2.5,6000,0,0.2062,H,F,A
3,6000,0,0.2095,H,F,A
3.5,6000,0,0.2127,H,F,A
4,6000,0,0.2175,H,F,A
4.5,6000,0,0.2218,H,F,A
5,6000,0,0.2243,H,F,A
0.5,6250,0,0.2326,H,F,A
1,6250,0,0.2215,H,F,A
1.5,6250,0,0.2093,H,F,A
2,6250,0,0.188,H,F,A
2.5,6250,0,0.1918,H,F,A
3,6250,0,0.1953,H,F,A
3.5,6250,0,0.1994,H,F,A
4,6250,0,0.2046,H,F,A
4.5,6250,0,0.2091,H,F,A
5,6250,0,0.2127,H,F,A
0.5,6500,0,0.2342,H,F,A
1,6500,0,0.219,H,F,A
1.5,6500,0,0.2084,H,F,A
2,6500,0,0.1934,H,F,A
2.5,6500,0,0.1783,H,F,A
3,6500,0,0.1826,H,F,A
3.5,6500,0,0.1875,H,F,A
4,6500,0,0.1931,H,F,A
4.5,6500,0,0.1973,H,F,A
5,6500,0,0.2021,H,F,A
0.5,6750,0,0.2346,H,F,A
1,6750,0,0.2201,H,F,A
1.5,6750,0,0.2081,H,F,A
2,6750,0,0.1957,H,F,A
2.5,6750,0,0.1784,H,F,A
3,6750,0,0.1724,H,F,A
3.5,6750,0,0.1772,H,F,A
4,6750,0,0.182,H,F,A
4.5,6750,0,0.1867,H,F,A
5,6750,0,0.1925,H,F,A
0.5,7000,0,0.237,H,F,A
1,7000,0,0.2184,H,F,A
1.5,7000,0,0.2089,H,F,A
2,7000,0,0.1982,H,F,A
2.5,7000,0,0.1838,H,F,A
3,7000,0,0.1673,H,F,A
3.5,7000,0,0.1692,H,F,A
4,7000,0,0.173,H,F,A
4.5,7000,0,0.1776,H,F,A
5,7000,0,0.1839,H,F,A
0.5,7250,0,0.2406,H,F,A
1,7250,0,0.2177,H,F,A
1.5,7250,0,0.2055,H,F,A
2,7250,0,0.1997,H,F,A
2.5,7250,0,0.1896,H,F,A
3,7250,0,0.1735,H,F,A
3.5,7250,0,0.1597,H,F,A
4,7250,0,0.1661,H,F,A
4.5,7250,0,0.17,H,F,A
5,7250,0,0.176,H,F,A
0.5,7500,0,0.2486,H,F,A
1,7500,0,0.2174,H,F,A
1.5,7500,0,0.2024,H,F,A
2,7500,0,0.1946,H,F,A
2.5,7500,0,0.1913,H,F,A
3,7500,0,0.1818,H,F,A
3.5,7500,0,0.1657,H,F,A
4,7500,0,0.1609,H,F,A
4.5,7500,0,0.164,H,F,A
5,7500,0,0.1691,H,F,A
1,7750,0,0.2194,H,F,A
1.5,7750,0,0.2004,H,F,A
2,7750,0,0.1901,H,F,A
2.5,7750,0,0.185,H,F,A
3,7750,0,0.1837,H,F,A
3.5,7750,0,0.1743,H,F,A
4,7750,0,0.1606,H,F,A
4.5,7750,0,0.1614,H,F,A
5,7750,0,0.1643,H,F,A
1,8000,0,0.2249,H,F,A
1.5,8000,0,0.1997,H,F,A
2,8000,0,0.1871,H,F,A
2.5,8000,0,0.1802,H,F,A
3,8000,0,0.1772,H,F,A
3.5,8000,0,0.1771,H,F,A
4,8000,0,0.1682,H,F,A
4.5,8000,0,0.1602,H,F,A
5,8000,0,0.1603,H,F,A
1,8250,0,0.2343,H,F,A
1.5,8250,0,0.2009,H,F,A
2,8250,0,0.1849,H,F,A
2.5,8250,0,0.1761,H,F,A
3,8250,0,0.1714,H,F,A
3.5,8250,0,0.1699,H,F,A
4,8250,0,0.1719,H,F,A
4.5,8250,0,0.1649,H,F,A
5,8250,0,0.1592,H,F,A
1.5,8500,0,0.2036,H,F,A
2,8500,0,0.1841,H,F,A
2.5,8500,0,0.1733,H,F,A
3,8500,0,0.1671,H,F,A
3.5,8500,0,0.1644,H,F,A
4,8500,0,0.1641,H,F,A
4.5,8500,0,0.1676,H,F,A
5,8500,0,0.1623,H,F,A
1.5,8750,0,0.2074,H,F,A
2,8750,0,0.1846,H,F,A
2.5,8750,0,0.172,H,F,A
3,8750,0,0.1644,H,F,A
3.5,8750,0,0.1598,H,F,A
4,8750,0,0.1581,H,F,A
4.5,8750,0,0.1596,H,F,A
5,8750,0,0.1648,H,F,A
1.5,9000,0,0.2111,H,F,A
2,9000,0,0.1853,H,F,A
2.5,9000,0,0.171,H,F,A
3,9000,0,0.1622,H,F,A
3.5,9000,0,0.1565,H,F,A
4,9000,0,0.154,H,F,A
4.5,9000,0,0.1536,H,F,A
5,9000,0,0.1558,H,F,A
2,9250,0,0.1862,H,F,A
2.5,9250,0,0.1704,H,F,A
3,9250,0,0.1608,H,F,A
3.5,9250,0,0.1549,H,F,A
4,9250,0,0.1512,H,F,A
4.5,9250,0,0.1496,H,F,A
5,9250,0,0.1504,H,F,A
2,9500,0,0.1866,H,F,A
2.5,9500,0,0.1701,H,F,A
3,9500,0,0.16,H,F,A
3.5,9500,0,0.1534,H,F,A
4,9500,0,0.149,H,F,A
4.5,9500,0,0.1465,H,F,A
5,9500,0,0.1465,H,F,A
2,9750,0,0.1861,H,F,A
2.5,9750,0,0.1696,H,F,A
3,9750,0,0.159,H,F,A
3.5,9750,0,0.1519,H,F,A
4,9750,0,0.1471,H,F,A
4.5,9750,0,0.1443,H,F,A
5,9750,0,0.1438,H,F,A
2,10000,0,0.1852,H,F,A
2.5,10000,0,0.1685,H,F,A
3,10000,0,0.1579,H,F,A
3.5,10000,0,0.1506,H,F,A
4,10000,0,0.1455,H,F,A
4.5,10000,0,0.1426,H,F,A
5,10000,0,0.1416,H,F,A
2,10250,0,0.1837,H,F,A
2.5,10250,0,0.167,H,F,A
3,10250,0,0.1565,H,F,A
3.5,10250,0,0.1493,H,F,A
4,10250,0,0.1444,H,F,A
4.5,10250,0,0.1412,H,F,A
5,10250,0,0.1397,H,F,A
2,10500,0,0.182,H,F,A
2.5,10500,0,0.1649,H,F,A
3,10500,0,0.1546,H,F,A
3.5,10500,0,0.1479,H,F,A
4,10500,0,0.143,H,F,A
4.5,10500,0,0.1396,H,F,A
5,10500,0,0.1378,H,F,A
2,10750,0,0.1804,H,F,A
2.5,10750,0,0.1628,H,F,A
3,10750,0,0.1527,H,F,A
3.5,10750,0,0.1462,H,F,A
4,10750,0,0.1416,H,F,A
4.5,10750,0,0.1382,H,F,A
5,10750,0,0.1362,H,F,A
2,11000,0,0.1787,H,F,A
2.5,11000,0,0.1606,H,F,A
3,11000,0,0.1504,H,F,A
3.5,11000,0,0.1443,H,F,A
4,11000,0,0.1399,H,F,A
4.5,11000,0,0.1366,H,F,A
5,11000,0,0.1346,H,F,A
2,11250,0,0.1774,H,F,A
2.5,11250,0,0.1583,H,F,A
3,11250,0,0.1483,H,F,A
3.5,11250,0,0.1422,H,F,A
4,11250,0,0.1381,H,F,A
4.5,11250,0,0.1351,H,F,A
5,11250,0,0.1332,H,F,A
2,11500,0,0.1764,H,F,A
2.5,11500,0,0.156,H,F,A
3,11500,0,0.1457,H,F,A
3.5,11500,0,0.1398,H,F,A
4,11500,0,0.1361,H,F,A
4.5,11500,0,0.1333,H,F,A
5,11500,0,0.1316,H,F,A
2,11750,0,0.1757,H,F,A
2.5,11750,0,0.1541,H,F,A
3,11750,0,0.1435,H,F,A
3.5,11750,0,0.1376,H,F,A
4,11750,0,0.1341,H,F,A
4.5,11750,0,0.1315,H,F,A
5,11750,0,0.13,H,F,A
2,12000,0,0.1751,H,F,A
2.5,12000,0,0.1522,H,F,A
3,12000,0,0.1412,H,F,A
3.5,12000,0,0.1354,H,F,A
4,12000,0,0.1318,H,F,A
4.5,12000,0,0.1296,H,F,A
5,12000,0,0.1283,H,F,A
2,12250,0,0.1749,H,F,A
2.5,12250,0,0.1508,H,F,A
3,12250,0,0.1392,H,F,A
3.5,12250,0,0.1331,H,F,A
4,12250,0,0.1298,H,F,A
4.5,12250,0,0.1277,H,F,A
5,12250,0,0.1266,H,F,A
2,12500,0,0.1749,H,F,A
2.5,12500,0,0.1495,H,F,A
3,12500,0,0.1372,H,F,A
3.5,12500,0,0.1309,H,F,A
4,12500,0,0.1276,H,F,A
4.5,12500,0,0.1256,H,F,A
5,12500,0,0.1247,H,F,A
2,12750,0,0.1751,H,F,A
2.5,12750,0,0.1484,H,F,A
3,12750,0,0.1356,H,F,A
3.5,12750,0,0.129,H,F,A
4,12750,0,0.1255,H,F,A
4.5,12750,0,0.1237,H,F,A
5,12750,0,0.123,H,F,A
2,13000,0,0.1755,H,F,A
2.5,13000,0,0.1475,H,F,A
3,13000,0,0.134,H,F,A
3.5,13000,0,0.1271,H,F,A
4,13000,0,0.1236,H,F,A
4.5,13000,0,0.1217,H,F,A
5,13000,0,0.1212,H,F,A
2,14000,0,0.1795,H,F,A
2.5,14000,0,0.1452,H,F,A
3,14000,0,0.1293,H,F,A
3.5,14000,0,0.121,H,F,A
4,14000,0,0.117,H,F,A
4.5,14000,0,0.1151,H,F,A
5,14000,0,0.1146,H,F,A
2,15000,0,0.1872,H,F,A
2.5,15000,0,0.1448,H,F,A
3,15000,0,0.1264,H,F,A
3.5,15000,0,0.1167,H,F,A
4,15000,0,0.1118,H,F,A
4.5,15000,0,0.1094,H,F,A
5,15000,0,0.1089,H,F,A
2,16000,0,0.2019,H,F,A
2.5,16000,0,0.1461,H,F,A
3,16000,0,0.1247,H,F,A
3.5,16000,0,0.1138,H,F,A
4,16000,0,0.1081,H,F,A
4.5,16000,0,0.1053,H,F,A
5,16000,0,0.1044,H,F,A
2.5,17000,0,0.1491,H,F,A
3,17000,0,0.1238,H,F,A
3.5,17000,0,0.1118,H,F,A
4,17000,0,0.1053,H,F,A
4.5,17000,0,0.1023,H,F,A
5,17000,0,0.1007,H,F,A
2.5,18000,0,0.1553,H,F,A
3,18000,0,0.1248,H,F,A
3.5,18000,0,0.1115,H,F,A
4,18000,0,0.1045,H,F,A
4.5,18000,0,0.1009,H,F,A
5,18000,0,0.0993,H,F,A
2.5,19000,0,0.1617,H,F,A
3,19000,0,0.1252,H,F,A
3.5,19000,0,0.1096,H,F,A
4,19000,0,0.1019,H,F,A
4.5,19000,0,0.0977,H,F,A
5,19000,0,0.0957,H,F,A
3,20000,0,0.1275,H,F,A
3.5,20000,0,0.1096,H,F,A
4,20000,0,0.1006,H,F,A
4.5,20000,0,0.0962,H,F,A
5,20000,0,0.0942,H,F,A
3,21000,0,0.1307,H,F,A
3.5,21000,0,0.1105,H,F,A
4,21000,0,0.1005,H,F,A
4.5,21000,0,0.0955,H,F,A
5,21000,0,0.0931,H,F,A
3,22000,0,0.1328,H,F,A
3.5,22000,0,0.112,H,F,A
4,22000,0,0.1008,H,F,A
4.5,22000,0,0.0952,H,F,A
5,22000,0,0.0926,H,F,A
3,23000,0,0.135,H,F,A
3.5,23000,0,0.1128,H,F,A
4,23000,0,0.1017,H,F,A
4.5,23000,0,0.0955,H,F,A
5,23000,0,0.0927,H,F,A
3,24000,0,0.1384,H,F,A
3.5,24000,0,0.1135,H,F,A
4,24000,0,0.1024,H,F,A
4.5,24000,0,0.0962,H,F,A
5,24000,0,0.093,H,F,A
3,25000,0,0.1438,H,F,A
3.5,25000,0,0.1142,H,F,A
4,25000,0,0.1029,H,F,A
4.5,25000,0,0.0972,H,F,A
5,25000,0,0.0939,H,F,A
3,26000,0,0.1512,H,F,A
3.5,26000,0,0.1154,H,F,A
4,26000,0,0.103,H,F,A
4.5,26000,0,0.0974,H,F,A
5,26000,0,0.0945,H,F,A
3.5,27000,0,0.1177,H,F,A
4,27000,0,0.1033,H,F,A
4.5,27000,0,0.0974,H,F,A
5,27000,0,0.0949,H,F,A
3.5,28000,0,0.1197,H,F,A
4,28000,0,0.104,H,F,A
4.5,28000,0,0.0973,H,F,A
5,28000,0,0.0948,H,F,A
3.5,29000,0,0.1209,H,F,A
4,29000,0,0.1047,H,F,A
4.5,29000,0,0.0972,H,F,A
5,29000,0,0.0942,H,F,A
3.5,30000,0,0.1216,H,F,A
4,30000,0,0.1045,H,F,A
4.5,30000,0,0.0968,H,F,A
5,30000,0,0.0936,H,F,A
3.5,31000,0,0.1222,H,F,A
4,31000,0,0.1035,H,F,A
4.5,31000,0,0.0958,H,F,A
5,31000,0,0.0922,H,F,A
4,32000,0,0.1022,H,F,A
4.5,32000,0,0.0941,H,F,A
5,32000,0,0.0904,H,F,A
4,33000,0,0.101,H,F,A
4.5,33000,0,0.0922,H,F,A
5,33000,0,0.0882,H,F,A
4,34000,0,0.0994,H,F,A
4.5,34000,0,0.09,H,F,A
5,34000,0,0.0856,H,F,A
4,35000,0,0.0974,H,F,A
4.5,35000,0,0.0878,H,F,A
5,35000,0,0.0831,H,F,A
4,36000,0,0.0949,H,F,A
4.5,36000,0,0.0855,H,F,A
5,36000,0,0.0807,H,F,A
4,37000,0,0.0929,H,F,A
4.5,37000,0,0.0828,H,F,A
5,37000,0,0.0781,H,F,A
4,38000,0,0.0921,H,F,A
4.5,38000,0,0.0802,H,F,A
5,38000,0,0.0752,H,F,A
4,39000,0,0.0923,H,F,A
4.5,39000,0,0.0779,H,F,A
5,39000,0,0.0726,H,F,A
4,40000,0,0.0932,H,F,A
4.5,40000,0,0.0765,H,F,A
5,40000,0,0.0703,H,F,A
4.5,41000,0,0.0759,H,F,A
5,41000,0,0.0686,H,F,A
4.5,42000,0,0.0757,H,F,A
5,42000,0,0.0675,H,F,A
4.5,43000,0,0.0759,H,F,A
5,43000,0,0.0669,H,F,A
4.5,44000,0,0.0759,H,F,A
5,44000,0,0.0664,H,F,A
4.5,45000,0,0.0761,H,F,A
5,45000,0,0.0662,H,F,A
4.5,46000,0,0.076,H,F,A
5,46000,0,0.066,H,F,A
4.5,47000,0,0.0761,H,F,A
5,47000,0,0.0657,H,F,A
4.5,48000,0,0.0763,H,F,A
5,48000,0,0.0655,H,F,A
4.5,49000,0,0.0766,H,F,A
5,49000,0,0.0652,H,F,A
4.5,50000,0,0.0771,H,F,A
5,50000,0,0.0649,H,F,A
0,3500,0,0.3913,H,F,A
0.5,3500,0,0.3884,H,F,A
1,3500,0,0.3856,H,F,A
1.5,3500,0,0.3827,H,F,A
2,3500,0,0.3805,H,F,A
2.5,3500,0,0.3764,H,F,A
3,3500,0,0.3664,H,F,A
3.5,3500,0,0.3172,H,F,A
4,3500,0,0.2278,H,F,A
4.5,3500,0,0.1819,H,F,A
5,3500,0,0.1663,H,F,A
0,3750,0,0.3717,H,F,A
0.5,3750,0,0.37,H,F,A
1,3750,0,0.3686,H,F,A
1.5,3750,0,0.3671,H,F,A
2,3750,0,0.3654,H,F,A
2.5,3750,0,0.3634,H,F,A
3,3750,0,0.3598,H,F,A
3.5,3750,0,0.3512,H,F,A
4,3750,0,0.3128,H,F,A
4.5,3750,0,0.237,H,F,A
5,3750,0,0.1871,H,F,A
0,4000,0,0.3493,H,F,A
0.5,4000,0,0.3485,H,F,A
1,4000,0,0.3481,H,F,A
1.5,4000,0,0.3476,H,F,A
2,4000,0,0.3473,H,F,A
2.5,4000,0,0.3467,H,F,A
3,4000,0,0.3453,H,F,A
3.5,4000,0,0.3429,H,F,A
4,4000,0,0.3354,H,F,A
4.5,4000,0,0.3055,H,F,A
5,4000,0,0.245,H,F,A
0,4250,0,0.3265,H,F,A
0.5,4250,0,0.3261,H,F,A
1,4250,0,0.3263,H,F,A
1.5,4250,0,0.3267,H,F,A
2,4250,0,0.327,H,F,A
2.5,4250,0,0.3275,H,F,A
3,4250,0,0.3279,H,F,A
3.5,4250,0,0.3271,H,F,A
4,4250,0,0.3257,H,F,A
4.5,4250,0,0.3195,H,F,A
5,4250,0,0.297,H,F,A
0,4500,0,0.3049,H,F,A
0.5,4500,0,0.3046,H,F,A
1,4500,0,0.3053,H,F,A
1.5,4500,0,0.306,H,F,A
2,4500,0,0.3066,H,F,A
2.5,4500,0,0.3081,H,F,A
3,4500,0,0.3093,H,F,A
3.5,4500,0,0.3098,H,F,A
4,4500,0,0.3101,H,F,A
4.5,4500,0,0.3091,H,F,A
5,4500,0,0.3037,H,F,A
0,4750,0,0.2837,H,F,A
0.5,4750,0,0.2837,H,F,A
1,4750,0,0.2846,H,F,A
1.5,4750,0,0.2862,H,F,A
2,4750,0,0.2874,H,F,A
2.5,4750,0,0.289,H,F,A
3,4750,0,0.2905,H,F,A
3.5,4750,0,0.2925,H,F,A
4,4750,0,0.2937,H,F,A
4.5,4750,0,0.294,H,F,A
5,4750,0,0.2928,H,F,A
0,5000,0,0.2642,H,F,A
0.5,5000,0,0.2641,H,F,A
1,5000,0,0.2655,H,F,A
1.5,5000,0,0.2671,H,F,A
2,5000,0,0.269,H,F,A
2.5,5000,0,0.2704,H,F,A
3,5000,0,0.2726,H,F,A
3.5,5000,0,0.2753,H,F,A
4,5000,0,0.2771,H,F,A
4.5,5000,0,0.2786,H,F,A
5,5000,0,0.2785,H,F,A
0,5250,0,0.2458,H,F,A
0.5,5250,0,0.2453,H,F,A
1,5250,0,0.2467,H,F,A
1.5,5250,0,0.249,H,F,A
2,5250,0,0.2512,H,F,A
2.5,5250,0,0.2534,H,F,A
3,5250,0,0.2556,H,F,A
3.5,5250,0,0.2585,H,F,A
4,5250,0,0.2611,H,F,A
4.5,5250,0,0.2636,H,F,A
5,5250,0,0.2644,H,F,A
0,5500,0,0.2417,H,F,A
0.5,5500,0,0.2284,H,F,A
1,5500,0,0.2297,H,F,A
1.5,5500,0,0.2319,H,F,A
2,5500,0,0.2346,H,F,A
2.5,5500,0,0.2369,H,F,A
3,5500,0,0.2393,H,F,A
3.5,5500,0,0.2426,H,F,A
4,5500,0,0.2459,H,F,A
4.5,5500,0,0.2487,H,F,A
5,5500,0,0.2503,H,F,A
0,5750,0,0.2494,H,F,A
0.5,5750,0,0.2298,H,F,A
1,5750,0,0.2131,H,F,A
1.5,5750,0,0.2154,H,F,A
2,5750,0,0.2179,H,F,A
2.5,5750,0,0.2205,H,F,A
3,5750,0,0.2238,H,F,A
3.5,5750,0,0.2274,H,F,A
4,5750,0,0.2311,H,F,A
4.5,5750,0,0.2349,H,F,A
5,5750,0,0.237,H,F,A
0,6000,0,0.2489,H,F,A
0.5,6000,0,0.2344,H,F,A
1,6000,0,0.2212,H,F,A
1.5,6000,0,0.199,H,F,A
2,6000,0,0.2021,H,F,A
2.5,6000,0,0.2057,H,F,A
3,6000,0,0.2093,H,F,A
3.5,6000,0,0.2128,H,F,A
4,6000,0,0.217,H,F,A
4.5,6000,0,0.2214,H,F,A
5,6000,0,0.2243,H,F,A
0.5,6250,0,0.2327,H,F,A
1,6250,0,0.2213,H,F,A
1.5,6250,0,0.2068,H,F,A
2,6250,0,0.1876,H,F,A
2.5,6250,0,0.1915,H,F,A
3,6250,0,0.1953,H,F,A
3.5,6250,0,0.1996,H,F,A
4,6250,0,0.2044,H,F,A
4.5,6250,0,0.209,H,F,A
5,6250,0,0.2125,H,F,A
0.5,6500,0,0.2338,H,F,A
1,6500,0,0.2193,H,F,A
1.5,6500,0,0.2079,H,F,A
2,6500,0,0.1906,H,F,A
2.5,6500,0,0.1786,H,F,A
3,6500,0,0.1827,H,F,A
3.5,6500,0,0.1874,H,F,A
4,6500,0,0.1929,H,F,A
4.5,6500,0,0.1976,H,F,A
5,6500,0,0.202,H,F,A
0.5,6750,0,0.2344,H,F,A
1,6750,0,0.2196,H,F,A
1.5,6750,0,0.2082,H,F,A
2,6750,0,0.1962,H,F,A
2.5,6750,0,0.1773,H,F,A
3,6750,0,0.1722,H,F,A
3.5,6750,0,0.1768,H,F,A
4,6750,0,0.1824,H,F,A
4.5,6750,0,0.1874,H,F,A
5,6750,0,0.1925,H,F,A
0.5,7000,0,0.2367,H,F,A
1,7000,0,0.218,H,F,A
1.5,7000,0,0.2084,H,F,A
2,7000,0,0.1982,H,F,A
2.5,7000,0,0.1847,H,F,A
3,7000,0,0.1679,H,F,A
3.5,7000,0,0.169,H,F,A
4,7000,0,0.1732,H,F,A
4.5,7000,0,0.1781,H,F,A
5,7000,0,0.1839,H,F,A
0.5,7250,0,0.2405,H,F,A
1,7250,0,0.2172,H,F,A
1.5,7250,0,0.2051,H,F,A
2,7250,0,0.1992,H,F,A
2.5,7250,0,0.1894,H,F,A
3,7250,0,0.1739,H,F,A
3.5,7250,0,0.1596,H,F,A
4,7250,0,0.1661,H,F,A
4.5,7250,0,0.17,H,F,A
5,7250,0,0.176,H,F,A
0.5,7500,0,0.2489,H,F,A
1,7500,0,0.2173,H,F,A
1.5,7500,0,0.2022,H,F,A
2,7500,0,0.1942,H,F,A
2.5,7500,0,0.1908,H,F,A
3,7500,0,0.1813,H,F,A
3.5,7500,0,0.1656,H,F,A
4,7500,0,0.1615,H,F,A
4.5,7500,0,0.1638,H,F,A
5,7500,0,0.1692,H,F,A
1,7750,0,0.2194,H,F,A
1.5,7750,0,0.2002,H,F,A
2,7750,0,0.1899,H,F,A
2.5,7750,0,0.1847,H,F,A
3,7750,0,0.1832,H,F,A
3.5,7750,0,0.1745,H,F,A
4,7750,0,0.1597,H,F,A
4.5,7750,0,0.1606,H,F,A
5,7750,0,0.1641,H,F,A
1,8000,0,0.2251,H,F,A
1.5,8000,0,0.1997,H,F,A
2,8000,0,0.1868,H,F,A
2.5,8000,0,0.18,H,F,A
3,8000,0,0.1769,H,F,A
3.5,8000,0,0.1767,H,F,A
4,8000,0,0.1681,H,F,A
4.5,8000,0,0.1576,H,F,A
5,8000,0,0.16,H,F,A
1,8250,0,0.2348,H,F,A
1.5,8250,0,0.201,H,F,A
2,8250,0,0.1849,H,F,A
2.5,8250,0,0.1759,H,F,A
3,8250,0,0.1712,H,F,A
3.5,8250,0,0.1696,H,F,A
4,8250,0,0.1711,H,F,A
4.5,8250,0,0.1643,H,F,A
5,8250,0,0.1587,H,F,A
1.5,8500,0,0.2038,H,F,A
2,8500,0,0.1842,H,F,A
2.5,8500,0,0.1733,H,F,A
3,8500,0,0.167,H,F,A
3.5,8500,0,0.1641,H,F,A
4,8500,0,0.1638,H,F,A
4.5,8500,0,0.1665,H,F,A
5,8500,0,0.1618,H,F,A
1,8750,0,0.2614,H,F,A
1.5,8750,0,0.2077,H,F,A
2,8750,0,0.1848,H,F,A
2.5,8750,0,0.1721,H,F,A
3,8750,0,0.1644,H,F,A
3.5,8750,0,0.1596,H,F,A
4,8750,0,0.1579,H,F,A
4.5,8750,0,0.1593,H,F,A
5,8750,0,0.1636,H,F,A
1.5,9000,0,0.2113,H,F,A
2,9000,0,0.1856,H,F,A
2.5,9000,0,0.1712,H,F,A
3,9000,0,0.1622,H,F,A
3.5,9000,0,0.1566,H,F,A
4,9000,0,0.1539,H,F,A
4.5,9000,0,0.1535,H,F,A
5,9000,0,0.1555,H,F,A
2,9250,0,0.1864,H,F,A
2.5,9250,0,0.1706,H,F,A
3,9250,0,0.161,H,F,A
3.5,9250,0,0.1549,H,F,A
4,9250,0,0.1511,H,F,A
4.5,9250,0,0.1495,H,F,A
5,9250,0,0.1502,H,F,A
2,9500,0,0.1868,H,F,A
2.5,9500,0,0.1704,H,F,A
3,9500,0,0.1602,H,F,A
3.5,9500,0,0.1534,H,F,A
4,9500,0,0.1489,H,F,A
4.5,9500,0,0.1465,H,F,A
5,9500,0,0.1463,H,F,A
2,9750,0,0.1865,H,F,A
2.5,9750,0,0.1699,H,F,A
3,9750,0,0.1592,H,F,A
3.5,9750,0,0.152,H,F,A
4,9750,0,0.1472,H,F,A
4.5,9750,0,0.1443,H,F,A
5,9750,0,0.1437,H,F,A
2,10000,0,0.1856,H,F,A
2.5,10000,0,0.1687,H,F,A
3,10000,0,0.1582,H,F,A
3.5,10000,0,0.1507,H,F,A
4,10000,0,0.1456,H,F,A
4.5,10000,0,0.1425,H,F,A
5,10000,0,0.1415,H,F,A
2,10250,0,0.1841,H,F,A
2.5,10250,0,0.1672,H,F,A
3,10250,0,0.1567,H,F,A
3.5,10250,0,0.1495,H,F,A
4,10250,0,0.1445,H,F,A
4.5,10250,0,0.1413,H,F,A
5,10250,0,0.1396,H,F,A
2,10500,0,0.1821,H,F,A
2.5,10500,0,0.1651,H,F,A
3,10500,0,0.1549,H,F,A
3.5,10500,0,0.1481,H,F,A
4,10500,0,0.1431,H,F,A
4.5,10500,0,0.1397,H,F,A
5,10500,0,0.1378,H,F,A
2,10750,0,0.1806,H,F,A
2.5,10750,0,0.163,H,F,A
3,10750,0,0.1529,H,F,A
3.5,10750,0,0.1464,H,F,A
4,10750,0,0.1418,H,F,A
4.5,10750,0,0.1382,H,F,A
5,10750,0,0.1361,H,F,A
2,11000,0,0.1789,H,F,A
2.5,11000,0,0.1607,H,F,A
3,11000,0,0.1506,H,F,A
3.5,11000,0,0.1444,H,F,A
4,11000,0,0.14,H,F,A
4.5,11000,0,0.1367,H,F,A
5,11000,0,0.1346,H,F,A
2,11250,0,0.1776,H,F,A
2.5,11250,0,0.1584,H,F,A
3,11250,0,0.1483,H,F,A
3.5,11250,0,0.1423,H,F,A
4,11250,0,0.1383,H,F,A
4.5,11250,0,0.1352,H,F,A
5,11250,0,0.1333,H,F,A
2,11500,0,0.1764,H,F,A
2.5,11500,0,0.1561,H,F,A
3,11500,0,0.1458,H,F,A
3.5,11500,0,0.1399,H,F,A
4,11500,0,0.1362,H,F,A
4.5,11500,0,0.1335,H,F,A
5,11500,0,0.1316,H,F,A
2,11750,0,0.1757,H,F,A
2.5,11750,0,0.154,H,F,A
3,11750,0,0.1434,H,F,A
3.5,11750,0,0.1377,H,F,A
4,11750,0,0.1342,H,F,A
4.5,11750,0,0.1317,H,F,A
5,11750,0,0.1301,H,F,A
2,12000,0,0.1752,H,F,A
2.5,12000,0,0.1522,H,F,A
3,12000,0,0.1411,H,F,A
3.5,12000,0,0.1352,H,F,A
4,12000,0,0.1319,H,F,A
4.5,12000,0,0.1297,H,F,A
5,12000,0,0.1283,H,F,A
2,12250,0,0.175,H,F,A
2.5,12250,0,0.1508,H,F,A
3,12250,0,0.1392,H,F,A
3.5,12250,0,0.1331,H,F,A
4,12250,0,0.1298,H,F,A
4.5,12250,0,0.1277,H,F,A
5,12250,0,0.1266,H,F,A
2,12500,0,0.175,H,F,A
2.5,12500,0,0.1494,H,F,A
3,12500,0,0.1372,H,F,A
3.5,12500,0,0.1309,H,F,A
4,12500,0,0.1275,H,F,A
4.5,12500,0,0.1256,H,F,A
5,12500,0,0.1248,H,F,A
2,12750,0,0.1753,H,F,A
2.5,12750,0,0.1485,H,F,A
3,12750,0,0.1356,H,F,A
3.5,12750,0,0.1289,H,F,A
4,12750,0,0.1255,H,F,A
4.5,12750,0,0.1237,H,F,A
5,12750,0,0.123,H,F,A
2,13000,0,0.1756,H,F,A
2.5,13000,0,0.1475,H,F,A
3,13000,0,0.134,H,F,A
3.5,13000,0,0.1271,H,F,A
4,13000,0,0.1235,H,F,A
4.5,13000,0,0.1217,H,F,A
5,13000,0,0.1212,H,F,A
2,14000,0,0.1798,H,F,A
2.5,14000,0,0.1451,H,F,A
3,14000,0,0.1293,H,F,A
3.5,14000,0,0.1209,H,F,A
4,14000,0,0.1169,H,F,A
4.5,14000,0,0.1149,H,F,A
5,14000,0,0.1145,H,F,A
2,15000,0,0.1877,H,F,A
2.5,15000,0,0.1447,H,F,A
3,15000,0,0.1264,H,F,A
3.5,15000,0,0.1166,H,F,A
4,15000,0,0.1116,H,F,A
4.5,15000,0,0.1093,H,F,A
5,15000,0,0.1087,H,F,A
2,16000,0,0.2028,H,F,A
2.5,16000,0,0.1461,H,F,A
3,16000,0,0.1246,H,F,A
3.5,16000,0,0.1136,H,F,A
4,16000,0,0.1079,H,F,A
4.5,16000,0,0.1052,H,F,A
5,16000,0,0.1043,H,F,A
2.5,17000,0,0.1493,H,F,A
3,17000,0,0.1237,H,F,A
3.5,17000,0,0.1116,H,F,A
4,17000,0,0.1051,H,F,A
4.5,17000,0,0.1021,H,F,A
5,17000,0,0.1006,H,F,A
2.5,18000,0,0.1547,H,F,A
3,18000,0,0.1241,H,F,A
3.5,18000,0,0.1103,H,F,A
4,18000,0,0.103,H,F,A
4.5,18000,0,0.0996,H,F,A
5,18000,0,0.0978,H,F,A
2.5,19000,0,0.1624,H,F,A
3,19000,0,0.1254,H,F,A
3.5,19000,0,0.1097,H,F,A
4,19000,0,0.1017,H,F,A
4.5,19000,0,0.0975,H,F,A
5,19000,0,0.0957,H,F,A
3,20000,0,0.128,H,F,A
3.5,20000,0,0.1096,H,F,A
4,20000,0,0.1008,H,F,A
4.5,20000,0,0.096,H,F,A
5,20000,0,0.0941,H,F,A
3,21000,0,0.1308,H,F,A
3.5,21000,0,0.1107,H,F,A
4,21000,0,0.1004,H,F,A
4.5,21000,0,0.0952,H,F,A
5,21000,0,0.0932,H,F,A
3,22000,0,0.1332,H,F,A
3.5,22000,0,0.1119,H,F,A
4,22000,0,0.1008,H,F,A
4.5,22000,0,0.0948,H,F,A
5,22000,0,0.0924,H,F,A
3,23000,0,0.135,H,F,A
3.5,23000,0,0.113,H,F,A
4,23000,0,0.1016,H,F,A
4.5,23000,0,0.0954,H,F,A
5,23000,0,0.0924,H,F,A
3,24000,0,0.1383,H,F,A
3.5,24000,0,0.1134,H,F,A
4,24000,0,0.1024,H,F,A
4.5,24000,0,0.0961,H,F,A
5,24000,0,0.093,H,F,A
3,25000,0,0.1442,H,F,A
3.5,25000,0,0.1142,H,F,A
4,25000,0,0.1026,H,F,A
4.5,25000,0,0.0969,H,F,A
5,25000,0,0.094,H,F,A
3,26000,0,0.1513,H,F,A
3.5,26000,0,0.1153,H,F,A
4,26000,0,0.1029,H,F,A
4.5,26000,0,0.0972,H,F,A
5,26000,0,0.0943,H,F,A
3.5,27000,0,0.1175,H,F,A
4,27000,0,0.1032,H,F,A
4.5,27000,0,0.0972,H,F,A
5,27000,0,0.0947,H,F,A
3.5,28000,0,0.1198,H,F,A
4,28000,0,0.104,H,F,A
4.5,28000,0,0.0973,H,F,A
5,28000,0,0.0945,H,F,A
3.5,29000,0,0.121,H,F,A
4,29000,0,0.1047,H,F,A
4.5,29000,0,0.0972,H,F,A
5,29000,0,0.094,H,F,A
3.5,30000,0,0.1216,H,F,A
4,30000,0,0.1044,H,F,A
4.5,30000,0,0.0968,H,F,A
5,30000,0,0.0933,H,F,A
3.5,31000,0,0.1224,H,F,A
4,31000,0,0.1034,H,F,A
4.5,31000,0,0.0959,H,F,A
5,31000,0,0.0921,H,F,A
4,32000,0,0.1023,H,F,A
4.5,32000,0,0.094,H,F,A
5,32000,0,0.0904,H,F,A
4,33000,0,0.101,H,F,A
4.5,33000,0,0.0922,H,F,A
5,33000,0,0.0882,H,F,A
4,34000,0,0.0996,H,F,A
4.5,34000,0,0.09,H,F,A
5,34000,0,0.0856,H,F,A
4,35000,0,0.0975,H,F,A
4.5,35000,0,0.0879,H,F,A
5,35000,0,0.083,H,F,A
4,36000,0,0.0952,H,F,A
4.5,36000,0,0.0856,H,F,A
5,36000,0,0.0807,H,F,A
4,37000,0,0.0931,H,F,A
4.5,37000,0,0.0829,H,F,A
5,37000,0,0.0781,H,F,A
4,38000,0,0.0923,H,F,A
4.5,38000,0,0.0803,H,F,A
5,38000,0,0.0752,H,F,A
4,39000,0,0.0926,H,F,A
4.5,39000,0,0.0781,H,F,A
5,39000,0,0.0727,H,F,A
4.5,40000,0,0.0766,H,F,A
5,40000,0,0.0704,H,F,A
4.5,41000,0,0.076,H,F,A
5,41000,0,0.0687,H,F,A
4.5,42000,0,0.0759,H,F,A
5,42000,0,0.0677,H,F,A
4.5,43000,0,0.076,H,F,A
5,43000,0,0.067,H,F,A
4.5,44000,0,0.0761,H,F,A
5,44000,0,0.0665,H,F,A
4.5,45000,0,0.0761,H,F,A
5,45000,0,0.0663,H,F,A
4.5,46000,0,0.0761,H,F,A
5,46000,0,0.066,H,F,A
4.5,47000,0,0.0763,H,F,A
5,47000,0,0.0658,H,F,A
4.5,48000,0,0.0764,H,F,A
5,48000,0,0.0655,H,F,A
4.5,49000,0,0.0767,H,F,A
5,49000,0,0.0653,H,F,A
4.5,50000,0,0.0771,H,F,A
5,50000,0,0.065,H,F,A
0,3500,0,0.3914,H,F,A
0.5,3500,0,0.3883,H,F,A
1,3500,0,0.3856,H,F,A
1.5,3500,0,0.3831,H,F,A
2,3500,0,0.3804,H,F,A
2.5,3500,0,0.3764,H,F,A
3,3500,0,0.3667,H,F,A
3.5,3500,0,0.3193,H,F,A
4,3500,0,0.2295,H,F,A
4.5,3500,0,0.1821,H,F,A
5,3500,0,0.1665,H,F,A
0,3750,0,0.3721,H,F,A
0.5,3750,0,0.3707,H,F,A
1,3750,0,0.369,H,F,A
1.5,3750,0,0.3676,H,F,A
2,3750,0,0.3657,H,F,A
2.5,3750,0,0.3635,H,F,A
3,3750,0,0.3602,H,F,A
3.5,3750,0,0.3516,H,F,A
4,3750,0,0.3139,H,F,A
4.5,3750,0,0.2387,H,F,A
5,3750,0,0.1878,H,F,A
0,4000,0,0.3498,H,F,A
0.5,4000,0,0.3492,H,F,A
1,4000,0,0.3483,H,F,A
1.5,4000,0,0.3481,H,F,A
2,4000,0,0.3475,H,F,A
2.5,4000,0,0.3466,H,F,A
3,4000,0,0.3457,H,F,A
3.5,4000,0,0.3434,H,F,A
4,4000,0,0.3358,H,F,A
4.5,4000,0,0.3063,H,F,A
5,4000,0,0.2462,H,F,A
0,4250,0,0.3268,H,F,A
0.5,4250,0,0.3263,H,F,A
1,4250,0,0.3266,H,F,A
1.5,4250,0,0.327,H,F,A
2,4250,0,0.327,H,F,A
2.5,4250,0,0.3273,H,F,A
3,4250,0,0.3281,H,F,A
3.5,4250,0,0.3277,H,F,A
4,4250,0,0.3262,H,F,A
4.5,4250,0,0.3195,H,F,A
5,4250,0,0.2974,H,F,A
0,4500,0,0.3043,H,F,A
0.5,4500,0,0.3043,H,F,A
1,4500,0,0.3047,H,F,A
1.5,4500,0,0.3056,H,F,A
2,4500,0,0.3065,H,F,A
2.5,4500,0,0.308,H,F,A
3,4500,0,0.3093,H,F,A
3.5,4500,0,0.3101,H,F,A
4,4500,0,0.3102,H,F,A
4.5,4500,0,0.3092,H,F,A
5,4500,0,0.3038,H,F,A
0,4750,0,0.283,H,F,A
0.5,4750,0,0.2832,H,F,A
1,4750,0,0.2843,H,F,A
1.5,4750,0,0.2858,H,F,A
2,4750,0,0.2874,H,F,A
2.5,4750,0,0.2888,H,F,A
3,4750,0,0.29,H,F,A
3.5,4750,0,0.2924,H,F,A
4,4750,0,0.2932,H,F,A
4.5,4750,0,0.294,H,F,A
5,4750,0,0.293,H,F,A
0,5000,0,0.2632,H,F,A
0.5,5000,0,0.2631,H,F,A
1,5000,0,0.2645,H,F,A
1.5,5000,0,0.2664,H,F,A
2,5000,0,0.2682,H,F,A
2.5,5000,0,0.2702,H,F,A
3,5000,0,0.272,H,F,A
3.5,5000,0,0.2748,H,F,A
4,5000,0,0.2769,H,F,A
4.5,5000,0,0.2787,H,F,A
5,5000,0,0.2784,H,F,A
0,5250,0,0.245,H,F,A
0.5,5250,0,0.2443,H,F,A
1,5250,0,0.2458,H,F,A
1.5,5250,0,0.2481,H,F,A
2,5250,0,0.2505,H,F,A
2.5,5250,0,0.2528,H,F,A
3,5250,0,0.2548,H,F,A
3.5,5250,0,0.2576,H,F,A
4,5250,0,0.2609,H,F,A
4.5,5250,0,0.2632,H,F,A
5,5250,0,0.2642,H,F,A
0,5500,0,0.2449,H,F,A
0.5,5500,0,0.2272,H,F,A
1,5500,0,0.2286,H,F,A
1.5,5500,0,0.2306,H,F,A
2,5500,0,0.2331,H,F,A
2.5,5500,0,0.2354,H,F,A
3,5500,0,0.2382,H,F,A
3.5,5500,0,0.2416,H,F,A
4,5500,0,0.2452,H,F,A
4.5,5500,0,0.2483,H,F,A
5,5500,0,0.25,H,F,A
0,5750,0,0.248,H,F,A
0.5,5750,0,0.2321,H,F,A
1,5750,0,0.2117,H,F,A
1.5,5750,0,0.2146,H,F,A
2,5750,0,0.2168,H,F,A
2.5,5750,0,0.2197,H,F,A
3,5750,0,0.2226,H,F,A
3.5,5750,0,0.2262,H,F,A
4,5750,0,0.2299,H,F,A
4.5,5750,0,0.2343,H,F,A
5,5750,0,0.2363,H,F,A
0,6000,0,0.2479,H,F,A
0.5,6000,0,0.2338,H,F,A
1,6000,0,0.2221,H,F,A
1.5,6000,0,0.1976,H,F,A
2,6000,0,0.2012,H,F,A
2.5,6000,0,0.2045,H,F,A
3,6000,0,0.208,H,F,A
3.5,6000,0,0.211,H,F,A
4,6000,0,0.2159,H,F,A
4.5,6000,0,0.2206,H,F,A
5,6000,0,0.223,H,F,A
0.5,6250,0,0.2314,H,F,A
1,6250,0,0.22,H,F,A
1.5,6250,0,0.2054,H,F,A
2,6250,0,0.1865,H,F,A
2.5,6250,0,0.1899,H,F,A
3,6250,0,0.1938,H,F,A
3.5,6250,0,0.198,H,F,A
4,6250,0,0.2034,H,F,A
4.5,6250,0,0.2079,H,F,A
5,6250,0,0.2116,H,F,A
0.5,6500,0,0.2332,H,F,A
1,6500,0,0.218,H,F,A
1.5,6500,0,0.2083,H,F,A
2,6500,0,0.1904,H,F,A
2.5,6500,0,0.1773,H,F,A
3,6500,0,0.1808,H,F,A
3.5,6500,0,0.1863,H,F,A
4,6500,0,0.192,H,F,A
4.5,6500,0,0.1972,H,F,A
5,6500,0,0.2014,H,F,A
0.5,6750,0,0.2337,H,F,A
1,6750,0,0.2188,H,F,A
1.5,6750,0,0.2079,H,F,A
2,6750,0,0.1969,H,F,A
2.5,6750,0,0.178,H,F,A
3,6750,0,0.1716,H,F,A
3.5,6750,0,0.1761,H,F,A
4,6750,0,0.1817,H,F,A
4.5,6750,0,0.1869,H,F,A
5,6750,0,0.1918,H,F,A
0.5,7000,0,0.2365,H,F,A
1,7000,0,0.2175,H,F,A
1.5,7000,0,0.2077,H,F,A
2,7000,0,0.1982,H,F,A
2.5,7000,0,0.1855,H,F,A
3,7000,0,0.1667,H,F,A
3.5,7000,0,0.1683,H,F,A
4,7000,0,0.1727,H,F,A
4.5,7000,0,0.1777,H,F,A
5,7000,0,0.1833,H,F,A
0.5,7250,0,0.2402,H,F,A
1,7250,0,0.2166,H,F,A
1.5,7250,0,0.2046,H,F,A
2,7250,0,0.1986,H,F,A
2.5,7250,0,0.1895,H,F,A
3,7250,0,0.1743,H,F,A
3.5,7250,0,0.1616,H,F,A
4,7250,0,0.1648,H,F,A
4.5,7250,0,0.1695,H,F,A
5,7250,0,0.1755,H,F,A
0.5,7500,0,0.2494,H,F,A
1,7500,0,0.2169,H,F,A
1.5,7500,0,0.2018,H,F,A
2,7500,0,0.1936,H,F,A
2.5,7500,0,0.1901,H,F,A
3,7500,0,0.1814,H,F,A
3.5,7500,0,0.1658,H,F,A
4,7500,0,0.1581,H,F,A
4.5,7500,0,0.1636,H,F,A
5,7500,0,0.1685,H,F,A
1,7750,0,0.2194,H,F,A
1.5,7750,0,0.1997,H,F,A
2,7750,0,0.1895,H,F,A
2.5,7750,0,0.1842,H,F,A
3,7750,0,0.1826,H,F,A
3.5,7750,0,0.1749,H,F,A
4,7750,0,0.1594,H,F,A
4.5,7750,0,0.1599,H,F,A
5,7750,0,0.1635,H,F,A
1,8000,0,0.2256,H,F,A
1.5,8000,0,0.1997,H,F,A
2,8000,0,0.1866,H,F,A
2.5,8000,0,0.1797,H,F,A
3,8000,0,0.1763,H,F,A
3.5,8000,0,0.176,H,F,A
4,8000,0,0.1683,H,F,A
4.5,8000,0,0.1588,H,F,A
5,8000,0,0.1594,H,F,A
1,8250,0,0.2358,H,F,A
1.5,8250,0,0.2013,H,F,A
2,8250,0,0.1848,H,F,A
2.5,8250,0,0.1756,H,F,A
3,8250,0,0.1709,H,F,A
3.5,8250,0,0.1691,H,F,A
4,8250,0,0.1706,H,F,A
4.5,8250,0,0.1646,H,F,A
5,8250,0,0.1554,H,F,A
1.5,8500,0,0.2044,H,F,A
2,8500,0,0.1844,H,F,A
2.5,8500,0,0.1733,H,F,A
3,8500,0,0.167,H,F,A
3.5,8500,0,0.1638,H,F,A
4,8500,0,0.1633,H,F,A
4.5,8500,0,0.1661,H,F,A
5,8500,0,0.1622,H,F,A
1.5,8750,0,0.1888,H,F,A
2,8750,0,0.1853,H,F,A
2.5,8750,0,0.1723,H,F,A
3,8750,0,0.1644,H,F,A
3.5,8750,0,0.1595,H,F,A
4,8750,0,0.1576,H,F,A
4.5,8750,0,0.1588,H,F,A
5,8750,0,0.1633,H,F,A
1.5,9000,0,0.2123,H,F,A
2,9000,0,0.1863,H,F,A
2.5,9000,0,0.1716,H,F,A
3,9000,0,0.1624,H,F,A
3.5,9000,0,0.1565,H,F,A
4,9000,0,0.1538,H,F,A
4.5,9000,0,0.1532,H,F,A
5,9000,0,0.155,H,F,A
2,9250,0,0.1872,H,F,A
2.5,9250,0,0.1713,H,F,A
3,9250,0,0.1613,H,F,A
3.5,9250,0,0.155,H,F,A
4,9250,0,0.1511,H,F,A
4.5,9250,0,0.1493,H,F,A
5,9250,0,0.15,H,F,A
2,9500,0,0.1876,H,F,A
2.5,9500,0,0.1711,H,F,A
3,9500,0,0.1607,H,F,A
3.5,9500,0,0.1537,H,F,A
4,9500,0,0.149,H,F,A
4.5,9500,0,0.1464,H,F,A
5,9500,0,0.1462,H,F,A
2,9750,0,0.1872,H,F,A
2.5,9750,0,0.1705,H,F,A
3,9750,0,0.1598,H,F,A
3.5,9750,0,0.1524,H,F,A
4,9750,0,0.1473,H,F,A
4.5,9750,0,0.1442,H,F,A
5,9750,0,0.1436,H,F,A
2,10000,0,0.1861,H,F,A
2.5,10000,0,0.1694,H,F,A
3,10000,0,0.1586,H,F,A
3.5,10000,0,0.1512,H,F,A
4,10000,0,0.1458,H,F,A
4.5,10000,0,0.1426,H,F,A
5,10000,0,0.1413,H,F,A
2,10250,0,0.1845,H,F,A
2.5,10250,0,0.1678,H,F,A
3,10250,0,0.1574,H,F,A
3.5,10250,0,0.15,H,F,A
4,10250,0,0.1448,H,F,A
4.5,10250,0,0.1413,H,F,A
5,10250,0,0.1395,H,F,A
2,10500,0,0.1827,H,F,A
2.5,10500,0,0.1656,H,F,A
3,10500,0,0.1555,H,F,A
3.5,10500,0,0.1485,H,F,A
4,10500,0,0.1435,H,F,A
4.5,10500,0,0.1398,H,F,A
5,10500,0,0.1378,H,F,A
2,10750,0,0.1808,H,F,A
2.5,10750,0,0.1633,H,F,A
3,10750,0,0.1534,H,F,A
3.5,10750,0,0.147,H,F,A
4,10750,0,0.1421,H,F,A
4.5,10750,0,0.1384,H,F,A
5,10750,0,0.1362,H,F,A
2,11000,0,0.1791,H,F,A
2.5,11000,0,0.1609,H,F,A
3,11000,0,0.151,H,F,A
3.5,11000,0,0.145,H,F,A
4,11000,0,0.1404,H,F,A
4.5,11000,0,0.137,H,F,A
5,11000,0,0.1347,H,F,A
2,11250,0,0.1779,H,F,A
2.5,11250,0,0.1585,H,F,A
3,11250,0,0.1486,H,F,A
3.5,11250,0,0.1428,H,F,A
4,11250,0,0.1386,H,F,A
4.5,11250,0,0.1354,H,F,A
5,11250,0,0.1334,H,F,A
2,11500,0,0.1767,H,F,A
2.5,11500,0,0.1562,H,F,A
3,11500,0,0.146,H,F,A
3.5,11500,0,0.1403,H,F,A
4,11500,0,0.1365,H,F,A
4.5,11500,0,0.1337,H,F,A
5,11500,0,0.1318,H,F,A
2,11750,0,0.1759,H,F,A
2.5,11750,0,0.1542,H,F,A
3,11750,0,0.1435,H,F,A
3.5,11750,0,0.1379,H,F,A
4,11750,0,0.1345,H,F,A
4.5,11750,0,0.1319,H,F,A
5,11750,0,0.1303,H,F,A
2.5,12000,0,0.1524,H,F,A
3,12000,0,0.1413,H,F,A
3.5,12000,0,0.1354,H,F,A
4,12000,0,0.1321,H,F,A
4.5,12000,0,0.1299,H,F,A
5,12000,0,0.1285,H,F,A
2.5,12250,0,0.1508,H,F,A
3,12250,0,0.1391,H,F,A
3.5,12250,0,0.1331,H,F,A
4,12250,0,0.1299,H,F,A
4.5,12250,0,0.1279,H,F,A
5,12250,0,0.1267,H,F,A
2.5,12500,0,0.1495,H,F,A
3,12500,0,0.1372,H,F,A
3.5,12500,0,0.131,H,F,A
4,12500,0,0.1276,H,F,A
4.5,12500,0,0.1258,H,F,A
5,12500,0,0.1249,H,F,A
2.5,12750,0,0.1485,H,F,A
3,12750,0,0.1355,H,F,A
3.5,12750,0,0.1289,H,F,A
4,12750,0,0.1255,H,F,A
4.5,12750,0,0.1238,H,F,A
5,12750,0,0.1232,H,F,A
2.5,13000,0,0.1477,H,F,A
3,13000,0,0.1341,H,F,A
3.5,13000,0,0.127,H,F,A
4,13000,0,0.1234,H,F,A
4.5,13000,0,0.1218,H,F,A
5,13000,0,0.1212,H,F,A
2,14000,0,0.1804,H,F,A
2.5,14000,0,0.1454,H,F,A
3,14000,0,0.1293,H,F,A
3.5,14000,0,0.1209,H,F,A
4,14000,0,0.1166,H,F,A
4.5,14000,0,0.1147,H,F,A
5,14000,0,0.1144,H,F,A
2.5,15000,0,0.1451,H,F,A
3,15000,0,0.1263,H,F,A
3.5,15000,0,0.1165,H,F,A
4,15000,0,0.1114,H,F,A
4.5,15000,0,0.109,H,F,A
5,15000,0,0.1084,H,F,A
2.5,16000,0,0.1464,H,F,A
3,16000,0,0.1246,H,F,A
3.5,16000,0,0.1135,H,F,A
4,16000,0,0.1077,H,F,A
4.5,16000,0,0.1048,H,F,A
5,16000,0,0.1038,H,F,A
2.5,17000,0,0.1499,H,F,A
3,17000,0,0.124,H,F,A
3.5,17000,0,0.1116,H,F,A
4,17000,0,0.1049,H,F,A
4.5,17000,0,0.1016,H,F,A
5,17000,0,0.1002,H,F,A
2.5,18000,0,0.1558,H,F,A
3,18000,0,0.1242,H,F,A
3.5,18000,0,0.1101,H,F,A
4,18000,0,0.1028,H,F,A
4.5,18000,0,0.0991,H,F,A
5,18000,0,0.0973,H,F,A
2.5,19000,0,0.1639,H,F,A
3,19000,0,0.1258,H,F,A
3.5,19000,0,0.1096,H,F,A
4,19000,0,0.1016,H,F,A
4.5,19000,0,0.0972,H,F,A
5,19000,0,0.0953,H,F,A
3,20000,0,0.1285,H,F,A
3.5,20000,0,0.1096,H,F,A
4,20000,0,0.1004,H,F,A
4.5,20000,0,0.0956,H,F,A
5,20000,0,0.0935,H,F,A
3,21000,0,0.1315,H,F,A
3.5,21000,0,0.1109,H,F,A
4,21000,0,0.0998,H,F,A
4.5,21000,0,0.0951,H,F,A
5,21000,0,0.0926,H,F,A
3,22000,0,0.1336,H,F,A
3.5,22000,0,0.1122,H,F,A
4,22000,0,0.1006,H,F,A
4.5,22000,0,0.0948,H,F,A
5,22000,0,0.0919,H,F,A
3,23000,0,0.135,H,F,A
3.5,23000,0,0.113,H,F,A
4,23000,0,0.1016,H,F,A
4.5,23000,0,0.0952,H,F,A
5,23000,0,0.0921,H,F,A
3,24000,0,0.1387,H,F,A
3.5,24000,0,0.1134,H,F,A
4,24000,0,0.1021,H,F,A
4.5,24000,0,0.0961,H,F,A
5,24000,0,0.0926,H,F,A
3,25000,0,0.1446,H,F,A
3.5,25000,0,0.1137,H,F,A
4,25000,0,0.1025,H,F,A
4.5,25000,0,0.0967,H,F,A
5,25000,0,0.0933,H,F,A
3,26000,0,0.152,H,F,A
3.5,26000,0,0.1153,H,F,A
4,26000,0,0.1025,H,F,A
4.5,26000,0,0.0968,H,F,A
5,26000,0,0.0942,H,F,A
3.5,27000,0,0.1176,H,F,A
4,27000,0,0.1029,H,F,A
4.5,27000,0,0.0968,H,F,A
5,27000,0,0.0942,H,F,A
3.5,28000,0,0.1198,H,F,A
4,28000,0,0.1037,H,F,A
4.5,28000,0,0.097,H,F,A
5,28000,0,0.0942,H,F,A
3.5,29000,0,0.121,H,F,A
4,29000,0,0.1045,H,F,A
4.5,29000,0,0.0968,H,F,A
5,29000,0,0.0936,H,F,A
3.5,30000,0,0.1221,H,F,A
4,30000,0,0.1043,H,F,A
4.5,30000,0,0.0966,H,F,A
5,30000,0,0.093,H,F,A
3.5,31000,0,0.123,H,F,A
4,31000,0,0.1036,H,F,A
4.5,31000,0,0.0958,H,F,A
5,31000,0,0.0918,H,F,A
4,32000,0,0.1025,H,F,A
4.5,32000,0,0.0941,H,F,A
5,32000,0,0.0904,H,F,A
4,33000,0,0.1013,H,F,A
4.5,33000,0,0.0923,H,F,A
5,33000,0,0.0882,H,F,A
4,34000,0,0.0999,H,F,A
4.5,34000,0,0.09,H,F,A
5,34000,0,0.0857,H,F,A
4,35000,0,0.0978,H,F,A
4.5,35000,0,0.0882,H,F,A
5,35000,0,0.0831,H,F,A
4,36000,0,0.0955,H,F,A
4.5,36000,0,0.0858,H,F,A
5,36000,0,0.0808,H,F,A
4,37000,0,0.0936,H,F,A
4.5,37000,0,0.083,H,F,A
5,37000,0,0.0783,H,F,A
4,38000,0,0.0926,H,F,A
4.5,38000,0,0.0805,H,F,A
5,38000,0,0.0756,H,F,A
4,39000,0,0.093,H,F,A
4.5,39000,0,0.0784,H,F,A
5,39000,0,0.0728,H,F,A
4.5,40000,0,0.0769,H,F,A
5,40000,0,0.0706,H,F,A
4.5,41000,0,0.0765,H,F,A
5,41000,0,0.0689,H,F,A
4.5,42000,0,0.0763,H,F,A
5,42000,0,0.0678,H,F,A
4.5,43000,0,0.0763,H,F,A
5,43000,0,0.0672,H,F,A
4.5,44000,0,0.0764,H,F,A
5,44000,0,0.0667,H,F,A
4.5,45000,0,0.0763,H,F,A
5,45000,0,0.0665,H,F,A
4.5,46000,0,0.0764,H,F,A
5,46000,0,0.0662,H,F,A
4.5,47000,0,0.0764,H,F,A
5,47000,0,0.0659,H,F,A
4.5,48000,0,0.0766,H,F,A
5,48000,0,0.0656,H,F,A
4.5,49000,0,0.0768,H,F,A
5,49000,0,0.0654,H,F,A
5,50000,0,0.0651,H,F,A
0,3500,0,0.3914,H,F,A
0.5,3500,0,0.3885,H,F,A
1,3500,0,0.386,H,F,A
1.5,3500,0,0.3831,H,F,A
2,3500,0,0.3806,H,F,A
2.5,3500,0,0.376,H,F,A
3,3500,0,0.3666,H,F,A
3.5,3500,0,0.3214,H,F,A
4,3500,0,0.2317,H,F,A
4.5,3500,0,0.183,H,F,A
5,3500,0,0.1664,H,F,A
0,3750,0,0.3719,H,F,A
0.5,3750,0,0.3703,H,F,A
1,3750,0,0.3691,H,F,A
1.5,3750,0,0.3674,H,F,A
2,3750,0,0.3656,H,F,A
2.5,3750,0,0.3634,H,F,A
3,3750,0,0.3599,H,F,A
3.5,3750,0,0.3512,H,F,A
4,3750,0,0.3154,H,F,A
4.5,3750,0,0.2403,H,F,A
5,3750,0,0.1887,H,F,A
0,4000,0,0.3493,H,F,A
0.5,4000,0,0.3486,H,F,A
1,4000,0,0.3484,H,F,A
1.5,4000,0,0.3478,H,F,A
2,4000,0,0.3474,H,F,A
2.5,4000,0,0.3465,H,F,A
3,4000,0,0.3455,H,F,A
3.5,4000,0,0.343,H,F,A
4,4000,0,0.3354,H,F,A
4.5,4000,0,0.307,H,F,A
5,4000,0,0.2475,H,F,A
0,4250,0,0.3259,H,F,A
0.5,4250,0,0.3257,H,F,A
1,4250,0,0.326,H,F,A
1.5,4250,0,0.3265,H,F,A
2,4250,0,0.327,H,F,A
2.5,4250,0,0.3271,H,F,A
3,4250,0,0.3276,H,F,A
3.5,4250,0,0.3272,H,F,A
4,4250,0,0.3254,H,F,A
4.5,4250,0,0.3192,H,F,A
5,4250,0,0.2978,H,F,A
0,4500,0,0.3037,H,F,A
0.5,4500,0,0.3036,H,F,A
1,4500,0,0.3046,H,F,A
1.5,4500,0,0.3054,H,F,A
2,4500,0,0.306,H,F,A
2.5,4500,0,0.3076,H,F,A
3,4500,0,0.3088,H,F,A
3.5,4500,0,0.3097,H,F,A
4,4500,0,0.3099,H,F,A
4.5,4500,0,0.3086,H,F,A
5,4500,0,0.3035,H,F,A
0,4750,0,0.2816,H,F,A
0.5,4750,0,0.2818,H,F,A
1,4750,0,0.283,H,F,A
1.5,4750,0,0.2846,H,F,A
2,4750,0,0.2862,H,F,A
2.5,4750,0,0.288,H,F,A
3,4750,0,0.2895,H,F,A
3.5,4750,0,0.2917,H,F,A
4,4750,0,0.2931,H,F,A
4.5,4750,0,0.2936,H,F,A
5,4750,0,0.2922,H,F,A
0,5000,0,0.2616,H,F,A
0.5,5000,0,0.2617,H,F,A
1,5000,0,0.2635,H,F,A
1.5,5000,0,0.2654,H,F,A
2,5000,0,0.2671,H,F,A
2.5,5000,0,0.2691,H,F,A
3,5000,0,0.2712,H,F,A
3.5,5000,0,0.2742,H,F,A
4,5000,0,0.2762,H,F,A
4.5,5000,0,0.2779,H,F,A
5,5000,0,0.2778,H,F,A
0,5250,0,0.243,H,F,A
0.5,5250,0,0.2425,H,F,A
1,5250,0,0.2442,H,F,A
1.5,5250,0,0.2464,H,F,A
2,5250,0,0.2491,H,F,A
2.5,5250,0,0.2515,H,F,A
3,5250,0,0.2541,H,F,A
3.5,5250,0,0.2569,H,F,A
4,5250,0,0.26,H,F,A
4.5,5250,0,0.2624,H,F,A
5,5250,0,0.2633,H,F,A
0,5500,0,0.2474,H,F,A
0.5,5500,0,0.2254,H,F,A
1,5500,0,0.2269,H,F,A
1.5,5500,0,0.2294,H,F,A
2,5500,0,0.232,H,F,A
2.5,5500,0,0.2346,H,F,A
3,5500,0,0.2372,H,F,A
3.5,5500,0,0.2407,H,F,A
4,5500,0,0.2442,H,F,A
4.5,5500,0,0.2472,H,F,A
5,5500,0,0.249,H,F,A
0,5750,0,0.2476,H,F,A
0.5,5750,0,0.2353,H,F,A
1,5750,0,0.2099,H,F,A
1.5,5750,0,0.2129,H,F,A
2,5750,0,0.2156,H,F,A
2.5,5750,0,0.2181,H,F,A
3,5750,0,0.2215,H,F,A
3.5,5750,0,0.2252,H,F,A
4,5750,0,0.2294,H,F,A
4.5,5750,0,0.2332,H,F,A
5,5750,0,0.2355,H,F,A
0,6000,0,0.2472,H,F,A
0.5,6000,0,0.2325,H,F,A
1,6000,0,0.2192,H,F,A
1.5,6000,0,0.1959,H,F,A
2,6000,0,0.1995,H,F,A
2.5,6000,0,0.2031,H,F,A
3,6000,0,0.2068,H,F,A
3.5,6000,0,0.2107,H,F,A
4,6000,0,0.2151,H,F,A
4.5,6000,0,0.2197,H,F,A
5,6000,0,0.2228,H,F,A
0.5,6250,0,0.2311,H,F,A
1,6250,0,0.2199,H,F,A
1.5,6250,0,0.2064,H,F,A
2,6250,0,0.185,H,F,A
2.5,6250,0,0.1888,H,F,A
3,6250,0,0.1931,H,F,A
3.5,6250,0,0.1974,H,F,A
4,6250,0,0.2022,H,F,A
4.5,6250,0,0.2073,H,F,A
5,6250,0,0.2109,H,F,A
0.5,6500,0,0.2319,H,F,A
1,6500,0,0.2179,H,F,A
1.5,6500,0,0.2079,H,F,A
2,6500,0,0.196,H,F,A
2.5,6500,0,0.1764,H,F,A
3,6500,0,0.1804,H,F,A
3.5,6500,0,0.1853,H,F,A
4,6500,0,0.1907,H,F,A
4.5,6500,0,0.196,H,F,A
5,6500,0,0.2003,H,F,A
0.5,6750,0,0.2329,H,F,A
1,6750,0,0.2177,H,F,A
1.5,6750,0,0.2073,H,F,A
2,6750,0,0.1961,H,F,A
2.5,6750,0,0.1811,H,F,A
3,6750,0,0.1704,H,F,A
3.5,6750,0,0.1748,H,F,A
4,6750,0,0.1804,H,F,A
4.5,6750,0,0.1857,H,F,A
5,6750,0,0.1907,H,F,A
0.5,7000,0,0.2359,H,F,A
1,7000,0,0.2164,H,F,A
1.5,7000,0,0.2066,H,F,A
2,7000,0,0.198,H,F,A
2.5,7000,0,0.1854,H,F,A
3,7000,0,0.1686,H,F,A
3.5,7000,0,0.1673,H,F,A
4,7000,0,0.1717,H,F,A
4.5,7000,0,0.1764,H,F,A
5,7000,0,0.1819,H,F,A
0.5,7250,0,0.2401,H,F,A
1,7250,0,0.216,H,F,A
1.5,7250,0,0.2035,H,F,A
2,7250,0,0.1976,H,F,A
2.5,7250,0,0.1899,H,F,A
3,7250,0,0.1756,H,F,A
3.5,7250,0,0.1613,H,F,A
4,7250,0,0.1651,H,F,A
4.5,7250,0,0.1685,H,F,A
5,7250,0,0.1742,H,F,A
0.5,7500,0,0.2507,H,F,A
1,7500,0,0.2168,H,F,A
1.5,7500,0,0.2012,H,F,A
2,7500,0,0.1928,H,F,A
2.5,7500,0,0.1888,H,F,A
3,7500,0,0.1821,H,F,A
3.5,7500,0,0.1666,H,F,A
4,7500,0,0.1566,H,F,A
4.5,7500,0,0.1626,H,F,A
5,7500,0,0.1675,H,F,A
1,7750,0,0.2194,H,F,A
1.5,7750,0,0.1997,H,F,A
2,7750,0,0.189,H,F,A
2.5,7750,0,0.1835,H,F,A
3,7750,0,0.1816,H,F,A
3.5,7750,0,0.1755,H,F,A
4,7750,0,0.1616,H,F,A
4.5,7750,0,0.1576,H,F,A
5,7750,0,0.1627,H,F,A
1,8000,0,0.2271,H,F,A
1.5,8000,0,0.1996,H,F,A
2,8000,0,0.1866,H,F,A
2.5,8000,0,0.1793,H,F,A
3,8000,0,0.1756,H,F,A
3.5,8000,0,0.1749,H,F,A
4,8000,0,0.1698,H,F,A
4.5,8000,0,0.1592,H,F,A
5,8000,0,0.1581,H,F,A
1,8250,0,0.2384,H,F,A
1.5,8250,0,0.2022,H,F,A
2,8250,0,0.1849,H,F,A
2.5,8250,0,0.1756,H,F,A
3,8250,0,0.1705,H,F,A
3.5,8250,0,0.1685,H,F,A
4,8250,0,0.1697,H,F,A
4.5,8250,0,0.1648,H,F,A
5,8250,0,0.1594,H,F,A
1.5,8500,0,0.2061,H,F,A
2,8500,0,0.1853,H,F,A
2.5,8500,0,0.1735,H,F,A
3,8500,0,0.167,H,F,A
3.5,8500,0,0.1634,H,F,A
4,8500,0,0.1624,H,F,A
4.5,8500,0,0.1652,H,F,A
5,8500,0,0.1618,H,F,A
1.5,8750,0,0.2106,H,F,A
2,8750,0,0.1867,H,F,A
2.5,8750,0,0.1729,H,F,A
3,8750,0,0.1645,H,F,A
3.5,8750,0,0.1595,H,F,A
4,8750,0,0.1572,H,F,A
4.5,8750,0,0.158,H,F,A
5,8750,0,0.1626,H,F,A
1.5,9000,0,0.2147,H,F,A
2,9000,0,0.1879,H,F,A
2.5,9000,0,0.1726,H,F,A
3,9000,0,0.1629,H,F,A
3.5,9000,0,0.1568,H,F,A
4,9000,0,0.1538,H,F,A
4.5,9000,0,0.1529,H,F,A
5,9000,0,0.1543,H,F,A
2,9250,0,0.1891,H,F,A
2.5,9250,0,0.1727,H,F,A
3,9250,0,0.1621,H,F,A
3.5,9250,0,0.1554,H,F,A
4,9250,0,0.1512,H,F,A
4.5,9250,0,0.1491,H,F,A
5,9250,0,0.1495,H,F,A
2,9500,0,0.1895,H,F,A
2.5,9500,0,0.1728,H,F,A
3,9500,0,0.1617,H,F,A
3.5,9500,0,0.1542,H,F,A
4,9500,0,0.1493,H,F,A
4.5,9500,0,0.1463,H,F,A
5,9500,0,0.146,H,F,A
2,9750,0,0.1891,H,F,A
2.5,9750,0,0.1722,H,F,A
3,9750,0,0.161,H,F,A
3.5,9750,0,0.1531,H,F,A
4,9750,0,0.1476,H,F,A
4.5,9750,0,0.1443,H,F,A
5,9750,0,0.1435,H,F,A
2,10000,0,0.1878,H,F,A
2.5,10000,0,0.171,H,F,A
3,10000,0,0.1601,H,F,A
3.5,10000,0,0.1522,H,F,A
4,10000,0,0.1465,H,F,A
4.5,10000,0,0.1429,H,F,A
5,10000,0,0.1414,H,F,A
2,10250,0,0.186,H,F,A
2.5,10250,0,0.1693,H,F,A
3,10250,0,0.1587,H,F,A
3.5,10250,0,0.1511,H,F,A
4,10250,0,0.1454,H,F,A
4.5,10250,0,0.1417,H,F,A
5,10250,0,0.1396,H,F,A
2,10500,0,0.184,H,F,A
2.5,10500,0,0.1668,H,F,A
3,10500,0,0.1568,H,F,A
3.5,10500,0,0.1497,H,F,A
4,10500,0,0.1443,H,F,A
4.5,10500,0,0.1403,H,F,A
5,10500,0,0.1378,H,F,A
2,10750,0,0.1819,H,F,A
2.5,10750,0,0.1642,H,F,A
3,10750,0,0.1546,H,F,A
3.5,10750,0,0.148,H,F,A
4,10750,0,0.143,H,F,A
4.5,10750,0,0.1389,H,F,A
5,10750,0,0.1364,H,F,A
2,11000,0,0.1801,H,F,A
2.5,11000,0,0.1616,H,F,A
3,11000,0,0.1519,H,F,A
3.5,11000,0,0.1459,H,F,A
4,11000,0,0.1413,H,F,A
4.5,11000,0,0.1375,H,F,A
5,11000,0,0.135,H,F,A
2,11250,0,0.1786,H,F,A
2.5,11250,0,0.1591,H,F,A
3,11250,0,0.1494,H,F,A
3.5,11250,0,0.1436,H,F,A
4,11250,0,0.1395,H,F,A
4.5,11250,0,0.1361,H,F,A
5,11250,0,0.1337,H,F,A
2.5,11500,0,0.1566,H,F,A
3,11500,0,0.1465,H,F,A
3.5,11500,0,0.1409,H,F,A
4,11500,0,0.1372,H,F,A
4.5,11500,0,0.1343,H,F,A
5,11500,0,0.1321,H,F,A
2.5,11750,0,0.1545,H,F,A
3,11750,0,0.1439,H,F,A
3.5,11750,0,0.1384,H,F,A
4,11750,0,0.135,H,F,A
4.5,11750,0,0.1325,H,F,A
5,11750,0,0.1306,H,F,A
2.5,12000,0,0.1526,H,F,A
3,12000,0,0.1414,H,F,A
3.5,12000,0,0.1357,H,F,A
4,12000,0,0.1325,H,F,A
4.5,12000,0,0.1304,H,F,A
5,12000,0,0.1288,H,F,A
2.5,12250,0,0.1511,H,F,A
3,12250,0,0.1392,H,F,A
3.5,12250,0,0.1333,H,F,A
4,12250,0,0.1303,H,F,A
4.5,12250,0,0.1283,H,F,A
5,12250,0,0.1271,H,F,A
2.5,12500,0,0.1499,H,F,A
3,12500,0,0.1372,H,F,A
3.5,12500,0,0.131,H,F,A
4,12500,0,0.1279,H,F,A
4.5,12500,0,0.1261,H,F,A
5,12500,0,0.1251,H,F,A
2.5,12750,0,0.1488,H,F,A
3,12750,0,0.1355,H,F,A
3.5,12750,0,0.1289,H,F,A
4,12750,0,0.1256,H,F,A
4.5,12750,0,0.124,H,F,A
5,12750,0,0.1234,H,F,A
2.5,13000,0,0.1481,H,F,A
3,13000,0,0.134,H,F,A
3.5,13000,0,0.1268,H,F,A
4,13000,0,0.1235,H,F,A
4.5,13000,0,0.1219,H,F,A
5,13000,0,0.1214,H,F,A
2.5,14000,0,0.1459,H,F,A
3,14000,0,0.1294,H,F,A
3.5,14000,0,0.1208,H,F,A
4,14000,0,0.1162,H,F,A
4.5,14000,0,0.1145,H,F,A
5,14000,0,0.1142,H,F,A
2.5,15000,0,0.1459,H,F,A
3,15000,0,0.1265,H,F,A
3.5,15000,0,0.1165,H,F,A
4,15000,0,0.1112,H,F,A
4.5,15000,0,0.1086,H,F,A
5,15000,0,0.1081,H,F,A
2.5,16000,0,0.1479,H,F,A
3,16000,0,0.125,H,F,A
3.5,16000,0,0.1134,H,F,A
4,16000,0,0.1075,H,F,A
4.5,16000,0,0.1044,H,F,A
5,16000,0,0.1032,H,F,A
2.5,17000,0,0.1518,H,F,A
3,17000,0,0.1247,H,F,A
3.5,17000,0,0.1115,H,F,A
4,17000,0,0.1048,H,F,A
4.5,17000,0,0.1012,H,F,A
5,17000,0,0.0995,H,F,A
2.5,18000,0,0.1585,H,F,A
3,18000,0,0.1253,H,F,A
3.5,18000,0,0.1106,H,F,A
4,18000,0,0.1028,H,F,A
4.5,18000,0,0.0985,H,F,A
5,18000,0,0.0967,H,F,A
3,19000,0,0.1272,H,F,A
3.5,19000,0,0.1099,H,F,A
4,19000,0,0.1014,H,F,A
4.5,19000,0,0.0969,H,F,A
5,19000,0,0.0947,H,F,A
3,20000,0,0.13,H,F,A
3.5,20000,0,0.1103,H,F,A
4,20000,0,0.1004,H,F,A
4.5,20000,0,0.0952,H,F,A
5,20000,0,0.0928,H,F,A
3,21000,0,0.1331,H,F,A
3.5,21000,0,0.1114,H,F,A
4,21000,0,0.1002,H,F,A
4.5,21000,0,0.0947,H,F,A
5,21000,0,0.0916,H,F,A
3,22000,0,0.1344,H,F,A
3.5,22000,0,0.1128,H,F,A
4,22000,0,0.1011,H,F,A
4.5,22000,0,0.0945,H,F,A
5,22000,0,0.0915,H,F,A
3,23000,0,0.1357,H,F,A
3.5,23000,0,0.1135,H,F,A
4,23000,0,0.1019,H,F,A
4.5,23000,0,0.095,H,F,A
5,23000,0,0.0914,H,F,A
3,24000,0,0.1395,H,F,A
3.5,24000,0,0.1133,H,F,A
4,24000,0,0.1022,H,F,A
4.5,24000,0,0.0956,H,F,A
5,24000,0,0.0923,H,F,A
3,25000,0,0.1461,H,F,A
3.5,25000,0,0.1135,H,F,A
4,25000,0,0.102,H,F,A
4.5,25000,0,0.0962,H,F,A
5,25000,0,0.0929,H,F,A
3.5,26000,0,0.115,H,F,A
4,26000,0,0.1018,H,F,A
4.5,26000,0,0.0961,H,F,A
5,26000,0,0.0935,H,F,A
3.5,27000,0,0.1178,H,F,A
4,27000,0,0.1022,H,F,A
4.5,27000,0,0.0959,H,F,A
5,27000,0,0.0934,H,F,A
3.5,28000,0,0.1205,H,F,A
4,28000,0,0.1033,H,F,A
4.5,28000,0,0.0959,H,F,A
5,28000,0,0.0931,H,F,A
3.5,29000,0,0.1221,H,F,A
4,29000,0,0.1044,H,F,A
4.5,29000,0,0.0962,H,F,A
5,29000,0,0.0927,H,F,A
3.5,30000,0,0.1234,H,F,A
4,30000,0,0.1047,H,F,A
4.5,30000,0,0.0962,H,F,A
5,30000,0,0.0922,H,F,A
4,31000,0,0.104,H,F,A
4.5,31000,0,0.0957,H,F,A
5,31000,0,0.0914,H,F,A
4,32000,0,0.1032,H,F,A
4.5,32000,0,0.0943,H,F,A
5,32000,0,0.0902,H,F,A
4,33000,0,0.1023,H,F,A
4.5,33000,0,0.0926,H,F,A
5,33000,0,0.0882,H,F,A
4,34000,0,0.1008,H,F,A
4.5,34000,0,0.0906,H,F,A
5,34000,0,0.0858,H,F,A
4,35000,0,0.0987,H,F,A
4.5,35000,0,0.0888,H,F,A
5,35000,0,0.0834,H,F,A
4,36000,0,0.0964,H,F,A
4.5,36000,0,0.0864,H,F,A
5,36000,0,0.0813,H,F,A
4,37000,0,0.0945,H,F,A
4.5,37000,0,0.0836,H,F,A
5,37000,0,0.0787,H,F,A
4.5,38000,0,0.0811,H,F,A
5,38000,0,0.076,H,F,A
4.5,39000,0,0.0791,H,F,A
5,39000,0,0.0734,H,F,A
4.5,40000,0,0.0778,H,F,A
5,40000,0,0.0713,H,F,A
4.5,41000,0,0.0772,H,F,A
5,41000,0,0.0696,H,F,A
4.5,42000,0,0.0771,H,F,A
5,42000,0,0.0685,H,F,A
4.5,43000,0,0.077,H,F,A
5,43000,0,0.0679,H,F,A
4.5,44000,0,0.077,H,F,A
5,44000,0,0.0673,H,F,A
4.5,45000,0,0.0769,H,F,A
5,45000,0,0.067,H,F,A
4.5,46000,0,0.077,H,F,A
5,46000,0,0.0667,H,F,A
5,47000,0,0.0662,H,F,A
5,48000,0,0.066,H,F,A
5,49000,0,0.0656,H,F,A
5,50000,0,0.0653,H,F,A
0,3500,0,0.3919,H,F,A
0.5,3500,0,0.389,H,F,A
1,3500,0,0.3865,H,F,A
1.5,3500,0,0.3834,H,F,A
2,3500,0,0.3805,H,F,A
2.5,3500,0,0.3761,H,F,A
3,3500,0,0.3668,H,F,A
3.5,3500,0,0.3244,H,F,A
4,3500,0,0.2348,H,F,A
4.5,3500,0,0.1837,H,F,A
5,3500,0,0.1667,H,F,A
0,3750,0,0.3721,H,F,A
0.5,3750,0,0.3708,H,F,A
1,3750,0,0.3692,H,F,A
1.5,3750,0,0.3676,H,F,A
2,3750,0,0.3658,H,F,A
2.5,3750,0,0.3634,H,F,A
3,3750,0,0.3599,H,F,A
3.5,3750,0,0.3514,H,F,A
4,3750,0,0.3175,H,F,A
4.5,3750,0,0.2431,H,F,A
5,3750,0,0.1897,H,F,A
0,4000,0,0.3493,H,F,A
0.5,4000,0,0.3484,H,F,A
1,4000,0,0.3483,H,F,A
1.5,4000,0,0.3477,H,F,A
2,4000,0,0.3472,H,F,A
2.5,4000,0,0.3466,H,F,A
3,4000,0,0.3454,H,F,A
3.5,4000,0,0.3429,H,F,A
4,4000,0,0.3354,H,F,A
4.5,4000,0,0.3085,H,F,A
5,4000,0,0.25,H,F,A
0,4250,0,0.3253,H,F,A
0.5,4250,0,0.3252,H,F,A
1,4250,0,0.3258,H,F,A
1.5,4250,0,0.3262,H,F,A
2,4250,0,0.3267,H,F,A
2.5,4250,0,0.3271,H,F,A
3,4250,0,0.3276,H,F,A
3.5,4250,0,0.3271,H,F,A
4,4250,0,0.3254,H,F,A
4.5,4250,0,0.3192,H,F,A
5,4250,0,0.299,H,F,A
0,4500,0,0.3025,H,F,A
0.5,4500,0,0.3024,H,F,A
1,4500,0,0.3035,H,F,A
1.5,4500,0,0.3046,H,F,A
2,4500,0,0.3055,H,F,A
2.5,4500,0,0.3072,H,F,A
3,4500,0,0.3086,H,F,A
3.5,4500,0,0.3094,H,F,A
4,4500,0,0.3096,H,F,A
4.5,4500,0,0.3082,H,F,A
5,4500,0,0.3032,H,F,A
0,4750,0,0.28,H,F,A
0.5,4750,0,0.2804,H,F,A
1,4750,0,0.2821,H,F,A
1.5,4750,0,0.2836,H,F,A
2,4750,0,0.2854,H,F,A
2.5,4750,0,0.2876,H,F,A
3,4750,0,0.2892,H,F,A
3.5,4750,0,0.2913,H,F,A
4,4750,0,0.2927,H,F,A
4.5,4750,0,0.2931,H,F,A
5,4750,0,0.2918,H,F,A
0,5000,0,0.2599,H,F,A
0.5,5000,0,0.2598,H,F,A
1,5000,0,0.2617,H,F,A
1.5,5000,0,0.2638,H,F,A
2,5000,0,0.2659,H,F,A
2.5,5000,0,0.2681,H,F,A
3,5000,0,0.2703,H,F,A
3.5,5000,0,0.2733,H,F,A
4,5000,0,0.2754,H,F,A
4.5,5000,0,0.2771,H,F,A
5,5000,0,0.2771,H,F,A
0,5250,0,0.241,H,F,A
0.5,5250,0,0.2406,H,F,A
1,5250,0,0.2423,H,F,A
1.5,5250,0,0.2447,H,F,A
2,5250,0,0.2475,H,F,A
2.5,5250,0,0.2501,H,F,A
3,5250,0,0.2528,H,F,A
3.5,5250,0,0.2558,H,F,A
4,5250,0,0.2588,H,F,A
4.5,5250,0,0.2616,H,F,A
5,5250,0,0.2624,H,F,A
0,5500,0,0.2494,H,F,A
0.5,5500,0,0.2232,H,F,A
1,5500,0,0.2246,H,F,A
1.5,5500,0,0.2271,H,F,A
2,5500,0,0.2302,H,F,A
2.5,5500,0,0.233,H,F,A
3,5500,0,0.2357,H,F,A
3.5,5500,0,0.2392,H,F,A
4,5500,0,0.243,H,F,A
4.5,5500,0,0.2461,H,F,A
5,5500,0,0.248,H,F,A
0,5750,0,0.2467,H,F,A
0.5,5750,0,0.2339,H,F,A
1,5750,0,0.215,H,F,A
1.5,5750,0,0.2105,H,F,A
2,5750,0,0.2133,H,F,A
2.5,5750,0,0.2162,H,F,A
3,5750,0,0.2197,H,F,A
3.5,5750,0,0.2235,H,F,A
4,5750,0,0.2279,H,F,A
4.5,5750,0,0.2317,H,F,A
5,5750,0,0.2343,H,F,A
0,6000,0,0.2462,H,F,A
0.5,6000,0,0.2311,H,F,A
1,6000,0,0.2218,H,F,A
1.5,6000,0,0.2014,H,F,A
2,6000,0,0.1972,H,F,A
2.5,6000,0,0.201,H,F,A
3,6000,0,0.2049,H,F,A
3.5,6000,0,0.2091,H,F,A
4,6000,0,0.2135,H,F,A
4.5,6000,0,0.2181,H,F,A
5,6000,0,0.2214,H,F,A
0.5,6250,0,0.2301,H,F,A
1,6250,0,0.2184,H,F,A
1.5,6250,0,0.2062,H,F,A
2,6250,0,0.1895,H,F,A
2.5,6250,0,0.1865,H,F,A
3,6250,0,0.1911,H,F,A
3.5,6250,0,0.1956,H,F,A
4,6250,0,0.2004,H,F,A
4.5,6250,0,0.2056,H,F,A
5,6250,0,0.2095,H,F,A
0.5,6500,0,0.2304,H,F,A
1,6500,0,0.217,H,F,A
1.5,6500,0,0.2071,H,F,A
2,6500,0,0.1924,H,F,A
2.5,6500,0,0.1789,H,F,A
3,6500,0,0.1786,H,F,A
3.5,6500,0,0.1835,H,F,A
4,6500,0,0.1889,H,F,A
4.5,6500,0,0.1944,H,F,A
5,6500,0,0.1987,H,F,A
0.5,6750,0,0.2318,H,F,A
1,6750,0,0.2162,H,F,A
1.5,6750,0,0.2068,H,F,A
2,6750,0,0.1964,H,F,A
2.5,6750,0,0.1792,H,F,A
3,6750,0,0.1712,H,F,A
3.5,6750,0,0.1732,H,F,A
4,6750,0,0.1787,H,F,A
4.5,6750,0,0.1841,H,F,A
5,6750,0,0.189,H,F,A
0.5,7000,0,0.2354,H,F,A
1,7000,0,0.2153,H,F,A
1.5,7000,0,0.2051,H,F,A
2,7000,0,0.1982,H,F,A
2.5,7000,0,0.1863,H,F,A
3,7000,0,0.1687,H,F,A
3.5,7000,0,0.1665,H,F,A
4,7000,0,0.1702,H,F,A
4.5,7000,0,0.1749,H,F,A
5,7000,0,0.1801,H,F,A
0.5,7250,0,0.241,H,F,A
1,7250,0,0.2153,H,F,A
1.5,7250,0,0.2024,H,F,A
2,7250,0,0.1962,H,F,A
2.5,7250,0,0.1907,H,F,A
3,7250,0,0.1765,H,F,A
3.5,7250,0,0.1611,H,F,A
4,7250,0,0.164,H,F,A
4.5,7250,0,0.1671,H,F,A
5,7250,0,0.1725,H,F,A
0.5,7500,0,0.2547,H,F,A
1,7500,0,0.2169,H,F,A
1.5,7500,0,0.2006,H,F,A
2,7500,0,0.1919,H,F,A
2.5,7500,0,0.1877,H,F,A
3,7500,0,0.1833,H,F,A
3.5,7500,0,0.1686,H,F,A
4,7500,0,0.1592,H,F,A
4.5,7500,0,0.1619,H,F,A
5,7500,0,0.166,H,F,A
1,7750,0,0.2208,H,F,A
1.5,7750,0,0.1998,H,F,A
2,7750,0,0.1887,H,F,A
2.5,7750,0,0.1829,H,F,A
3,7750,0,0.1804,H,F,A
3.5,7750,0,0.1766,H,F,A
4,7750,0,0.1621,H,F,A
4.5,7750,0,0.1555,H,F,A
5,7750,0,0.1617,H,F,A
1,8000,0,0.2298,H,F,A
1.5,8000,0,0.2008,H,F,A
2,8000,0,0.1868,H,F,A
2.5,8000,0,0.179,H,F,A
3,8000,0,0.1749,H,F,A
3.5,8000,0,0.1736,H,F,A
4,8000,0,0.1706,H,F,A
4.5,8000,0,0.1602,H,F,A
5,8000,0,0.1591,H,F,A
1,8250,0,0.243,H,F,A
1.5,8250,0,0.2038,H,F,A
2,8250,0,0.1859,H,F,A
2.5,8250,0,0.176,H,F,A
3,8250,0,0.1703,H,F,A
3.5,8250,0,0.1679,H,F,A
4,8250,0,0.1683,H,F,A
4.5,8250,0,0.1662,H,F,A
5,8250,0,0.157,H,F,A
1.5,8500,0,0.2088,H,F,A
2,8500,0,0.1866,H,F,A
2.5,8500,0,0.1745,H,F,A
3,8500,0,0.1674,H,F,A
3.5,8500,0,0.1632,H,F,A
4,8500,0,0.1617,H,F,A
4.5,8500,0,0.1639,H,F,A
5,8500,0,0.1627,H,F,A
1.5,8750,0,0.2143,H,F,A
2,8750,0,0.1887,H,F,A
2.5,8750,0,0.174,H,F,A
3,8750,0,0.1652,H,F,A
3.5,8750,0,0.1596,H,F,A
4,8750,0,0.1569,H,F,A
4.5,8750,0,0.1571,H,F,A
5,8750,0,0.1613,H,F,A
1.5,9000,0,0.2189,H,F,A
2,9000,0,0.1908,H,F,A
2.5,9000,0,0.1742,H,F,A
3,9000,0,0.1638,H,F,A
3.5,9000,0,0.1573,H,F,A
4,9000,0,0.1538,H,F,A
4.5,9000,0,0.1525,H,F,A
5,9000,0,0.1534,H,F,A
2,9250,0,0.1924,H,F,A
2.5,9250,0,0.1752,H,F,A
3,9250,0,0.1637,H,F,A
3.5,9250,0,0.1562,H,F,A
4,9250,0,0.1514,H,F,A
4.5,9250,0,0.149,H,F,A
5,9250,0,0.149,H,F,A
2,9500,0,0.193,H,F,A
2.5,9500,0,0.1755,H,F,A
3,9500,0,0.1634,H,F,A
3.5,9500,0,0.1552,H,F,A
4,9500,0,0.1496,H,F,A
4.5,9500,0,0.1463,H,F,A
5,9500,0,0.1457,H,F,A
2,9750,0,0.1923,H,F,A
2.5,9750,0,0.175,H,F,A
3,9750,0,0.1633,H,F,A
3.5,9750,0,0.1545,H,F,A
4,9750,0,0.1484,H,F,A
4.5,9750,0,0.1446,H,F,A
5,9750,0,0.1434,H,F,A
2,10000,0,0.1905,H,F,A
2.5,10000,0,0.1736,H,F,A
3,10000,0,0.1624,H,F,A
3.5,10000,0,0.1537,H,F,A
4,10000,0,0.1475,H,F,A
4.5,10000,0,0.1434,H,F,A
5,10000,0,0.1414,H,F,A
2,10250,0,0.1884,H,F,A
2.5,10250,0,0.1716,H,F,A
3,10250,0,0.1611,H,F,A
3.5,10250,0,0.153,H,F,A
4,10250,0,0.1467,H,F,A
4.5,10250,0,0.1423,H,F,A
5,10250,0,0.1397,H,F,A
2,10500,0,0.1857,H,F,A
2.5,10500,0,0.1688,H,F,A
3,10500,0,0.1589,H,F,A
3.5,10500,0,0.1516,H,F,A
4,10500,0,0.1456,H,F,A
4.5,10500,0,0.141,H,F,A
5,10500,0,0.1381,H,F,A
2,10750,0,0.1834,H,F,A
2.5,10750,0,0.1659,H,F,A
3,10750,0,0.1563,H,F,A
3.5,10750,0,0.1498,H,F,A
4,10750,0,0.1444,H,F,A
4.5,10750,0,0.1399,H,F,A
5,10750,0,0.1368,H,F,A
2.5,11000,0,0.1627,H,F,A
3,11000,0,0.1532,H,F,A
3.5,11000,0,0.1475,H,F,A
4,11000,0,0.1427,H,F,A
4.5,11000,0,0.1386,H,F,A
5,11000,0,0.1356,H,F,A
2.5,11250,0,0.1599,H,F,A
3,11250,0,0.1502,H,F,A
3.5,11250,0,0.1449,H,F,A
4,11250,0,0.1408,H,F,A
4.5,11250,0,0.1371,H,F,A
5,11250,0,0.1344,H,F,A
2.5,11500,0,0.1572,H,F,A
3,11500,0,0.1473,H,F,A
3.5,11500,0,0.1419,H,F,A
4,11500,0,0.1384,H,F,A
4.5,11500,0,0.1353,H,F,A
5,11500,0,0.1328,H,F,A
2.5,11750,0,0.1551,H,F,A
3,11750,0,0.1445,H,F,A
3.5,11750,0,0.1391,H,F,A
4,11750,0,0.1359,H,F,A
4.5,11750,0,0.1334,H,F,A
5,11750,0,0.1313,H,F,A
2.5,12000,0,0.1533,H,F,A
3,12000,0,0.1418,H,F,A
3.5,12000,0,0.1362,H,F,A
4,12000,0,0.1333,H,F,A
4.5,12000,0,0.1311,H,F,A
5,12000,0,0.1295,H,F,A
2.5,12250,0,0.1518,H,F,A
3,12250,0,0.1395,H,F,A
3.5,12250,0,0.1336,H,F,A
4,12250,0,0.1307,H,F,A
4.5,12250,0,0.1289,H,F,A
5,12250,0,0.1277,H,F,A
2.5,12500,0,0.1506,H,F,A
3,12500,0,0.1375,H,F,A
3.5,12500,0,0.1311,H,F,A
4,12500,0,0.1282,H,F,A
4.5,12500,0,0.1265,H,F,A
5,12500,0,0.1257,H,F,A
2.5,12750,0,0.1497,H,F,A
3,12750,0,0.1359,H,F,A
3.5,12750,0,0.129,H,F,A
4,12750,0,0.1258,H,F,A
4.5,12750,0,0.1243,H,F,A
5,12750,0,0.1237,H,F,A
2.5,13000,0,0.1489,H,F,A
3,13000,0,0.1343,H,F,A
3.5,13000,0,0.127,H,F,A
4,13000,0,0.1235,H,F,A
4.5,13000,0,0.1221,H,F,A
5,13000,0,0.1216,H,F,A
2.5,14000,0,0.1471,H,F,A
3,14000,0,0.1297,H,F,A
3.5,14000,0,0.1207,H,F,A
4,14000,0,0.1162,H,F,A
4.5,14000,0,0.1142,H,F,A
5,14000,0,0.1139,H,F,A
2.5,15000,0,0.1477,H,F,A
3,15000,0,0.1271,H,F,A
3.5,15000,0,0.1163,H,F,A
4,15000,0,0.1108,H,F,A
4.5,15000,0,0.1082,H,F,A
5,15000,0,0.1074,H,F,A
2.5,16000,0,0.1504,H,F,A
3,16000,0,0.1259,H,F,A
3.5,16000,0,0.1138,H,F,A
4,16000,0,0.107,H,F,A
4.5,16000,0,0.1038,H,F,A
5,16000,0,0.1025,H,F,A
2.5,17000,0,0.1561,H,F,A
3,17000,0,0.1261,H,F,A
3.5,17000,0,0.112,H,F,A
4,17000,0,0.1045,H,F,A
4.5,17000,0,0.1006,H,F,A
5,17000,0,0.0988,H,F,A
3,18000,0,0.1275,H,F,A
3.5,18000,0,0.1111,H,F,A
4,18000,0,0.1025,H,F,A
4.5,18000,0,0.0981,H,F,A
5,18000,0,0.0958,H,F,A
3,19000,0,0.1302,H,F,A
3.5,19000,0,0.111,H,F,A
4,19000,0,0.1013,H,F,A
4.5,19000,0,0.0962,H,F,A
5,19000,0,0.0933,H,F,A
3,20000,0,0.1334,H,F,A
3.5,20000,0,0.112,H,F,A
4,20000,0,0.1007,H,F,A
4.5,20000,0,0.0946,H,F,A
5,20000,0,0.0917,H,F,A
3,21000,0,0.1351,H,F,A
3.5,21000,0,0.1132,H,F,A
4,21000,0,0.1008,H,F,A
4.5,21000,0,0.0942,H,F,A
5,21000,0,0.091,H,F,A
3,22000,0,0.1357,H,F,A
3.5,22000,0,0.114,H,F,A
4,22000,0,0.1018,H,F,A
4.5,22000,0,0.0942,H,F,A
5,22000,0,0.0905,H,F,A
3,23000,0,0.1376,H,F,A
3.5,23000,0,0.1134,H,F,A
4,23000,0,0.1021,H,F,A
4.5,23000,0,0.0947,H,F,A
5,23000,0,0.0906,H,F,A
3,24000,0,0.1421,H,F,A
3.5,24000,0,0.1131,H,F,A
4,24000,0,0.102,H,F,A
4.5,24000,0,0.0957,H,F,A
5,24000,0,0.0915,H,F,A
3.5,25000,0,0.1138,H,F,A
4,25000,0,0.1014,H,F,A
4.5,25000,0,0.0955,H,F,A
5,25000,0,0.0922,H,F,A
3.5,26000,0,0.1156,H,F,A
4,26000,0,0.1012,H,F,A
4.5,26000,0,0.0952,H,F,A
5,26000,0,0.0926,H,F,A
3.5,27000,0,0.1187,H,F,A
4,27000,0,0.1019,H,F,A
4.5,27000,0,0.095,H,F,A
5,27000,0,0.0922,H,F,A
3.5,28000,0,0.1219,H,F,A
4,28000,0,0.1032,H,F,A
4.5,28000,0,0.0951,H,F,A
5,28000,0,0.0918,H,F,A
3.5,29000,0,0.1242,H,F,A
4,29000,0,0.1046,H,F,A
4.5,29000,0,0.0955,H,F,A
5,29000,0,0.0914,H,F,A
3.5,30000,0,0.126,H,F,A
4,30000,0,0.1054,H,F,A
4.5,30000,0,0.0959,H,F,A
5,30000,0,0.0912,H,F,A
4,31000,0,0.1053,H,F,A
4.5,31000,0,0.0957,H,F,A
5,31000,0,0.0907,H,F,A
4,32000,0,0.1046,H,F,A
4.5,32000,0,0.0947,H,F,A
5,32000,0,0.0898,H,F,A
4,33000,0,0.1038,H,F,A
4.5,33000,0,0.0934,H,F,A
5,33000,0,0.0883,H,F,A
4,34000,0,0.1026,H,F,A
4.5,34000,0,0.0917,H,F,A
5,34000,0,0.0863,H,F,A
4,35000,0,0.1005,H,F,A
4.5,35000,0,0.0899,H,F,A
5,35000,0,0.0843,H,F,A
4,36000,0,0.0984,H,F,A
4.5,36000,0,0.0876,H,F,A
5,36000,0,0.082,H,F,A
4.5,37000,0,0.0851,H,F,A
5,37000,0,0.0796,H,F,A
4.5,38000,0,0.0825,H,F,A
5,38000,0,0.077,H,F,A
4.5,39000,0,0.0806,H,F,A
5,39000,0,0.0745,H,F,A
4.5,40000,0,0.0794,H,F,A
5,40000,0,0.0723,H,F,A
4.5,41000,0,0.0788,H,F,A
5,41000,0,0.0708,H,F,A
4.5,42000,0,0.0786,H,F,A
5,42000,0,0.0698,H,F,A
5,43000,0,0.0689,H,F,A
5,44000,0,0.0683,H,F,A
5,45000,0,0.068,H,F,A
5,46000,0,0.0675,H,F,A
5,47000,0,0.067,H,F,A
5,48000,0,0.0666,H,F,A
5,49000,0,0.0663,H,F,A
5,50000,0,0.066,H,F,A
0,3500,0.1,0.41,H,F,A
0.5,3500,0.1,0.4054,H,F,A
1,3500,0.1,0.4007,H,F,A
1.5,3500,0.1,0.3955,H,F,A
2,3500,0.1,0.3902,H,F,A
2.5,3500,0.1,0.384,H,F,A
3,3500,0.1,0.3735,H,F,A
3.5,3500,0.1,0.3347,H,F,A
4,3500,0.1,0.2481,H,F,A
4.5,3500,0.1,0.1903,H,F,A
5,3500,0.1,0.1691,H,F,A
0,3750,0.1,0.3931,H,F,A
0.5,3750,0.1,0.3892,H,F,A
1,3750,0.1,0.3853,H,F,A
1.5,3750,0.1,0.381,H,F,A
2,3750,0.1,0.3762,H,F,A
2.5,3750,0.1,0.3714,H,F,A
3,3750,0.1,0.3664,H,F,A
3.5,3750,0.1,0.3566,H,F,A
4,3750,0.1,0.3253,H,F,A
4.5,3750,0.1,0.2535,H,F,A
5,3750,0.1,0.1964,H,F,A
0,4000,0.1,0.3714,H,F,A
0.5,4000,0.1,0.3681,H,F,A
1,4000,0.1,0.365,H,F,A
1.5,4000,0.1,0.3614,H,F,A
2,4000,0.1,0.358,H,F,A
2.5,4000,0.1,0.3552,H,F,A
3,4000,0.1,0.352,H,F,A
3.5,4000,0.1,0.3484,H,F,A
4,4000,0.1,0.3403,H,F,A
4.5,4000,0.1,0.314,H,F,A
5,4000,0.1,0.2569,H,F,A
0,4250,0.1,0.3471,H,F,A
0.5,4250,0.1,0.3439,H,F,A
1,4250,0.1,0.3415,H,F,A
1.5,4250,0.1,0.3392,H,F,A
2,4250,0.1,0.3371,H,F,A
2.5,4250,0.1,0.3355,H,F,A
3,4250,0.1,0.3342,H,F,A
3.5,4250,0.1,0.3327,H,F,A
4,4250,0.1,0.3304,H,F,A
4.5,4250,0.1,0.324,H,F,A
5,4250,0.1,0.303,H,F,A
0,4500,0.1,0.321,H,F,A
0.5,4500,0.1,0.3187,H,F,A
1,4500,0.1,0.3175,H,F,A
1.5,4500,0.1,0.3163,H,F,A
2,4500,0.1,0.3153,H,F,A
2.5,4500,0.1,0.3148,H,F,A
3,4500,0.1,0.3149,H,F,A
3.5,4500,0.1,0.315,H,F,A
4,4500,0.1,0.3145,H,F,A
4.5,4500,0.1,0.313,H,F,A
5,4500,0.1,0.3078,H,F,A
0,4750,0.1,0.2928,H,F,A
0.5,4750,0.1,0.2923,H,F,A
1,4750,0.1,0.2931,H,F,A
1.5,4750,0.1,0.2932,H,F,A
2,4750,0.1,0.2939,H,F,A
2.5,4750,0.1,0.2943,H,F,A
3,4750,0.1,0.2953,H,F,A
3.5,4750,0.1,0.2969,H,F,A
4,4750,0.1,0.2978,H,F,A
4.5,4750,0.1,0.2978,H,F,A
5,4750,0.1,0.2966,H,F,A
0,5000,0.1,0.2677,H,F,A
0.5,5000,0.1,0.2678,H,F,A
1,5000,0.1,0.2695,H,F,A
1.5,5000,0.1,0.2711,H,F,A
2,5000,0.1,0.2731,H,F,A
2.5,5000,0.1,0.2744,H,F,A
3,5000,0.1,0.2764,H,F,A
3.5,5000,0.1,0.279,H,F,A
4,5000,0.1,0.2808,H,F,A
4.5,5000,0.1,0.2823,H,F,A
5,5000,0.1,0.2823,H,F,A
0,5250,0.1,0.2464,H,F,A
0.5,5250,0.1,0.246,H,F,A
1,5250,0.1,0.248,H,F,A
1.5,5250,0.1,0.2502,H,F,A
2,5250,0.1,0.253,H,F,A
2.5,5250,0.1,0.2554,H,F,A
3,5250,0.1,0.2583,H,F,A
3.5,5250,0.1,0.2613,H,F,A
4,5250,0.1,0.2641,H,F,A
4.5,5250,0.1,0.2669,H,F,A
5,5250,0.1,0.2676,H,F,A
0,5500,0.1,0.2488,H,F,A
0.5,5500,0.1,0.2278,H,F,A
1,5500,0.1,0.2292,H,F,A
1.5,5500,0.1,0.2318,H,F,A
2,5500,0.1,0.2347,H,F,A
2.5,5500,0.1,0.2376,H,F,A
3,5500,0.1,0.2408,H,F,A
3.5,5500,0.1,0.244,H,F,A
4,5500,0.1,0.2483,H,F,A
4.5,5500,0.1,0.2515,H,F,A
5,5500,0.1,0.2534,H,F,A
0,5750,0.1,0.2489,H,F,A
0.5,5750,0.1,0.2373,H,F,A
1,5750,0.1,0.2117,H,F,A
1.5,5750,0.1,0.2145,H,F,A
2,5750,0.1,0.2175,H,F,A
2.5,5750,0.1,0.2205,H,F,A
3,5750,0.1,0.2242,H,F,A
3.5,5750,0.1,0.2283,H,F,A
4,5750,0.1,0.2329,H,F,A
4.5,5750,0.1,0.2367,H,F,A
5,5750,0.1,0.2395,H,F,A
0,6000,0.1,0.2481,H,F,A
0.5,6000,0.1,0.2333,H,F,A
1,6000,0.1,0.2204,H,F,A
1.5,6000,0.1,0.1977,H,F,A
2,6000,0.1,0.2012,H,F,A
2.5,6000,0.1,0.2051,H,F,A
3,6000,0.1,0.209,H,F,A
3.5,6000,0.1,0.2134,H,F,A
4,6000,0.1,0.218,H,F,A
4.5,6000,0.1,0.2228,H,F,A
5,6000,0.1,0.2264,H,F,A
0.5,6250,0.1,0.2318,H,F,A
1,6250,0.1,0.2205,H,F,A
1.5,6250,0.1,0.2067,H,F,A
2,6250,0.1,0.1866,H,F,A
2.5,6250,0.1,0.1905,H,F,A
3,6250,0.1,0.1949,H,F,A
3.5,6250,0.1,0.1994,H,F,A
4,6250,0.1,0.2046,H,F,A
4.5,6250,0.1,0.2099,H,F,A
5,6250,0.1,0.2141,H,F,A
0.5,6500,0.1,0.2327,H,F,A
1,6500,0.1,0.2184,H,F,A
1.5,6500,0.1,0.2086,H,F,A
2,6500,0.1,0.1951,H,F,A
2.5,6500,0.1,0.1776,H,F,A
3,6500,0.1,0.1819,H,F,A
3.5,6500,0.1,0.187,H,F,A
4,6500,0.1,0.1925,H,F,A
4.5,6500,0.1,0.1982,H,F,A
5,6500,0.1,0.2028,H,F,A
0.5,6750,0.1,0.233,H,F,A
1,6750,0.1,0.2182,H,F,A
1.5,6750,0.1,0.2079,H,F,A
2,6750,0.1,0.1971,H,F,A
2.5,6750,0.1,0.1821,H,F,A
3,6750,0.1,0.1713,H,F,A
3.5,6750,0.1,0.1762,H,F,A
4,6750,0.1,0.182,H,F,A
4.5,6750,0.1,0.1878,H,F,A
5,6750,0.1,0.1931,H,F,A
0.5,7000,0.1,0.2358,H,F,A
1,7000,0.1,0.2166,H,F,A
1.5,7000,0.1,0.2069,H,F,A
2,7000,0.1,0.1985,H,F,A
2.5,7000,0.1,0.1861,H,F,A
3,7000,0.1,0.1697,H,F,A
3.5,7000,0.1,0.1681,H,F,A
4,7000,0.1,0.1728,H,F,A
4.5,7000,0.1,0.1782,H,F,A
5,7000,0.1,0.1836,H,F,A
0.5,7250,0.1,0.24,H,F,A
1,7250,0.1,0.2167,H,F,A
1.5,7250,0.1,0.2042,H,F,A
2,7250,0.1,0.1983,H,F,A
2.5,7250,0.1,0.1901,H,F,A
3,7250,0.1,0.1755,H,F,A
3.5,7250,0.1,0.1611,H,F,A
4,7250,0.1,0.1662,H,F,A
4.5,7250,0.1,0.1697,H,F,A
5,7250,0.1,0.1754,H,F,A
0.5,7500,0.1,0.2494,H,F,A
1,7500,0.1,0.2167,H,F,A
1.5,7500,0.1,0.2018,H,F,A
2,7500,0.1,0.1937,H,F,A
2.5,7500,0.1,0.1899,H,F,A
3,7500,0.1,0.1822,H,F,A
3.5,7500,0.1,0.1667,H,F,A
4,7500,0.1,0.157,H,F,A
4.5,7500,0.1,0.1636,H,F,A
5,7500,0.1,0.1684,H,F,A
1,7750,0.1,0.2192,H,F,A
1.5,7750,0.1,0.1998,H,F,A
2,7750,0.1,0.1894,H,F,A
2.5,7750,0.1,0.1842,H,F,A
3,7750,0.1,0.1827,H,F,A
3.5,7750,0.1,0.1754,H,F,A
4,7750,0.1,0.162,H,F,A
4.5,7750,0.1,0.1571,H,F,A
5,7750,0.1,0.1636,H,F,A
1,8000,0.1,0.2258,H,F,A
1.5,8000,0.1,0.1995,H,F,A
2,8000,0.1,0.1868,H,F,A
2.5,8000,0.1,0.1799,H,F,A
3,8000,0.1,0.1763,H,F,A
3.5,8000,0.1,0.1761,H,F,A
4,8000,0.1,0.1696,H,F,A
4.5,8000,0.1,0.161,H,F,A
5,8000,0.1,0.1594,H,F,A
1,8250,0.1,0.2366,H,F,A
1.5,8250,0.1,0.2015,H,F,A
2,8250,0.1,0.1848,H,F,A
2.5,8250,0.1,0.1758,H,F,A
3,8250,0.1,0.171,H,F,A
3.5,8250,0.1,0.1693,H,F,A
4,8250,0.1,0.1708,H,F,A
4.5,8250,0.1,0.1649,H,F,A
5,8250,0.1,0.1576,H,F,A
1,8500,0.1,0.2499,H,F,A
1.5,8500,0.1,0.2049,H,F,A
2,8500,0.1,0.1847,H,F,A
2.5,8500,0.1,0.1732,H,F,A
3,8500,0.1,0.167,H,F,A
3.5,8500,0.1,0.1639,H,F,A
4,8500,0.1,0.1634,H,F,A
4.5,8500,0.1,0.1663,H,F,A
5,8500,0.1,0.1624,H,F,A
1.5,8750,0.1,0.2091,H,F,A
2,8750,0.1,0.1857,H,F,A
2.5,8750,0.1,0.1723,H,F,A
3,8750,0.1,0.1642,H,F,A
3.5,8750,0.1,0.1595,H,F,A
4,8750,0.1,0.1576,H,F,A
4.5,8750,0.1,0.1589,H,F,A
5,8750,0.1,0.1636,H,F,A
1.5,9000,0.1,0.2131,H,F,A
2,9000,0.1,0.1868,H,F,A
2.5,9000,0.1,0.1719,H,F,A
3,9000,0.1,0.1625,H,F,A
3.5,9000,0.1,0.1566,H,F,A
4,9000,0.1,0.1538,H,F,A
4.5,9000,0.1,0.1534,H,F,A
5,9000,0.1,0.1553,H,F,A
2,9250,0.1,0.1878,H,F,A
2.5,9250,0.1,0.1718,H,F,A
3,9250,0.1,0.1616,H,F,A
3.5,9250,0.1,0.155,H,F,A
4,9250,0.1,0.1511,H,F,A
4.5,9250,0.1,0.1493,H,F,A
5,9250,0.1,0.15,H,F,A
2,9500,0.1,0.1883,H,F,A
2.5,9500,0.1,0.1717,H,F,A
3,9500,0.1,0.1611,H,F,A
3.5,9500,0.1,0.1539,H,F,A
4,9500,0.1,0.149,H,F,A
4.5,9500,0.1,0.1463,H,F,A
5,9500,0.1,0.1462,H,F,A
2,9750,0.1,0.188,H,F,A
2.5,9750,0.1,0.1712,H,F,A
3,9750,0.1,0.1602,H,F,A
3.5,9750,0.1,0.1527,H,F,A
4,9750,0.1,0.1473,H,F,A
4.5,9750,0.1,0.1442,H,F,A
5,9750,0.1,0.1435,H,F,A
2,10000,0.1,0.1869,H,F,A
2.5,10000,0.1,0.17,H,F,A
3,10000,0.1,0.1593,H,F,A
3.5,10000,0.1,0.1516,H,F,A
4,10000,0.1,0.1461,H,F,A
4.5,10000,0.1,0.1428,H,F,A
5,10000,0.1,0.1414,H,F,A
2,10500,0.1,0.1832,H,F,A
2.5,10500,0.1,0.1662,H,F,A
3,10500,0.1,0.1561,H,F,A
3.5,10500,0.1,0.1491,H,F,A
4,10500,0.1,0.1439,H,F,A
4.5,10500,0.1,0.1401,H,F,A
5,10500,0.1,0.1379,H,F,A
2,11000,0.1,0.1797,H,F,A
2.5,11000,0.1,0.1615,H,F,A
3,11000,0.1,0.1517,H,F,A
3.5,11000,0.1,0.1456,H,F,A
4,11000,0.1,0.1411,H,F,A
4.5,11000,0.1,0.1374,H,F,A
5,11000,0.1,0.1351,H,F,A
2.5,11500,0.1,0.1566,H,F,A
3,11500,0.1,0.1465,H,F,A
3.5,11500,0.1,0.1409,H,F,A
4,11500,0.1,0.1372,H,F,A
4.5,11500,0.1,0.1344,H,F,A
5,11500,0.1,0.1323,H,F,A
2.5,12000,0.1,0.1528,H,F,A
3,12000,0.1,0.1416,H,F,A
3.5,12000,0.1,0.1359,H,F,A
4,12000,0.1,0.1327,H,F,A
4.5,12000,0.1,0.1305,H,F,A
5,12000,0.1,0.1291,H,F,A
2.5,12500,0.1,0.1499,H,F,A
3,12500,0.1,0.1375,H,F,A
3.5,12500,0.1,0.1313,H,F,A
4,12500,0.1,0.1281,H,F,A
4.5,12500,0.1,0.1264,H,F,A
5,12500,0.1,0.1255,H,F,A
2.5,13000,0.1,0.1481,H,F,A
3,13000,0.1,0.1343,H,F,A
3.5,13000,0.1,0.1273,H,F,A
4,13000,0.1,0.1238,H,F,A
4.5,13000,0.1,0.1223,H,F,A
5,13000,0.1,0.1217,H,F,A
2,14000,0.1,0.1811,H,F,A
2.5,14000,0.1,0.146,H,F,A
3,14000,0.1,0.1296,H,F,A
3.5,14000,0.1,0.1212,H,F,A
4,14000,0.1,0.1168,H,F,A
4.5,14000,0.1,0.1151,H,F,A
5,14000,0.1,0.1147,H,F,A
2.5,15000,0.1,0.1456,H,F,A
3,15000,0.1,0.1267,H,F,A
3.5,15000,0.1,0.1168,H,F,A
4,15000,0.1,0.1116,H,F,A
4.5,15000,0.1,0.1093,H,F,A
5,15000,0.1,0.1086,H,F,A
2.5,16000,0.1,0.1472,H,F,A
3,16000,0.1,0.1251,H,F,A
3.5,16000,0.1,0.1138,H,F,A
4,16000,0.1,0.108,H,F,A
4.5,16000,0.1,0.105,H,F,A
5,16000,0.1,0.1039,H,F,A
2.5,17000,0.1,0.151,H,F,A
3,17000,0.1,0.1244,H,F,A
3.5,17000,0.1,0.1119,H,F,A
4,17000,0.1,0.1052,H,F,A
4.5,17000,0.1,0.1018,H,F,A
5,17000,0.1,0.1003,H,F,A
2.5,18000,0.1,0.1572,H,F,A
3,18000,0.1,0.1253,H,F,A
3.5,18000,0.1,0.1106,H,F,A
4,18000,0.1,0.103,H,F,A
4.5,18000,0.1,0.0991,H,F,A
5,18000,0.1,0.0976,H,F,A
2.5,19000,0.1,0.1658,H,F,A
3,19000,0.1,0.127,H,F,A
3.5,19000,0.1,0.1104,H,F,A
4,19000,0.1,0.1018,H,F,A
4.5,19000,0.1,0.0975,H,F,A
5,19000,0.1,0.0953,H,F,A
3,20000,0.1,0.1298,H,F,A
3.5,20000,0.1,0.1107,H,F,A
4,20000,0.1,0.1009,H,F,A
4.5,20000,0.1,0.0961,H,F,A
5,20000,0.1,0.0939,H,F,A
3,21000,0.1,0.133,H,F,A
3.5,21000,0.1,0.1119,H,F,A
4,21000,0.1,0.101,H,F,A
4.5,21000,0.1,0.0954,H,F,A
5,21000,0.1,0.0927,H,F,A
3,22000,0.1,0.1353,H,F,A
3.5,22000,0.1,0.1133,H,F,A
4,22000,0.1,0.1016,H,F,A
4.5,22000,0.1,0.0954,H,F,A
5,22000,0.1,0.0925,H,F,A
3,23000,0.1,0.1366,H,F,A
3.5,23000,0.1,0.1142,H,F,A
4,23000,0.1,0.1027,H,F,A
4.5,23000,0.1,0.096,H,F,A
5,23000,0.1,0.0926,H,F,A
3,24000,0.1,0.1402,H,F,A
3.5,24000,0.1,0.1146,H,F,A
4,24000,0.1,0.1033,H,F,A
4.5,24000,0.1,0.0969,H,F,A
5,24000,0.1,0.0933,H,F,A
3,25000,0.1,0.1463,H,F,A
3.5,25000,0.1,0.1148,H,F,A
4,25000,0.1,0.1033,H,F,A
4.5,25000,0.1,0.0975,H,F,A
5,25000,0.1,0.0941,H,F,A
3,26000,0.1,0.1537,H,F,A
3.5,26000,0.1,0.1162,H,F,A
4,26000,0.1,0.1033,H,F,A
4.5,26000,0.1,0.0976,H,F,A
5,26000,0.1,0.0947,H,F,A
3.5,27000,0.1,0.1186,H,F,A
4,27000,0.1,0.1038,H,F,A
4.5,27000,0.1,0.0975,H,F,A
5,27000,0.1,0.0951,H,F,A
3.5,28000,0.1,0.1209,H,F,A
4,28000,0.1,0.1044,H,F,A
4.5,28000,0.1,0.0974,H,F,A
5,28000,0.1,0.0945,H,F,A
3.5,29000,0.1,0.1223,H,F,A
4,29000,0.1,0.1053,H,F,A
4.5,29000,0.1,0.0974,H,F,A
5,29000,0.1,0.094,H,F,A
3.5,30000,0.1,0.1237,H,F,A
4,30000,0.1,0.1052,H,F,A
4.5,30000,0.1,0.0972,H,F,A
5,30000,0.1,0.0933,H,F,A
3.5,31000,0.1,0.1247,H,F,A
4,31000,0.1,0.1045,H,F,A
4.5,31000,0.1,0.0964,H,F,A
5,31000,0.1,0.0923,H,F,A
4,32000,0.1,0.1037,H,F,A
4.5,32000,0.1,0.0947,H,F,A
5,32000,0.1,0.0907,H,F,A
4,33000,0.1,0.1025,H,F,A
4.5,33000,0.1,0.0928,H,F,A
5,33000,0.1,0.0887,H,F,A
4,34000,0.1,0.1012,H,F,A
4.5,34000,0.1,0.091,H,F,A
5,34000,0.1,0.0864,H,F,A
4,35000,0.1,0.0991,H,F,A
4.5,35000,0.1,0.0893,H,F,A
5,35000,0.1,0.0838,H,F,A
4.5,37500,0.1,0.0829,H,F,A
5,37500,0.1,0.0778,H,F,A
4.5,40000,0.1,0.0784,H,F,A
5,40000,0.1,0.0718,H,F,A
5,42500,0.1,0.069,H,F,A
5,45000,0.1,0.068,H,F,A
5,47500,0.1,0.0673,H,F,A
5,50000,0.1,0.0668,H,F,A
0,3500,0.2,0.4089,H,F,A
0.5,3500,0.2,0.405,H,F,A
1,3500,0.2,0.4003,H,F,A
1.5,3500,0.2,0.3956,H,F,A
2,3500,0.2,0.3902,H,F,A
2.5,3500,0.2,0.3845,H,F,A
3,3500,0.2,0.3753,H,F,A
3.5,3500,0.2,0.3441,H,F,A
4,3500,0.2,0.2658,H,F,A
4.5,3500,0.2,0.1982,H,F,A
5,3500,0.2,0.1722,H,F,A
0,3750,0.2,0.3937,H,F,A
0.5,3750,0.2,0.3901,H,F,A
1,3750,0.2,0.3861,H,F,A
1.5,3750,0.2,0.3818,H,F,A
2,3750,0.2,0.3771,H,F,A
2.5,3750,0.2,0.3727,H,F,A
3,3750,0.2,0.3678,H,F,A
3.5,3750,0.2,0.3587,H,F,A
4,3750,0.2,0.3324,H,F,A
4.5,3750,0.2,0.2672,H,F,A
5,3750,0.2,0.2038,H,F,A
0,4000,0.2,0.3731,H,F,A
0.5,4000,0.2,0.37,H,F,A
1,4000,0.2,0.3667,H,F,A
1.5,4000,0.2,0.3636,H,F,A
2,4000,0.2,0.3601,H,F,A
2.5,4000,0.2,0.357,H,F,A
3,4000,0.2,0.354,H,F,A
3.5,4000,0.2,0.3505,H,F,A
4,4000,0.2,0.343,H,F,A
4.5,4000,0.2,0.3192,H,F,A
5,4000,0.2,0.2667,H,F,A
0,4250,0.2,0.3494,H,F,A
0.5,4250,0.2,0.3466,H,F,A
1,4250,0.2,0.3435,H,F,A
1.5,4250,0.2,0.3415,H,F,A
2,4250,0.2,0.3398,H,F,A
2.5,4250,0.2,0.3378,H,F,A
3,4250,0.2,0.3364,H,F,A
3.5,4250,0.2,0.3354,H,F,A
4,4250,0.2,0.333,H,F,A
4.5,4250,0.2,0.327,H,F,A
5,4250,0.2,0.3072,H,F,A
0,4500,0.2,0.3237,H,F,A
0.5,4500,0.2,0.3213,H,F,A
1,4500,0.2,0.3198,H,F,A
1.5,4500,0.2,0.319,H,F,A
2,4500,0.2,0.3181,H,F,A
2.5,4500,0.2,0.3175,H,F,A
3,4500,0.2,0.3172,H,F,A
3.5,4500,0.2,0.3177,H,F,A
4,4500,0.2,0.3173,H,F,A
4.5,4500,0.2,0.3161,H,F,A
5,4500,0.2,0.3113,H,F,A
0,4750,0.2,0.2958,H,F,A
0.5,4750,0.2,0.2947,H,F,A
1,4750,0.2,0.295,H,F,A
1.5,4750,0.2,0.2954,H,F,A
2,4750,0.2,0.2962,H,F,A
2.5,4750,0.2,0.2969,H,F,A
3,4750,0.2,0.2982,H,F,A
3.5,4750,0.2,0.2996,H,F,A
4,4750,0.2,0.3007,H,F,A
4.5,4750,0.2,0.301,H,F,A
5,4750,0.2,0.3,H,F,A
0,5000,0.2,0.2699,H,F,A
0.5,5000,0.2,0.2703,H,F,A
1,5000,0.2,0.2714,H,F,A
1.5,5000,0.2,0.2731,H,F,A
2,5000,0.2,0.275,H,F,A
2.5,5000,0.2,0.2765,H,F,A
3,5000,0.2,0.2787,H,F,A
3.5,5000,0.2,0.2813,H,F,A
4,5000,0.2,0.2839,H,F,A
4.5,5000,0.2,0.2854,H,F,A
5,5000,0.2,0.2859,H,F,A
0,5250,0.2,0.2478,H,F,A
0.5,5250,0.2,0.2475,H,F,A
1,5250,0.2,0.2491,H,F,A
1.5,5250,0.2,0.2515,H,F,A
2,5250,0.2,0.2543,H,F,A
2.5,5250,0.2,0.2572,H,F,A
3,5250,0.2,0.2603,H,F,A
3.5,5250,0.2,0.2637,H,F,A
4,5250,0.2,0.2669,H,F,A
4.5,5250,0.2,0.2698,H,F,A
5,5250,0.2,0.271,H,F,A
0,5500,0.2,0.254,H,F,A
0.5,5500,0.2,0.2283,H,F,A
1,5500,0.2,0.2297,H,F,A
1.5,5500,0.2,0.2326,H,F,A
2,5500,0.2,0.2357,H,F,A
2.5,5500,0.2,0.2392,H,F,A
3,5500,0.2,0.2423,H,F,A
3.5,5500,0.2,0.2463,H,F,A
4,5500,0.2,0.2507,H,F,A
4.5,5500,0.2,0.2542,H,F,A
5,5500,0.2,0.2567,H,F,A
0,5750,0.2,0.2494,H,F,A
0.5,5750,0.2,0.2361,H,F,A
1,5750,0.2,0.2119,H,F,A
1.5,5750,0.2,0.2149,H,F,A
2,5750,0.2,0.218,H,F,A
2.5,5750,0.2,0.2218,H,F,A
3,5750,0.2,0.2254,H,F,A
3.5,5750,0.2,0.2301,H,F,A
4,5750,0.2,0.235,H,F,A
4.5,5750,0.2,0.2392,H,F,A
5,5750,0.2,0.2424,H,F,A
0,6000,0.2,0.2481,H,F,A
0.5,6000,0.2,0.234,H,F,A
1,6000,0.2,0.2213,H,F,A
1.5,6000,0.2,0.1983,H,F,A
2,6000,0.2,0.2015,H,F,A
2.5,6000,0.2,0.2054,H,F,A
3,6000,0.2,0.2099,H,F,A
3.5,6000,0.2,0.2146,H,F,A
4,6000,0.2,0.22,H,F,A
4.5,6000,0.2,0.2249,H,F,A
5,6000,0.2,0.2291,H,F,A
0.5,6250,0.2,0.2318,H,F,A
1,6250,0.2,0.221,H,F,A
1.5,6250,0.2,0.2096,H,F,A
2,6250,0.2,0.1883,H,F,A
2.5,6250,0.2,0.1906,H,F,A
3,6250,0.2,0.1951,H,F,A
3.5,6250,0.2,0.2003,H,F,A
4,6250,0.2,0.2058,H,F,A
4.5,6250,0.2,0.2115,H,F,A
5,6250,0.2,0.2161,H,F,A
0.5,6500,0.2,0.2323,H,F,A
1,6500,0.2,0.2186,H,F,A
1.5,6500,0.2,0.2088,H,F,A
2,6500,0.2,0.1968,H,F,A
2.5,6500,0.2,0.179,H,F,A
3,6500,0.2,0.1821,H,F,A
3.5,6500,0.2,0.1875,H,F,A
4,6500,0.2,0.1933,H,F,A
4.5,6500,0.2,0.1993,H,F,A
5,6500,0.2,0.2044,H,F,A
0.5,6750,0.2,0.2329,H,F,A
1,6750,0.2,0.2183,H,F,A
1.5,6750,0.2,0.208,H,F,A
2,6750,0.2,0.1973,H,F,A
2.5,6750,0.2,0.1822,H,F,A
3,6750,0.2,0.1717,H,F,A
3.5,6750,0.2,0.1764,H,F,A
4,6750,0.2,0.1823,H,F,A
4.5,6750,0.2,0.1882,H,F,A
5,6750,0.2,0.1935,H,F,A
0.5,7000,0.2,0.2358,H,F,A
1,7000,0.2,0.2165,H,F,A
1.5,7000,0.2,0.207,H,F,A
2,7000,0.2,0.1985,H,F,A
2.5,7000,0.2,0.1862,H,F,A
3,7000,0.2,0.1699,H,F,A
3.5,7000,0.2,0.1684,H,F,A
4,7000,0.2,0.1731,H,F,A
4.5,7000,0.2,0.1784,H,F,A
5,7000,0.2,0.184,H,F,A
0.5,7250,0.2,0.2399,H,F,A
1,7250,0.2,0.2164,H,F,A
1.5,7250,0.2,0.2039,H,F,A
2,7250,0.2,0.198,H,F,A
2.5,7250,0.2,0.1906,H,F,A
3,7250,0.2,0.1762,H,F,A
3.5,7250,0.2,0.1608,H,F,A
4,7250,0.2,0.1665,H,F,A
4.5,7250,0.2,0.1699,H,F,A
5,7250,0.2,0.1756,H,F,A
0.5,7500,0.2,0.2497,H,F,A
1,7500,0.2,0.2167,H,F,A
1.5,7500,0.2,0.2018,H,F,A
2,7500,0.2,0.1936,H,F,A
2.5,7500,0.2,0.1901,H,F,A
3,7500,0.2,0.1829,H,F,A
3.5,7500,0.2,0.1677,H,F,A
4,7500,0.2,0.1572,H,F,A
4.5,7500,0.2,0.1637,H,F,A
5,7500,0.2,0.1685,H,F,A
1,7750,0.2,0.219,H,F,A
1.5,7750,0.2,0.1998,H,F,A
2,7750,0.2,0.1895,H,F,A
2.5,7750,0.2,0.1842,H,F,A
3,7750,0.2,0.1824,H,F,A
3.5,7750,0.2,0.1759,H,F,A
4,7750,0.2,0.1627,H,F,A
4.5,7750,0.2,0.1584,H,F,A
5,7750,0.2,0.1637,H,F,A
1,8000,0.2,0.2263,H,F,A
1.5,8000,0.2,0.1996,H,F,A
2,8000,0.2,0.1869,H,F,A
2.5,8000,0.2,0.18,H,F,A
3,8000,0.2,0.1765,H,F,A
3.5,8000,0.2,0.176,H,F,A
4,8000,0.2,0.1706,H,F,A
4.5,8000,0.2,0.1607,H,F,A
5,8000,0.2,0.1582,H,F,A
1,8250,0.2,0.2373,H,F,A
1.5,8250,0.2,0.2017,H,F,A
2,8250,0.2,0.1848,H,F,A
2.5,8250,0.2,0.1759,H,F,A
3,8250,0.2,0.1712,H,F,A
3.5,8250,0.2,0.1695,H,F,A
4,8250,0.2,0.1709,H,F,A
4.5,8250,0.2,0.1656,H,F,A
5,8250,0.2,0.16,H,F,A
1,8500,0.2,0.2506,H,F,A
1.5,8500,0.2,0.2053,H,F,A
2,8500,0.2,0.1848,H,F,A
2.5,8500,0.2,0.1734,H,F,A
3,8500,0.2,0.1673,H,F,A
3.5,8500,0.2,0.1641,H,F,A
4,8500,0.2,0.1636,H,F,A
4.5,8500,0.2,0.1663,H,F,A
5,8500,0.2,0.1623,H,F,A
1.5,8750,0.2,0.2098,H,F,A
2,8750,0.2,0.186,H,F,A
2.5,8750,0.2,0.1724,H,F,A
3,8750,0.2,0.1643,H,F,A
3.5,8750,0.2,0.1597,H,F,A
4,8750,0.2,0.1578,H,F,A
4.5,8750,0.2,0.159,H,F,A
5,8750,0.2,0.1639,H,F,A
1.5,9000,0.2,0.2138,H,F,A
2,9000,0.2,0.1874,H,F,A
2.5,9000,0.2,0.1721,H,F,A
3,9000,0.2,0.1625,H,F,A
3.5,9000,0.2,0.1567,H,F,A
4,9000,0.2,0.1538,H,F,A
4.5,9000,0.2,0.1534,H,F,A
5,9000,0.2,0.1553,H,F,A
2,9250,0.2,0.1886,H,F,A
2.5,9250,0.2,0.1723,H,F,A
3,9250,0.2,0.1619,H,F,A
3.5,9250,0.2,0.1551,H,F,A
4,9250,0.2,0.151,H,F,A
4.5,9250,0.2,0.1493,H,F,A
5,9250,0.2,0.1501,H,F,A
2,9500,0.2,0.189,H,F,A
2.5,9500,0.2,0.1724,H,F,A
3,9500,0.2,0.1615,H,F,A
3.5,9500,0.2,0.154,H,F,A
4,9500,0.2,0.149,H,F,A
4.5,9500,0.2,0.1461,H,F,A
5,9500,0.2,0.1461,H,F,A
2,9750,0.2,0.1886,H,F,A
2.5,9750,0.2,0.1719,H,F,A
3,9750,0.2,0.1608,H,F,A
3.5,9750,0.2,0.153,H,F,A
4,9750,0.2,0.1474,H,F,A
4.5,9750,0.2,0.1442,H,F,A
5,9750,0.2,0.1434,H,F,A
2,10000,0.2,0.1876,H,F,A
2.5,10000,0.2,0.1708,H,F,A
3,10000,0.2,0.16,H,F,A
3.5,10000,0.2,0.152,H,F,A
4,10000,0.2,0.1463,H,F,A
4.5,10000,0.2,0.1428,H,F,A
5,10000,0.2,0.1413,H,F,A
2,10500,0.2,0.184,H,F,A
2.5,10500,0.2,0.167,H,F,A
3,10500,0.2,0.1568,H,F,A
3.5,10500,0.2,0.1497,H,F,A
4,10500,0.2,0.1444,H,F,A
4.5,10500,0.2,0.1404,H,F,A
5,10500,0.2,0.1379,H,F,A
2.5,11000,0.2,0.162,H,F,A
3,11000,0.2,0.1524,H,F,A
3.5,11000,0.2,0.1462,H,F,A
4,11000,0.2,0.1417,H,F,A
4.5,11000,0.2,0.1379,H,F,A
5,11000,0.2,0.1353,H,F,A
2.5,11500,0.2,0.1573,H,F,A
3,11500,0.2,0.1473,H,F,A
3.5,11500,0.2,0.1417,H,F,A
4,11500,0.2,0.1379,H,F,A
4.5,11500,0.2,0.1349,H,F,A
5,11500,0.2,0.1328,H,F,A
2.5,12000,0.2,0.1534,H,F,A
3,12000,0.2,0.1423,H,F,A
3.5,12000,0.2,0.1366,H,F,A
4,12000,0.2,0.1335,H,F,A
4.5,12000,0.2,0.1312,H,F,A
5,12000,0.2,0.1297,H,F,A
2.5,12500,0.2,0.1505,H,F,A
3,12500,0.2,0.1381,H,F,A
3.5,12500,0.2,0.1319,H,F,A
4,12500,0.2,0.1288,H,F,A
4.5,12500,0.2,0.127,H,F,A
5,12500,0.2,0.1261,H,F,A
2.5,13000,0.2,0.1486,H,F,A
3,13000,0.2,0.1348,H,F,A
3.5,13000,0.2,0.1279,H,F,A
4,13000,0.2,0.1244,H,F,A
4.5,13000,0.2,0.1228,H,F,A
5,13000,0.2,0.1222,H,F,A
2.5,14000,0.2,0.1466,H,F,A
3,14000,0.2,0.1299,H,F,A
3.5,14000,0.2,0.1214,H,F,A
4,14000,0.2,0.1171,H,F,A
4.5,14000,0.2,0.1153,H,F,A
5,14000,0.2,0.115,H,F,A
2.5,15000,0.2,0.1463,H,F,A
3,15000,0.2,0.1271,H,F,A
3.5,15000,0.2,0.1171,H,F,A
4,15000,0.2,0.1118,H,F,A
4.5,15000,0.2,0.1095,H,F,A
5,15000,0.2,0.1089,H,F,A
2.5,16000,0.2,0.1479,H,F,A
3,16000,0.2,0.1256,H,F,A
3.5,16000,0.2,0.1142,H,F,A
4,16000,0.2,0.1083,H,F,A
4.5,16000,0.2,0.1052,H,F,A
5,16000,0.2,0.1041,H,F,A
2.5,17000,0.2,0.1522,H,F,A
3,17000,0.2,0.1249,H,F,A
3.5,17000,0.2,0.1122,H,F,A
4,17000,0.2,0.1053,H,F,A
4.5,17000,0.2,0.1019,H,F,A
5,17000,0.2,0.1003,H,F,A
2.5,18000,0.2,0.1592,H,F,A
3,18000,0.2,0.1259,H,F,A
3.5,18000,0.2,0.1111,H,F,A
4,18000,0.2,0.1032,H,F,A
4.5,18000,0.2,0.0996,H,F,A
5,18000,0.2,0.0976,H,F,A
2.5,19000,0.2,0.1681,H,F,A
3,19000,0.2,0.1281,H,F,A
3.5,19000,0.2,0.1108,H,F,A
4,19000,0.2,0.1022,H,F,A
4.5,19000,0.2,0.0977,H,F,A
5,19000,0.2,0.0957,H,F,A
3,20000,0.2,0.1317,H,F,A
3.5,20000,0.2,0.1116,H,F,A
4,20000,0.2,0.1014,H,F,A
4.5,20000,0.2,0.0963,H,F,A
5,20000,0.2,0.094,H,F,A
3,21000,0.2,0.1346,H,F,A
3.5,21000,0.2,0.113,H,F,A
4,21000,0.2,0.1018,H,F,A
4.5,21000,0.2,0.0957,H,F,A
5,21000,0.2,0.0931,H,F,A
3,22000,0.2,0.1365,H,F,A
3.5,22000,0.2,0.1145,H,F,A
4,22000,0.2,0.1026,H,F,A
4.5,22000,0.2,0.096,H,F,A
5,22000,0.2,0.0928,H,F,A
3,23000,0.2,0.1384,H,F,A
3.5,23000,0.2,0.1155,H,F,A
4,23000,0.2,0.1037,H,F,A
4.5,23000,0.2,0.0967,H,F,A
5,23000,0.2,0.0929,H,F,A
3,24000,0.2,0.142,H,F,A
3.5,24000,0.2,0.1159,H,F,A
4,24000,0.2,0.1046,H,F,A
4.5,24000,0.2,0.0976,H,F,A
5,24000,0.2,0.094,H,F,A
3,25000,0.2,0.1484,H,F,A
3.5,25000,0.2,0.116,H,F,A
4,25000,0.2,0.1045,H,F,A
4.5,25000,0.2,0.0984,H,F,A
5,25000,0.2,0.095,H,F,A
3.5,26000,0.2,0.1175,H,F,A
4,26000,0.2,0.1043,H,F,A
4.5,26000,0.2,0.0985,H,F,A
5,26000,0.2,0.0955,H,F,A
3.5,27000,0.2,0.1197,H,F,A
4,27000,0.2,0.1045,H,F,A
4.5,27000,0.2,0.0983,H,F,A
5,27000,0.2,0.0955,H,F,A
3.5,28000,0.2,0.1222,H,F,A
4,28000,0.2,0.1052,H,F,A
4.5,28000,0.2,0.098,H,F,A
5,28000,0.2,0.0953,H,F,A
3.5,29000,0.2,0.1238,H,F,A
4,29000,0.2,0.1061,H,F,A
4.5,29000,0.2,0.0982,H,F,A
5,29000,0.2,0.0945,H,F,A
3.5,30000,0.2,0.1252,H,F,A
4,30000,0.2,0.1061,H,F,A
4.5,30000,0.2,0.0978,H,F,A
5,30000,0.2,0.0938,H,F,A
4,31000,0.2,0.1055,H,F,A
4.5,31000,0.2,0.097,H,F,A
5,31000,0.2,0.0928,H,F,A
4,32000,0.2,0.1046,H,F,A
4.5,32000,0.2,0.0955,H,F,A
5,32000,0.2,0.0912,H,F,A
4,33000,0.2,0.1039,H,F,A
4.5,33000,0.2,0.0936,H,F,A
5,33000,0.2,0.0893,H,F,A
4,34000,0.2,0.1026,H,F,A
4.5,34000,0.2,0.092,H,F,A
5,34000,0.2,0.087,H,F,A
4,35000,0.2,0.1007,H,F,A
4.5,35000,0.2,0.0905,H,F,A
5,35000,0.2,0.0846,H,F,A
4.5,37500,0.2,0.0841,H,F,A
5,37500,0.2,0.079,H,F,A
4.5,40000,0.2,0.0798,H,F,A
5,40000,0.2,0.0729,H,F,A
5,42500,0.2,0.0703,H,F,A
5,45000,0.2,0.0696,H,F,A
5,47500,0.2,0.069,H,F,A
5,50000,0.2,0.0684,H,F,A
0,3500,0.3,0.408,H,F,A
0.5,3500,0.3,0.4041,H,F,A
1,3500,0.3,0.3993,H,F,A
1.5,3500,0.3,0.3951,H,F,A
2,3500,0.3,0.39,H,F,A
2.5,3500,0.3,0.3845,H,F,A
3,3500,0.3,0.3762,H,F,A
3.5,3500,0.3,0.3506,H,F,A
4,3500,0.3,0.282,H,F,A
4.5,3500,0.3,0.2083,H,F,A
5,3500,0.3,0.1756,H,F,A
0,3750,0.3,0.3941,H,F,A
0.5,3750,0.3,0.3908,H,F,A
1,3750,0.3,0.3865,H,F,A
1.5,3750,0.3,0.3823,H,F,A
2,3750,0.3,0.3777,H,F,A
2.5,3750,0.3,0.3734,H,F,A
3,3750,0.3,0.3688,H,F,A
3.5,3750,0.3,0.3606,H,F,A
4,3750,0.3,0.3377,H,F,A
4.5,3750,0.3,0.28,H,F,A
5,3750,0.3,0.2147,H,F,A
0,4000,0.3,0.3747,H,F,A
0.5,4000,0.3,0.3716,H,F,A
1,4000,0.3,0.3684,H,F,A
1.5,4000,0.3,0.3652,H,F,A
2,4000,0.3,0.3619,H,F,A
2.5,4000,0.3,0.3585,H,F,A
3,4000,0.3,0.3557,H,F,A
3.5,4000,0.3,0.3521,H,F,A
4,4000,0.3,0.3453,H,F,A
4.5,4000,0.3,0.3241,H,F,A
5,4000,0.3,0.2754,H,F,A
0,4250,0.3,0.3521,H,F,A
0.5,4250,0.3,0.3489,H,F,A
1,4250,0.3,0.3459,H,F,A
1.5,4250,0.3,0.3438,H,F,A
2,4250,0.3,0.3419,H,F,A
2.5,4250,0.3,0.3403,H,F,A
3,4250,0.3,0.3387,H,F,A
3.5,4250,0.3,0.3375,H,F,A
4,4250,0.3,0.3354,H,F,A
4.5,4250,0.3,0.3297,H,F,A
5,4250,0.3,0.311,H,F,A
0,4500,0.3,0.3265,H,F,A
0.5,4500,0.3,0.3242,H,F,A
1,4500,0.3,0.3224,H,F,A
1.5,4500,0.3,0.3212,H,F,A
2,4500,0.3,0.3203,H,F,A
2.5,4500,0.3,0.3199,H,F,A
3,4500,0.3,0.3198,H,F,A
3.5,4500,0.3,0.3203,H,F,A
4,4500,0.3,0.32,H,F,A
4.5,4500,0.3,0.3191,H,F,A
5,4500,0.3,0.3142,H,F,A
0,4750,0.3,0.2986,H,F,A
0.5,4750,0.3,0.2976,H,F,A
1,4750,0.3,0.2975,H,F,A
1.5,4750,0.3,0.2978,H,F,A
2,4750,0.3,0.2982,H,F,A
2.5,4750,0.3,0.2994,H,F,A
3,4750,0.3,0.3006,H,F,A
3.5,4750,0.3,0.3022,H,F,A
4,4750,0.3,0.3034,H,F,A
4.5,4750,0.3,0.304,H,F,A
5,4750,0.3,0.3032,H,F,A
0,5000,0.3,0.2723,H,F,A
0.5,5000,0.3,0.2723,H,F,A
1,5000,0.3,0.2733,H,F,A
1.5,5000,0.3,0.2749,H,F,A
2,5000,0.3,0.2768,H,F,A
2.5,5000,0.3,0.2789,H,F,A
3,5000,0.3,0.2814,H,F,A
3.5,5000,0.3,0.2838,H,F,A
4,5000,0.3,0.2866,H,F,A
4.5,5000,0.3,0.2884,H,F,A
5,5000,0.3,0.289,H,F,A
0,5250,0.3,0.2498,H,F,A
0.5,5250,0.3,0.2488,H,F,A
1,5250,0.3,0.2505,H,F,A
1.5,5250,0.3,0.2531,H,F,A
2,5250,0.3,0.2558,H,F,A
2.5,5250,0.3,0.2587,H,F,A
3,5250,0.3,0.262,H,F,A
3.5,5250,0.3,0.2661,H,F,A
4,5250,0.3,0.2697,H,F,A
4.5,5250,0.3,0.2725,H,F,A
5,5250,0.3,0.2744,H,F,A
0,5500,0.3,0.2546,H,F,A
0.5,5500,0.3,0.2297,H,F,A
1,5500,0.3,0.2304,H,F,A
1.5,5500,0.3,0.2336,H,F,A
2,5500,0.3,0.2368,H,F,A
2.5,5500,0.3,0.2405,H,F,A
3,5500,0.3,0.2444,H,F,A
3.5,5500,0.3,0.2487,H,F,A
4,5500,0.3,0.2531,H,F,A
4.5,5500,0.3,0.2569,H,F,A
5,5500,0.3,0.2596,H,F,A
0,5750,0.3,0.2507,H,F,A
0.5,5750,0.3,0.2381,H,F,A
1,5750,0.3,0.2138,H,F,A
1.5,5750,0.3,0.2153,H,F,A
2,5750,0.3,0.2188,H,F,A
2.5,5750,0.3,0.2228,H,F,A
3,5750,0.3,0.2269,H,F,A
3.5,5750,0.3,0.2317,H,F,A
4,5750,0.3,0.2372,H,F,A
4.5,5750,0.3,0.2421,H,F,A
5,5750,0.3,0.2453,H,F,A
0,6000,0.3,0.2486,H,F,A
0.5,6000,0.3,0.2342,H,F,A
1,6000,0.3,0.2245,H,F,A
1.5,6000,0.3,0.1996,H,F,A
2,6000,0.3,0.2018,H,F,A
2.5,6000,0.3,0.206,H,F,A
3,6000,0.3,0.2108,H,F,A
3.5,6000,0.3,0.216,H,F,A
4,6000,0.3,0.2221,H,F,A
4.5,6000,0.3,0.227,H,F,A
5,6000,0.3,0.2316,H,F,A
0.5,6250,0.3,0.232,H,F,A
1,6250,0.3,0.2207,H,F,A
1.5,6250,0.3,0.2098,H,F,A
2,6250,0.3,0.1881,H,F,A
2.5,6250,0.3,0.1911,H,F,A
3,6250,0.3,0.1957,H,F,A
3.5,6250,0.3,0.2013,H,F,A
4,6250,0.3,0.2072,H,F,A
4.5,6250,0.3,0.2131,H,F,A
5,6250,0.3,0.2184,H,F,A
0.5,6500,0.3,0.232,H,F,A
1,6500,0.3,0.219,H,F,A
1.5,6500,0.3,0.2087,H,F,A
2,6500,0.3,0.1949,H,F,A
2.5,6500,0.3,0.1782,H,F,A
3,6500,0.3,0.1827,H,F,A
3.5,6500,0.3,0.1881,H,F,A
4,6500,0.3,0.1939,H,F,A
4.5,6500,0.3,0.2007,H,F,A
5,6500,0.3,0.2058,H,F,A
0.5,6750,0.3,0.2326,H,F,A
1,6750,0.3,0.2178,H,F,A
1.5,6750,0.3,0.2084,H,F,A
2,6750,0.3,0.1979,H,F,A
2.5,6750,0.3,0.1811,H,F,A
3,6750,0.3,0.1722,H,F,A
3.5,6750,0.3,0.1768,H,F,A
4,6750,0.3,0.1828,H,F,A
4.5,6750,0.3,0.189,H,F,A
5,6750,0.3,0.1946,H,F,A
0.5,7000,0.3,0.2353,H,F,A
1,7000,0.3,0.2162,H,F,A
1.5,7000,0.3,0.2066,H,F,A
2,7000,0.3,0.199,H,F,A
2.5,7000,0.3,0.1872,H,F,A
3,7000,0.3,0.1702,H,F,A
3.5,7000,0.3,0.1681,H,F,A
4,7000,0.3,0.1734,H,F,A
4.5,7000,0.3,0.1789,H,F,A
5,7000,0.3,0.1845,H,F,A
0.5,7250,0.3,0.24,H,F,A
1,7250,0.3,0.216,H,F,A
1.5,7250,0.3,0.2036,H,F,A
2,7250,0.3,0.1976,H,F,A
2.5,7250,0.3,0.1909,H,F,A
3,7250,0.3,0.1768,H,F,A
3.5,7250,0.3,0.1611,H,F,A
4,7250,0.3,0.1665,H,F,A
4.5,7250,0.3,0.1704,H,F,A
5,7250,0.3,0.176,H,F,A
1,7500,0.3,0.217,H,F,A
1.5,7500,0.3,0.2015,H,F,A
2,7500,0.3,0.1937,H,F,A
2.5,7500,0.3,0.1897,H,F,A
3,7500,0.3,0.1836,H,F,A
3.5,7500,0.3,0.1688,H,F,A
4,7500,0.3,0.1613,H,F,A
4.5,7500,0.3,0.1642,H,F,A
5,7500,0.3,0.1688,H,F,A
1,7750,0.3,0.2193,H,F,A
1.5,7750,0.3,0.2,H,F,A
2,7750,0.3,0.1894,H,F,A
2.5,7750,0.3,0.1843,H,F,A
3,7750,0.3,0.1825,H,F,A
3.5,7750,0.3,0.1767,H,F,A
4,7750,0.3,0.1625,H,F,A
4.5,7750,0.3,0.1609,H,F,A
5,7750,0.3,0.1638,H,F,A
1,8000,0.3,0.2262,H,F,A
1.5,8000,0.3,0.1998,H,F,A
2,8000,0.3,0.1871,H,F,A
2.5,8000,0.3,0.18,H,F,A
3,8000,0.3,0.1767,H,F,A
3.5,8000,0.3,0.1759,H,F,A
4,8000,0.3,0.1712,H,F,A
4.5,8000,0.3,0.1599,H,F,A
5,8000,0.3,0.1573,H,F,A
1,8250,0.3,0.2381,H,F,A
1.5,8250,0.3,0.2015,H,F,A
2,8250,0.3,0.1852,H,F,A
2.5,8250,0.3,0.1761,H,F,A
3,8250,0.3,0.1714,H,F,A
3.5,8250,0.3,0.1698,H,F,A
4,8250,0.3,0.171,H,F,A
4.5,8250,0.3,0.1663,H,F,A
5,8250,0.3,0.1605,H,F,A
1,8500,0.3,0.2516,H,F,A
1.5,8500,0.3,0.2059,H,F,A
2,8500,0.3,0.1848,H,F,A
2.5,8500,0.3,0.1736,H,F,A
3,8500,0.3,0.1675,H,F,A
3.5,8500,0.3,0.1644,H,F,A
4,8500,0.3,0.1637,H,F,A
4.5,8500,0.3,0.1665,H,F,A
5,8500,0.3,0.1628,H,F,A
1.5,8750,0.3,0.2106,H,F,A
2,8750,0.3,0.1865,H,F,A
2.5,8750,0.3,0.1725,H,F,A
3,8750,0.3,0.1645,H,F,A
3.5,8750,0.3,0.1598,H,F,A
4,8750,0.3,0.1579,H,F,A
4.5,8750,0.3,0.1592,H,F,A
5,8750,0.3,0.164,H,F,A
1.5,9000,0.3,0.2147,H,F,A
2,9000,0.3,0.1881,H,F,A
2.5,9000,0.3,0.1725,H,F,A
3,9000,0.3,0.1626,H,F,A
3.5,9000,0.3,0.1568,H,F,A
4,9000,0.3,0.1539,H,F,A
4.5,9000,0.3,0.1536,H,F,A
5,9000,0.3,0.1555,H,F,A
2,9250,0.3,0.1893,H,F,A
2.5,9250,0.3,0.1728,H,F,A
3,9250,0.3,0.1621,H,F,A
3.5,9250,0.3,0.1553,H,F,A
4,9250,0.3,0.1511,H,F,A
4.5,9250,0.3,0.1493,H,F,A
5,9250,0.3,0.15,H,F,A
2,9500,0.3,0.19,H,F,A
2.5,9500,0.3,0.1731,H,F,A
3,9500,0.3,0.1619,H,F,A
3.5,9500,0.3,0.154,H,F,A
4,9500,0.3,0.1489,H,F,A
4.5,9500,0.3,0.1462,H,F,A
5,9500,0.3,0.1461,H,F,A
2,9750,0.3,0.1895,H,F,A
2.5,9750,0.3,0.1726,H,F,A
3,9750,0.3,0.1614,H,F,A
3.5,9750,0.3,0.1533,H,F,A
4,9750,0.3,0.1476,H,F,A
4.5,9750,0.3,0.1441,H,F,A
5,9750,0.3,0.1433,H,F,A
2,10000,0.3,0.1883,H,F,A
2.5,10000,0.3,0.1716,H,F,A
3,10000,0.3,0.1605,H,F,A
3.5,10000,0.3,0.1525,H,F,A
4,10000,0.3,0.1466,H,F,A
4.5,10000,0.3,0.1429,H,F,A
5,10000,0.3,0.1412,H,F,A
2,10500,0.3,0.1846,H,F,A
2.5,10500,0.3,0.1677,H,F,A
3,10500,0.3,0.1577,H,F,A
3.5,10500,0.3,0.1504,H,F,A
4,10500,0.3,0.1448,H,F,A
4.5,10500,0.3,0.1406,H,F,A
5,10500,0.3,0.1379,H,F,A
2.5,11000,0.3,0.1628,H,F,A
3,11000,0.3,0.1532,H,F,A
3.5,11000,0.3,0.147,H,F,A
4,11000,0.3,0.1422,H,F,A
4.5,11000,0.3,0.1383,H,F,A
5,11000,0.3,0.1356,H,F,A
2.5,11500,0.3,0.1579,H,F,A
3,11500,0.3,0.148,H,F,A
3.5,11500,0.3,0.1424,H,F,A
4,11500,0.3,0.1386,H,F,A
4.5,11500,0.3,0.1356,H,F,A
5,11500,0.3,0.1332,H,F,A
2.5,12000,0.3,0.154,H,F,A
3,12000,0.3,0.143,H,F,A
3.5,12000,0.3,0.1373,H,F,A
4,12000,0.3,0.1342,H,F,A
4.5,12000,0.3,0.1319,H,F,A
5,12000,0.3,0.1303,H,F,A
2.5,12500,0.3,0.1512,H,F,A
3,12500,0.3,0.1388,H,F,A
3.5,12500,0.3,0.1325,H,F,A
4,12500,0.3,0.1295,H,F,A
4.5,12500,0.3,0.1277,H,F,A
5,12500,0.3,0.1267,H,F,A
2.5,13000,0.3,0.1493,H,F,A
3,13000,0.3,0.1354,H,F,A
3.5,13000,0.3,0.1285,H,F,A
4,13000,0.3,0.125,H,F,A
4.5,13000,0.3,0.1233,H,F,A
5,13000,0.3,0.1229,H,F,A
2.5,14000,0.3,0.1473,H,F,A
3,14000,0.3,0.1306,H,F,A
3.5,14000,0.3,0.122,H,F,A
4,14000,0.3,0.1176,H,F,A
4.5,14000,0.3,0.1158,H,F,A
5,14000,0.3,0.1155,H,F,A
2.5,15000,0.3,0.1472,H,F,A
3,15000,0.3,0.1275,H,F,A
3.5,15000,0.3,0.1175,H,F,A
4,15000,0.3,0.1122,H,F,A
4.5,15000,0.3,0.1099,H,F,A
5,15000,0.3,0.1092,H,F,A
2.5,16000,0.3,0.149,H,F,A
3,16000,0.3,0.1262,H,F,A
3.5,16000,0.3,0.1145,H,F,A
4,16000,0.3,0.1086,H,F,A
4.5,16000,0.3,0.1054,H,F,A
5,16000,0.3,0.1043,H,F,A
2.5,17000,0.3,0.1535,H,F,A
3,17000,0.3,0.1258,H,F,A
3.5,17000,0.3,0.1127,H,F,A
4,17000,0.3,0.1059,H,F,A
4.5,17000,0.3,0.1021,H,F,A
5,17000,0.3,0.1005,H,F,A
2.5,18000,0.3,0.1612,H,F,A
3,18000,0.3,0.1269,H,F,A
3.5,18000,0.3,0.1117,H,F,A
4,18000,0.3,0.1039,H,F,A
4.5,18000,0.3,0.0995,H,F,A
5,18000,0.3,0.0979,H,F,A
3,19000,0.3,0.1296,H,F,A
3.5,19000,0.3,0.1117,H,F,A
4,19000,0.3,0.1027,H,F,A
4.5,19000,0.3,0.0978,H,F,A
5,19000,0.3,0.0956,H,F,A
3,20000,0.3,0.1332,H,F,A
3.5,20000,0.3,0.1127,H,F,A
4,20000,0.3,0.1021,H,F,A
4.5,20000,0.3,0.0969,H,F,A
5,20000,0.3,0.0943,H,F,A
3,21000,0.3,0.1363,H,F,A
3.5,21000,0.3,0.1145,H,F,A
4,21000,0.3,0.1027,H,F,A
4.5,21000,0.3,0.0964,H,F,A
5,21000,0.3,0.0933,H,F,A
3,22000,0.3,0.1383,H,F,A
3.5,22000,0.3,0.1161,H,F,A
4,22000,0.3,0.1039,H,F,A
4.5,22000,0.3,0.0969,H,F,A
5,22000,0.3,0.0935,H,F,A
3,23000,0.3,0.1401,H,F,A
3.5,23000,0.3,0.1171,H,F,A
4,23000,0.3,0.1048,H,F,A
4.5,23000,0.3,0.0977,H,F,A
5,23000,0.3,0.0937,H,F,A
3,24000,0.3,0.144,H,F,A
3.5,24000,0.3,0.1171,H,F,A
4,24000,0.3,0.1059,H,F,A
4.5,24000,0.3,0.0987,H,F,A
5,24000,0.3,0.0948,H,F,A
3,25000,0.3,0.1506,H,F,A
3.5,25000,0.3,0.1174,H,F,A
4,25000,0.3,0.1057,H,F,A
4.5,25000,0.3,0.0993,H,F,A
5,25000,0.3,0.0958,H,F,A
3.5,26000,0.3,0.1187,H,F,A
4,26000,0.3,0.1053,H,F,A
4.5,26000,0.3,0.0993,H,F,A
5,26000,0.3,0.0963,H,F,A
3.5,27000,0.3,0.1212,H,F,A
4,27000,0.3,0.1057,H,F,A
4.5,27000,0.3,0.0989,H,F,A
5,27000,0.3,0.0964,H,F,A
3.5,28000,0.3,0.1236,H,F,A
4,28000,0.3,0.1064,H,F,A
4.5,28000,0.3,0.0989,H,F,A
5,28000,0.3,0.0958,H,F,A
3.5,29000,0.3,0.1254,H,F,A
4,29000,0.3,0.1071,H,F,A
4.5,29000,0.3,0.0988,H,F,A
5,29000,0.3,0.0952,H,F,A
3.5,30000,0.3,0.1269,H,F,A
4,30000,0.3,0.1071,H,F,A
4.5,30000,0.3,0.0985,H,F,A
5,30000,0.3,0.0945,H,F,A
4,31000,0.3,0.1065,H,F,A
4.5,31000,0.3,0.0977,H,F,A
5,31000,0.3,0.0934,H,F,A
4,32000,0.3,0.1058,H,F,A
4.5,32000,0.3,0.0963,H,F,A
5,32000,0.3,0.0918,H,F,A
4,33000,0.3,0.1051,H,F,A
4.5,33000,0.3,0.0948,H,F,A
5,33000,0.3,0.0899,H,F,A
4,34000,0.3,0.1042,H,F,A
4.5,34000,0.3,0.0931,H,F,A
5,34000,0.3,0.088,H,F,A
4.5,35000,0.3,0.0915,H,F,A
5,35000,0.3,0.0858,H,F,A
4.5,37500,0.3,0.0853,H,F,A
5,37500,0.3,0.0802,H,F,A
4.5,40000,0.3,0.0813,H,F,A
5,40000,0.3,0.0743,H,F,A
5,42500,0.3,0.0718,H,F,A
5,45000,0.3,0.0711,H,F,A
5,47500,0.3,0.0706,H,F,A
5,50000,0.3,0.07,H,F,A
0,3500,0.5,0.4055,H,F,A
0.5,3500,0.5,0.4009,H,F,A
1,3500,0.5,0.3969,H,F,A
1.5,3500,0.5,0.3928,H,F,A
2,3500,0.5,0.3886,H,F,A
2.5,3500,0.5,0.3832,H,F,A
3,3500,0.5,0.3763,H,F,A
3.5,3500,0.5,0.3573,H,F,A
4,3500,0.5,0.3095,H,F,A
4.5,3500,0.5,0.2335,H,F,A
5,3500,0.5,0.1845,H,F,A
0,3750,0.5,0.3944,H,F,A
0.5,3750,0.5,0.3907,H,F,A
1,3750,0.5,0.3866,H,F,A
1.5,3750,0.5,0.3824,H,F,A
2,3750,0.5,0.3781,H,F,A
2.5,3750,0.5,0.374,H,F,A
3,3750,0.5,0.3696,H,F,A
3.5,3750,0.5,0.3628,H,F,A
4,3750,0.5,0.3439,H,F,A
4.5,3750,0.5,0.3003,H,F,A
5,3750,0.5,0.2383,H,F,A
0,4000,0.5,0.3778,H,F,A
0.5,4000,0.5,0.374,H,F,A
1,4000,0.5,0.3709,H,F,A
1.5,4000,0.5,0.3674,H,F,A
2,4000,0.5,0.3645,H,F,A
2.5,4000,0.5,0.3615,H,F,A
3,4000,0.5,0.3581,H,F,A
3.5,4000,0.5,0.3548,H,F,A
4,4000,0.5,0.3482,H,F,A
4.5,4000,0.5,0.3303,H,F,A
5,4000,0.5,0.2903,H,F,A
0,4250,0.5,0.3572,H,F,A
0.5,4250,0.5,0.3532,H,F,A
1,4250,0.5,0.3501,H,F,A
1.5,4250,0.5,0.3477,H,F,A
2,4250,0.5,0.3457,H,F,A
2.5,4250,0.5,0.3445,H,F,A
3,4250,0.5,0.3425,H,F,A
3.5,4250,0.5,0.3411,H,F,A
4,4250,0.5,0.3394,H,F,A
4.5,4250,0.5,0.3343,H,F,A
5,4250,0.5,0.3168,H,F,A
0,4500,0.5,0.3326,H,F,A
0.5,4500,0.5,0.3292,H,F,A
1,4500,0.5,0.3274,H,F,A
1.5,4500,0.5,0.3262,H,F,A
2,4500,0.5,0.3249,H,F,A
2.5,4500,0.5,0.3248,H,F,A
3,4500,0.5,0.3243,H,F,A
3.5,4500,0.5,0.3248,H,F,A
4,4500,0.5,0.325,H,F,A
4.5,4500,0.5,0.324,H,F,A
5,4500,0.5,0.3197,H,F,A
0,4750,0.5,0.3054,H,F,A
0.5,4750,0.5,0.3034,H,F,A
1,4750,0.5,0.3029,H,F,A
1.5,4750,0.5,0.3029,H,F,A
2,4750,0.5,0.3028,H,F,A
2.5,4750,0.5,0.3038,H,F,A
3,4750,0.5,0.3053,H,F,A
3.5,4750,0.5,0.3073,H,F,A
4,4750,0.5,0.3085,H,F,A
4.5,4750,0.5,0.3094,H,F,A
5,4750,0.5,0.3089,H,F,A
0,5000,0.5,0.2777,H,F,A
0.5,5000,0.5,0.2768,H,F,A
1,5000,0.5,0.2777,H,F,A
1.5,5000,0.5,0.2796,H,F,A
2,5000,0.5,0.2815,H,F,A
2.5,5000,0.5,0.2834,H,F,A
3,5000,0.5,0.286,H,F,A
3.5,5000,0.5,0.2883,H,F,A
4,5000,0.5,0.2915,H,F,A
4.5,5000,0.5,0.294,H,F,A
5,5000,0.5,0.2947,H,F,A
0,5250,0.5,0.2577,H,F,A
0.5,5250,0.5,0.2527,H,F,A
1,5250,0.5,0.2542,H,F,A
1.5,5250,0.5,0.2568,H,F,A
2,5250,0.5,0.26,H,F,A
2.5,5250,0.5,0.2629,H,F,A
3,5250,0.5,0.2669,H,F,A
3.5,5250,0.5,0.2707,H,F,A
4,5250,0.5,0.2749,H,F,A
4.5,5250,0.5,0.2776,H,F,A
5,5250,0.5,0.2802,H,F,A
0,5500,0.5,0.2587,H,F,A
0.5,5500,0.5,0.2364,H,F,A
1,5500,0.5,0.2326,H,F,A
1.5,5500,0.5,0.2361,H,F,A
2,5500,0.5,0.2397,H,F,A
2.5,5500,0.5,0.2438,H,F,A
3,5500,0.5,0.2483,H,F,A
3.5,5500,0.5,0.2529,H,F,A
4,5500,0.5,0.2577,H,F,A
4.5,5500,0.5,0.2621,H,F,A
5,5500,0.5,0.2659,H,F,A
0,5750,0.5,0.2521,H,F,A
0.5,5750,0.5,0.2394,H,F,A
1,5750,0.5,0.2192,H,F,A
1.5,5750,0.5,0.2168,H,F,A
2,5750,0.5,0.2207,H,F,A
2.5,5750,0.5,0.225,H,F,A
3,5750,0.5,0.2297,H,F,A
3.5,5750,0.5,0.235,H,F,A
4,5750,0.5,0.2415,H,F,A
4.5,5750,0.5,0.2469,H,F,A
5,5750,0.5,0.251,H,F,A
0,6000,0.5,0.2501,H,F,A
0.5,6000,0.5,0.2349,H,F,A
1,6000,0.5,0.2238,H,F,A
1.5,6000,0.5,0.2046,H,F,A
2,6000,0.5,0.203,H,F,A
2.5,6000,0.5,0.2078,H,F,A
3,6000,0.5,0.2132,H,F,A
3.5,6000,0.5,0.2194,H,F,A
4,6000,0.5,0.2259,H,F,A
4.5,6000,0.5,0.2316,H,F,A
5,6000,0.5,0.237,H,F,A
0.5,6250,0.5,0.2328,H,F,A
1,6250,0.5,0.2211,H,F,A
1.5,6250,0.5,0.2097,H,F,A
2,6250,0.5,0.1918,H,F,A
2.5,6250,0.5,0.1921,H,F,A
3,6250,0.5,0.1975,H,F,A
3.5,6250,0.5,0.2041,H,F,A
4,6250,0.5,0.2103,H,F,A
4.5,6250,0.5,0.217,H,F,A
5,6250,0.5,0.2227,H,F,A
0.5,6500,0.5,0.2316,H,F,A
1,6500,0.5,0.2194,H,F,A
1.5,6500,0.5,0.2093,H,F,A
2,6500,0.5,0.1968,H,F,A
2.5,6500,0.5,0.1806,H,F,A
3,6500,0.5,0.1841,H,F,A
3.5,6500,0.5,0.1901,H,F,A
4,6500,0.5,0.1963,H,F,A
4.5,6500,0.5,0.2037,H,F,A
5,6500,0.5,0.21,H,F,A
0.5,6750,0.5,0.2319,H,F,A
1,6750,0.5,0.2172,H,F,A
1.5,6750,0.5,0.2092,H,F,A
2,6750,0.5,0.1984,H,F,A
2.5,6750,0.5,0.1834,H,F,A
3,6750,0.5,0.1736,H,F,A
3.5,6750,0.5,0.1778,H,F,A
4,6750,0.5,0.1844,H,F,A
4.5,6750,0.5,0.1911,H,F,A
5,6750,0.5,0.1969,H,F,A
0.5,7000,0.5,0.2346,H,F,A
1,7000,0.5,0.2156,H,F,A
1.5,7000,0.5,0.2061,H,F,A
2,7000,0.5,0.2003,H,F,A
2.5,7000,0.5,0.1885,H,F,A
3,7000,0.5,0.1725,H,F,A
3.5,7000,0.5,0.1684,H,F,A
4,7000,0.5,0.1745,H,F,A
4.5,7000,0.5,0.18,H,F,A
5,7000,0.5,0.1856,H,F,A
1,7250,0.5,0.2154,H,F,A
1.5,7250,0.5,0.2031,H,F,A
2,7250,0.5,0.1972,H,F,A
2.5,7250,0.5,0.1927,H,F,A
3,7250,0.5,0.1788,H,F,A
3.5,7250,0.5,0.1658,H,F,A
4,7250,0.5,0.1665,H,F,A
4.5,7250,0.5,0.171,H,F,A
5,7250,0.5,0.1767,H,F,A
1,7500,0.5,0.2166,H,F,A
1.5,7500,0.5,0.2015,H,F,A
2,7500,0.5,0.1932,H,F,A
2.5,7500,0.5,0.1894,H,F,A
3,7500,0.5,0.1856,H,F,A
3.5,7500,0.5,0.1715,H,F,A
4,7500,0.5,0.1629,H,F,A
4.5,7500,0.5,0.165,H,F,A
5,7500,0.5,0.1694,H,F,A
1,7750,0.5,0.2197,H,F,A
1.5,7750,0.5,0.1998,H,F,A
2,7750,0.5,0.19,H,F,A
2.5,7750,0.5,0.1845,H,F,A
3,7750,0.5,0.1828,H,F,A
3.5,7750,0.5,0.1792,H,F,A
4,7750,0.5,0.1654,H,F,A
4.5,7750,0.5,0.1596,H,F,A
5,7750,0.5,0.1645,H,F,A
1,8000,0.5,0.227,H,F,A
1.5,8000,0.5,0.2003,H,F,A
2,8000,0.5,0.1874,H,F,A
2.5,8000,0.5,0.1804,H,F,A
3,8000,0.5,0.1769,H,F,A
3.5,8000,0.5,0.176,H,F,A
4,8000,0.5,0.1734,H,F,A
4.5,8000,0.5,0.164,H,F,A
5,8000,0.5,0.1605,H,F,A
1,8250,0.5,0.2386,H,F,A
1.5,8250,0.5,0.2023,H,F,A
2,8250,0.5,0.1857,H,F,A
2.5,8250,0.5,0.1767,H,F,A
3,8250,0.5,0.172,H,F,A
3.5,8250,0.5,0.1703,H,F,A
4,8250,0.5,0.1711,H,F,A
4.5,8250,0.5,0.1689,H,F,A
5,8250,0.5,0.1599,H,F,A
1.5,8500,0.5,0.2064,H,F,A
2,8500,0.5,0.1856,H,F,A
2.5,8500,0.5,0.1745,H,F,A
3,8500,0.5,0.1681,H,F,A
3.5,8500,0.5,0.1651,H,F,A
4,8500,0.5,0.1644,H,F,A
4.5,8500,0.5,0.167,H,F,A
5,8500,0.5,0.1654,H,F,A
1.5,8750,0.5,0.2116,H,F,A
2,8750,0.5,0.1869,H,F,A
2.5,8750,0.5,0.1733,H,F,A
3,8750,0.5,0.1652,H,F,A
3.5,8750,0.5,0.1605,H,F,A
4,8750,0.5,0.1588,H,F,A
4.5,8750,0.5,0.1599,H,F,A
5,8750,0.5,0.1647,H,F,A
1.5,9000,0.5,0.2161,H,F,A
2,9000,0.5,0.1888,H,F,A
2.5,9000,0.5,0.1731,H,F,A
3,9000,0.5,0.1633,H,F,A
3.5,9000,0.5,0.1573,H,F,A
4,9000,0.5,0.1545,H,F,A
4.5,9000,0.5,0.1543,H,F,A
5,9000,0.5,0.1563,H,F,A
2,9250,0.5,0.1907,H,F,A
2.5,9250,0.5,0.1736,H,F,A
3,9250,0.5,0.1627,H,F,A
3.5,9250,0.5,0.1558,H,F,A
4,9250,0.5,0.1514,H,F,A
4.5,9250,0.5,0.1497,H,F,A
5,9250,0.5,0.1506,H,F,A
2,9500,0.5,0.1914,H,F,A
2.5,9500,0.5,0.1744,H,F,A
3,9500,0.5,0.1625,H,F,A
3.5,9500,0.5,0.1546,H,F,A
4,9500,0.5,0.1491,H,F,A
4.5,9500,0.5,0.1463,H,F,A
5,9500,0.5,0.1464,H,F,A
2,9750,0.5,0.1911,H,F,A
2.5,9750,0.5,0.1741,H,F,A
3,9750,0.5,0.1623,H,F,A
3.5,9750,0.5,0.1539,H,F,A
4,9750,0.5,0.1479,H,F,A
4.5,9750,0.5,0.1444,H,F,A
5,9750,0.5,0.1435,H,F,A
2,10000,0.5,0.1899,H,F,A
2.5,10000,0.5,0.1731,H,F,A
3,10000,0.5,0.1619,H,F,A
3.5,10000,0.5,0.1534,H,F,A
4,10000,0.5,0.1472,H,F,A
4.5,10000,0.5,0.1431,H,F,A
5,10000,0.5,0.1412,H,F,A
2,10500,0.5,0.1858,H,F,A
2.5,10500,0.5,0.1691,H,F,A
3,10500,0.5,0.1591,H,F,A
3.5,10500,0.5,0.1516,H,F,A
4,10500,0.5,0.1458,H,F,A
4.5,10500,0.5,0.1412,H,F,A
5,10500,0.5,0.1382,H,F,A
2.5,11000,0.5,0.164,H,F,A
3,11000,0.5,0.1545,H,F,A
3.5,11000,0.5,0.1484,H,F,A
4,11000,0.5,0.1434,H,F,A
4.5,11000,0.5,0.1393,H,F,A
5,11000,0.5,0.1362,H,F,A
2.5,11500,0.5,0.1592,H,F,A
3,11500,0.5,0.1491,H,F,A
3.5,11500,0.5,0.1438,H,F,A
4,11500,0.5,0.1399,H,F,A
4.5,11500,0.5,0.1368,H,F,A
5,11500,0.5,0.1341,H,F,A
2.5,12000,0.5,0.1555,H,F,A
3,12000,0.5,0.1443,H,F,A
3.5,12000,0.5,0.1388,H,F,A
4,12000,0.5,0.1356,H,F,A
4.5,12000,0.5,0.1333,H,F,A
5,12000,0.5,0.1315,H,F,A
2.5,12500,0.5,0.1528,H,F,A
3,12500,0.5,0.1402,H,F,A
3.5,12500,0.5,0.1339,H,F,A
4,12500,0.5,0.1309,H,F,A
4.5,12500,0.5,0.1291,H,F,A
5,12500,0.5,0.1281,H,F,A
2.5,13000,0.5,0.1507,H,F,A
3,13000,0.5,0.1369,H,F,A
3.5,13000,0.5,0.1298,H,F,A
4,13000,0.5,0.1265,H,F,A
4.5,13000,0.5,0.1248,H,F,A
5,13000,0.5,0.1243,H,F,A
2.5,14000,0.5,0.1489,H,F,A
3,14000,0.5,0.1321,H,F,A
3.5,14000,0.5,0.1233,H,F,A
4,14000,0.5,0.1189,H,F,A
4.5,14000,0.5,0.117,H,F,A
5,14000,0.5,0.1166,H,F,A
2.5,15000,0.5,0.1488,H,F,A
3,15000,0.5,0.1292,H,F,A
3.5,15000,0.5,0.1188,H,F,A
4,15000,0.5,0.1136,H,F,A
4.5,15000,0.5,0.1109,H,F,A
5,15000,0.5,0.1101,H,F,A
2.5,16000,0.5,0.1512,H,F,A
3,16000,0.5,0.1275,H,F,A
3.5,16000,0.5,0.1159,H,F,A
4,16000,0.5,0.1096,H,F,A
4.5,16000,0.5,0.1063,H,F,A
5,16000,0.5,0.1051,H,F,A
2.5,17000,0.5,0.1569,H,F,A
3,17000,0.5,0.1275,H,F,A
3.5,17000,0.5,0.1139,H,F,A
4,17000,0.5,0.1069,H,F,A
4.5,17000,0.5,0.103,H,F,A
5,17000,0.5,0.1013,H,F,A
3,18000,0.5,0.1291,H,F,A
3.5,18000,0.5,0.1132,H,F,A
4,18000,0.5,0.1047,H,F,A
4.5,18000,0.5,0.1006,H,F,A
5,18000,0.5,0.0985,H,F,A
3,19000,0.5,0.1327,H,F,A
3.5,19000,0.5,0.1138,H,F,A
4,19000,0.5,0.104,H,F,A
4.5,19000,0.5,0.0991,H,F,A
5,19000,0.5,0.0965,H,F,A
3,20000,0.5,0.137,H,F,A
3.5,20000,0.5,0.1154,H,F,A
4,20000,0.5,0.1037,H,F,A
4.5,20000,0.5,0.0979,H,F,A
5,20000,0.5,0.0952,H,F,A
3,21000,0.5,0.1404,H,F,A
3.5,21000,0.5,0.1176,H,F,A
4,21000,0.5,0.1048,H,F,A
4.5,21000,0.5,0.098,H,F,A
5,21000,0.5,0.0944,H,F,A
3,22000,0.5,0.1419,H,F,A
3.5,22000,0.5,0.1196,H,F,A
4,22000,0.5,0.1064,H,F,A
4.5,22000,0.5,0.0987,H,F,A
5,22000,0.5,0.0946,H,F,A
3,23000,0.5,0.144,H,F,A
3.5,23000,0.5,0.1204,H,F,A
4,23000,0.5,0.1081,H,F,A
4.5,23000,0.5,0.1002,H,F,A
5,23000,0.5,0.0957,H,F,A
3,24000,0.5,0.1484,H,F,A
3.5,24000,0.5,0.12,H,F,A
4,24000,0.5,0.1084,H,F,A
4.5,24000,0.5,0.1012,H,F,A
5,24000,0.5,0.0967,H,F,A
3.5,25000,0.5,0.1202,H,F,A
4,25000,0.5,0.1084,H,F,A
4.5,25000,0.5,0.1019,H,F,A
5,25000,0.5,0.0977,H,F,A
3.5,26000,0.5,0.1219,H,F,A
4,26000,0.5,0.1077,H,F,A
4.5,26000,0.5,0.1016,H,F,A
5,26000,0.5,0.0984,H,F,A
3.5,27000,0.5,0.1244,H,F,A
4,27000,0.5,0.1078,H,F,A
4.5,27000,0.5,0.1011,H,F,A
5,27000,0.5,0.0982,H,F,A
3.5,28000,0.5,0.127,H,F,A
4,28000,0.5,0.1085,H,F,A
4.5,28000,0.5,0.1008,H,F,A
5,28000,0.5,0.0977,H,F,A
3.5,29000,0.5,0.129,H,F,A
4,29000,0.5,0.1093,H,F,A
4.5,29000,0.5,0.1006,H,F,A
5,29000,0.5,0.0968,H,F,A
4,30000,0.5,0.1094,H,F,A
4.5,30000,0.5,0.1003,H,F,A
5,30000,0.5,0.0959,H,F,A
4,31000,0.5,0.1092,H,F,A
4.5,31000,0.5,0.0995,H,F,A
5,31000,0.5,0.0947,H,F,A
4,32000,0.5,0.109,H,F,A
4.5,32000,0.5,0.0983,H,F,A
5,32000,0.5,0.0934,H,F,A
4,33000,0.5,0.1085,H,F,A
4.5,33000,0.5,0.097,H,F,A
5,33000,0.5,0.0916,H,F,A
4.5,34000,0.5,0.0957,H,F,A
5,34000,0.5,0.0899,H,F,A
4.5,35000,0.5,0.0943,H,F,A
5,35000,0.5,0.0881,H,F,A
4.5,37500,0.5,0.0885,H,F,A
5,37500,0.5,0.0828,H,F,A
5,40000,0.5,0.0772,H,F,A
5,42500,0.5,0.0748,H,F,A
5,45000,0.5,0.0744,H,F,A
0,3500,1,0.391,H,F,A
0.5,3500,1,0.3858,H,F,A
1,3500,1,0.3822,H,F,A
1.5,3500,1,0.3782,H,F,A
2,3500,1,0.3748,H,F,A
2.5,3500,1,0.3709,H,F,A
3,3500,1,0.3662,H,F,A
3.5,3500,1,0.3554,H,F,A
4,3500,1,0.3287,H,F,A
4.5,3500,1,0.2932,H,F,A
5,3500,1,0.2278,H,F,A
0,3750,1,0.3876,H,F,A
0.5,3750,1,0.3822,H,F,A
1,3750,1,0.3782,H,F,A
1.5,3750,1,0.374,H,F,A
2,3750,1,0.3702,H,F,A
2.5,3750,1,0.3657,H,F,A
3,3750,1,0.3615,H,F,A
3.5,3750,1,0.3563,H,F,A
4,3750,1,0.3436,H,F,A
4.5,3750,1,0.3164,H,F,A
5,3750,1,0.2832,H,F,A
0,4000,1,0.3789,H,F,A
0.5,4000,1,0.3737,H,F,A
1,4000,1,0.3704,H,F,A
1.5,4000,1,0.3663,H,F,A
2,4000,1,0.3627,H,F,A
2.5,4000,1,0.3591,H,F,A
3,4000,1,0.3551,H,F,A
3.5,4000,1,0.3516,H,F,A
4,4000,1,0.3467,H,F,A
4.5,4000,1,0.3326,H,F,A
5,4000,1,0.3041,H,F,A
0,4250,1,0.3642,H,F,A
0.5,4250,1,0.3599,H,F,A
1,4250,1,0.3565,H,F,A
1.5,4250,1,0.3531,H,F,A
2,4250,1,0.3505,H,F,A
2.5,4250,1,0.3482,H,F,A
3,4250,1,0.3455,H,F,A
3.5,4250,1,0.3429,H,F,A
4,4250,1,0.3409,H,F,A
4.5,4250,1,0.3362,H,F,A
5,4250,1,0.3206,H,F,A
0,4500,1,0.3453,H,F,A
0.5,4500,1,0.3409,H,F,A
1,4500,1,0.3375,H,F,A
1.5,4500,1,0.3354,H,F,A
2,4500,1,0.3338,H,F,A
2.5,4500,1,0.3326,H,F,A
3,4500,1,0.3315,H,F,A
3.5,4500,1,0.3305,H,F,A
4,4500,1,0.3302,H,F,A
4.5,4500,1,0.3289,H,F,A
5,4500,1,0.3249,H,F,A
0,4750,1,0.3218,H,F,A
0.5,4750,1,0.3177,H,F,A
1,4750,1,0.3154,H,F,A
1.5,4750,1,0.3153,H,F,A
2,4750,1,0.3147,H,F,A
2.5,4750,1,0.3147,H,F,A
3,4750,1,0.3152,H,F,A
3.5,4750,1,0.3157,H,F,A
4,4750,1,0.3164,H,F,A
4.5,4750,1,0.3172,H,F,A
5,4750,1,0.3172,H,F,A
0,5000,1,0.3052,H,F,A
0.5,5000,1,0.2917,H,F,A
1,5000,1,0.2918,H,F,A
1.5,5000,1,0.2921,H,F,A
2,5000,1,0.2936,H,F,A
2.5,5000,1,0.2956,H,F,A
3,5000,1,0.2976,H,F,A
3.5,5000,1,0.2995,H,F,A
4,5000,1,0.3014,H,F,A
4.5,5000,1,0.3033,H,F,A
5,5000,1,0.3047,H,F,A
0,5250,1,0.2872,H,F,A
0.5,5250,1,0.2777,H,F,A
1,5250,1,0.267,H,F,A
1.5,5250,1,0.2696,H,F,A
2,5250,1,0.2725,H,F,A
2.5,5250,1,0.2761,H,F,A
3,5250,1,0.2796,H,F,A
3.5,5250,1,0.283,H,F,A
4,5250,1,0.2862,H,F,A
4.5,5250,1,0.2892,H,F,A
5,5250,1,0.2915,H,F,A
0,5500,1,0.2726,H,F,A
0.5,5500,1,0.2625,H,F,A
1,5500,1,0.2549,H,F,A
1.5,5500,1,0.2467,H,F,A
2,5500,1,0.251,H,F,A
2.5,5500,1,0.2561,H,F,A
3,5500,1,0.2612,H,F,A
3.5,5500,1,0.2661,H,F,A
4,5500,1,0.2703,H,F,A
4.5,5500,1,0.2746,H,F,A
5,5500,1,0.2778,H,F,A
0,5750,1,0.2625,H,F,A
0.5,5750,1,0.2508,H,F,A
1,5750,1,0.2436,H,F,A
1.5,5750,1,0.2334,H,F,A
2,5750,1,0.2305,H,F,A
2.5,5750,1,0.2366,H,F,A
3,5750,1,0.2426,H,F,A
3.5,5750,1,0.2489,H,F,A
4,5750,1,0.2545,H,F,A
4.5,5750,1,0.26,H,F,A
5,5750,1,0.2637,H,F,A
0.5,6000,1,0.2426,H,F,A
1,6000,1,0.2342,H,F,A
1.5,6000,1,0.2268,H,F,A
2,6000,1,0.2162,H,F,A
2.5,6000,1,0.2182,H,F,A
3,6000,1,0.2246,H,F,A
3.5,6000,1,0.2318,H,F,A
4,6000,1,0.2383,H,F,A
4.5,6000,1,0.2447,H,F,A
5,6000,1,0.25,H,F,A
0.5,6250,1,0.2356,H,F,A
1,6250,1,0.2275,H,F,A
1.5,6250,1,0.2203,H,F,A
2,6250,1,0.2105,H,F,A
2.5,6250,1,0.2011,H,F,A
3,6250,1,0.2077,H,F,A
3.5,6250,1,0.2149,H,F,A
4,6250,1,0.2221,H,F,A
4.5,6250,1,0.2299,H,F,A
5,6250,1,0.2352,H,F,A
0.5,6500,1,0.2314,H,F,A
1,6500,1,0.2212,H,F,A
1.5,6500,1,0.2156,H,F,A
2,6500,1,0.208,H,F,A
2.5,6500,1,0.1973,H,F,A
3,6500,1,0.1912,H,F,A
3.5,6500,1,0.1995,H,F,A
4,6500,1,0.2075,H,F,A
4.5,6500,1,0.2151,H,F,A
5,6500,1,0.222,H,F,A
0.5,6750,1,0.2306,H,F,A
1,6750,1,0.2164,H,F,A
1.5,6750,1,0.2106,H,F,A
2,6750,1,0.2056,H,F,A
2.5,6750,1,0.1968,H,F,A
3,6750,1,0.1841,H,F,A
3.5,6750,1,0.1869,H,F,A
4,6750,1,0.194,H,F,A
4.5,6750,1,0.2013,H,F,A
5,6750,1,0.2082,H,F,A
0.5,7000,1,0.2324,H,F,A
1,7000,1,0.2137,H,F,A
1.5,7000,1,0.2048,H,F,A
2,7000,1,0.2018,H,F,A
2.5,7000,1,0.1967,H,F,A
3,7000,1,0.1851,H,F,A
3.5,7000,1,0.1778,H,F,A
4,7000,1,0.1823,H,F,A
4.5,7000,1,0.1888,H,F,A
5,7000,1,0.1963,H,F,A
0.5,7250,1,0.2386,H,F,A
1,7250,1,0.2135,H,F,A
1.5,7250,1,0.2017,H,F,A
2,7250,1,0.1964,H,F,A
2.5,7250,1,0.1946,H,F,A
3,7250,1,0.1885,H,F,A
3.5,7250,1,0.1763,H,F,A
4,7250,1,0.1739,H,F,A
4.5,7250,1,0.178,H,F,A
5,7250,1,0.1852,H,F,A
1,7500,1,0.2155,H,F,A
1.5,7500,1,0.2001,H,F,A
2,7500,1,0.1923,H,F,A
2.5,7500,1,0.1887,H,F,A
3,7500,1,0.1882,H,F,A
3.5,7500,1,0.1806,H,F,A
4,7500,1,0.1705,H,F,A
4.5,7500,1,0.1702,H,F,A
5,7500,1,0.1754,H,F,A
1,7750,1,0.2199,H,F,A
1.5,7750,1,0.1997,H,F,A
2,7750,1,0.1896,H,F,A
2.5,7750,1,0.1846,H,F,A
3,7750,1,0.1825,H,F,A
3.5,7750,1,0.1824,H,F,A
4,7750,1,0.1744,H,F,A
4.5,7750,1,0.1675,H,F,A
5,7750,1,0.1693,H,F,A
1,8000,1,0.228,H,F,A
1.5,8000,1,0.201,H,F,A
2,8000,1,0.1881,H,F,A
2.5,8000,1,0.1815,H,F,A
3,8000,1,0.1777,H,F,A
3.5,8000,1,0.1768,H,F,A
4,8000,1,0.1777,H,F,A
4.5,8000,1,0.1695,H,F,A
5,8000,1,0.1661,H,F,A
1,8250,1,0.2397,H,F,A
1.5,8250,1,0.2039,H,F,A
2,8250,1,0.1874,H,F,A
2.5,8250,1,0.1784,H,F,A
3,8250,1,0.174,H,F,A
3.5,8250,1,0.172,H,F,A
4,8250,1,0.1724,H,F,A
4.5,8250,1,0.1731,H,F,A
5,8250,1,0.1671,H,F,A
1.5,8500,1,0.2084,H,F,A
2,8500,1,0.188,H,F,A
2.5,8500,1,0.1769,H,F,A
3,8500,1,0.1709,H,F,A
3.5,8500,1,0.1677,H,F,A
4,8500,1,0.1669,H,F,A
4.5,8500,1,0.1686,H,F,A
5,8500,1,0.1699,H,F,A
1.5,8750,1,0.2138,H,F,A
2,8750,1,0.1897,H,F,A
2.5,8750,1,0.1763,H,F,A
3,8750,1,0.1682,H,F,A
3.5,8750,1,0.1638,H,F,A
4,8750,1,0.1623,H,F,A
4.5,8750,1,0.1633,H,F,A
5,8750,1,0.1667,H,F,A
2,9000,1,0.1919,H,F,A
2.5,9000,1,0.1762,H,F,A
3,9000,1,0.1663,H,F,A
3.5,9000,1,0.1607,H,F,A
4,9000,1,0.1584,H,F,A
4.5,9000,1,0.1584,H,F,A
5,9000,1,0.1603,H,F,A
2,9250,1,0.1938,H,F,A
2.5,9250,1,0.1768,H,F,A
3,9250,1,0.1658,H,F,A
3.5,9250,1,0.1588,H,F,A
4,9250,1,0.155,H,F,A
4.5,9250,1,0.1539,H,F,A
5,9250,1,0.1551,H,F,A
2,9500,1,0.1949,H,F,A
2.5,9500,1,0.1777,H,F,A
3,9500,1,0.1658,H,F,A
3.5,9500,1,0.1575,H,F,A
4,9500,1,0.1521,H,F,A
4.5,9500,1,0.1498,H,F,A
5,9500,1,0.1506,H,F,A
2,9750,1,0.1945,H,F,A
2.5,9750,1,0.1777,H,F,A
3,9750,1,0.1658,H,F,A
3.5,9750,1,0.1569,H,F,A
4,9750,1,0.1506,H,F,A
4.5,9750,1,0.1473,H,F,A
5,9750,1,0.1468,H,F,A
2,10000,1,0.1929,H,F,A
2.5,10000,1,0.1768,H,F,A
3,10000,1,0.1656,H,F,A
3.5,10000,1,0.1566,H,F,A
4,10000,1,0.1499,H,F,A
4.5,10000,1,0.1456,H,F,A
5,10000,1,0.1439,H,F,A
2.5,10500,1,0.1727,H,F,A
3,10500,1,0.1631,H,F,A
3.5,10500,1,0.1556,H,F,A
4,10500,1,0.149,H,F,A
4.5,10500,1,0.1438,H,F,A
5,10500,1,0.1403,H,F,A
2.5,11000,1,0.1671,H,F,A
3,11000,1,0.1582,H,F,A
3.5,11000,1,0.1525,H,F,A
4,11000,1,0.1473,H,F,A
4.5,11000,1,0.1427,H,F,A
5,11000,1,0.139,H,F,A
3,11500,1,0.1527,H,F,A
3.5,11500,1,0.1477,H,F,A
4,11500,1,0.1441,H,F,A
4.5,11500,1,0.1407,H,F,A
5,11500,1,0.1376,H,F,A
3,12000,1,0.1478,H,F,A
3.5,12000,1,0.1426,H,F,A
4,12000,1,0.1397,H,F,A
4.5,12000,1,0.1375,H,F,A
5,12000,1,0.1354,H,F,A
3,12500,1,0.1442,H,F,A
3.5,12500,1,0.1381,H,F,A
4,12500,1,0.1352,H,F,A
4.5,12500,1,0.1335,H,F,A
5,12500,1,0.1324,H,F,A
3,13000,1,0.1413,H,F,A
3.5,13000,1,0.1343,H,F,A
4,13000,1,0.131,H,F,A
4.5,13000,1,0.1294,H,F,A
5,13000,1,0.1288,H,F,A
3,14000,1,0.1373,H,F,A
3.5,14000,1,0.1286,H,F,A
4,14000,1,0.1241,H,F,A
4.5,14000,1,0.122,H,F,A
5,14000,1,0.1215,H,F,A
3,15000,1,0.1345,H,F,A
3.5,15000,1,0.1243,H,F,A
4,15000,1,0.1189,H,F,A
4.5,15000,1,0.1161,H,F,A
5,15000,1,0.1151,H,F,A
3,16000,1,0.1337,H,F,A
3.5,16000,1,0.1212,H,F,A
4,16000,1,0.1149,H,F,A
4.5,16000,1,0.1116,H,F,A
5,16000,1,0.1099,H,F,A
3,17000,1,0.1345,H,F,A
3.5,17000,1,0.1197,H,F,A
4,17000,1,0.1119,H,F,A
4.5,17000,1,0.1081,H,F,A
5,17000,1,0.106,H,F,A
3,18000,1,0.1379,H,F,A
3.5,18000,1,0.1193,H,F,A
4,18000,1,0.1104,H,F,A
4.5,18000,1,0.1052,H,F,A
5,18000,1,0.1029,H,F,A
3,19000,1,0.1434,H,F,A
3.5,19000,1,0.1211,H,F,A
4,19000,1,0.1101,H,F,A
4.5,19000,1,0.1037,H,F,A
5,19000,1,0.1006,H,F,A
3,20000,1,0.1486,H,F,A
3.5,20000,1,0.1247,H,F,A
4,20000,1,0.1113,H,F,A
4.5,20000,1,0.1037,H,F,A
5,20000,1,0.0996,H,F,A
3,21000,1,0.1507,H,F,A
3.5,21000,1,0.1282,H,F,A
4,21000,1,0.1138,H,F,A
4.5,21000,1,0.1049,H,F,A
5,21000,1,0.0999,H,F,A
3.5,22000,1,0.1297,H,F,A
4,22000,1,0.1162,H,F,A
4.5,22000,1,0.1069,H,F,A
5,22000,1,0.101,H,F,A
3.5,23000,1,0.1291,H,F,A
4,23000,1,0.1176,H,F,A
4.5,23000,1,0.1089,H,F,A
5,23000,1,0.103,H,F,A
3.5,24000,1,0.1281,H,F,A
4,24000,1,0.1171,H,F,A
4.5,24000,1,0.1104,H,F,A
5,24000,1,0.1049,H,F,A
3.5,25000,1,0.1287,H,F,A
4,25000,1,0.1156,H,F,A
4.5,25000,1,0.1099,H,F,A
5,25000,1,0.1059,H,F,A
3.5,26000,1,0.131,H,F,A
4,26000,1,0.1151,H,F,A
4.5,26000,1,0.1089,H,F,A
5,26000,1,0.1058,H,F,A
3.5,27000,1,0.1339,H,F,A
4,27000,1,0.1154,H,F,A
4.5,27000,1,0.1076,H,F,A
5,27000,1,0.1046,H,F,A
4,28000,1,0.116,H,F,A
4.5,28000,1,0.1072,H,F,A
5,28000,1,0.1035,H,F,A
4,29000,1,0.1169,H,F,A
4.5,29000,1,0.107,H,F,A
5,29000,1,0.1022,H,F,A
4,30000,1,0.1176,H,F,A
4.5,30000,1,0.1064,H,F,A
5,30000,1,0.1011,H,F,A
4,31000,1,0.1182,H,F,A
4.5,31000,1,0.1061,H,F,A
5,31000,1,0.1002,H,F,A
4.5,32000,1,0.1055,H,F,A
5,32000,1,0.0989,H,F,A
4.5,33000,1,0.105,H,F,A
5,33000,1,0.0978,H,F,A
4.5,34000,1,0.104,H,F,A
5,34000,1,0.0969,H,F,A
4.5,35000,1,0.1024,H,F,A
5,35000,1,0.0955,H,F,A
5,37500,1,0.0906,H,F,A
5,40000,1,0.0855,H,F,A
