logg,Teff,Z,u,Filt,Met,Mod
0,3500,-5,0.3593,J,F,A
0.5,3500,-5,0.3097,J,F,A
1,3500,-5,0.2364,J,F,A
1.5,3500,-5,0.1953,J,F,A
2,3500,-5,0.1959,J,F,A
2.5,3500,-5,0.2314,J,F,A
3,3500,-5,0.2639,J,F,A
0,3750,-5,0.3444,J,F,A
0.5,3750,-5,0.3147,J,F,A
1,3750,-5,0.2859,J,F,A
1.5,3750,-5,0.232,J,F,A
2,3750,-5,0.1767,J,F,A
2.5,3750,-5,0.1564,J,F,A
3,3750,-5,0.1747,J,F,A
0,4000,-5,0.3407,J,F,A
0.5,4000,-5,0.318,J,F,A
1,4000,-5,0.2943,J,F,A
1.5,4000,-5,0.2707,J,F,A
2,4000,-5,0.2419,J,F,A
2.5,4000,-5,0.1883,J,F,A
3,4000,-5,0.1514,J,F,A
3.5,4000,-5,0.1389,J,F,A
0,4250,-5,0.339,J,F,A
0.5,4250,-5,0.3229,J,F,A
1,4250,-5,0.3044,J,F,A
1.5,4250,-5,0.287,J,F,A
2,4250,-5,0.2707,J,F,A
2.5,4250,-5,0.2433,J,F,A
3,4250,-5,0.2095,J,F,A
3.5,4250,-5,0.1686,J,F,A
4,4250,-5,0.1411,J,F,A
0,4500,-5,0.3351,J,F,A
0.5,4500,-5,0.3245,J,F,A
1,4500,-5,0.311,J,F,A
1.5,4500,-5,0.2961,J,F,A
2,4500,-5,0.2821,J,F,A
2.5,4500,-5,0.2665,J,F,A
3,4500,-5,0.2476,J,F,A
3.5,4500,-5,0.2142,J,F,A
4,4500,-5,0.1762,J,F,A
0,4750,-5,0.3282,J,F,A
0.5,4750,-5,0.3216,J,F,A
1,4750,-5,0.3135,J,F,A
1.5,4750,-5,0.302,J,F,A
2,4750,-5,0.2891,J,F,A
2.5,4750,-5,0.2766,J,F,A
3,4750,-5,0.2645,J,F,A
3.5,4750,-5,0.2508,J,F,A
4,4750,-5,0.2211,J,F,A
4.5,4750,-5,0.1876,J,F,A
0,5000,-5,0.3186,J,F,A
0.5,5000,-5,0.3158,J,F,A
1,5000,-5,0.3102,J,F,A
1.5,5000,-5,0.3024,J,F,A
2,5000,-5,0.2926,J,F,A
2.5,5000,-5,0.2822,J,F,A
3,5000,-5,0.2723,J,F,A
3.5,5000,-5,0.2635,J,F,A
4,5000,-5,0.2498,J,F,A
4.5,5000,-5,0.2271,J,F,A
5,5000,-5,0.2038,J,F,A
0,5250,-5,0.3065,J,F,A
0.5,5250,-5,0.3067,J,F,A
1,5250,-5,0.3039,J,F,A
1.5,5250,-5,0.2987,J,F,A
2,5250,-5,0.2917,J,F,A
2.5,5250,-5,0.2845,J,F,A
3,5250,-5,0.2763,J,F,A
3.5,5250,-5,0.2674,J,F,A
4,5250,-5,0.2609,J,F,A
4.5,5250,-5,0.2454,J,F,A
5,5250,-5,0.222,J,F,A
0,5500,-5,0.2915,J,F,A
0.5,5500,-5,0.2932,J,F,A
1,5500,-5,0.2937,J,F,A
1.5,5500,-5,0.2917,J,F,A
2,5500,-5,0.2879,J,F,A
2.5,5500,-5,0.2826,J,F,A
3,5500,-5,0.2764,J,F,A
3.5,5500,-5,0.2706,J,F,A
4,5500,-5,0.2627,J,F,A
4.5,5500,-5,0.2525,J,F,A
5,5500,-5,0.2383,J,F,A
0,5750,-5,0.3283,J,F,A
0.5,5750,-5,0.2794,J,F,A
1,5750,-5,0.2795,J,F,A
1.5,5750,-5,0.2808,J,F,A
2,5750,-5,0.2802,J,F,A
2.5,5750,-5,0.2777,J,F,A
3,5750,-5,0.2743,J,F,A
3.5,5750,-5,0.2694,J,F,A
4,5750,-5,0.2643,J,F,A
4.5,5750,-5,0.2567,J,F,A
5,5750,-5,0.2459,J,F,A
0,6000,-5,0.3211,J,F,A
0.5,6000,-5,0.3196,J,F,A
1,6000,-5,0.2755,J,F,A
1.5,6000,-5,0.2678,J,F,A
2,6000,-5,0.2693,J,F,A
2.5,6000,-5,0.2697,J,F,A
3,6000,-5,0.2688,J,F,A
3.5,6000,-5,0.2659,J,F,A
4,6000,-5,0.2638,J,F,A
4.5,6000,-5,0.2589,J,F,A
5,6000,-5,0.2504,J,F,A
0.5,6250,-5,0.3105,J,F,A
1,6250,-5,0.3106,J,F,A
1.5,6250,-5,0.2625,J,F,A
2,6250,-5,0.257,J,F,A
2.5,6250,-5,0.2596,J,F,A
3,6250,-5,0.2609,J,F,A
3.5,6250,-5,0.2607,J,F,A
4,6250,-5,0.2596,J,F,A
4.5,6250,-5,0.2557,J,F,A
5,6250,-5,0.2523,J,F,A
0.5,6500,-5,0.3023,J,F,A
1,6500,-5,0.3,J,F,A
1.5,6500,-5,0.3011,J,F,A
2,6500,-5,0.2498,J,F,A
2.5,6500,-5,0.2463,J,F,A
3,6500,-5,0.2502,J,F,A
3.5,6500,-5,0.2527,J,F,A
4,6500,-5,0.2537,J,F,A
4.5,6500,-5,0.2531,J,F,A
5,6500,-5,0.2498,J,F,A
0.5,6750,-5,0.2971,J,F,A
1,6750,-5,0.2897,J,F,A
1.5,6750,-5,0.2895,J,F,A
2,6750,-5,0.2916,J,F,A
2.5,6750,-5,0.2387,J,F,A
3,6750,-5,0.2381,J,F,A
3.5,6750,-5,0.2426,J,F,A
4,6750,-5,0.2458,J,F,A
4.5,6750,-5,0.2476,J,F,A
5,6750,-5,0.247,J,F,A
0.5,7000,-5,0.2948,J,F,A
1,7000,-5,0.2817,J,F,A
1.5,7000,-5,0.2778,J,F,A
2,7000,-5,0.2797,J,F,A
2.5,7000,-5,0.283,J,F,A
3,7000,-5,0.2302,J,F,A
3.5,7000,-5,0.2321,J,F,A
4,7000,-5,0.2366,J,F,A
4.5,7000,-5,0.2404,J,F,A
5,7000,-5,0.2412,J,F,A
1,7250,-5,0.2763,J,F,A
1.5,7250,-5,0.2681,J,F,A
2,7250,-5,0.2668,J,F,A
2.5,7250,-5,0.2711,J,F,A
3,7250,-5,0.2748,J,F,A
3.5,7250,-5,0.223,J,F,A
4,7250,-5,0.2266,J,F,A
4.5,7250,-5,0.2318,J,F,A
5,7250,-5,0.2343,J,F,A
1,7500,-5,0.2723,J,F,A
1.5,7500,-5,0.2608,J,F,A
2,7500,-5,0.2559,J,F,A
2.5,7500,-5,0.2573,J,F,A
3,7500,-5,0.2625,J,F,A
3.5,7500,-5,0.267,J,F,A
4,7500,-5,0.2212,J,F,A
4.5,7500,-5,0.2233,J,F,A
5,7500,-5,0.2263,J,F,A
1.5,7750,-5,0.2545,J,F,A
2,7750,-5,0.2475,J,F,A
2.5,7750,-5,0.2454,J,F,A
3,7750,-5,0.2491,J,F,A
3.5,7750,-5,0.2553,J,F,A
4,7750,-5,0.26,J,F,A
4.5,7750,-5,0.2152,J,F,A
5,7750,-5,0.2183,J,F,A
1.5,8000,-5,0.2493,J,F,A
2,8000,-5,0.2402,J,F,A
2.5,8000,-5,0.2365,J,F,A
3,8000,-5,0.2365,J,F,A
3.5,8000,-5,0.2421,J,F,A
4,8000,-5,0.249,J,F,A
4.5,8000,-5,0.2531,J,F,A
5,8000,-5,0.2103,J,F,A
2,8250,-5,0.2339,J,F,A
2.5,8250,-5,0.2289,J,F,A
3,8250,-5,0.2276,J,F,A
3.5,8250,-5,0.2292,J,F,A
4,8250,-5,0.2365,J,F,A
4.5,8250,-5,0.2426,J,F,A
5,8250,-5,0.206,J,F,A
1.5,8500,-5,0.2433,J,F,A
2,8500,-5,0.2287,J,F,A
2.5,8500,-5,0.2222,J,F,A
3,8500,-5,0.2198,J,F,A
3.5,8500,-5,0.2201,J,F,A
4,8500,-5,0.2232,J,F,A
4.5,8500,-5,0.2317,J,F,A
5,8500,-5,0.2367,J,F,A
2,8750,-5,0.2247,J,F,A
2.5,8750,-5,0.2165,J,F,A
3,8750,-5,0.2132,J,F,A
3.5,8750,-5,0.2127,J,F,A
4,8750,-5,0.2139,J,F,A
4.5,8750,-5,0.2187,J,F,A
5,8750,-5,0.2267,J,F,A
1.5,9000,-5,0.2431,J,F,A
2,9000,-5,0.2219,J,F,A
2.5,9000,-5,0.212,J,F,A
3,9000,-5,0.2077,J,F,A
3.5,9000,-5,0.2064,J,F,A
4,9000,-5,0.2068,J,F,A
4.5,9000,-5,0.208,J,F,A
5,9000,-5,0.2098,J,F,A
2,9250,-5,0.2199,J,F,A
2.5,9250,-5,0.2085,J,F,A
3,9250,-5,0.2032,J,F,A
3.5,9250,-5,0.2011,J,F,A
4,9250,-5,0.2008,J,F,A
4.5,9250,-5,0.2016,J,F,A
5,9250,-5,0.2027,J,F,A
2,9500,-5,0.2184,J,F,A
2.5,9500,-5,0.2055,J,F,A
3,9500,-5,0.1994,J,F,A
3.5,9500,-5,0.1967,J,F,A
4,9500,-5,0.1959,J,F,A
4.5,9500,-5,0.1961,J,F,A
5,9500,-5,0.1968,J,F,A
2,9750,-5,0.2172,J,F,A
2.5,9750,-5,0.2032,J,F,A
3,9750,-5,0.1962,J,F,A
3.5,9750,-5,0.193,J,F,A
4,9750,-5,0.1918,J,F,A
4.5,9750,-5,0.1914,J,F,A
5,9750,-5,0.1917,J,F,A
2,10000,-5,0.2161,J,F,A
2.5,10000,-5,0.2011,J,F,A
3,10000,-5,0.1934,J,F,A
3.5,10000,-5,0.1899,J,F,A
4,10000,-5,0.1883,J,F,A
4.5,10000,-5,0.1875,J,F,A
5,10000,-5,0.1873,J,F,A
2,10500,-5,0.2142,J,F,A
2.5,10500,-5,0.1974,J,F,A
3,10500,-5,0.1888,J,F,A
3.5,10500,-5,0.1844,J,F,A
4,10500,-5,0.1824,J,F,A
4.5,10500,-5,0.1813,J,F,A
5,10500,-5,0.1804,J,F,A
2.5,11000,-5,0.1942,J,F,A
3,11000,-5,0.1847,J,F,A
3.5,11000,-5,0.1799,J,F,A
4,11000,-5,0.1775,J,F,A
4.5,11000,-5,0.1763,J,F,A
5,11000,-5,0.1752,J,F,A
2.5,11500,-5,0.1914,J,F,A
3,11500,-5,0.1811,J,F,A
3.5,11500,-5,0.1758,J,F,A
4,11500,-5,0.1731,J,F,A
4.5,11500,-5,0.1717,J,F,A
5,11500,-5,0.1707,J,F,A
2.5,12000,-5,0.1891,J,F,A
3,12000,-5,0.178,J,F,A
3.5,12000,-5,0.1722,J,F,A
4,12000,-5,0.1693,J,F,A
4.5,12000,-5,0.1677,J,F,A
5,12000,-5,0.1667,J,F,A
2.5,12500,-5,0.1869,J,F,A
3,12500,-5,0.1749,J,F,A
3.5,12500,-5,0.1688,J,F,A
4,12500,-5,0.1657,J,F,A
4.5,12500,-5,0.164,J,F,A
5,12500,-5,0.163,J,F,A
2.5,13000,-5,0.1851,J,F,A
3,13000,-5,0.1724,J,F,A
3.5,13000,-5,0.1656,J,F,A
4,13000,-5,0.1622,J,F,A
4.5,13000,-5,0.1604,J,F,A
5,13000,-5,0.1595,J,F,A
2,14000,-5,0.2145,J,F,A
2.5,14000,-5,0.1829,J,F,A
3,14000,-5,0.1678,J,F,A
3.5,14000,-5,0.1603,J,F,A
4,14000,-5,0.1564,J,F,A
4.5,14000,-5,0.1543,J,F,A
5,14000,-5,0.1531,J,F,A
2.5,15000,-5,0.1817,J,F,A
3,15000,-5,0.1647,J,F,A
3.5,15000,-5,0.156,J,F,A
4,15000,-5,0.1512,J,F,A
4.5,15000,-5,0.1489,J,F,A
5,15000,-5,0.1475,J,F,A
2.5,16000,-5,0.1817,J,F,A
3,16000,-5,0.1621,J,F,A
3.5,16000,-5,0.1522,J,F,A
4,16000,-5,0.1469,J,F,A
4.5,16000,-5,0.1443,J,F,A
5,16000,-5,0.1427,J,F,A
2.5,17000,-5,0.1825,J,F,A
3,17000,-5,0.1603,J,F,A
3.5,17000,-5,0.1491,J,F,A
4,17000,-5,0.1433,J,F,A
4.5,17000,-5,0.1402,J,F,A
5,17000,-5,0.1386,J,F,A
2.5,18000,-5,0.184,J,F,A
3,18000,-5,0.1583,J,F,A
3.5,18000,-5,0.1464,J,F,A
4,18000,-5,0.1402,J,F,A
4.5,18000,-5,0.1368,J,F,A
5,18000,-5,0.1348,J,F,A
2.5,19000,-5,0.1877,J,F,A
3,19000,-5,0.1573,J,F,A
3.5,19000,-5,0.1439,J,F,A
4,19000,-5,0.1373,J,F,A
4.5,19000,-5,0.1339,J,F,A
5,19000,-5,0.1318,J,F,A
3,20000,-5,0.1566,J,F,A
3.5,20000,-5,0.1418,J,F,A
4,20000,-5,0.1345,J,F,A
4.5,20000,-5,0.1309,J,F,A
5,20000,-5,0.129,J,F,A
3,21000,-5,0.1572,J,F,A
3.5,21000,-5,0.1397,J,F,A
4,21000,-5,0.1316,J,F,A
4.5,21000,-5,0.1278,J,F,A
5,21000,-5,0.126,J,F,A
3,22000,-5,0.159,J,F,A
3.5,22000,-5,0.1389,J,F,A
4,22000,-5,0.1295,J,F,A
4.5,22000,-5,0.1253,J,F,A
5,22000,-5,0.1235,J,F,A
3,23000,-5,0.162,J,F,A
3.5,23000,-5,0.139,J,F,A
4,23000,-5,0.1282,J,F,A
4.5,23000,-5,0.1231,J,F,A
5,23000,-5,0.121,J,F,A
3,24000,-5,0.1664,J,F,A
3.5,24000,-5,0.1396,J,F,A
4,24000,-5,0.1277,J,F,A
4.5,24000,-5,0.1218,J,F,A
5,24000,-5,0.1193,J,F,A
3,25000,-5,0.1723,J,F,A
3.5,25000,-5,0.1412,J,F,A
4,25000,-5,0.1278,J,F,A
4.5,25000,-5,0.1213,J,F,A
5,25000,-5,0.1182,J,F,A
3,26000,-5,0.1773,J,F,A
3.5,26000,-5,0.1433,J,F,A
4,26000,-5,0.1284,J,F,A
4.5,26000,-5,0.1211,J,F,A
5,26000,-5,0.1176,J,F,A
3.5,27000,-5,0.1451,J,F,A
4,27000,-5,0.1293,J,F,A
4.5,27000,-5,0.1213,J,F,A
5,27000,-5,0.1174,J,F,A
3.5,28000,-5,0.1455,J,F,A
4,28000,-5,0.1298,J,F,A
4.5,28000,-5,0.1215,J,F,A
5,28000,-5,0.1171,J,F,A
3.5,29000,-5,0.1428,J,F,A
4,29000,-5,0.1292,J,F,A
4.5,29000,-5,0.1211,J,F,A
5,29000,-5,0.1166,J,F,A
3.5,30000,-5,0.1387,J,F,A
4,30000,-5,0.1267,J,F,A
4.5,30000,-5,0.1195,J,F,A
5,30000,-5,0.1154,J,F,A
3.5,31000,-5,0.1349,J,F,A
4,31000,-5,0.1226,J,F,A
4.5,31000,-5,0.1165,J,F,A
5,31000,-5,0.1129,J,F,A
4,32000,-5,0.1181,J,F,A
4.5,32000,-5,0.1124,J,F,A
5,32000,-5,0.1092,J,F,A
4,33000,-5,0.1137,J,F,A
4.5,33000,-5,0.1076,J,F,A
5,33000,-5,0.1046,J,F,A
4,34000,-5,0.1095,J,F,A
4.5,34000,-5,0.103,J,F,A
5,34000,-5,0.0999,J,F,A
4,35000,-5,0.1045,J,F,A
4.5,35000,-5,0.0983,J,F,A
5,35000,-5,0.0951,J,F,A
4.5,37500,-5,0.0847,J,F,A
5,37500,-5,0.0823,J,F,A
4.5,40000,-5,0.0745,J,F,A
5,40000,-5,0.0699,J,F,A
5,42500,-5,0.0634,J,F,A
5,45000,-5,0.061,J,F,A
5,47500,-5,0.0603,J,F,A
5,50000,-5,0.0602,J,F,A
0,3500,-4.5,0.3651,J,F,A
0.5,3500,-4.5,0.319,J,F,A
1,3500,-4.5,0.2477,J,F,A
1.5,3500,-4.5,0.2057,J,F,A
2,3500,-4.5,0.2003,J,F,A
2.5,3500,-4.5,0.221,J,F,A
3,3500,-4.5,0.2491,J,F,A
0,3750,-4.5,0.3457,J,F,A
0.5,3750,-4.5,0.317,J,F,A
1,3750,-4.5,0.2892,J,F,A
1.5,3750,-4.5,0.2388,J,F,A
2,3750,-4.5,0.1856,J,F,A
2.5,3750,-4.5,0.1654,J,F,A
3,3750,-4.5,0.1703,J,F,A
3.5,3750,-4.5,0.2237,J,F,A
0,4000,-4.5,0.3412,J,F,A
0.5,4000,-4.5,0.3189,J,F,A
1,4000,-4.5,0.2957,J,F,A
1.5,4000,-4.5,0.2734,J,F,A
2,4000,-4.5,0.2442,J,F,A
2.5,4000,-4.5,0.1934,J,F,A
3,4000,-4.5,0.1589,J,F,A
3.5,4000,-4.5,0.1473,J,F,A
4,4000,-4.5,0.1647,J,F,A
0,4250,-4.5,0.3393,J,F,A
0.5,4250,-4.5,0.3233,J,F,A
1,4250,-4.5,0.3049,J,F,A
1.5,4250,-4.5,0.2875,J,F,A
2,4250,-4.5,0.2703,J,F,A
2.5,4250,-4.5,0.2508,J,F,A
3,4250,-4.5,0.2113,J,F,A
3.5,4250,-4.5,0.1724,J,F,A
4,4250,-4.5,0.1478,J,F,A
4.5,4250,-4.5,0.1365,J,F,A
0,4500,-4.5,0.3352,J,F,A
0.5,4500,-4.5,0.3248,J,F,A
1,4500,-4.5,0.3114,J,F,A
1.5,4500,-4.5,0.2963,J,F,A
2,4500,-4.5,0.2815,J,F,A
2.5,4500,-4.5,0.2671,J,F,A
3,4500,-4.5,0.2484,J,F,A
3.5,4500,-4.5,0.223,J,F,A
4,4500,-4.5,0.1875,J,F,A
4.5,4500,-4.5,0.1602,J,F,A
5,4500,-4.5,0.1401,J,F,A
0,4750,-4.5,0.3285,J,F,A
0.5,4750,-4.5,0.322,J,F,A
1,4750,-4.5,0.3133,J,F,A
1.5,4750,-4.5,0.3022,J,F,A
2,4750,-4.5,0.2891,J,F,A
2.5,4750,-4.5,0.2769,J,F,A
3,4750,-4.5,0.2646,J,F,A
3.5,4750,-4.5,0.249,J,F,A
4,4750,-4.5,0.2221,J,F,A
4.5,4750,-4.5,0.198,J,F,A
5,4750,-4.5,0.1721,J,F,A
0,5000,-4.5,0.3185,J,F,A
0.5,5000,-4.5,0.3159,J,F,A
1,5000,-4.5,0.3102,J,F,A
1.5,5000,-4.5,0.3024,J,F,A
2,5000,-4.5,0.2928,J,F,A
2.5,5000,-4.5,0.2827,J,F,A
3,5000,-4.5,0.2724,J,F,A
3.5,5000,-4.5,0.2617,J,F,A
4,5000,-4.5,0.2463,J,F,A
4.5,5000,-4.5,0.2249,J,F,A
5,5000,-4.5,0.196,J,F,A
0,5250,-4.5,0.3064,J,F,A
0.5,5250,-4.5,0.3062,J,F,A
1,5250,-4.5,0.3041,J,F,A
1.5,5250,-4.5,0.2987,J,F,A
2,5250,-4.5,0.2919,J,F,A
2.5,5250,-4.5,0.2844,J,F,A
3,5250,-4.5,0.2765,J,F,A
3.5,5250,-4.5,0.2679,J,F,A
4,5250,-4.5,0.2572,J,F,A
4.5,5250,-4.5,0.2425,J,F,A
5,5250,-4.5,0.2222,J,F,A
0,5500,-4.5,0.2914,J,F,A
0.5,5500,-4.5,0.2932,J,F,A
1,5500,-4.5,0.2937,J,F,A
1.5,5500,-4.5,0.2921,J,F,A
2,5500,-4.5,0.2879,J,F,A
2.5,5500,-4.5,0.2827,J,F,A
3,5500,-4.5,0.2763,J,F,A
3.5,5500,-4.5,0.2707,J,F,A
4,5500,-4.5,0.2628,J,F,A
4.5,5500,-4.5,0.2521,J,F,A
5,5500,-4.5,0.2378,J,F,A
0,5750,-4.5,0.3283,J,F,A
0.5,5750,-4.5,0.2795,J,F,A
1,5750,-4.5,0.2797,J,F,A
1.5,5750,-4.5,0.2812,J,F,A
2,5750,-4.5,0.2803,J,F,A
2.5,5750,-4.5,0.2778,J,F,A
3,5750,-4.5,0.2747,J,F,A
3.5,5750,-4.5,0.2698,J,F,A
4,5750,-4.5,0.266,J,F,A
4.5,5750,-4.5,0.2569,J,F,A
5,5750,-4.5,0.2462,J,F,A
0,6000,-4.5,0.3213,J,F,A
0.5,6000,-4.5,0.3195,J,F,A
1,6000,-4.5,0.268,J,F,A
1.5,6000,-4.5,0.2676,J,F,A
2,6000,-4.5,0.2693,J,F,A
2.5,6000,-4.5,0.2693,J,F,A
3,6000,-4.5,0.2685,J,F,A
3.5,6000,-4.5,0.2653,J,F,A
4,6000,-4.5,0.2622,J,F,A
4.5,6000,-4.5,0.2589,J,F,A
5,6000,-4.5,0.2465,J,F,A
0.5,6250,-4.5,0.3105,J,F,A
1,6250,-4.5,0.3106,J,F,A
1.5,6250,-4.5,0.2614,J,F,A
2,6250,-4.5,0.2567,J,F,A
2.5,6250,-4.5,0.2596,J,F,A
3,6250,-4.5,0.2609,J,F,A
3.5,6250,-4.5,0.2607,J,F,A
4,6250,-4.5,0.2597,J,F,A
4.5,6250,-4.5,0.2558,J,F,A
5,6250,-4.5,0.2496,J,F,A
0.5,6500,-4.5,0.3023,J,F,A
1,6500,-4.5,0.3,J,F,A
1.5,6500,-4.5,0.3009,J,F,A
2,6500,-4.5,0.2493,J,F,A
2.5,6500,-4.5,0.246,J,F,A
3,6500,-4.5,0.2501,J,F,A
3.5,6500,-4.5,0.2527,J,F,A
4,6500,-4.5,0.2538,J,F,A
4.5,6500,-4.5,0.2532,J,F,A
5,6500,-4.5,0.2499,J,F,A
0.5,6750,-4.5,0.2971,J,F,A
1,6750,-4.5,0.2896,J,F,A
1.5,6750,-4.5,0.2893,J,F,A
2,6750,-4.5,0.2917,J,F,A
2.5,6750,-4.5,0.2386,J,F,A
3,6750,-4.5,0.2381,J,F,A
3.5,6750,-4.5,0.2426,J,F,A
4,6750,-4.5,0.2458,J,F,A
4.5,6750,-4.5,0.2476,J,F,A
5,6750,-4.5,0.247,J,F,A
0.5,7000,-4.5,0.2948,J,F,A
1,7000,-4.5,0.2817,J,F,A
1.5,7000,-4.5,0.2778,J,F,A
2,7000,-4.5,0.2798,J,F,A
2.5,7000,-4.5,0.283,J,F,A
3,7000,-4.5,0.2301,J,F,A
3.5,7000,-4.5,0.2321,J,F,A
4,7000,-4.5,0.2365,J,F,A
4.5,7000,-4.5,0.2403,J,F,A
5,7000,-4.5,0.2417,J,F,A
1,7250,-4.5,0.2764,J,F,A
1.5,7250,-4.5,0.268,J,F,A
2,7250,-4.5,0.2668,J,F,A
2.5,7250,-4.5,0.271,J,F,A
3,7250,-4.5,0.2747,J,F,A
3.5,7250,-4.5,0.2225,J,F,A
4,7250,-4.5,0.2269,J,F,A
4.5,7250,-4.5,0.2318,J,F,A
5,7250,-4.5,0.2343,J,F,A
1,7500,-4.5,0.2723,J,F,A
1.5,7500,-4.5,0.2608,J,F,A
2,7500,-4.5,0.2559,J,F,A
2.5,7500,-4.5,0.2573,J,F,A
3,7500,-4.5,0.2625,J,F,A
3.5,7500,-4.5,0.267,J,F,A
4,7500,-4.5,0.2211,J,F,A
4.5,7500,-4.5,0.2229,J,F,A
5,7500,-4.5,0.2262,J,F,A
1.5,7750,-4.5,0.2544,J,F,A
2,7750,-4.5,0.2475,J,F,A
2.5,7750,-4.5,0.2453,J,F,A
3,7750,-4.5,0.249,J,F,A
3.5,7750,-4.5,0.2551,J,F,A
4,7750,-4.5,0.2598,J,F,A
4.5,7750,-4.5,0.2152,J,F,A
5,7750,-4.5,0.2183,J,F,A
1.5,8000,-4.5,0.2493,J,F,A
2,8000,-4.5,0.2402,J,F,A
2.5,8000,-4.5,0.2365,J,F,A
3,8000,-4.5,0.2365,J,F,A
3.5,8000,-4.5,0.242,J,F,A
4,8000,-4.5,0.249,J,F,A
4.5,8000,-4.5,0.253,J,F,A
5,8000,-4.5,0.2103,J,F,A
2,8250,-4.5,0.2339,J,F,A
2.5,8250,-4.5,0.2288,J,F,A
3,8250,-4.5,0.2275,J,F,A
3.5,8250,-4.5,0.2291,J,F,A
4,8250,-4.5,0.2364,J,F,A
4.5,8250,-4.5,0.2426,J,F,A
5,8250,-4.5,0.206,J,F,A
1.5,8500,-4.5,0.2433,J,F,A
2,8500,-4.5,0.2287,J,F,A
2.5,8500,-4.5,0.2221,J,F,A
3,8500,-4.5,0.2198,J,F,A
3.5,8500,-4.5,0.2201,J,F,A
4,8500,-4.5,0.2231,J,F,A
4.5,8500,-4.5,0.2316,J,F,A
5,8500,-4.5,0.2366,J,F,A
2,8750,-4.5,0.2247,J,F,A
2.5,8750,-4.5,0.2164,J,F,A
3,8750,-4.5,0.2131,J,F,A
3.5,8750,-4.5,0.2127,J,F,A
4,8750,-4.5,0.2139,J,F,A
4.5,8750,-4.5,0.2187,J,F,A
5,8750,-4.5,0.2266,J,F,A
1.5,9000,-4.5,0.2431,J,F,A
2,9000,-4.5,0.2219,J,F,A
2.5,9000,-4.5,0.212,J,F,A
3,9000,-4.5,0.2077,J,F,A
3.5,9000,-4.5,0.2063,J,F,A
4,9000,-4.5,0.2067,J,F,A
4.5,9000,-4.5,0.2079,J,F,A
5,9000,-4.5,0.2097,J,F,A
2,9250,-4.5,0.2199,J,F,A
2.5,9250,-4.5,0.2085,J,F,A
3,9250,-4.5,0.2032,J,F,A
3.5,9250,-4.5,0.201,J,F,A
4,9250,-4.5,0.2008,J,F,A
4.5,9250,-4.5,0.2015,J,F,A
5,9250,-4.5,0.2026,J,F,A
2,9500,-4.5,0.2184,J,F,A
2.5,9500,-4.5,0.2055,J,F,A
3,9500,-4.5,0.1994,J,F,A
3.5,9500,-4.5,0.1967,J,F,A
4,9500,-4.5,0.1958,J,F,A
4.5,9500,-4.5,0.196,J,F,A
5,9500,-4.5,0.1967,J,F,A
2,9750,-4.5,0.2172,J,F,A
2.5,9750,-4.5,0.2032,J,F,A
3,9750,-4.5,0.1961,J,F,A
3.5,9750,-4.5,0.193,J,F,A
4,9750,-4.5,0.1918,J,F,A
4.5,9750,-4.5,0.1914,J,F,A
5,9750,-4.5,0.1916,J,F,A
2,10000,-4.5,0.2161,J,F,A
2.5,10000,-4.5,0.2011,J,F,A
3,10000,-4.5,0.1934,J,F,A
3.5,10000,-4.5,0.1898,J,F,A
4,10000,-4.5,0.1883,J,F,A
4.5,10000,-4.5,0.1875,J,F,A
5,10000,-4.5,0.1872,J,F,A
2,10500,-4.5,0.2141,J,F,A
2.5,10500,-4.5,0.1975,J,F,A
3,10500,-4.5,0.1887,J,F,A
3.5,10500,-4.5,0.1844,J,F,A
4,10500,-4.5,0.1824,J,F,A
4.5,10500,-4.5,0.1812,J,F,A
5,10500,-4.5,0.1804,J,F,A
2.5,11000,-4.5,0.1942,J,F,A
3,11000,-4.5,0.1848,J,F,A
3.5,11000,-4.5,0.1799,J,F,A
4,11000,-4.5,0.1775,J,F,A
4.5,11000,-4.5,0.1762,J,F,A
5,11000,-4.5,0.1752,J,F,A
2.5,11500,-4.5,0.1914,J,F,A
3,11500,-4.5,0.1811,J,F,A
3.5,11500,-4.5,0.1759,J,F,A
4,11500,-4.5,0.1731,J,F,A
4.5,11500,-4.5,0.1717,J,F,A
5,11500,-4.5,0.1707,J,F,A
2.5,12000,-4.5,0.1889,J,F,A
3,12000,-4.5,0.1779,J,F,A
3.5,12000,-4.5,0.1722,J,F,A
4,12000,-4.5,0.1692,J,F,A
4.5,12000,-4.5,0.1676,J,F,A
5,12000,-4.5,0.1666,J,F,A
2.5,12500,-4.5,0.1868,J,F,A
3,12500,-4.5,0.1749,J,F,A
3.5,12500,-4.5,0.1687,J,F,A
4,12500,-4.5,0.1656,J,F,A
4.5,12500,-4.5,0.164,J,F,A
5,12500,-4.5,0.163,J,F,A
2.5,13000,-4.5,0.1851,J,F,A
3,13000,-4.5,0.1722,J,F,A
3.5,13000,-4.5,0.1657,J,F,A
4,13000,-4.5,0.1623,J,F,A
4.5,13000,-4.5,0.1605,J,F,A
5,13000,-4.5,0.1594,J,F,A
2,14000,-4.5,0.2147,J,F,A
2.5,14000,-4.5,0.1828,J,F,A
3,14000,-4.5,0.1681,J,F,A
3.5,14000,-4.5,0.1603,J,F,A
4,14000,-4.5,0.1563,J,F,A
4.5,14000,-4.5,0.1543,J,F,A
5,14000,-4.5,0.1531,J,F,A
2.5,15000,-4.5,0.1818,J,F,A
3,15000,-4.5,0.1645,J,F,A
3.5,15000,-4.5,0.1558,J,F,A
4,15000,-4.5,0.1513,J,F,A
4.5,15000,-4.5,0.1491,J,F,A
5,15000,-4.5,0.1477,J,F,A
2.5,16000,-4.5,0.1816,J,F,A
3,16000,-4.5,0.1619,J,F,A
3.5,16000,-4.5,0.152,J,F,A
4,16000,-4.5,0.1468,J,F,A
4.5,16000,-4.5,0.1442,J,F,A
5,16000,-4.5,0.1427,J,F,A
2.5,17000,-4.5,0.1824,J,F,A
3,17000,-4.5,0.16,J,F,A
3.5,17000,-4.5,0.1492,J,F,A
4,17000,-4.5,0.1433,J,F,A
4.5,17000,-4.5,0.1403,J,F,A
5,17000,-4.5,0.1384,J,F,A
2.5,18000,-4.5,0.1841,J,F,A
3,18000,-4.5,0.1585,J,F,A
3.5,18000,-4.5,0.1464,J,F,A
4,18000,-4.5,0.1402,J,F,A
4.5,18000,-4.5,0.1367,J,F,A
5,18000,-4.5,0.135,J,F,A
2.5,19000,-4.5,0.1878,J,F,A
3,19000,-4.5,0.157,J,F,A
3.5,19000,-4.5,0.1439,J,F,A
4,19000,-4.5,0.1373,J,F,A
4.5,19000,-4.5,0.1337,J,F,A
5,19000,-4.5,0.1318,J,F,A
3,20000,-4.5,0.1564,J,F,A
3.5,20000,-4.5,0.1416,J,F,A
4,20000,-4.5,0.1345,J,F,A
4.5,20000,-4.5,0.1308,J,F,A
5,20000,-4.5,0.1288,J,F,A
3,21000,-4.5,0.157,J,F,A
3.5,21000,-4.5,0.1397,J,F,A
4,21000,-4.5,0.1315,J,F,A
4.5,21000,-4.5,0.1278,J,F,A
5,21000,-4.5,0.1261,J,F,A
3,22000,-4.5,0.1589,J,F,A
3.5,22000,-4.5,0.1388,J,F,A
4,22000,-4.5,0.1295,J,F,A
4.5,22000,-4.5,0.1251,J,F,A
5,22000,-4.5,0.1232,J,F,A
3,23000,-4.5,0.1618,J,F,A
3.5,23000,-4.5,0.1387,J,F,A
4,23000,-4.5,0.1281,J,F,A
4.5,23000,-4.5,0.123,J,F,A
5,23000,-4.5,0.1209,J,F,A
3,24000,-4.5,0.1661,J,F,A
3.5,24000,-4.5,0.1395,J,F,A
4,24000,-4.5,0.1276,J,F,A
4.5,24000,-4.5,0.1219,J,F,A
5,24000,-4.5,0.1191,J,F,A
3,25000,-4.5,0.1722,J,F,A
3.5,25000,-4.5,0.1411,J,F,A
4,25000,-4.5,0.1276,J,F,A
4.5,25000,-4.5,0.1212,J,F,A
5,25000,-4.5,0.1179,J,F,A
3,26000,-4.5,0.1771,J,F,A
3.5,26000,-4.5,0.1431,J,F,A
4,26000,-4.5,0.1282,J,F,A
4.5,26000,-4.5,0.1211,J,F,A
5,26000,-4.5,0.1176,J,F,A
3.5,27000,-4.5,0.145,J,F,A
4,27000,-4.5,0.1292,J,F,A
4.5,27000,-4.5,0.1212,J,F,A
5,27000,-4.5,0.1172,J,F,A
3.5,28000,-4.5,0.1454,J,F,A
4,28000,-4.5,0.1296,J,F,A
4.5,28000,-4.5,0.1215,J,F,A
5,28000,-4.5,0.1171,J,F,A
3.5,29000,-4.5,0.1428,J,F,A
4,29000,-4.5,0.1291,J,F,A
4.5,29000,-4.5,0.1211,J,F,A
5,29000,-4.5,0.1166,J,F,A
3.5,30000,-4.5,0.1386,J,F,A
4,30000,-4.5,0.1267,J,F,A
4.5,30000,-4.5,0.1194,J,F,A
5,30000,-4.5,0.1152,J,F,A
3.5,31000,-4.5,0.1351,J,F,A
4,31000,-4.5,0.1227,J,F,A
4.5,31000,-4.5,0.1165,J,F,A
5,31000,-4.5,0.1128,J,F,A
4,32000,-4.5,0.1181,J,F,A
4.5,32000,-4.5,0.1123,J,F,A
5,32000,-4.5,0.1092,J,F,A
4,33000,-4.5,0.1137,J,F,A
4.5,33000,-4.5,0.1076,J,F,A
5,33000,-4.5,0.1047,J,F,A
4,34000,-4.5,0.1095,J,F,A
4.5,34000,-4.5,0.1029,J,F,A
5,34000,-4.5,0.0999,J,F,A
4,35000,-4.5,0.1045,J,F,A
4.5,35000,-4.5,0.0983,J,F,A
5,35000,-4.5,0.0952,J,F,A
4.5,37500,-4.5,0.0847,J,F,A
5,37500,-4.5,0.0824,J,F,A
4.5,40000,-4.5,0.0745,J,F,A
5,40000,-4.5,0.0699,J,F,A
5,42500,-4.5,0.0636,J,F,A
5,45000,-4.5,0.061,J,F,A
5,47500,-4.5,0.0604,J,F,A
5,50000,-4.5,0.0602,J,F,A
0,3500,-4,0.3791,J,F,A
0.5,3500,-4,0.3415,J,F,A
1,3500,-4,0.2752,J,F,A
1.5,3500,-4,0.2257,J,F,A
2,3500,-4,0.2098,J,F,A
2.5,3500,-4,0.211,J,F,A
3,3500,-4,0.2273,J,F,A
0,3750,-4,0.3515,J,F,A
0.5,3750,-4,0.3278,J,F,A
1,3750,-4,0.3041,J,F,A
1.5,3750,-4,0.2596,J,F,A
2,3750,-4,0.206,J,F,A
2.5,3750,-4,0.1833,J,F,A
3,3750,-4,0.1835,J,F,A
3.5,3750,-4,0.1968,J,F,A
0,4000,-4,0.3432,J,F,A
0.5,4000,-4,0.3218,J,F,A
1,4000,-4,0.3011,J,F,A
1.5,4000,-4,0.2819,J,F,A
2,4000,-4,0.2542,J,F,A
2.5,4000,-4,0.2061,J,F,A
3,4000,-4,0.1726,J,F,A
3.5,4000,-4,0.1608,J,F,A
4,4000,-4,0.1646,J,F,A
4.5,4000,-4,0.332,J,F,A
0,4250,-4,0.3398,J,F,A
0.5,4250,-4,0.3243,J,F,A
1,4250,-4,0.3064,J,F,A
1.5,4250,-4,0.2897,J,F,A
2,4250,-4,0.2738,J,F,A
2.5,4250,-4,0.2542,J,F,A
3,4250,-4,0.2172,J,F,A
3.5,4250,-4,0.1788,J,F,A
4,4250,-4,0.1569,J,F,A
0,4500,-4,0.3355,J,F,A
0.5,4500,-4,0.3255,J,F,A
1,4500,-4,0.3123,J,F,A
1.5,4500,-4,0.2978,J,F,A
2,4500,-4,0.2845,J,F,A
2.5,4500,-4,0.2691,J,F,A
3,4500,-4,0.2543,J,F,A
3.5,4500,-4,0.2255,J,F,A
4,4500,-4,0.1908,J,F,A
4.5,4500,-4,0.163,J,F,A
5,4500,-4,0.1455,J,F,A
0,4750,-4,0.3287,J,F,A
0.5,4750,-4,0.322,J,F,A
1,4750,-4,0.3142,J,F,A
1.5,4750,-4,0.3026,J,F,A
2,4750,-4,0.2899,J,F,A
2.5,4750,-4,0.2779,J,F,A
3,4750,-4,0.2668,J,F,A
3.5,4750,-4,0.2516,J,F,A
4,4750,-4,0.2295,J,F,A
4.5,4750,-4,0.2006,J,F,A
5,4750,-4,0.1742,J,F,A
0,5000,-4,0.3188,J,F,A
0.5,5000,-4,0.3166,J,F,A
1,5000,-4,0.3106,J,F,A
1.5,5000,-4,0.3028,J,F,A
2,5000,-4,0.2931,J,F,A
2.5,5000,-4,0.2833,J,F,A
3,5000,-4,0.273,J,F,A
3.5,5000,-4,0.2628,J,F,A
4,5000,-4,0.2475,J,F,A
4.5,5000,-4,0.2262,J,F,A
5,5000,-4,0.2058,J,F,A
0,5250,-4,0.3067,J,F,A
0.5,5250,-4,0.3066,J,F,A
1,5250,-4,0.3044,J,F,A
1.5,5250,-4,0.299,J,F,A
2,5250,-4,0.2921,J,F,A
2.5,5250,-4,0.2849,J,F,A
3,5250,-4,0.2768,J,F,A
3.5,5250,-4,0.2679,J,F,A
4,5250,-4,0.2598,J,F,A
4.5,5250,-4,0.2449,J,F,A
5,5250,-4,0.2232,J,F,A
0,5500,-4,0.2915,J,F,A
0.5,5500,-4,0.2935,J,F,A
1,5500,-4,0.2942,J,F,A
1.5,5500,-4,0.292,J,F,A
2,5500,-4,0.2881,J,F,A
2.5,5500,-4,0.2831,J,F,A
3,5500,-4,0.2769,J,F,A
3.5,5500,-4,0.2709,J,F,A
4,5500,-4,0.2631,J,F,A
4.5,5500,-4,0.2524,J,F,A
5,5500,-4,0.2383,J,F,A
0,5750,-4,0.3284,J,F,A
0.5,5750,-4,0.2796,J,F,A
1,5750,-4,0.2798,J,F,A
1.5,5750,-4,0.2812,J,F,A
2,5750,-4,0.2802,J,F,A
2.5,5750,-4,0.2778,J,F,A
3,5750,-4,0.2747,J,F,A
3.5,5750,-4,0.2697,J,F,A
4,5750,-4,0.2646,J,F,A
4.5,5750,-4,0.257,J,F,A
5,5750,-4,0.2463,J,F,A
0,6000,-4,0.3212,J,F,A
0.5,6000,-4,0.3196,J,F,A
1,6000,-4,0.2741,J,F,A
1.5,6000,-4,0.2674,J,F,A
2,6000,-4,0.2693,J,F,A
2.5,6000,-4,0.2697,J,F,A
3,6000,-4,0.2687,J,F,A
3.5,6000,-4,0.2663,J,F,A
4,6000,-4,0.2643,J,F,A
4.5,6000,-4,0.2592,J,F,A
5,6000,-4,0.2508,J,F,A
0.5,6250,-4,0.3103,J,F,A
1,6250,-4,0.3105,J,F,A
1.5,6250,-4,0.2614,J,F,A
2,6250,-4,0.257,J,F,A
2.5,6250,-4,0.26,J,F,A
3,6250,-4,0.2605,J,F,A
3.5,6250,-4,0.261,J,F,A
4,6250,-4,0.2601,J,F,A
4.5,6250,-4,0.2581,J,F,A
5,6250,-4,0.2516,J,F,A
0.5,6500,-4,0.3022,J,F,A
1,6500,-4,0.3,J,F,A
1.5,6500,-4,0.301,J,F,A
2,6500,-4,0.2495,J,F,A
2.5,6500,-4,0.2462,J,F,A
3,6500,-4,0.2502,J,F,A
3.5,6500,-4,0.2527,J,F,A
4,6500,-4,0.2538,J,F,A
4.5,6500,-4,0.2541,J,F,A
5,6500,-4,0.251,J,F,A
0.5,6750,-4,0.2971,J,F,A
1,6750,-4,0.2897,J,F,A
1.5,6750,-4,0.289,J,F,A
2,6750,-4,0.2915,J,F,A
2.5,6750,-4,0.2387,J,F,A
3,6750,-4,0.2382,J,F,A
3.5,6750,-4,0.2425,J,F,A
4,6750,-4,0.2457,J,F,A
4.5,6750,-4,0.2483,J,F,A
5,6750,-4,0.2477,J,F,A
0.5,7000,-4,0.2948,J,F,A
1,7000,-4,0.2818,J,F,A
1.5,7000,-4,0.2778,J,F,A
2,7000,-4,0.2797,J,F,A
2.5,7000,-4,0.283,J,F,A
3,7000,-4,0.2301,J,F,A
3.5,7000,-4,0.2321,J,F,A
4,7000,-4,0.2365,J,F,A
4.5,7000,-4,0.2409,J,F,A
5,7000,-4,0.2419,J,F,A
1,7250,-4,0.2765,J,F,A
1.5,7250,-4,0.2681,J,F,A
2,7250,-4,0.2668,J,F,A
2.5,7250,-4,0.271,J,F,A
3,7250,-4,0.2747,J,F,A
3.5,7250,-4,0.2229,J,F,A
4,7250,-4,0.227,J,F,A
4.5,7250,-4,0.2324,J,F,A
5,7250,-4,0.2352,J,F,A
1,7500,-4,0.2722,J,F,A
1.5,7500,-4,0.2608,J,F,A
2,7500,-4,0.2559,J,F,A
2.5,7500,-4,0.2572,J,F,A
3,7500,-4,0.2624,J,F,A
3.5,7500,-4,0.2669,J,F,A
4,7500,-4,0.2216,J,F,A
4.5,7500,-4,0.2233,J,F,A
5,7500,-4,0.2271,J,F,A
1.5,7750,-4,0.2545,J,F,A
2,7750,-4,0.2475,J,F,A
2.5,7750,-4,0.2453,J,F,A
3,7750,-4,0.249,J,F,A
3.5,7750,-4,0.255,J,F,A
4,7750,-4,0.2598,J,F,A
4.5,7750,-4,0.2157,J,F,A
5,7750,-4,0.2189,J,F,A
1.5,8000,-4,0.2493,J,F,A
2,8000,-4,0.2402,J,F,A
2.5,8000,-4,0.2365,J,F,A
3,8000,-4,0.2364,J,F,A
3.5,8000,-4,0.2419,J,F,A
4,8000,-4,0.2489,J,F,A
4.5,8000,-4,0.253,J,F,A
5,8000,-4,0.2108,J,F,A
2,8250,-4,0.2339,J,F,A
2.5,8250,-4,0.2288,J,F,A
3,8250,-4,0.2275,J,F,A
3.5,8250,-4,0.2291,J,F,A
4,8250,-4,0.2363,J,F,A
4.5,8250,-4,0.2425,J,F,A
5,8250,-4,0.2062,J,F,A
1.5,8500,-4,0.2433,J,F,A
2,8500,-4,0.2287,J,F,A
2.5,8500,-4,0.2221,J,F,A
3,8500,-4,0.2198,J,F,A
3.5,8500,-4,0.2201,J,F,A
4,8500,-4,0.2231,J,F,A
4.5,8500,-4,0.2314,J,F,A
5,8500,-4,0.2366,J,F,A
2,8750,-4,0.2247,J,F,A
2.5,8750,-4,0.2165,J,F,A
3,8750,-4,0.2131,J,F,A
3.5,8750,-4,0.2127,J,F,A
4,8750,-4,0.2139,J,F,A
4.5,8750,-4,0.2185,J,F,A
5,8750,-4,0.2266,J,F,A
1.5,9000,-4,0.2431,J,F,A
2,9000,-4,0.2219,J,F,A
2.5,9000,-4,0.212,J,F,A
3,9000,-4,0.2076,J,F,A
3.5,9000,-4,0.2063,J,F,A
4,9000,-4,0.2067,J,F,A
4.5,9000,-4,0.2079,J,F,A
5,9000,-4,0.2097,J,F,A
2,9250,-4,0.2199,J,F,A
2.5,9250,-4,0.2084,J,F,A
3,9250,-4,0.2032,J,F,A
3.5,9250,-4,0.201,J,F,A
4,9250,-4,0.2007,J,F,A
4.5,9250,-4,0.2015,J,F,A
5,9250,-4,0.2026,J,F,A
2,9500,-4,0.2185,J,F,A
2.5,9500,-4,0.2056,J,F,A
3,9500,-4,0.1993,J,F,A
3.5,9500,-4,0.1966,J,F,A
4,9500,-4,0.1958,J,F,A
4.5,9500,-4,0.196,J,F,A
5,9500,-4,0.1967,J,F,A
2,9750,-4,0.2172,J,F,A
2.5,9750,-4,0.2031,J,F,A
3,9750,-4,0.1961,J,F,A
3.5,9750,-4,0.193,J,F,A
4,9750,-4,0.1917,J,F,A
4.5,9750,-4,0.1913,J,F,A
5,9750,-4,0.1915,J,F,A
2,10000,-4,0.2161,J,F,A
2.5,10000,-4,0.2011,J,F,A
3,10000,-4,0.1934,J,F,A
3.5,10000,-4,0.1898,J,F,A
4,10000,-4,0.1882,J,F,A
4.5,10000,-4,0.1874,J,F,A
5,10000,-4,0.1872,J,F,A
2,10500,-4,0.2141,J,F,A
2.5,10500,-4,0.1973,J,F,A
3,10500,-4,0.1887,J,F,A
3.5,10500,-4,0.1844,J,F,A
4,10500,-4,0.1823,J,F,A
4.5,10500,-4,0.1812,J,F,A
5,10500,-4,0.1803,J,F,A
2.5,11000,-4,0.1941,J,F,A
3,11000,-4,0.1846,J,F,A
3.5,11000,-4,0.1798,J,F,A
4,11000,-4,0.1774,J,F,A
4.5,11000,-4,0.1761,J,F,A
5,11000,-4,0.1751,J,F,A
2.5,11500,-4,0.1913,J,F,A
3,11500,-4,0.181,J,F,A
3.5,11500,-4,0.1758,J,F,A
4,11500,-4,0.1731,J,F,A
4.5,11500,-4,0.1718,J,F,A
5,11500,-4,0.1708,J,F,A
2.5,12000,-4,0.1889,J,F,A
3,12000,-4,0.1776,J,F,A
3.5,12000,-4,0.1721,J,F,A
4,12000,-4,0.1691,J,F,A
4.5,12000,-4,0.1675,J,F,A
5,12000,-4,0.1665,J,F,A
2.5,12500,-4,0.1866,J,F,A
3,12500,-4,0.1749,J,F,A
3.5,12500,-4,0.1687,J,F,A
4,12500,-4,0.1654,J,F,A
4.5,12500,-4,0.1639,J,F,A
5,12500,-4,0.163,J,F,A
2.5,13000,-4,0.1851,J,F,A
3,13000,-4,0.1723,J,F,A
3.5,13000,-4,0.1654,J,F,A
4,13000,-4,0.1623,J,F,A
4.5,13000,-4,0.1606,J,F,A
5,13000,-4,0.1594,J,F,A
2,14000,-4,0.2144,J,F,A
2.5,14000,-4,0.1828,J,F,A
3,14000,-4,0.1677,J,F,A
3.5,14000,-4,0.16,J,F,A
4,14000,-4,0.1564,J,F,A
4.5,14000,-4,0.1542,J,F,A
5,14000,-4,0.153,J,F,A
2.5,15000,-4,0.1816,J,F,A
3,15000,-4,0.1643,J,F,A
3.5,15000,-4,0.1557,J,F,A
4,15000,-4,0.1512,J,F,A
4.5,15000,-4,0.1487,J,F,A
5,15000,-4,0.1476,J,F,A
2.5,16000,-4,0.1818,J,F,A
3,16000,-4,0.162,J,F,A
3.5,16000,-4,0.1521,J,F,A
4,16000,-4,0.1471,J,F,A
4.5,16000,-4,0.1443,J,F,A
5,16000,-4,0.1427,J,F,A
2.5,17000,-4,0.1823,J,F,A
3,17000,-4,0.1601,J,F,A
3.5,17000,-4,0.1491,J,F,A
4,17000,-4,0.1432,J,F,A
4.5,17000,-4,0.14,J,F,A
5,17000,-4,0.1386,J,F,A
2.5,18000,-4,0.184,J,F,A
3,18000,-4,0.1584,J,F,A
3.5,18000,-4,0.1464,J,F,A
4,18000,-4,0.1401,J,F,A
4.5,18000,-4,0.1368,J,F,A
5,18000,-4,0.1348,J,F,A
2.5,19000,-4,0.1876,J,F,A
3,19000,-4,0.1569,J,F,A
3.5,19000,-4,0.1437,J,F,A
4,19000,-4,0.1373,J,F,A
4.5,19000,-4,0.1338,J,F,A
5,19000,-4,0.1318,J,F,A
3,20000,-4,0.1566,J,F,A
3.5,20000,-4,0.1416,J,F,A
4,20000,-4,0.1343,J,F,A
4.5,20000,-4,0.1308,J,F,A
5,20000,-4,0.1289,J,F,A
3,21000,-4,0.1569,J,F,A
3.5,21000,-4,0.1396,J,F,A
4,21000,-4,0.1313,J,F,A
4.5,21000,-4,0.1276,J,F,A
5,21000,-4,0.1259,J,F,A
3,22000,-4,0.1586,J,F,A
3.5,22000,-4,0.1385,J,F,A
4,22000,-4,0.1292,J,F,A
4.5,22000,-4,0.1249,J,F,A
5,22000,-4,0.1233,J,F,A
3,23000,-4,0.1615,J,F,A
3.5,23000,-4,0.1385,J,F,A
4,23000,-4,0.1279,J,F,A
4.5,23000,-4,0.1231,J,F,A
5,23000,-4,0.1208,J,F,A
3,24000,-4,0.1659,J,F,A
3.5,24000,-4,0.1393,J,F,A
4,24000,-4,0.1273,J,F,A
4.5,24000,-4,0.1215,J,F,A
5,24000,-4,0.1191,J,F,A
3,25000,-4,0.1717,J,F,A
3.5,25000,-4,0.1406,J,F,A
4,25000,-4,0.1274,J,F,A
4.5,25000,-4,0.121,J,F,A
5,25000,-4,0.1179,J,F,A
3,26000,-4,0.1768,J,F,A
3.5,26000,-4,0.1426,J,F,A
4,26000,-4,0.128,J,F,A
4.5,26000,-4,0.1208,J,F,A
5,26000,-4,0.1174,J,F,A
3.5,27000,-4,0.1447,J,F,A
4,27000,-4,0.1289,J,F,A
4.5,27000,-4,0.121,J,F,A
5,27000,-4,0.1171,J,F,A
3.5,28000,-4,0.1452,J,F,A
4,28000,-4,0.1294,J,F,A
4.5,28000,-4,0.1211,J,F,A
5,28000,-4,0.1169,J,F,A
3.5,29000,-4,0.1428,J,F,A
4,29000,-4,0.1289,J,F,A
4.5,29000,-4,0.1207,J,F,A
5,29000,-4,0.1165,J,F,A
3.5,30000,-4,0.1387,J,F,A
4,30000,-4,0.1266,J,F,A
4.5,30000,-4,0.1193,J,F,A
5,30000,-4,0.1151,J,F,A
3.5,31000,-4,0.135,J,F,A
4,31000,-4,0.1227,J,F,A
4.5,31000,-4,0.1164,J,F,A
5,31000,-4,0.1127,J,F,A
4,32000,-4,0.1181,J,F,A
4.5,32000,-4,0.1124,J,F,A
5,32000,-4,0.1092,J,F,A
4,33000,-4,0.1138,J,F,A
4.5,33000,-4,0.1077,J,F,A
5,33000,-4,0.1046,J,F,A
4,34000,-4,0.1096,J,F,A
4.5,34000,-4,0.1031,J,F,A
5,34000,-4,0.0999,J,F,A
4,35000,-4,0.1046,J,F,A
4.5,35000,-4,0.0984,J,F,A
5,35000,-4,0.0952,J,F,A
4.5,37500,-4,0.0849,J,F,A
5,37500,-4,0.0824,J,F,A
4.5,40000,-4,0.0748,J,F,A
5,40000,-4,0.0701,J,F,A
5,42500,-4,0.0637,J,F,A
5,45000,-4,0.0612,J,F,A
5,47500,-4,0.0606,J,F,A
5,50000,-4,0.0604,J,F,A
0,3500,-3.5,0.4041,J,F,A
0.5,3500,-3.5,0.3773,J,F,A
1,3500,-3.5,0.3196,J,F,A
1.5,3500,-3.5,0.2535,J,F,A
2,3500,-3.5,0.22,J,F,A
2.5,3500,-3.5,0.207,J,F,A
3,3500,-3.5,0.2104,J,F,A
3.5,3500,-3.5,0.2287,J,F,A
0,3750,-3.5,0.3628,J,F,A
0.5,3750,-3.5,0.3483,J,F,A
1,3750,-3.5,0.3352,J,F,A
1.5,3750,-3.5,0.2979,J,F,A
2,3750,-3.5,0.2416,J,F,A
2.5,3750,-3.5,0.2078,J,F,A
3,3750,-3.5,0.1955,J,F,A
3.5,3750,-3.5,0.1958,J,F,A
4,3750,-3.5,0.2089,J,F,A
0,4000,-3.5,0.3456,J,F,A
0.5,4000,-3.5,0.3272,J,F,A
1,4000,-3.5,0.3116,J,F,A
1.5,4000,-3.5,0.2988,J,F,A
2,4000,-3.5,0.276,J,F,A
2.5,4000,-3.5,0.2325,J,F,A
3,4000,-3.5,0.1955,J,F,A
3.5,4000,-3.5,0.18,J,F,A
4,4000,-3.5,0.1787,J,F,A
4.5,4000,-3.5,0.1895,J,F,A
0,4250,-3.5,0.3389,J,F,A
0.5,4250,-3.5,0.3257,J,F,A
1,4250,-3.5,0.3095,J,F,A
1.5,4250,-3.5,0.294,J,F,A
2,4250,-3.5,0.28,J,F,A
2.5,4250,-3.5,0.2632,J,F,A
3,4250,-3.5,0.2299,J,F,A
3.5,4250,-3.5,0.1914,J,F,A
4,4250,-3.5,0.1703,J,F,A
4.5,4250,-3.5,0.1641,J,F,A
0,4500,-3.5,0.3357,J,F,A
0.5,4500,-3.5,0.3262,J,F,A
1,4500,-3.5,0.3141,J,F,A
1.5,4500,-3.5,0.2996,J,F,A
2,4500,-3.5,0.286,J,F,A
2.5,4500,-3.5,0.2727,J,F,A
3,4500,-3.5,0.2583,J,F,A
3.5,4500,-3.5,0.2321,J,F,A
4,4500,-3.5,0.1989,J,F,A
4.5,4500,-3.5,0.173,J,F,A
5,4500,-3.5,0.1568,J,F,A
0,4750,-3.5,0.3289,J,F,A
0.5,4750,-3.5,0.3229,J,F,A
1,4750,-3.5,0.3146,J,F,A
1.5,4750,-3.5,0.3037,J,F,A
2,4750,-3.5,0.2921,J,F,A
2.5,4750,-3.5,0.2811,J,F,A
3,4750,-3.5,0.2679,J,F,A
3.5,4750,-3.5,0.2547,J,F,A
4,4750,-3.5,0.2331,J,F,A
4.5,4750,-3.5,0.2038,J,F,A
5,4750,-3.5,0.1742,J,F,A
0,5000,-3.5,0.3192,J,F,A
0.5,5000,-3.5,0.3168,J,F,A
1,5000,-3.5,0.3113,J,F,A
1.5,5000,-3.5,0.3036,J,F,A
2,5000,-3.5,0.2944,J,F,A
2.5,5000,-3.5,0.2844,J,F,A
3,5000,-3.5,0.2746,J,F,A
3.5,5000,-3.5,0.2641,J,F,A
4,5000,-3.5,0.2489,J,F,A
4.5,5000,-3.5,0.2275,J,F,A
5,5000,-3.5,0.2032,J,F,A
0,5250,-3.5,0.3066,J,F,A
0.5,5250,-3.5,0.3068,J,F,A
1,5250,-3.5,0.3042,J,F,A
1.5,5250,-3.5,0.2996,J,F,A
2,5250,-3.5,0.2934,J,F,A
2.5,5250,-3.5,0.2857,J,F,A
3,5250,-3.5,0.278,J,F,A
3.5,5250,-3.5,0.2694,J,F,A
4,5250,-3.5,0.2594,J,F,A
4.5,5250,-3.5,0.2447,J,F,A
5,5250,-3.5,0.225,J,F,A
0,5500,-3.5,0.2906,J,F,A
0.5,5500,-3.5,0.2935,J,F,A
1,5500,-3.5,0.2939,J,F,A
1.5,5500,-3.5,0.2919,J,F,A
2,5500,-3.5,0.2886,J,F,A
2.5,5500,-3.5,0.2834,J,F,A
3,5500,-3.5,0.278,J,F,A
3.5,5500,-3.5,0.2722,J,F,A
4,5500,-3.5,0.2641,J,F,A
4.5,5500,-3.5,0.2535,J,F,A
5,5500,-3.5,0.24,J,F,A
0,5750,-3.5,0.3095,J,F,A
0.5,5750,-3.5,0.2764,J,F,A
1,5750,-3.5,0.2797,J,F,A
1.5,5750,-3.5,0.2812,J,F,A
2,5750,-3.5,0.2805,J,F,A
2.5,5750,-3.5,0.2778,J,F,A
3,5750,-3.5,0.2748,J,F,A
3.5,5750,-3.5,0.2711,J,F,A
4,5750,-3.5,0.2656,J,F,A
4.5,5750,-3.5,0.2578,J,F,A
5,5750,-3.5,0.2471,J,F,A
0,6000,-3.5,0.3125,J,F,A
0.5,6000,-3.5,0.2994,J,F,A
1,6000,-3.5,0.2659,J,F,A
1.5,6000,-3.5,0.2674,J,F,A
2,6000,-3.5,0.2693,J,F,A
2.5,6000,-3.5,0.2697,J,F,A
3,6000,-3.5,0.2696,J,F,A
3.5,6000,-3.5,0.2676,J,F,A
4,6000,-3.5,0.2648,J,F,A
4.5,6000,-3.5,0.26,J,F,A
5,6000,-3.5,0.2509,J,F,A
0.5,6250,-3.5,0.3006,J,F,A
1,6250,-3.5,0.2856,J,F,A
1.5,6250,-3.5,0.2514,J,F,A
2,6250,-3.5,0.2565,J,F,A
2.5,6250,-3.5,0.2595,J,F,A
3,6250,-3.5,0.2603,J,F,A
3.5,6250,-3.5,0.2614,J,F,A
4,6250,-3.5,0.2605,J,F,A
4.5,6250,-3.5,0.2585,J,F,A
5,6250,-3.5,0.2527,J,F,A
0.5,6500,-3.5,0.2998,J,F,A
1,6500,-3.5,0.2886,J,F,A
1.5,6500,-3.5,0.2728,J,F,A
2,6500,-3.5,0.2418,J,F,A
2.5,6500,-3.5,0.2458,J,F,A
3,6500,-3.5,0.25,J,F,A
3.5,6500,-3.5,0.2532,J,F,A
4,6500,-3.5,0.2545,J,F,A
4.5,6500,-3.5,0.2544,J,F,A
5,6500,-3.5,0.2512,J,F,A
0.5,6750,-3.5,0.2971,J,F,A
1,6750,-3.5,0.2868,J,F,A
1.5,6750,-3.5,0.276,J,F,A
2,6750,-3.5,0.2593,J,F,A
2.5,6750,-3.5,0.2325,J,F,A
3,6750,-3.5,0.2384,J,F,A
3.5,6750,-3.5,0.2432,J,F,A
4,6750,-3.5,0.2466,J,F,A
4.5,6750,-3.5,0.2485,J,F,A
5,6750,-3.5,0.2478,J,F,A
0.5,7000,-3.5,0.2948,J,F,A
1,7000,-3.5,0.2817,J,F,A
1.5,7000,-3.5,0.2747,J,F,A
2,7000,-3.5,0.2638,J,F,A
2.5,7000,-3.5,0.2441,J,F,A
3,7000,-3.5,0.2245,J,F,A
3.5,7000,-3.5,0.2328,J,F,A
4,7000,-3.5,0.2374,J,F,A
4.5,7000,-3.5,0.241,J,F,A
5,7000,-3.5,0.2424,J,F,A
0.5,7250,-3.5,0.2941,J,F,A
1,7250,-3.5,0.2765,J,F,A
1.5,7250,-3.5,0.2681,J,F,A
2,7250,-3.5,0.2636,J,F,A
2.5,7250,-3.5,0.2516,J,F,A
3,7250,-3.5,0.2304,J,F,A
3.5,7250,-3.5,0.2205,J,F,A
4,7250,-3.5,0.2275,J,F,A
4.5,7250,-3.5,0.2326,J,F,A
5,7250,-3.5,0.2356,J,F,A
1,7500,-3.5,0.2723,J,F,A
1.5,7500,-3.5,0.2609,J,F,A
2,7500,-3.5,0.256,J,F,A
2.5,7500,-3.5,0.2532,J,F,A
3,7500,-3.5,0.2395,J,F,A
3.5,7500,-3.5,0.2164,J,F,A
4,7500,-3.5,0.2191,J,F,A
4.5,7500,-3.5,0.2235,J,F,A
5,7500,-3.5,0.2277,J,F,A
1.5,7750,-3.5,0.2545,J,F,A
2,7750,-3.5,0.2476,J,F,A
2.5,7750,-3.5,0.2454,J,F,A
3,7750,-3.5,0.2435,J,F,A
3.5,7750,-3.5,0.2269,J,F,A
4,7750,-3.5,0.2099,J,F,A
4.5,7750,-3.5,0.2156,J,F,A
5,7750,-3.5,0.2193,J,F,A
1.5,8000,-3.5,0.2494,J,F,A
2,8000,-3.5,0.2403,J,F,A
2.5,8000,-3.5,0.2367,J,F,A
3,8000,-3.5,0.2365,J,F,A
3.5,8000,-3.5,0.2345,J,F,A
4,8000,-3.5,0.2168,J,F,A
4.5,8000,-3.5,0.2045,J,F,A
5,8000,-3.5,0.2114,J,F,A
1.5,8250,-3.5,0.2455,J,F,A
2,8250,-3.5,0.2339,J,F,A
2.5,8250,-3.5,0.2289,J,F,A
3,8250,-3.5,0.2276,J,F,A
3.5,8250,-3.5,0.229,J,F,A
4,8250,-3.5,0.2248,J,F,A
4.5,8250,-3.5,0.2081,J,F,A
5,8250,-3.5,0.2015,J,F,A
1.5,8500,-3.5,0.2435,J,F,A
2,8500,-3.5,0.2288,J,F,A
2.5,8500,-3.5,0.2222,J,F,A
3,8500,-3.5,0.2198,J,F,A
3.5,8500,-3.5,0.2201,J,F,A
4,8500,-3.5,0.2228,J,F,A
4.5,8500,-3.5,0.2155,J,F,A
5,8500,-3.5,0.2005,J,F,A
2,8750,-3.5,0.2248,J,F,A
2.5,8750,-3.5,0.2165,J,F,A
3,8750,-3.5,0.2131,J,F,A
3.5,8750,-3.5,0.2126,J,F,A
4,8750,-3.5,0.2138,J,F,A
4.5,8750,-3.5,0.217,J,F,A
5,8750,-3.5,0.2067,J,F,A
1.5,9000,-3.5,0.2433,J,F,A
2,9000,-3.5,0.222,J,F,A
2.5,9000,-3.5,0.2121,J,F,A
3,9000,-3.5,0.2077,J,F,A
3.5,9000,-3.5,0.2062,J,F,A
4,9000,-3.5,0.2066,J,F,A
4.5,9000,-3.5,0.2078,J,F,A
5,9000,-3.5,0.2096,J,F,A
2,9250,-3.5,0.2201,J,F,A
2.5,9250,-3.5,0.2086,J,F,A
3,9250,-3.5,0.2031,J,F,A
3.5,9250,-3.5,0.201,J,F,A
4,9250,-3.5,0.2007,J,F,A
4.5,9250,-3.5,0.2014,J,F,A
5,9250,-3.5,0.2025,J,F,A
2,9500,-3.5,0.2186,J,F,A
2.5,9500,-3.5,0.2056,J,F,A
3,9500,-3.5,0.1994,J,F,A
3.5,9500,-3.5,0.1966,J,F,A
4,9500,-3.5,0.1957,J,F,A
4.5,9500,-3.5,0.1959,J,F,A
5,9500,-3.5,0.1966,J,F,A
2,9750,-3.5,0.2173,J,F,A
2.5,9750,-3.5,0.2032,J,F,A
3,9750,-3.5,0.1961,J,F,A
3.5,9750,-3.5,0.1929,J,F,A
4,9750,-3.5,0.1916,J,F,A
4.5,9750,-3.5,0.1913,J,F,A
5,9750,-3.5,0.1915,J,F,A
2,10000,-3.5,0.2162,J,F,A
2.5,10000,-3.5,0.2011,J,F,A
3,10000,-3.5,0.1934,J,F,A
3.5,10000,-3.5,0.1897,J,F,A
4,10000,-3.5,0.1881,J,F,A
4.5,10000,-3.5,0.1874,J,F,A
5,10000,-3.5,0.1871,J,F,A
2,10500,-3.5,0.2141,J,F,A
2.5,10500,-3.5,0.1974,J,F,A
3,10500,-3.5,0.1887,J,F,A
3.5,10500,-3.5,0.1843,J,F,A
4,10500,-3.5,0.1822,J,F,A
4.5,10500,-3.5,0.1811,J,F,A
5,10500,-3.5,0.1803,J,F,A
2.5,11000,-3.5,0.194,J,F,A
3,11000,-3.5,0.1846,J,F,A
3.5,11000,-3.5,0.1797,J,F,A
4,11000,-3.5,0.1773,J,F,A
4.5,11000,-3.5,0.1759,J,F,A
5,11000,-3.5,0.1751,J,F,A
2.5,11500,-3.5,0.1911,J,F,A
3,11500,-3.5,0.1809,J,F,A
3.5,11500,-3.5,0.1756,J,F,A
4,11500,-3.5,0.1729,J,F,A
4.5,11500,-3.5,0.1715,J,F,A
5,11500,-3.5,0.1706,J,F,A
2.5,12000,-3.5,0.1885,J,F,A
3,12000,-3.5,0.1774,J,F,A
3.5,12000,-3.5,0.1719,J,F,A
4,12000,-3.5,0.169,J,F,A
4.5,12000,-3.5,0.1675,J,F,A
5,12000,-3.5,0.1665,J,F,A
2.5,12500,-3.5,0.1863,J,F,A
3,12500,-3.5,0.1745,J,F,A
3.5,12500,-3.5,0.1684,J,F,A
4,12500,-3.5,0.1653,J,F,A
4.5,12500,-3.5,0.1639,J,F,A
5,12500,-3.5,0.1626,J,F,A
2.5,13000,-3.5,0.1846,J,F,A
3,13000,-3.5,0.1721,J,F,A
3.5,13000,-3.5,0.1654,J,F,A
4,13000,-3.5,0.1622,J,F,A
4.5,13000,-3.5,0.1603,J,F,A
5,13000,-3.5,0.1593,J,F,A
2,14000,-3.5,0.2142,J,F,A
2.5,14000,-3.5,0.1824,J,F,A
3,14000,-3.5,0.1674,J,F,A
3.5,14000,-3.5,0.1597,J,F,A
4,14000,-3.5,0.156,J,F,A
4.5,14000,-3.5,0.1541,J,F,A
5,14000,-3.5,0.1532,J,F,A
2.5,15000,-3.5,0.1814,J,F,A
3,15000,-3.5,0.1641,J,F,A
3.5,15000,-3.5,0.1554,J,F,A
4,15000,-3.5,0.1511,J,F,A
4.5,15000,-3.5,0.1488,J,F,A
5,15000,-3.5,0.1473,J,F,A
2.5,16000,-3.5,0.1815,J,F,A
3,16000,-3.5,0.1617,J,F,A
3.5,16000,-3.5,0.152,J,F,A
4,16000,-3.5,0.1467,J,F,A
4.5,16000,-3.5,0.144,J,F,A
5,16000,-3.5,0.1425,J,F,A
2.5,17000,-3.5,0.1822,J,F,A
3,17000,-3.5,0.1598,J,F,A
3.5,17000,-3.5,0.1489,J,F,A
4,17000,-3.5,0.1431,J,F,A
4.5,17000,-3.5,0.1399,J,F,A
5,17000,-3.5,0.1382,J,F,A
2.5,18000,-3.5,0.1839,J,F,A
3,18000,-3.5,0.1582,J,F,A
3.5,18000,-3.5,0.1463,J,F,A
4,18000,-3.5,0.1399,J,F,A
4.5,18000,-3.5,0.1368,J,F,A
5,18000,-3.5,0.1348,J,F,A
2.5,19000,-3.5,0.1874,J,F,A
3,19000,-3.5,0.1567,J,F,A
3.5,19000,-3.5,0.1438,J,F,A
4,19000,-3.5,0.137,J,F,A
4.5,19000,-3.5,0.1336,J,F,A
5,19000,-3.5,0.1317,J,F,A
3,20000,-3.5,0.1563,J,F,A
3.5,20000,-3.5,0.1412,J,F,A
4,20000,-3.5,0.1341,J,F,A
4.5,20000,-3.5,0.1305,J,F,A
5,20000,-3.5,0.1287,J,F,A
3,21000,-3.5,0.1567,J,F,A
3.5,21000,-3.5,0.1394,J,F,A
4,21000,-3.5,0.1312,J,F,A
4.5,21000,-3.5,0.1275,J,F,A
5,21000,-3.5,0.1258,J,F,A
3,22000,-3.5,0.1583,J,F,A
3.5,22000,-3.5,0.1383,J,F,A
4,22000,-3.5,0.1291,J,F,A
4.5,22000,-3.5,0.1248,J,F,A
5,22000,-3.5,0.1231,J,F,A
3,23000,-3.5,0.1611,J,F,A
3.5,23000,-3.5,0.1382,J,F,A
4,23000,-3.5,0.1277,J,F,A
4.5,23000,-3.5,0.1227,J,F,A
5,23000,-3.5,0.1206,J,F,A
3,24000,-3.5,0.1654,J,F,A
3.5,24000,-3.5,0.1389,J,F,A
4,24000,-3.5,0.127,J,F,A
4.5,24000,-3.5,0.1213,J,F,A
5,24000,-3.5,0.1188,J,F,A
3,25000,-3.5,0.1711,J,F,A
3.5,25000,-3.5,0.1403,J,F,A
4,25000,-3.5,0.127,J,F,A
4.5,25000,-3.5,0.1206,J,F,A
5,25000,-3.5,0.1177,J,F,A
3,26000,-3.5,0.1763,J,F,A
3.5,26000,-3.5,0.1422,J,F,A
4,26000,-3.5,0.1275,J,F,A
4.5,26000,-3.5,0.1205,J,F,A
5,26000,-3.5,0.1171,J,F,A
3.5,27000,-3.5,0.1442,J,F,A
4,27000,-3.5,0.1284,J,F,A
4.5,27000,-3.5,0.1206,J,F,A
5,27000,-3.5,0.1169,J,F,A
3.5,28000,-3.5,0.1448,J,F,A
4,28000,-3.5,0.1289,J,F,A
4.5,28000,-3.5,0.1208,J,F,A
5,28000,-3.5,0.1166,J,F,A
3.5,29000,-3.5,0.1426,J,F,A
4,29000,-3.5,0.1286,J,F,A
4.5,29000,-3.5,0.1205,J,F,A
5,29000,-3.5,0.1161,J,F,A
3.5,30000,-3.5,0.1387,J,F,A
4,30000,-3.5,0.1263,J,F,A
4.5,30000,-3.5,0.119,J,F,A
5,30000,-3.5,0.1149,J,F,A
3.5,31000,-3.5,0.1352,J,F,A
4,31000,-3.5,0.1226,J,F,A
4.5,31000,-3.5,0.1162,J,F,A
5,31000,-3.5,0.1125,J,F,A
4,32000,-3.5,0.1181,J,F,A
4.5,32000,-3.5,0.1123,J,F,A
5,32000,-3.5,0.109,J,F,A
4,33000,-3.5,0.1138,J,F,A
4.5,33000,-3.5,0.1077,J,F,A
5,33000,-3.5,0.1046,J,F,A
4,34000,-3.5,0.1097,J,F,A
4.5,34000,-3.5,0.1031,J,F,A
5,34000,-3.5,0.0999,J,F,A
4,35000,-3.5,0.1049,J,F,A
4.5,35000,-3.5,0.0986,J,F,A
5,35000,-3.5,0.0952,J,F,A
4.5,37500,-3.5,0.0851,J,F,A
5,37500,-3.5,0.0826,J,F,A
4.5,40000,-3.5,0.0751,J,F,A
5,40000,-3.5,0.0704,J,F,A
5,42500,-3.5,0.064,J,F,A
5,45000,-3.5,0.0616,J,F,A
5,47500,-3.5,0.061,J,F,A
5,50000,-3.5,0.0609,J,F,A
0,3500,-3,0.4342,J,F,A
0.5,3500,-3,0.4184,J,F,A
1,3500,-3,0.3714,J,F,A
1.5,3500,-3,0.2915,J,F,A
2,3500,-3,0.235,J,F,A
2.5,3500,-3,0.2101,J,F,A
3,3500,-3,0.2052,J,F,A
3.5,3500,-3,0.212,J,F,A
4,3500,-3,0.2298,J,F,A
0,3750,-3,0.3867,J,F,A
0.5,3750,-3,0.379,J,F,A
1,3750,-3,0.3738,J,F,A
1.5,3750,-3,0.3496,J,F,A
2,3750,-3,0.2968,J,F,A
2.5,3750,-3,0.2433,J,F,A
3,3750,-3,0.2137,J,F,A
3.5,3750,-3,0.201,J,F,A
4,3750,-3,0.2012,J,F,A
4.5,3750,-3,0.3034,J,F,A
5,3750,-3,0.2603,J,F,A
0,4000,-3,0.356,J,F,A
0.5,4000,-3,0.3449,J,F,A
1,4000,-3,0.3363,J,F,A
1.5,4000,-3,0.3303,J,F,A
2,4000,-3,0.3154,J,F,A
2.5,4000,-3,0.281,J,F,A
3,4000,-3,0.2351,J,F,A
3.5,4000,-3,0.2078,J,F,A
4,4000,-3,0.1952,J,F,A
4.5,4000,-3,0.1927,J,F,A
5,4000,-3,0.1977,J,F,A
0,4250,-3,0.3423,J,F,A
0.5,4250,-3,0.33,J,F,A
1,4250,-3,0.3175,J,F,A
1.5,4250,-3,0.3072,J,F,A
2,4250,-3,0.2987,J,F,A
2.5,4250,-3,0.2892,J,F,A
3,4250,-3,0.2604,J,F,A
3.5,4250,-3,0.2227,J,F,A
4,4250,-3,0.1962,J,F,A
4.5,4250,-3,0.1833,J,F,A
5,4250,-3,0.1812,J,F,A
0,4500,-3,0.3371,J,F,A
0.5,4500,-3,0.3279,J,F,A
1,4500,-3,0.3161,J,F,A
1.5,4500,-3,0.3035,J,F,A
2,4500,-3,0.2924,J,F,A
2.5,4500,-3,0.2821,J,F,A
3,4500,-3,0.2703,J,F,A
3.5,4500,-3,0.2487,J,F,A
4,4500,-3,0.217,J,F,A
4.5,4500,-3,0.1906,J,F,A
5,4500,-3,0.1744,J,F,A
0,4750,-3,0.3299,J,F,A
0.5,4750,-3,0.3237,J,F,A
1,4750,-3,0.3158,J,F,A
1.5,4750,-3,0.3052,J,F,A
2,4750,-3,0.2927,J,F,A
2.5,4750,-3,0.2827,J,F,A
3,4750,-3,0.2725,J,F,A
3.5,4750,-3,0.259,J,F,A
4,4750,-3,0.2415,J,F,A
4.5,4750,-3,0.2142,J,F,A
5,4750,-3,0.189,J,F,A
0,5000,-3,0.3197,J,F,A
0.5,5000,-3,0.3174,J,F,A
1.5,5000,-3,0.3044,J,F,A
2,5000,-3,0.2954,J,F,A
2.5,5000,-3,0.2855,J,F,A
3,5000,-3,0.2758,J,F,A
3.5,5000,-3,0.2657,J,F,A
4,5000,-3,0.2523,J,F,A
4.5,5000,-3,0.2329,J,F,A
5,5000,-3,0.2096,J,F,A
0,5250,-3,0.3068,J,F,A
0.5,5250,-3,0.3075,J,F,A
1,5250,-3,0.3053,J,F,A
1.5,5250,-3,0.3003,J,F,A
2,5250,-3,0.2936,J,F,A
2.5,5250,-3,0.2864,J,F,A
3,5250,-3,0.2786,J,F,A
3.5,5250,-3,0.2704,J,F,A
4,5250,-3,0.2603,J,F,A
4.5,5250,-3,0.2471,J,F,A
5,5250,-3,0.2332,J,F,A
0,5500,-3,0.2915,J,F,A
0.5,5500,-3,0.2943,J,F,A
1,5500,-3,0.295,J,F,A
1.5,5500,-3,0.2934,J,F,A
2,5500,-3,0.2894,J,F,A
2.5,5500,-3,0.284,J,F,A
3,5500,-3,0.278,J,F,A
3.5,5500,-3,0.2725,J,F,A
4,5500,-3,0.2647,J,F,A
4.5,5500,-3,0.2542,J,F,A
5,5500,-3,0.2409,J,F,A
0,5750,-3,0.3104,J,F,A
0.5,5750,-3,0.2771,J,F,A
1,5750,-3,0.2804,J,F,A
1.5,5750,-3,0.2819,J,F,A
2,5750,-3,0.2806,J,F,A
2.5,5750,-3,0.2779,J,F,A
3,5750,-3,0.2755,J,F,A
3.5,5750,-3,0.2709,J,F,A
4,5750,-3,0.2655,J,F,A
4.5,5750,-3,0.258,J,F,A
5,5750,-3,0.2475,J,F,A
0,6000,-3,0.3126,J,F,A
0.5,6000,-3,0.2983,J,F,A
1,6000,-3,0.2663,J,F,A
1.5,6000,-3,0.2676,J,F,A
2,6000,-3,0.2692,J,F,A
2.5,6000,-3,0.2696,J,F,A
3,6000,-3,0.2692,J,F,A
3.5,6000,-3,0.267,J,F,A
4,6000,-3,0.2642,J,F,A
4.5,6000,-3,0.2592,J,F,A
5,6000,-3,0.251,J,F,A
0.5,6250,-3,0.3001,J,F,A
1,6250,-3,0.2868,J,F,A
1.5,6250,-3,0.255,J,F,A
2,6250,-3,0.2566,J,F,A
2.5,6250,-3,0.2596,J,F,A
3,6250,-3,0.2611,J,F,A
3.5,6250,-3,0.261,J,F,A
4,6250,-3,0.2604,J,F,A
4.5,6250,-3,0.2577,J,F,A
5,6250,-3,0.2519,J,F,A
0.5,6500,-3,0.2997,J,F,A
1,6500,-3,0.2884,J,F,A
1.5,6500,-3,0.2718,J,F,A
2,6500,-3,0.246,J,F,A
2.5,6500,-3,0.2458,J,F,A
3,6500,-3,0.25,J,F,A
3.5,6500,-3,0.2527,J,F,A
4,6500,-3,0.254,J,F,A
4.5,6500,-3,0.2544,J,F,A
5,6500,-3,0.2512,J,F,A
0.5,6750,-3,0.2972,J,F,A
1,6750,-3,0.287,J,F,A
1.5,6750,-3,0.2762,J,F,A
2,6750,-3,0.2606,J,F,A
2.5,6750,-3,0.2344,J,F,A
3,6750,-3,0.2383,J,F,A
3.5,6750,-3,0.2424,J,F,A
4,6750,-3,0.2458,J,F,A
4.5,6750,-3,0.2485,J,F,A
5,6750,-3,0.2478,J,F,A
0.5,7000,-3,0.2947,J,F,A
1,7000,-3,0.2818,J,F,A
1.5,7000,-3,0.275,J,F,A
2,7000,-3,0.2635,J,F,A
2.5,7000,-3,0.2453,J,F,A
3,7000,-3,0.2256,J,F,A
3.5,7000,-3,0.2319,J,F,A
4,7000,-3,0.2364,J,F,A
4.5,7000,-3,0.241,J,F,A
5,7000,-3,0.242,J,F,A
0.5,7250,-3,0.294,J,F,A
1,7250,-3,0.2764,J,F,A
1.5,7250,-3,0.2682,J,F,A
2,7250,-3,0.264,J,F,A
2.5,7250,-3,0.2516,J,F,A
3,7250,-3,0.2304,J,F,A
3.5,7250,-3,0.22,J,F,A
4,7250,-3,0.2268,J,F,A
4.5,7250,-3,0.2326,J,F,A
5,7250,-3,0.2352,J,F,A
1,7500,-3,0.2725,J,F,A
1.5,7500,-3,0.261,J,F,A
2,7500,-3,0.256,J,F,A
2.5,7500,-3,0.2538,J,F,A
3,7500,-3,0.2397,J,F,A
3.5,7500,-3,0.22,J,F,A
4,7500,-3,0.2191,J,F,A
4.5,7500,-3,0.2234,J,F,A
5,7500,-3,0.2274,J,F,A
1.5,7750,-3,0.2547,J,F,A
2,7750,-3,0.2477,J,F,A
2.5,7750,-3,0.2454,J,F,A
3,7750,-3,0.2442,J,F,A
3.5,7750,-3,0.2278,J,F,A
4,7750,-3,0.2097,J,F,A
4.5,7750,-3,0.2155,J,F,A
5,7750,-3,0.2187,J,F,A
1.5,8000,-3,0.2495,J,F,A
2,8000,-3,0.2405,J,F,A
2.5,8000,-3,0.2366,J,F,A
3,8000,-3,0.2364,J,F,A
3.5,8000,-3,0.2353,J,F,A
4,8000,-3,0.2169,J,F,A
4.5,8000,-3,0.2042,J,F,A
5,8000,-3,0.2106,J,F,A
1.5,8250,-3,0.2457,J,F,A
2,8250,-3,0.2341,J,F,A
2.5,8250,-3,0.229,J,F,A
3,8250,-3,0.2277,J,F,A
3.5,8250,-3,0.2289,J,F,A
4,8250,-3,0.2261,J,F,A
4.5,8250,-3,0.209,J,F,A
5,8250,-3,0.2011,J,F,A
1.5,8500,-3,0.2437,J,F,A
2,8500,-3,0.229,J,F,A
2.5,8500,-3,0.2224,J,F,A
3,8500,-3,0.2199,J,F,A
3.5,8500,-3,0.2201,J,F,A
4,8500,-3,0.2229,J,F,A
4.5,8500,-3,0.2168,J,F,A
5,8500,-3,0.2022,J,F,A
1.5,8750,-3,0.2431,J,F,A
2,8750,-3,0.225,J,F,A
2.5,8750,-3,0.2167,J,F,A
3,8750,-3,0.2133,J,F,A
3.5,8750,-3,0.2127,J,F,A
4,8750,-3,0.2138,J,F,A
4.5,8750,-3,0.2175,J,F,A
5,8750,-3,0.2061,J,F,A
1.5,9000,-3,0.2436,J,F,A
2,9000,-3,0.2222,J,F,A
2.5,9000,-3,0.2122,J,F,A
3,9000,-3,0.2077,J,F,A
3.5,9000,-3,0.2063,J,F,A
4,9000,-3,0.2067,J,F,A
4.5,9000,-3,0.2078,J,F,A
5,9000,-3,0.2094,J,F,A
2,9250,-3,0.2203,J,F,A
2.5,9250,-3,0.2087,J,F,A
3,9250,-3,0.2032,J,F,A
3.5,9250,-3,0.201,J,F,A
4,9250,-3,0.2007,J,F,A
4.5,9250,-3,0.2014,J,F,A
5,9250,-3,0.2025,J,F,A
2,9500,-3,0.2188,J,F,A
2.5,9500,-3,0.2058,J,F,A
3,9500,-3,0.1994,J,F,A
3.5,9500,-3,0.1966,J,F,A
4,9500,-3,0.1957,J,F,A
4.5,9500,-3,0.1959,J,F,A
5,9500,-3,0.1966,J,F,A
2,9750,-3,0.2176,J,F,A
2.5,9750,-3,0.2034,J,F,A
3,9750,-3,0.1963,J,F,A
3.5,9750,-3,0.1929,J,F,A
4,9750,-3,0.1916,J,F,A
4.5,9750,-3,0.1912,J,F,A
5,9750,-3,0.1915,J,F,A
2,10000,-3,0.2164,J,F,A
2.5,10000,-3,0.2013,J,F,A
3,10000,-3,0.1935,J,F,A
3.5,10000,-3,0.1898,J,F,A
4,10000,-3,0.1881,J,F,A
4.5,10000,-3,0.1873,J,F,A
5,10000,-3,0.1871,J,F,A
2,10500,-3,0.2141,J,F,A
2.5,10500,-3,0.1974,J,F,A
3,10500,-3,0.1888,J,F,A
3.5,10500,-3,0.1844,J,F,A
4,10500,-3,0.1822,J,F,A
4.5,10500,-3,0.181,J,F,A
5,10500,-3,0.1801,J,F,A
2.5,11000,-3,0.194,J,F,A
3,11000,-3,0.1846,J,F,A
3.5,11000,-3,0.1798,J,F,A
4,11000,-3,0.1772,J,F,A
4.5,11000,-3,0.1759,J,F,A
5,11000,-3,0.1749,J,F,A
2.5,11500,-3,0.1909,J,F,A
3,11500,-3,0.1807,J,F,A
3.5,11500,-3,0.1756,J,F,A
4,11500,-3,0.1728,J,F,A
4.5,11500,-3,0.1714,J,F,A
5,11500,-3,0.1705,J,F,A
2.5,12000,-3,0.1882,J,F,A
3,12000,-3,0.1774,J,F,A
3.5,12000,-3,0.1717,J,F,A
4,12000,-3,0.1689,J,F,A
4.5,12000,-3,0.1674,J,F,A
5,12000,-3,0.1664,J,F,A
2.5,12500,-3,0.1861,J,F,A
3,12500,-3,0.1741,J,F,A
3.5,12500,-3,0.1683,J,F,A
4,12500,-3,0.1652,J,F,A
4.5,12500,-3,0.1637,J,F,A
5,12500,-3,0.1625,J,F,A
2.5,13000,-3,0.1841,J,F,A
3,13000,-3,0.1716,J,F,A
3.5,13000,-3,0.1651,J,F,A
4,13000,-3,0.1616,J,F,A
4.5,13000,-3,0.16,J,F,A
5,13000,-3,0.1592,J,F,A
2,14000,-3,0.2139,J,F,A
2.5,14000,-3,0.182,J,F,A
3,14000,-3,0.167,J,F,A
3.5,14000,-3,0.1594,J,F,A
4,14000,-3,0.1558,J,F,A
4.5,14000,-3,0.1536,J,F,A
5,14000,-3,0.1528,J,F,A
2.5,15000,-3,0.1809,J,F,A
3,15000,-3,0.1636,J,F,A
3.5,15000,-3,0.1549,J,F,A
4,15000,-3,0.1505,J,F,A
4.5,15000,-3,0.1482,J,F,A
5,15000,-3,0.1471,J,F,A
2.5,16000,-3,0.181,J,F,A
3,16000,-3,0.1613,J,F,A
3.5,16000,-3,0.1516,J,F,A
4,16000,-3,0.1462,J,F,A
4.5,16000,-3,0.1436,J,F,A
5,16000,-3,0.1423,J,F,A
2.5,17000,-3,0.1818,J,F,A
3,17000,-3,0.1594,J,F,A
3.5,17000,-3,0.1484,J,F,A
4,17000,-3,0.1428,J,F,A
4.5,17000,-3,0.1398,J,F,A
5,17000,-3,0.1381,J,F,A
2.5,18000,-3,0.1837,J,F,A
3,18000,-3,0.1578,J,F,A
3.5,18000,-3,0.1458,J,F,A
4,18000,-3,0.1395,J,F,A
4.5,18000,-3,0.1362,J,F,A
5,18000,-3,0.1345,J,F,A
2.5,19000,-3,0.1873,J,F,A
3,19000,-3,0.1565,J,F,A
3.5,19000,-3,0.1433,J,F,A
4,19000,-3,0.1367,J,F,A
4.5,19000,-3,0.1333,J,F,A
5,19000,-3,0.1312,J,F,A
3,20000,-3,0.156,J,F,A
3.5,20000,-3,0.141,J,F,A
4,20000,-3,0.1337,J,F,A
4.5,20000,-3,0.1302,J,F,A
5,20000,-3,0.1283,J,F,A
3,21000,-3,0.1564,J,F,A
3.5,21000,-3,0.139,J,F,A
4,21000,-3,0.1309,J,F,A
4.5,21000,-3,0.1272,J,F,A
5,21000,-3,0.1255,J,F,A
3,22000,-3,0.1579,J,F,A
3.5,22000,-3,0.1381,J,F,A
4,22000,-3,0.1288,J,F,A
4.5,22000,-3,0.1246,J,F,A
5,22000,-3,0.1228,J,F,A
3,23000,-3,0.1607,J,F,A
3.5,23000,-3,0.138,J,F,A
4,23000,-3,0.1274,J,F,A
4.5,23000,-3,0.1225,J,F,A
5,23000,-3,0.1204,J,F,A
3,24000,-3,0.1645,J,F,A
3.5,24000,-3,0.1384,J,F,A
4,24000,-3,0.1268,J,F,A
4.5,24000,-3,0.121,J,F,A
5,24000,-3,0.1186,J,F,A
3,25000,-3,0.1702,J,F,A
3.5,25000,-3,0.1396,J,F,A
4,25000,-3,0.1266,J,F,A
4.5,25000,-3,0.1204,J,F,A
5,25000,-3,0.1173,J,F,A
3,26000,-3,0.1755,J,F,A
3.5,26000,-3,0.1415,J,F,A
4,26000,-3,0.1271,J,F,A
4.5,26000,-3,0.1201,J,F,A
5,26000,-3,0.1167,J,F,A
3,27000,-3,0.1758,J,F,A
3.5,27000,-3,0.1434,J,F,A
4,27000,-3,0.1277,J,F,A
4.5,27000,-3,0.1202,J,F,A
5,27000,-3,0.1165,J,F,A
3.5,28000,-3,0.1442,J,F,A
4,28000,-3,0.1283,J,F,A
4.5,28000,-3,0.1203,J,F,A
5,28000,-3,0.1163,J,F,A
3.5,29000,-3,0.1422,J,F,A
4,29000,-3,0.128,J,F,A
4.5,29000,-3,0.1199,J,F,A
5,29000,-3,0.1158,J,F,A
3.5,30000,-3,0.1387,J,F,A
4,30000,-3,0.1261,J,F,A
4.5,30000,-3,0.1186,J,F,A
5,30000,-3,0.1145,J,F,A
3.5,31000,-3,0.1353,J,F,A
4,31000,-3,0.1224,J,F,A
4.5,31000,-3,0.1159,J,F,A
5,31000,-3,0.1122,J,F,A
4,32000,-3,0.1181,J,F,A
4.5,32000,-3,0.1122,J,F,A
5,32000,-3,0.1088,J,F,A
4,33000,-3,0.114,J,F,A
4.5,33000,-3,0.1077,J,F,A
5,33000,-3,0.1045,J,F,A
4,34000,-3,0.1099,J,F,A
4.5,34000,-3,0.1031,J,F,A
5,34000,-3,0.1,J,F,A
4,35000,-3,0.105,J,F,A
4.5,35000,-3,0.0987,J,F,A
5,35000,-3,0.0953,J,F,A
4.5,37500,-3,0.0854,J,F,A
5,37500,-3,0.0828,J,F,A
4.5,40000,-3,0.0756,J,F,A
5,40000,-3,0.0708,J,F,A
5,42500,-3,0.0645,J,F,A
5,45000,-3,0.0621,J,F,A
5,47500,-3,0.0615,J,F,A
5,50000,-3,0.0614,J,F,A
0,3500,-2.5,0.4593,J,F,A
0.5,3500,-2.5,0.4519,J,F,A
1,3500,-2.5,0.42,J,F,A
1.5,3500,-2.5,0.3416,J,F,A
2,3500,-2.5,0.26,J,F,A
2.5,3500,-2.5,0.2202,J,F,A
3,3500,-2.5,0.2087,J,F,A
3.5,3500,-2.5,0.2096,J,F,A
4,3500,-2.5,0.2195,J,F,A
0,3750,-2.5,0.4159,J,F,A
0.5,3750,-2.5,0.4117,J,F,A
1,3750,-2.5,0.4081,J,F,A
1.5,3750,-2.5,0.398,J,F,A
2,3750,-2.5,0.3566,J,F,A
2.5,3750,-2.5,0.288,J,F,A
3,3750,-2.5,0.2354,J,F,A
3.5,3750,-2.5,0.2097,J,F,A
4,3750,-2.5,0.201,J,F,A
4.5,3750,-2.5,0.204,J,F,A
0,4000,-2.5,0.3756,J,F,A
0.5,4000,-2.5,0.371,J,F,A
1,4000,-2.5,0.368,J,F,A
1.5,4000,-2.5,0.366,J,F,A
2,4000,-2.5,0.3608,J,F,A
2.5,4000,-2.5,0.3371,J,F,A
3,4000,-2.5,0.2893,J,F,A
3.5,4000,-2.5,0.2436,J,F,A
4,4000,-2.5,0.2147,J,F,A
4.5,4000,-2.5,0.1989,J,F,A
0,4250,-2.5,0.3497,J,F,A
0.5,4250,-2.5,0.3427,J,F,A
1,4250,-2.5,0.3361,J,F,A
1.5,4250,-2.5,0.3313,J,F,A
2,4250,-2.5,0.3286,J,F,A
2.5,4250,-2.5,0.3241,J,F,A
3,4250,-2.5,0.3062,J,F,A
3.5,4250,-2.5,0.2719,J,F,A
4,4250,-2.5,0.236,J,F,A
4.5,4250,-2.5,0.2112,J,F,A
5,4250,-2.5,0.1988,J,F,A
0,4500,-2.5,0.3392,J,F,A
0.5,4500,-2.5,0.3317,J,F,A
1,4500,-2.5,0.3233,J,F,A
1.5,4500,-2.5,0.3143,J,F,A
2,4500,-2.5,0.3075,J,F,A
2.5,4500,-2.5,0.3021,J,F,A
3,4500,-2.5,0.296,J,F,A
3.5,4500,-2.5,0.2819,J,F,A
4,4500,-2.5,0.2533,J,F,A
4.5,4500,-2.5,0.2247,J,F,A
5,4500,-2.5,0.2022,J,F,A
0,4750,-2.5,0.3302,J,F,A
0.5,4750,-2.5,0.3255,J,F,A
1,4750,-2.5,0.3181,J,F,A
1.5,4750,-2.5,0.309,J,F,A
2,4750,-2.5,0.2993,J,F,A
2.5,4750,-2.5,0.2915,J,F,A
3,4750,-2.5,0.2834,J,F,A
3.5,4750,-2.5,0.2747,J,F,A
4,4750,-2.5,0.2621,J,F,A
4.5,4750,-2.5,0.2364,J,F,A
5,4750,-2.5,0.2124,J,F,A
0,5000,-2.5,0.3199,J,F,A
0.5,5000,-2.5,0.3178,J,F,A
1,5000,-2.5,0.3129,J,F,A
1.5,5000,-2.5,0.3058,J,F,A
2,5000,-2.5,0.2971,J,F,A
2.5,5000,-2.5,0.288,J,F,A
3,5000,-2.5,0.2799,J,F,A
3.5,5000,-2.5,0.2713,J,F,A
4,5000,-2.5,0.2606,J,F,A
4.5,5000,-2.5,0.2454,J,F,A
5,5000,-2.5,0.2241,J,F,A
0,5250,-2.5,0.3067,J,F,A
0.5,5250,-2.5,0.307,J,F,A
1,5250,-2.5,0.3051,J,F,A
1.5,5250,-2.5,0.3009,J,F,A
2,5250,-2.5,0.2946,J,F,A
2.5,5250,-2.5,0.2878,J,F,A
3,5250,-2.5,0.28,J,F,A
3.5,5250,-2.5,0.273,J,F,A
4,5250,-2.5,0.2638,J,F,A
4.5,5250,-2.5,0.252,J,F,A
5,5250,-2.5,0.2354,J,F,A
0,5500,-2.5,0.291,J,F,A
0.5,5500,-2.5,0.2933,J,F,A
1,5500,-2.5,0.2942,J,F,A
1.5,5500,-2.5,0.2925,J,F,A
2,5500,-2.5,0.2893,J,F,A
2.5,5500,-2.5,0.2841,J,F,A
3,5500,-2.5,0.2794,J,F,A
3.5,5500,-2.5,0.2732,J,F,A
4,5500,-2.5,0.2669,J,F,A
4.5,5500,-2.5,0.2565,J,F,A
5,5500,-2.5,0.2443,J,F,A
0,5750,-2.5,0.3099,J,F,A
0.5,5750,-2.5,0.2767,J,F,A
1,5750,-2.5,0.2801,J,F,A
1.5,5750,-2.5,0.2815,J,F,A
2,5750,-2.5,0.2809,J,F,A
2.5,5750,-2.5,0.2788,J,F,A
3,5750,-2.5,0.2756,J,F,A
3.5,5750,-2.5,0.2724,J,F,A
4,5750,-2.5,0.2681,J,F,A
4.5,5750,-2.5,0.2596,J,F,A
5,5750,-2.5,0.2494,J,F,A
0,6000,-2.5,0.3126,J,F,A
0.5,6000,-2.5,0.3006,J,F,A
1,6000,-2.5,0.2693,J,F,A
1.5,6000,-2.5,0.2677,J,F,A
2,6000,-2.5,0.2696,J,F,A
2.5,6000,-2.5,0.2703,J,F,A
3,6000,-2.5,0.27,J,F,A
3.5,6000,-2.5,0.2671,J,F,A
4,6000,-2.5,0.2648,J,F,A
4.5,6000,-2.5,0.2601,J,F,A
5,6000,-2.5,0.2527,J,F,A
0.5,6250,-2.5,0.3002,J,F,A
1,6250,-2.5,0.2862,J,F,A
1.5,6250,-2.5,0.2576,J,F,A
2,6250,-2.5,0.2564,J,F,A
2.5,6250,-2.5,0.2597,J,F,A
3,6250,-2.5,0.2612,J,F,A
3.5,6250,-2.5,0.262,J,F,A
4,6250,-2.5,0.2612,J,F,A
4.5,6250,-2.5,0.2583,J,F,A
5,6250,-2.5,0.2528,J,F,A
0.5,6500,-2.5,0.2993,J,F,A
1,6500,-2.5,0.2883,J,F,A
1.5,6500,-2.5,0.2722,J,F,A
2,6500,-2.5,0.2456,J,F,A
2.5,6500,-2.5,0.2459,J,F,A
3,6500,-2.5,0.25,J,F,A
3.5,6500,-2.5,0.2533,J,F,A
4,6500,-2.5,0.2545,J,F,A
4.5,6500,-2.5,0.2544,J,F,A
5,6500,-2.5,0.2517,J,F,A
0.5,6750,-2.5,0.2967,J,F,A
1,6750,-2.5,0.2868,J,F,A
1.5,6750,-2.5,0.2761,J,F,A
2,6750,-2.5,0.2597,J,F,A
2.5,6750,-2.5,0.2334,J,F,A
3,6750,-2.5,0.2383,J,F,A
3.5,6750,-2.5,0.2427,J,F,A
4,6750,-2.5,0.2456,J,F,A
4.5,6750,-2.5,0.2485,J,F,A
5,6750,-2.5,0.2477,J,F,A
0.5,7000,-2.5,0.2944,J,F,A
1,7000,-2.5,0.2815,J,F,A
1.5,7000,-2.5,0.2749,J,F,A
2,7000,-2.5,0.2636,J,F,A
2.5,7000,-2.5,0.2452,J,F,A
3,7000,-2.5,0.2264,J,F,A
3.5,7000,-2.5,0.2323,J,F,A
4,7000,-2.5,0.2363,J,F,A
4.5,7000,-2.5,0.241,J,F,A
5,7000,-2.5,0.2421,J,F,A
0.5,7250,-2.5,0.2938,J,F,A
1,7250,-2.5,0.2763,J,F,A
1.5,7250,-2.5,0.268,J,F,A
2,7250,-2.5,0.2638,J,F,A
2.5,7250,-2.5,0.2517,J,F,A
3,7250,-2.5,0.2312,J,F,A
3.5,7250,-2.5,0.2202,J,F,A
4,7250,-2.5,0.2267,J,F,A
4.5,7250,-2.5,0.2322,J,F,A
5,7250,-2.5,0.2352,J,F,A
0.5,7500,-2.5,0.2965,J,F,A
1,7500,-2.5,0.2724,J,F,A
1.5,7500,-2.5,0.2611,J,F,A
2,7500,-2.5,0.2562,J,F,A
2.5,7500,-2.5,0.2539,J,F,A
3,7500,-2.5,0.2401,J,F,A
3.5,7500,-2.5,0.2199,J,F,A
4,7500,-2.5,0.2189,J,F,A
4.5,7500,-2.5,0.2231,J,F,A
5,7500,-2.5,0.2269,J,F,A
1,7750,-2.5,0.2695,J,F,A
1.5,7750,-2.5,0.2547,J,F,A
2,7750,-2.5,0.2479,J,F,A
2.5,7750,-2.5,0.2456,J,F,A
3,7750,-2.5,0.2445,J,F,A
3.5,7750,-2.5,0.228,J,F,A
4,7750,-2.5,0.2108,J,F,A
4.5,7750,-2.5,0.2156,J,F,A
5,7750,-2.5,0.2189,J,F,A
1.5,8000,-2.5,0.2498,J,F,A
2,8000,-2.5,0.2407,J,F,A
2.5,8000,-2.5,0.2368,J,F,A
3,8000,-2.5,0.2366,J,F,A
3.5,8000,-2.5,0.2356,J,F,A
4,8000,-2.5,0.2175,J,F,A
4.5,8000,-2.5,0.205,J,F,A
5,8000,-2.5,0.2107,J,F,A
1.5,8250,-2.5,0.2461,J,F,A
2,8250,-2.5,0.2345,J,F,A
2.5,8250,-2.5,0.2294,J,F,A
3,8250,-2.5,0.2279,J,F,A
3.5,8250,-2.5,0.2289,J,F,A
4,8250,-2.5,0.2266,J,F,A
4.5,8250,-2.5,0.2095,J,F,A
5,8250,-2.5,0.2012,J,F,A
1.5,8500,-2.5,0.2442,J,F,A
2,8500,-2.5,0.2295,J,F,A
2.5,8500,-2.5,0.2227,J,F,A
3,8500,-2.5,0.2203,J,F,A
3.5,8500,-2.5,0.2203,J,F,A
4,8500,-2.5,0.2229,J,F,A
4.5,8500,-2.5,0.2172,J,F,A
5,8500,-2.5,0.2023,J,F,A
2,8750,-2.5,0.2255,J,F,A
2.5,8750,-2.5,0.2172,J,F,A
3,8750,-2.5,0.2136,J,F,A
3.5,8750,-2.5,0.213,J,F,A
4,8750,-2.5,0.214,J,F,A
4.5,8750,-2.5,0.2175,J,F,A
5,8750,-2.5,0.2063,J,F,A
2,9000,-2.5,0.2228,J,F,A
2.5,9000,-2.5,0.2126,J,F,A
3,9000,-2.5,0.2081,J,F,A
3.5,9000,-2.5,0.2065,J,F,A
4,9000,-2.5,0.2067,J,F,A
4.5,9000,-2.5,0.2078,J,F,A
5,9000,-2.5,0.2093,J,F,A
2,9250,-2.5,0.2209,J,F,A
2.5,9250,-2.5,0.2091,J,F,A
3,9250,-2.5,0.2035,J,F,A
3.5,9250,-2.5,0.2012,J,F,A
4,9250,-2.5,0.2007,J,F,A
4.5,9250,-2.5,0.2013,J,F,A
5,9250,-2.5,0.2024,J,F,A
2,9500,-2.5,0.2194,J,F,A
2.5,9500,-2.5,0.2062,J,F,A
3,9500,-2.5,0.1997,J,F,A
3.5,9500,-2.5,0.1967,J,F,A
4,9500,-2.5,0.1958,J,F,A
4.5,9500,-2.5,0.1959,J,F,A
5,9500,-2.5,0.1965,J,F,A
2,9750,-2.5,0.2181,J,F,A
2.5,9750,-2.5,0.2038,J,F,A
3,9750,-2.5,0.1966,J,F,A
3.5,9750,-2.5,0.1931,J,F,A
4,9750,-2.5,0.1917,J,F,A
4.5,9750,-2.5,0.1913,J,F,A
5,9750,-2.5,0.1914,J,F,A
2,10000,-2.5,0.2169,J,F,A
2.5,10000,-2.5,0.2017,J,F,A
3,10000,-2.5,0.1938,J,F,A
3.5,10000,-2.5,0.1899,J,F,A
4,10000,-2.5,0.1882,J,F,A
4.5,10000,-2.5,0.1874,J,F,A
5,10000,-2.5,0.187,J,F,A
2,10500,-2.5,0.2144,J,F,A
2.5,10500,-2.5,0.1977,J,F,A
3,10500,-2.5,0.189,J,F,A
3.5,10500,-2.5,0.1845,J,F,A
4,10500,-2.5,0.1823,J,F,A
4.5,10500,-2.5,0.181,J,F,A
5,10500,-2.5,0.1801,J,F,A
2.5,11000,-2.5,0.1941,J,F,A
3,11000,-2.5,0.1847,J,F,A
3.5,11000,-2.5,0.1798,J,F,A
4,11000,-2.5,0.1772,J,F,A
4.5,11000,-2.5,0.176,J,F,A
5,11000,-2.5,0.1749,J,F,A
2.5,11500,-2.5,0.1909,J,F,A
3,11500,-2.5,0.1807,J,F,A
3.5,11500,-2.5,0.1756,J,F,A
4,11500,-2.5,0.1728,J,F,A
4.5,11500,-2.5,0.1715,J,F,A
5,11500,-2.5,0.1703,J,F,A
2.5,12000,-2.5,0.1879,J,F,A
3,12000,-2.5,0.1772,J,F,A
3.5,12000,-2.5,0.1716,J,F,A
4,12000,-2.5,0.1688,J,F,A
4.5,12000,-2.5,0.1672,J,F,A
5,12000,-2.5,0.1662,J,F,A
2.5,12500,-2.5,0.1854,J,F,A
3,12500,-2.5,0.1738,J,F,A
3.5,12500,-2.5,0.1678,J,F,A
4,12500,-2.5,0.1649,J,F,A
4.5,12500,-2.5,0.1635,J,F,A
5,12500,-2.5,0.1626,J,F,A
2.5,13000,-2.5,0.1837,J,F,A
3,13000,-2.5,0.171,J,F,A
3.5,13000,-2.5,0.1647,J,F,A
4,13000,-2.5,0.1613,J,F,A
4.5,13000,-2.5,0.1597,J,F,A
5,13000,-2.5,0.1587,J,F,A
2,14000,-2.5,0.2134,J,F,A
2.5,14000,-2.5,0.1812,J,F,A
3,14000,-2.5,0.1664,J,F,A
3.5,14000,-2.5,0.1588,J,F,A
4,14000,-2.5,0.155,J,F,A
4.5,14000,-2.5,0.1533,J,F,A
5,14000,-2.5,0.1525,J,F,A
2.5,15000,-2.5,0.1804,J,F,A
3,15000,-2.5,0.1629,J,F,A
3.5,15000,-2.5,0.1543,J,F,A
4,15000,-2.5,0.1498,J,F,A
4.5,15000,-2.5,0.1478,J,F,A
5,15000,-2.5,0.1466,J,F,A
2.5,16000,-2.5,0.1804,J,F,A
3,16000,-2.5,0.1606,J,F,A
3.5,16000,-2.5,0.1505,J,F,A
4,16000,-2.5,0.1454,J,F,A
4.5,16000,-2.5,0.143,J,F,A
5,16000,-2.5,0.1416,J,F,A
2.5,17000,-2.5,0.1812,J,F,A
3,17000,-2.5,0.1586,J,F,A
3.5,17000,-2.5,0.1477,J,F,A
4,17000,-2.5,0.142,J,F,A
4.5,17000,-2.5,0.1389,J,F,A
5,17000,-2.5,0.1376,J,F,A
2.5,18000,-2.5,0.1832,J,F,A
3,18000,-2.5,0.1571,J,F,A
3.5,18000,-2.5,0.1451,J,F,A
4,18000,-2.5,0.1389,J,F,A
4.5,18000,-2.5,0.1355,J,F,A
5,18000,-2.5,0.1339,J,F,A
2.5,19000,-2.5,0.187,J,F,A
3,19000,-2.5,0.1559,J,F,A
3.5,19000,-2.5,0.1428,J,F,A
4,19000,-2.5,0.136,J,F,A
4.5,19000,-2.5,0.1327,J,F,A
5,19000,-2.5,0.1309,J,F,A
3,20000,-2.5,0.1554,J,F,A
3.5,20000,-2.5,0.1403,J,F,A
4,20000,-2.5,0.1333,J,F,A
4.5,20000,-2.5,0.1298,J,F,A
5,20000,-2.5,0.1278,J,F,A
3,21000,-2.5,0.1558,J,F,A
3.5,21000,-2.5,0.1385,J,F,A
4,21000,-2.5,0.1305,J,F,A
4.5,21000,-2.5,0.1269,J,F,A
5,21000,-2.5,0.1251,J,F,A
3,22000,-2.5,0.1576,J,F,A
3.5,22000,-2.5,0.1376,J,F,A
4,22000,-2.5,0.1283,J,F,A
4.5,22000,-2.5,0.1242,J,F,A
5,22000,-2.5,0.1224,J,F,A
3,23000,-2.5,0.1598,J,F,A
3.5,23000,-2.5,0.1373,J,F,A
4,23000,-2.5,0.1271,J,F,A
4.5,23000,-2.5,0.1221,J,F,A
5,23000,-2.5,0.1202,J,F,A
3,24000,-2.5,0.1637,J,F,A
3.5,24000,-2.5,0.1379,J,F,A
4,24000,-2.5,0.1263,J,F,A
4.5,24000,-2.5,0.1208,J,F,A
5,24000,-2.5,0.1182,J,F,A
3,25000,-2.5,0.1688,J,F,A
3.5,25000,-2.5,0.1388,J,F,A
4,25000,-2.5,0.1261,J,F,A
4.5,25000,-2.5,0.12,J,F,A
5,25000,-2.5,0.1171,J,F,A
3,26000,-2.5,0.1743,J,F,A
3.5,26000,-2.5,0.1404,J,F,A
4,26000,-2.5,0.1264,J,F,A
4.5,26000,-2.5,0.1195,J,F,A
5,26000,-2.5,0.1165,J,F,A
3.5,27000,-2.5,0.1423,J,F,A
4,27000,-2.5,0.1269,J,F,A
4.5,27000,-2.5,0.1196,J,F,A
5,27000,-2.5,0.116,J,F,A
3.5,28000,-2.5,0.1432,J,F,A
4,28000,-2.5,0.1275,J,F,A
4.5,28000,-2.5,0.1195,J,F,A
5,28000,-2.5,0.1157,J,F,A
3.5,29000,-2.5,0.1418,J,F,A
4,29000,-2.5,0.1271,J,F,A
4.5,29000,-2.5,0.1191,J,F,A
5,29000,-2.5,0.1152,J,F,A
3.5,30000,-2.5,0.1387,J,F,A
4,30000,-2.5,0.1254,J,F,A
4.5,30000,-2.5,0.1179,J,F,A
5,30000,-2.5,0.114,J,F,A
3.5,31000,-2.5,0.1355,J,F,A
4,31000,-2.5,0.1222,J,F,A
4.5,31000,-2.5,0.1156,J,F,A
5,31000,-2.5,0.1117,J,F,A
4,32000,-2.5,0.1181,J,F,A
4.5,32000,-2.5,0.112,J,F,A
5,32000,-2.5,0.1085,J,F,A
4,33000,-2.5,0.1142,J,F,A
4.5,33000,-2.5,0.1076,J,F,A
5,33000,-2.5,0.1044,J,F,A
4,34000,-2.5,0.1102,J,F,A
4.5,34000,-2.5,0.1032,J,F,A
5,34000,-2.5,0.0999,J,F,A
4,35000,-2.5,0.1056,J,F,A
4.5,35000,-2.5,0.0989,J,F,A
5,35000,-2.5,0.0954,J,F,A
4.5,37500,-2.5,0.0859,J,F,A
5,37500,-2.5,0.0831,J,F,A
4.5,40000,-2.5,0.076,J,F,A
5,40000,-2.5,0.0712,J,F,A
5,42500,-2.5,0.065,J,F,A
5,45000,-2.5,0.0626,J,F,A
5,47500,-2.5,0.062,J,F,A
5,50000,-2.5,0.0617,J,F,A
0,3500,-2,0.4792,J,F,A
0.5,3500,-2,0.4747,J,F,A
1,3500,-2,0.46,J,F,A
1.5,3500,-2,0.4008,J,F,A
2,3500,-2,0.3019,J,F,A
2.5,3500,-2,0.2381,J,F,A
3,3500,-2,0.2149,J,F,A
3.5,3500,-2,0.2041,J,F,A
4,3500,-2,0.2083,J,F,A
4.5,3500,-2,0.2237,J,F,A
5,3500,-2,0.2355,J,F,A
0,3750,-2,0.4428,J,F,A
0.5,3750,-2,0.4393,J,F,A
1,3750,-2,0.4367,J,F,A
1.5,3750,-2,0.4335,J,F,A
2,3750,-2,0.4087,J,F,A
2.5,3750,-2,0.3436,J,F,A
3,3750,-2,0.2668,J,F,A
3.5,3750,-2,0.2204,J,F,A
4,3750,-2,0.2042,J,F,A
4.5,3750,-2,0.1963,J,F,A
5,3750,-2,0.1951,J,F,A
0,4000,-2,0.4025,J,F,A
0.5,4000,-2,0.4,J,F,A
1,4000,-2,0.3986,J,F,A
1.5,4000,-2,0.3972,J,F,A
2,4000,-2,0.3968,J,F,A
2.5,4000,-2,0.3862,J,F,A
3,4000,-2,0.3486,J,F,A
3.5,4000,-2,0.2886,J,F,A
4,4000,-2,0.2391,J,F,A
4.5,4000,-2,0.2063,J,F,A
5,4000,-2,0.2011,J,F,A
0,4250,-2,0.3658,J,F,A
0.5,4250,-2,0.3637,J,F,A
1,4250,-2,0.3624,J,F,A
1.5,4250,-2,0.361,J,F,A
2,4250,-2,0.3605,J,F,A
2.5,4250,-2,0.36,J,F,A
3,4250,-2,0.3528,J,F,A
3.5,4250,-2,0.3279,J,F,A
4,4250,-2,0.2861,J,F,A
4.5,4250,-2,0.2452,J,F,A
5,4250,-2,0.2175,J,F,A
0,4500,-2,0.3451,J,F,A
0.5,4500,-2,0.3418,J,F,A
1,4500,-2,0.3373,J,F,A
1.5,4500,-2,0.334,J,F,A
2,4500,-2,0.3321,J,F,A
2.5,4500,-2,0.3307,J,F,A
3,4500,-2,0.329,J,F,A
3.5,4500,-2,0.3226,J,F,A
4,4500,-2,0.3034,J,F,A
4.5,4500,-2,0.2738,J,F,A
5,4500,-2,0.2408,J,F,A
0,4750,-2,0.3323,J,F,A
0.5,4750,-2,0.3287,J,F,A
1,4750,-2,0.3231,J,F,A
1.5,4750,-2,0.3168,J,F,A
2,4750,-2,0.3109,J,F,A
2.5,4750,-2,0.3069,J,F,A
3,4750,-2,0.3039,J,F,A
3.5,4750,-2,0.3002,J,F,A
4,4750,-2,0.2927,J,F,A
4.5,4750,-2,0.2754,J,F,A
5,4750,-2,0.2525,J,F,A
0,5000,-2,0.3209,J,F,A
0.5,5000,-2,0.3191,J,F,A
1,5000,-2,0.3148,J,F,A
1.5,5000,-2,0.3086,J,F,A
2,5000,-2,0.3014,J,F,A
2.5,5000,-2,0.2955,J,F,A
3,5000,-2,0.2903,J,F,A
3.5,5000,-2,0.2854,J,F,A
4,5000,-2,0.2782,J,F,A
4.5,5000,-2,0.2667,J,F,A
5,5000,-2,0.2507,J,F,A
0,5250,-2,0.307,J,F,A
0.5,5250,-2,0.3078,J,F,A
1,5250,-2,0.3059,J,F,A
1.5,5250,-2,0.3019,J,F,A
2,5250,-2,0.2965,J,F,A
2.5,5250,-2,0.2903,J,F,A
3,5250,-2,0.2843,J,F,A
3.5,5250,-2,0.2789,J,F,A
4,5250,-2,0.2721,J,F,A
4.5,5250,-2,0.2662,J,F,A
5,5250,-2,0.2504,J,F,A
0,5500,-2,0.2912,J,F,A
0.5,5500,-2,0.2936,J,F,A
1,5500,-2,0.2944,J,F,A
1.5,5500,-2,0.2931,J,F,A
2,5500,-2,0.2899,J,F,A
2.5,5500,-2,0.2855,J,F,A
3,5500,-2,0.2812,J,F,A
3.5,5500,-2,0.2755,J,F,A
4,5500,-2,0.2697,J,F,A
4.5,5500,-2,0.2618,J,F,A
5,5500,-2,0.2511,J,F,A
0,5750,-2,0.3091,J,F,A
0.5,5750,-2,0.2819,J,F,A
1,5750,-2,0.28,J,F,A
1.5,5750,-2,0.2818,J,F,A
2,5750,-2,0.281,J,F,A
2.5,5750,-2,0.2794,J,F,A
3,5750,-2,0.2766,J,F,A
3.5,5750,-2,0.2722,J,F,A
4,5750,-2,0.2697,J,F,A
4.5,5750,-2,0.262,J,F,A
5,5750,-2,0.2531,J,F,A
0,6000,-2,0.3121,J,F,A
0.5,6000,-2,0.3006,J,F,A
1,6000,-2,0.269,J,F,A
1.5,6000,-2,0.2674,J,F,A
2,6000,-2,0.2696,J,F,A
2.5,6000,-2,0.2701,J,F,A
3,6000,-2,0.2701,J,F,A
3.5,6000,-2,0.2689,J,F,A
4,6000,-2,0.2656,J,F,A
4.5,6000,-2,0.2623,J,F,A
5,6000,-2,0.2541,J,F,A
0.5,6250,-2,0.2999,J,F,A
1,6250,-2,0.2856,J,F,A
1.5,6250,-2,0.2577,J,F,A
2,6250,-2,0.2562,J,F,A
2.5,6250,-2,0.2593,J,F,A
3,6250,-2,0.2609,J,F,A
3.5,6250,-2,0.2616,J,F,A
4,6250,-2,0.2608,J,F,A
4.5,6250,-2,0.259,J,F,A
5,6250,-2,0.2538,J,F,A
0.5,6500,-2,0.2996,J,F,A
1,6500,-2,0.2887,J,F,A
1.5,6500,-2,0.2756,J,F,A
2,6500,-2,0.244,J,F,A
2.5,6500,-2,0.2456,J,F,A
3,6500,-2,0.2497,J,F,A
3.5,6500,-2,0.2531,J,F,A
4,6500,-2,0.2546,J,F,A
4.5,6500,-2,0.2547,J,F,A
5,6500,-2,0.252,J,F,A
0.5,6750,-2,0.2967,J,F,A
1,6750,-2,0.2869,J,F,A
1.5,6750,-2,0.2767,J,F,A
2,6750,-2,0.2588,J,F,A
2.5,6750,-2,0.2339,J,F,A
3,6750,-2,0.2381,J,F,A
3.5,6750,-2,0.2429,J,F,A
4,6750,-2,0.2464,J,F,A
4.5,6750,-2,0.2484,J,F,A
5,6750,-2,0.2476,J,F,A
0.5,7000,-2,0.294,J,F,A
1,7000,-2,0.2815,J,F,A
1.5,7000,-2,0.2751,J,F,A
2,7000,-2,0.264,J,F,A
2.5,7000,-2,0.246,J,F,A
3,7000,-2,0.2265,J,F,A
3.5,7000,-2,0.2321,J,F,A
4,7000,-2,0.236,J,F,A
4.5,7000,-2,0.2408,J,F,A
5,7000,-2,0.2422,J,F,A
0.5,7250,-2,0.2914,J,F,A
1,7250,-2,0.2741,J,F,A
1.5,7250,-2,0.266,J,F,A
2,7250,-2,0.262,J,F,A
2.5,7250,-2,0.2499,J,F,A
3,7250,-2,0.2295,J,F,A
3.5,7250,-2,0.2186,J,F,A
4,7250,-2,0.2245,J,F,A
4.5,7250,-2,0.2299,J,F,A
5,7250,-2,0.233,J,F,A
0.5,7500,-2,0.2945,J,F,A
1,7500,-2,0.2702,J,F,A
1.5,7500,-2,0.259,J,F,A
2,7500,-2,0.2541,J,F,A
2.5,7500,-2,0.252,J,F,A
3,7500,-2,0.2383,J,F,A
3.5,7500,-2,0.2172,J,F,A
4,7500,-2,0.2159,J,F,A
4.5,7500,-2,0.2209,J,F,A
5,7500,-2,0.2247,J,F,A
1,7750,-2,0.268,J,F,A
1.5,7750,-2,0.2531,J,F,A
2,7750,-2,0.2462,J,F,A
2.5,7750,-2,0.2436,J,F,A
3,7750,-2,0.242,J,F,A
3.5,7750,-2,0.2266,J,F,A
4,7750,-2,0.2092,J,F,A
4.5,7750,-2,0.2136,J,F,A
5,7750,-2,0.2171,J,F,A
1,8000,-2,0.2682,J,F,A
1.5,8000,-2,0.2483,J,F,A
2,8000,-2,0.2393,J,F,A
2.5,8000,-2,0.2353,J,F,A
3,8000,-2,0.2347,J,F,A
3.5,8000,-2,0.2329,J,F,A
4,8000,-2,0.2152,J,F,A
4.5,8000,-2,0.204,J,F,A
5,8000,-2,0.2093,J,F,A
1.5,8250,-2,0.245,J,F,A
2,8250,-2,0.2333,J,F,A
2.5,8250,-2,0.2279,J,F,A
3,8250,-2,0.2262,J,F,A
3.5,8250,-2,0.227,J,F,A
4,8250,-2,0.2242,J,F,A
4.5,8250,-2,0.2064,J,F,A
5,8250,-2,0.1995,J,F,A
1.5,8500,-2,0.2432,J,F,A
2,8500,-2,0.2284,J,F,A
2.5,8500,-2,0.2216,J,F,A
3,8500,-2,0.2189,J,F,A
3.5,8500,-2,0.2186,J,F,A
4,8500,-2,0.2207,J,F,A
4.5,8500,-2,0.2144,J,F,A
5,8500,-2,0.2008,J,F,A
2,8750,-2,0.2246,J,F,A
2.5,8750,-2,0.216,J,F,A
3,8750,-2,0.2124,J,F,A
3.5,8750,-2,0.2116,J,F,A
4,8750,-2,0.2122,J,F,A
4.5,8750,-2,0.2151,J,F,A
5,8750,-2,0.2055,J,F,A
2,9000,-2,0.2234,J,F,A
2.5,9000,-2,0.2131,J,F,A
3,9000,-2,0.2085,J,F,A
3.5,9000,-2,0.2066,J,F,A
4,9000,-2,0.2069,J,F,A
4.5,9000,-2,0.2078,J,F,A
5,9000,-2,0.2089,J,F,A
2,9250,-2,0.2217,J,F,A
2.5,9250,-2,0.2095,J,F,A
3,9250,-2,0.2038,J,F,A
3.5,9250,-2,0.2014,J,F,A
4,9250,-2,0.201,J,F,A
4.5,9250,-2,0.2015,J,F,A
5,9250,-2,0.2024,J,F,A
2,9500,-2,0.2202,J,F,A
2.5,9500,-2,0.2069,J,F,A
3,9500,-2,0.1999,J,F,A
3.5,9500,-2,0.1969,J,F,A
4,9500,-2,0.1959,J,F,A
4.5,9500,-2,0.196,J,F,A
5,9500,-2,0.1965,J,F,A
2,9750,-2,0.2189,J,F,A
2.5,9750,-2,0.2045,J,F,A
3,9750,-2,0.197,J,F,A
3.5,9750,-2,0.1932,J,F,A
4,9750,-2,0.1917,J,F,A
4.5,9750,-2,0.1913,J,F,A
5,9750,-2,0.1915,J,F,A
2,10000,-2,0.2175,J,F,A
2.5,10000,-2,0.2023,J,F,A
3,10000,-2,0.1942,J,F,A
3.5,10000,-2,0.1901,J,F,A
4,10000,-2,0.188,J,F,A
4.5,10000,-2,0.1873,J,F,A
5,10000,-2,0.187,J,F,A
2,10500,-2,0.2149,J,F,A
2.5,10500,-2,0.1982,J,F,A
3,10500,-2,0.1895,J,F,A
3.5,10500,-2,0.1848,J,F,A
4,10500,-2,0.1822,J,F,A
4.5,10500,-2,0.1809,J,F,A
5,10500,-2,0.1799,J,F,A
2.5,11000,-2,0.1944,J,F,A
3,11000,-2,0.1851,J,F,A
3.5,11000,-2,0.18,J,F,A
4,11000,-2,0.1774,J,F,A
4.5,11000,-2,0.1759,J,F,A
5,11000,-2,0.1748,J,F,A
2.5,11500,-2,0.191,J,F,A
3,11500,-2,0.1809,J,F,A
3.5,11500,-2,0.1758,J,F,A
4,11500,-2,0.173,J,F,A
4.5,11500,-2,0.1714,J,F,A
5,11500,-2,0.1703,J,F,A
2.5,12000,-2,0.188,J,F,A
3,12000,-2,0.1772,J,F,A
3.5,12000,-2,0.1717,J,F,A
4,12000,-2,0.1688,J,F,A
4.5,12000,-2,0.1673,J,F,A
5,12000,-2,0.1662,J,F,A
2.5,12500,-2,0.1852,J,F,A
3,12500,-2,0.1736,J,F,A
3.5,12500,-2,0.1677,J,F,A
4,12500,-2,0.1649,J,F,A
4.5,12500,-2,0.1634,J,F,A
5,12500,-2,0.1625,J,F,A
2.5,13000,-2,0.1833,J,F,A
3,13000,-2,0.1704,J,F,A
3.5,13000,-2,0.1641,J,F,A
4,13000,-2,0.1614,J,F,A
4.5,13000,-2,0.1595,J,F,A
5,13000,-2,0.1585,J,F,A
2,14000,-2,0.2132,J,F,A
2.5,14000,-2,0.1807,J,F,A
3,14000,-2,0.1656,J,F,A
3.5,14000,-2,0.1581,J,F,A
4,14000,-2,0.1545,J,F,A
4.5,14000,-2,0.1529,J,F,A
5,14000,-2,0.1521,J,F,A
2.5,15000,-2,0.1797,J,F,A
3,15000,-2,0.1622,J,F,A
3.5,15000,-2,0.1536,J,F,A
4,15000,-2,0.1489,J,F,A
4.5,15000,-2,0.147,J,F,A
5,15000,-2,0.1458,J,F,A
2.5,16000,-2,0.1797,J,F,A
3,16000,-2,0.1597,J,F,A
3.5,16000,-2,0.1496,J,F,A
4,16000,-2,0.1444,J,F,A
4.5,16000,-2,0.1418,J,F,A
5,16000,-2,0.1407,J,F,A
2.5,17000,-2,0.1808,J,F,A
3,17000,-2,0.1577,J,F,A
3.5,17000,-2,0.1466,J,F,A
4,17000,-2,0.1409,J,F,A
4.5,17000,-2,0.1379,J,F,A
5,17000,-2,0.1365,J,F,A
2.5,18000,-2,0.1829,J,F,A
3,18000,-2,0.1562,J,F,A
3.5,18000,-2,0.1441,J,F,A
4,18000,-2,0.1378,J,F,A
4.5,18000,-2,0.1346,J,F,A
5,18000,-2,0.1329,J,F,A
2.5,19000,-2,0.187,J,F,A
3,19000,-2,0.1551,J,F,A
3.5,19000,-2,0.1416,J,F,A
4,19000,-2,0.135,J,F,A
4.5,19000,-2,0.1316,J,F,A
5,19000,-2,0.13,J,F,A
3,20000,-2,0.1549,J,F,A
3.5,20000,-2,0.1393,J,F,A
4,20000,-2,0.1324,J,F,A
4.5,20000,-2,0.1286,J,F,A
5,20000,-2,0.127,J,F,A
3,21000,-2,0.1552,J,F,A
3.5,21000,-2,0.1377,J,F,A
4,21000,-2,0.1295,J,F,A
4.5,21000,-2,0.1259,J,F,A
5,21000,-2,0.1243,J,F,A
3,22000,-2,0.1566,J,F,A
3.5,22000,-2,0.1368,J,F,A
4,22000,-2,0.1274,J,F,A
4.5,22000,-2,0.1233,J,F,A
5,22000,-2,0.1216,J,F,A
3,23000,-2,0.1589,J,F,A
3.5,23000,-2,0.1365,J,F,A
4,23000,-2,0.1261,J,F,A
4.5,23000,-2,0.1214,J,F,A
5,23000,-2,0.1194,J,F,A
3,24000,-2,0.1624,J,F,A
3.5,24000,-2,0.1368,J,F,A
4,24000,-2,0.1255,J,F,A
4.5,24000,-2,0.1201,J,F,A
5,24000,-2,0.1177,J,F,A
3,25000,-2,0.1675,J,F,A
3.5,25000,-2,0.1377,J,F,A
4,25000,-2,0.1253,J,F,A
4.5,25000,-2,0.1193,J,F,A
5,25000,-2,0.1167,J,F,A
3,26000,-2,0.1733,J,F,A
3.5,26000,-2,0.1392,J,F,A
4,26000,-2,0.1254,J,F,A
4.5,26000,-2,0.119,J,F,A
5,26000,-2,0.116,J,F,A
3.5,27000,-2,0.141,J,F,A
4,27000,-2,0.1258,J,F,A
4.5,27000,-2,0.1189,J,F,A
5,27000,-2,0.1155,J,F,A
3.5,28000,-2,0.1422,J,F,A
4,28000,-2,0.1264,J,F,A
4.5,28000,-2,0.1186,J,F,A
5,28000,-2,0.1151,J,F,A
3.5,29000,-2,0.1414,J,F,A
4,29000,-2,0.1263,J,F,A
4.5,29000,-2,0.1182,J,F,A
5,29000,-2,0.1145,J,F,A
4,30000,-2,0.1249,J,F,A
4.5,30000,-2,0.1171,J,F,A
5,30000,-2,0.1132,J,F,A
4,31000,-2,0.1221,J,F,A
4.5,31000,-2,0.115,J,F,A
5,31000,-2,0.1112,J,F,A
4,32000,-2,0.1183,J,F,A
4.5,32000,-2,0.1117,J,F,A
5,32000,-2,0.1082,J,F,A
4.5,33000,-2,0.1077,J,F,A
5,33000,-2,0.1043,J,F,A
4.5,34000,-2,0.1035,J,F,A
5,34000,-2,0.1,J,F,A
4.5,35000,-2,0.0994,J,F,A
5,35000,-2,0.0956,J,F,A
4.5,37500,-2,0.0867,J,F,A
5,37500,-2,0.0837,J,F,A
4.5,40000,-2,0.0768,J,F,A
5,40000,-2,0.0718,J,F,A
5,42500,-2,0.0655,J,F,A
5,45000,-2,0.063,J,F,A
5,47500,-2,0.0623,J,F,A
5,50000,-2,0.0618,J,F,A
0,3500,-1.5,0.4951,J,F,A
0.5,3500,-1.5,0.4898,J,F,A
1,3500,-1.5,0.4841,J,F,A
1.5,3500,-1.5,0.4578,J,F,A
2,3500,-1.5,0.3755,J,F,A
2.5,3500,-1.5,0.2823,J,F,A
3,3500,-1.5,0.2375,J,F,A
3.5,3500,-1.5,0.2202,J,F,A
4,3500,-1.5,0.2163,J,F,A
4.5,3500,-1.5,0.2209,J,F,A
5,3500,-1.5,0.229,J,F,A
0,3750,-1.5,0.4648,J,F,A
0.5,3750,-1.5,0.4619,J,F,A
1,3750,-1.5,0.4607,J,F,A
1.5,3750,-1.5,0.4577,J,F,A
2,3750,-1.5,0.4501,J,F,A
2.5,3750,-1.5,0.4047,J,F,A
3,3750,-1.5,0.3191,J,F,A
3.5,3750,-1.5,0.2518,J,F,A
4,3750,-1.5,0.2202,J,F,A
4.5,3750,-1.5,0.2127,J,F,A
5,3750,-1.5,0.2126,J,F,A
0,4000,-1.5,0.4273,J,F,A
0.5,4000,-1.5,0.4273,J,F,A
1,4000,-1.5,0.4284,J,F,A
1.5,4000,-1.5,0.428,J,F,A
2,4000,-1.5,0.4258,J,F,A
2.5,4000,-1.5,0.4225,J,F,A
3,4000,-1.5,0.4019,J,F,A
3.5,4000,-1.5,0.3441,J,F,A
4,4000,-1.5,0.2753,J,F,A
4.5,4000,-1.5,0.2309,J,F,A
5,4000,-1.5,0.2115,J,F,A
0,4250,-1.5,0.389,J,F,A
0.5,4250,-1.5,0.394,J,F,A
1,4250,-1.5,0.3933,J,F,A
1.5,4250,-1.5,0.3912,J,F,A
2,4250,-1.5,0.3923,J,F,A
2.5,4250,-1.5,0.3926,J,F,A
3,4250,-1.5,0.391,J,F,A
3.5,4250,-1.5,0.3805,J,F,A
4,4250,-1.5,0.3435,J,F,A
4.5,4250,-1.5,0.2894,J,F,A
5,4250,-1.5,0.2431,J,F,A
0,4500,-1.5,0.3575,J,F,A
0.5,4500,-1.5,0.3581,J,F,A
1,4500,-1.5,0.3583,J,F,A
1.5,4500,-1.5,0.3581,J,F,A
2,4500,-1.5,0.3587,J,F,A
2.5,4500,-1.5,0.3605,J,F,A
3,4500,-1.5,0.3607,J,F,A
3.5,4500,-1.5,0.3591,J,F,A
4,4500,-1.5,0.3512,J,F,A
4.5,4500,-1.5,0.3268,J,F,A
5,4500,-1.5,0.2867,J,F,A
0,4750,-1.5,0.3367,J,F,A
0.5,4750,-1.5,0.3358,J,F,A
1,4750,-1.5,0.3338,J,F,A
1.5,4750,-1.5,0.3319,J,F,A
2,4750,-1.5,0.3305,J,F,A
2.5,4750,-1.5,0.3322,J,F,A
3,4750,-1.5,0.3325,J,F,A
3.5,4750,-1.5,0.3324,J,F,A
4,4750,-1.5,0.3286,J,F,A
4.5,4750,-1.5,0.3212,J,F,A
5,4750,-1.5,0.302,J,F,A
0,5000,-1.5,0.3219,J,F,A
0.5,5000,-1.5,0.3209,J,F,A
1,5000,-1.5,0.3182,J,F,A
1.5,5000,-1.5,0.3146,J,F,A
2,5000,-1.5,0.3114,J,F,A
2.5,5000,-1.5,0.3087,J,F,A
3,5000,-1.5,0.3079,J,F,A
3.5,5000,-1.5,0.3062,J,F,A
4,5000,-1.5,0.3067,J,F,A
4.5,5000,-1.5,0.2999,J,F,A
5,5000,-1.5,0.2919,J,F,A
0,5250,-1.5,0.3074,J,F,A
0.5,5250,-1.5,0.3082,J,F,A
1,5250,-1.5,0.3069,J,F,A
1.5,5250,-1.5,0.3038,J,F,A
2,5250,-1.5,0.2997,J,F,A
2.5,5250,-1.5,0.2956,J,F,A
3,5250,-1.5,0.2926,J,F,A
3.5,5250,-1.5,0.2902,J,F,A
4,5250,-1.5,0.2878,J,F,A
4.5,5250,-1.5,0.285,J,F,A
5,5250,-1.5,0.2755,J,F,A
0,5500,-1.5,0.2898,J,F,A
0.5,5500,-1.5,0.2934,J,F,A
1,5500,-1.5,0.2942,J,F,A
1.5,5500,-1.5,0.2937,J,F,A
2,5500,-1.5,0.2911,J,F,A
2.5,5500,-1.5,0.2879,J,F,A
3,5500,-1.5,0.2844,J,F,A
3.5,5500,-1.5,0.2802,J,F,A
4,5500,-1.5,0.277,J,F,A
4.5,5500,-1.5,0.2722,J,F,A
5,5500,-1.5,0.2681,J,F,A
0,5750,-1.5,0.3097,J,F,A
0.5,5750,-1.5,0.2808,J,F,A
1,5750,-1.5,0.2793,J,F,A
1.5,5750,-1.5,0.2814,J,F,A
2,5750,-1.5,0.2811,J,F,A
2.5,5750,-1.5,0.2799,J,F,A
3,5750,-1.5,0.2781,J,F,A
3.5,5750,-1.5,0.2743,J,F,A
4,5750,-1.5,0.2712,J,F,A
4.5,5750,-1.5,0.2667,J,F,A
5,5750,-1.5,0.2598,J,F,A
0,6000,-1.5,0.3119,J,F,A
0.5,6000,-1.5,0.3,J,F,A
1,6000,-1.5,0.2687,J,F,A
1.5,6000,-1.5,0.2661,J,F,A
2,6000,-1.5,0.269,J,F,A
2.5,6000,-1.5,0.2695,J,F,A
3,6000,-1.5,0.2699,J,F,A
3.5,6000,-1.5,0.2694,J,F,A
4,6000,-1.5,0.2666,J,F,A
4.5,6000,-1.5,0.2631,J,F,A
5,6000,-1.5,0.2572,J,F,A
0.5,6250,-1.5,0.2998,J,F,A
1,6250,-1.5,0.2859,J,F,A
1.5,6250,-1.5,0.2581,J,F,A
2,6250,-1.5,0.2553,J,F,A
2.5,6250,-1.5,0.2588,J,F,A
3,6250,-1.5,0.2606,J,F,A
3.5,6250,-1.5,0.2618,J,F,A
4,6250,-1.5,0.2605,J,F,A
4.5,6250,-1.5,0.2599,J,F,A
5,6250,-1.5,0.2552,J,F,A
0.5,6500,-1.5,0.2985,J,F,A
1,6500,-1.5,0.2883,J,F,A
1.5,6500,-1.5,0.2757,J,F,A
2,6500,-1.5,0.2491,J,F,A
2.5,6500,-1.5,0.2448,J,F,A
3,6500,-1.5,0.2489,J,F,A
3.5,6500,-1.5,0.2525,J,F,A
4,6500,-1.5,0.2538,J,F,A
4.5,6500,-1.5,0.2547,J,F,A
5,6500,-1.5,0.2525,J,F,A
0.5,6750,-1.5,0.2953,J,F,A
1,6750,-1.5,0.2859,J,F,A
1.5,6750,-1.5,0.276,J,F,A
2,6750,-1.5,0.2603,J,F,A
2.5,6750,-1.5,0.2349,J,F,A
3,6750,-1.5,0.2375,J,F,A
3.5,6750,-1.5,0.242,J,F,A
4,6750,-1.5,0.2451,J,F,A
4.5,6750,-1.5,0.2481,J,F,A
5,6750,-1.5,0.2484,J,F,A
0.5,7000,-1.5,0.293,J,F,A
1,7000,-1.5,0.2804,J,F,A
1.5,7000,-1.5,0.2741,J,F,A
2,7000,-1.5,0.2642,J,F,A
2.5,7000,-1.5,0.2456,J,F,A
3,7000,-1.5,0.2239,J,F,A
3.5,7000,-1.5,0.232,J,F,A
4,7000,-1.5,0.2366,J,F,A
4.5,7000,-1.5,0.2404,J,F,A
5,7000,-1.5,0.2423,J,F,A
0.5,7250,-1.5,0.2903,J,F,A
1,7250,-1.5,0.2731,J,F,A
1.5,7250,-1.5,0.2651,J,F,A
2,7250,-1.5,0.2612,J,F,A
2.5,7250,-1.5,0.2505,J,F,A
3,7250,-1.5,0.2286,J,F,A
3.5,7250,-1.5,0.2157,J,F,A
4,7250,-1.5,0.2242,J,F,A
4.5,7250,-1.5,0.229,J,F,A
5,7250,-1.5,0.2325,J,F,A
0.5,7500,-1.5,0.2937,J,F,A
1,7500,-1.5,0.2693,J,F,A
1.5,7500,-1.5,0.2582,J,F,A
2,7500,-1.5,0.2533,J,F,A
2.5,7500,-1.5,0.2507,J,F,A
3,7500,-1.5,0.2385,J,F,A
3.5,7500,-1.5,0.2177,J,F,A
4,7500,-1.5,0.2132,J,F,A
4.5,7500,-1.5,0.2201,J,F,A
5,7500,-1.5,0.2244,J,F,A
1,7750,-1.5,0.2674,J,F,A
1.5,7750,-1.5,0.2525,J,F,A
2,7750,-1.5,0.2455,J,F,A
2.5,7750,-1.5,0.2428,J,F,A
3,7750,-1.5,0.2417,J,F,A
3.5,7750,-1.5,0.227,J,F,A
4,7750,-1.5,0.2071,J,F,A
4.5,7750,-1.5,0.2127,J,F,A
5,7750,-1.5,0.2161,J,F,A
1,8000,-1.5,0.2684,J,F,A
1.5,8000,-1.5,0.2483,J,F,A
2,8000,-1.5,0.2389,J,F,A
2.5,8000,-1.5,0.2347,J,F,A
3,8000,-1.5,0.2338,J,F,A
3.5,8000,-1.5,0.2327,J,F,A
4,8000,-1.5,0.2155,J,F,A
4.5,8000,-1.5,0.2056,J,F,A
5,8000,-1.5,0.2085,J,F,A
1.5,8250,-1.5,0.2453,J,F,A
2,8250,-1.5,0.2336,J,F,A
2.5,8250,-1.5,0.2279,J,F,A
3,8250,-1.5,0.2257,J,F,A
3.5,8250,-1.5,0.2261,J,F,A
4,8250,-1.5,0.2242,J,F,A
4.5,8250,-1.5,0.2071,J,F,A
5,8250,-1.5,0.2009,J,F,A
1.5,8500,-1.5,0.2441,J,F,A
2,8500,-1.5,0.229,J,F,A
2.5,8500,-1.5,0.2219,J,F,A
3,8500,-1.5,0.2187,J,F,A
3.5,8500,-1.5,0.2182,J,F,A
4,8500,-1.5,0.2198,J,F,A
4.5,8500,-1.5,0.2143,J,F,A
5,8500,-1.5,0.1997,J,F,A
2,8750,-1.5,0.2255,J,F,A
2.5,8750,-1.5,0.2167,J,F,A
3,8750,-1.5,0.2128,J,F,A
3.5,8750,-1.5,0.2115,J,F,A
4,8750,-1.5,0.2117,J,F,A
4.5,8750,-1.5,0.2143,J,F,A
5,8750,-1.5,0.2054,J,F,A
2,9000,-1.5,0.2244,J,F,A
2.5,9000,-1.5,0.2139,J,F,A
3,9000,-1.5,0.2091,J,F,A
3.5,9000,-1.5,0.2072,J,F,A
4,9000,-1.5,0.2069,J,F,A
4.5,9000,-1.5,0.2074,J,F,A
5,9000,-1.5,0.2086,J,F,A
2,9250,-1.5,0.223,J,F,A
2.5,9250,-1.5,0.2103,J,F,A
3,9250,-1.5,0.2044,J,F,A
3.5,9250,-1.5,0.2019,J,F,A
4,9250,-1.5,0.2011,J,F,A
4.5,9250,-1.5,0.2013,J,F,A
5,9250,-1.5,0.2019,J,F,A
2,9500,-1.5,0.2215,J,F,A
2.5,9500,-1.5,0.2079,J,F,A
3,9500,-1.5,0.2004,J,F,A
3.5,9500,-1.5,0.1972,J,F,A
4,9500,-1.5,0.1961,J,F,A
4.5,9500,-1.5,0.1958,J,F,A
5,9500,-1.5,0.1962,J,F,A
2,9750,-1.5,0.2201,J,F,A
2.5,9750,-1.5,0.2055,J,F,A
3,9750,-1.5,0.1975,J,F,A
3.5,9750,-1.5,0.1935,J,F,A
4,9750,-1.5,0.1919,J,F,A
4.5,9750,-1.5,0.1911,J,F,A
5,9750,-1.5,0.1912,J,F,A
2,10000,-1.5,0.2186,J,F,A
2.5,10000,-1.5,0.2032,J,F,A
3,10000,-1.5,0.195,J,F,A
3.5,10000,-1.5,0.1904,J,F,A
4,10000,-1.5,0.1882,J,F,A
4.5,10000,-1.5,0.1872,J,F,A
5,10000,-1.5,0.1867,J,F,A
2,10500,-1.5,0.2158,J,F,A
2.5,10500,-1.5,0.199,J,F,A
3,10500,-1.5,0.19,J,F,A
3.5,10500,-1.5,0.1852,J,F,A
4,10500,-1.5,0.1823,J,F,A
4.5,10500,-1.5,0.1807,J,F,A
5,10500,-1.5,0.1798,J,F,A
2.5,11000,-1.5,0.195,J,F,A
3,11000,-1.5,0.1856,J,F,A
3.5,11000,-1.5,0.1804,J,F,A
4,11000,-1.5,0.1776,J,F,A
4.5,11000,-1.5,0.1759,J,F,A
5,11000,-1.5,0.1745,J,F,A
2.5,11500,-1.5,0.191,J,F,A
3,11500,-1.5,0.1812,J,F,A
3.5,11500,-1.5,0.176,J,F,A
4,11500,-1.5,0.1731,J,F,A
4.5,11500,-1.5,0.1714,J,F,A
5,11500,-1.5,0.1702,J,F,A
2.5,12000,-1.5,0.1875,J,F,A
3,12000,-1.5,0.177,J,F,A
3.5,12000,-1.5,0.1715,J,F,A
4,12000,-1.5,0.1688,J,F,A
4.5,12000,-1.5,0.1674,J,F,A
5,12000,-1.5,0.1662,J,F,A
2.5,12500,-1.5,0.1848,J,F,A
3,12500,-1.5,0.1731,J,F,A
3.5,12500,-1.5,0.1675,J,F,A
4,12500,-1.5,0.1647,J,F,A
4.5,12500,-1.5,0.1632,J,F,A
5,12500,-1.5,0.1623,J,F,A
2.5,13000,-1.5,0.1827,J,F,A
3,13000,-1.5,0.1699,J,F,A
3.5,13000,-1.5,0.1637,J,F,A
4,13000,-1.5,0.1607,J,F,A
4.5,13000,-1.5,0.1592,J,F,A
5,13000,-1.5,0.1586,J,F,A
2,14000,-1.5,0.2133,J,F,A
2.5,14000,-1.5,0.1802,J,F,A
3,14000,-1.5,0.1646,J,F,A
3.5,14000,-1.5,0.1573,J,F,A
4,14000,-1.5,0.1536,J,F,A
4.5,14000,-1.5,0.1524,J,F,A
5,14000,-1.5,0.1514,J,F,A
2.5,15000,-1.5,0.1791,J,F,A
3,15000,-1.5,0.1612,J,F,A
3.5,15000,-1.5,0.1522,J,F,A
4,15000,-1.5,0.1477,J,F,A
4.5,15000,-1.5,0.1458,J,F,A
5,15000,-1.5,0.1449,J,F,A
2.5,16000,-1.5,0.1792,J,F,A
3,16000,-1.5,0.1587,J,F,A
3.5,16000,-1.5,0.1485,J,F,A
4,16000,-1.5,0.1432,J,F,A
4.5,16000,-1.5,0.1407,J,F,A
5,16000,-1.5,0.1399,J,F,A
2.5,17000,-1.5,0.1805,J,F,A
3,17000,-1.5,0.157,J,F,A
3.5,17000,-1.5,0.1456,J,F,A
4,17000,-1.5,0.1396,J,F,A
4.5,17000,-1.5,0.1366,J,F,A
5,17000,-1.5,0.1352,J,F,A
2.5,18000,-1.5,0.1829,J,F,A
3,18000,-1.5,0.1554,J,F,A
3.5,18000,-1.5,0.143,J,F,A
4,18000,-1.5,0.1367,J,F,A
4.5,18000,-1.5,0.1331,J,F,A
5,18000,-1.5,0.1316,J,F,A
2.5,19000,-1.5,0.1871,J,F,A
3,19000,-1.5,0.1546,J,F,A
3.5,19000,-1.5,0.1404,J,F,A
4,19000,-1.5,0.1338,J,F,A
4.5,19000,-1.5,0.1303,J,F,A
5,19000,-1.5,0.1285,J,F,A
3,20000,-1.5,0.1544,J,F,A
3.5,20000,-1.5,0.1385,J,F,A
4,20000,-1.5,0.131,J,F,A
4.5,20000,-1.5,0.1273,J,F,A
5,20000,-1.5,0.1258,J,F,A
3,21000,-1.5,0.1548,J,F,A
3.5,21000,-1.5,0.1368,J,F,A
4,21000,-1.5,0.1284,J,F,A
4.5,21000,-1.5,0.1247,J,F,A
5,21000,-1.5,0.123,J,F,A
3,22000,-1.5,0.1561,J,F,A
3.5,22000,-1.5,0.1359,J,F,A
4,22000,-1.5,0.1266,J,F,A
4.5,22000,-1.5,0.1224,J,F,A
5,22000,-1.5,0.1206,J,F,A
3,23000,-1.5,0.1581,J,F,A
3.5,23000,-1.5,0.1357,J,F,A
4,23000,-1.5,0.1254,J,F,A
4.5,23000,-1.5,0.1205,J,F,A
5,23000,-1.5,0.1184,J,F,A
3,24000,-1.5,0.1613,J,F,A
3.5,24000,-1.5,0.136,J,F,A
4,24000,-1.5,0.1246,J,F,A
4.5,24000,-1.5,0.1193,J,F,A
5,24000,-1.5,0.1169,J,F,A
3,25000,-1.5,0.1665,J,F,A
3.5,25000,-1.5,0.1366,J,F,A
4,25000,-1.5,0.1243,J,F,A
4.5,25000,-1.5,0.1185,J,F,A
5,25000,-1.5,0.1158,J,F,A
3,26000,-1.5,0.1728,J,F,A
3.5,26000,-1.5,0.1379,J,F,A
4,26000,-1.5,0.1245,J,F,A
4.5,26000,-1.5,0.1181,J,F,A
5,26000,-1.5,0.1152,J,F,A
3.5,27000,-1.5,0.1399,J,F,A
4,27000,-1.5,0.1248,J,F,A
4.5,27000,-1.5,0.1179,J,F,A
5,27000,-1.5,0.1147,J,F,A
3.5,28000,-1.5,0.1417,J,F,A
4,28000,-1.5,0.1253,J,F,A
4.5,28000,-1.5,0.1178,J,F,A
5,28000,-1.5,0.1143,J,F,A
3.5,29000,-1.5,0.1414,J,F,A
4,29000,-1.5,0.1255,J,F,A
4.5,29000,-1.5,0.1173,J,F,A
5,29000,-1.5,0.1138,J,F,A
3.5,30000,-1.5,0.1394,J,F,A
4,30000,-1.5,0.1245,J,F,A
4.5,30000,-1.5,0.1165,J,F,A
5,30000,-1.5,0.1126,J,F,A
3.5,31000,-1.5,0.1372,J,F,A
4,31000,-1.5,0.1221,J,F,A
4.5,31000,-1.5,0.1147,J,F,A
5,31000,-1.5,0.1107,J,F,A
4,32000,-1.5,0.1189,J,F,A
4.5,32000,-1.5,0.1118,J,F,A
5,32000,-1.5,0.1079,J,F,A
4,33000,-1.5,0.1154,J,F,A
4.5,33000,-1.5,0.1081,J,F,A
5,33000,-1.5,0.1043,J,F,A
4,34000,-1.5,0.112,J,F,A
4.5,34000,-1.5,0.1043,J,F,A
5,34000,-1.5,0.1004,J,F,A
4,35000,-1.5,0.1078,J,F,A
4.5,35000,-1.5,0.1003,J,F,A
5,35000,-1.5,0.0963,J,F,A
4.5,37500,-1.5,0.0881,J,F,A
5,37500,-1.5,0.0851,J,F,A
4.5,40000,-1.5,0.0782,J,F,A
5,40000,-1.5,0.0731,J,F,A
5,42500,-1.5,0.0666,J,F,A
5,45000,-1.5,0.064,J,F,A
5,47500,-1.5,0.063,J,F,A
5,50000,-1.5,0.0625,J,F,A
0,3500,-1,0.4982,J,F,A
0.5,3500,-1,0.4917,J,F,A
1,3500,-1,0.4869,J,F,A
1.5,3500,-1,0.4816,J,F,A
2,3500,-1,0.4491,J,F,A
2.5,3500,-1,0.3557,J,F,A
3,3500,-1,0.2754,J,F,A
3.5,3500,-1,0.2377,J,F,A
4,3500,-1,0.2237,J,F,A
4.5,3500,-1,0.2214,J,F,A
5,3500,-1,0.2253,J,F,A
0,3750,-1,0.4767,J,F,A
0.5,3750,-1,0.4764,J,F,A
1,3750,-1,0.4724,J,F,A
1.5,3750,-1,0.4697,J,F,A
2,3750,-1,0.4672,J,F,A
2.5,3750,-1,0.4533,J,F,A
3,3750,-1,0.3883,J,F,A
3.5,3750,-1,0.2976,J,F,A
4,3750,-1,0.2446,J,F,A
4.5,3750,-1,0.2219,J,F,A
5,3750,-1,0.2154,J,F,A
0,4000,-1,0.4446,J,F,A
0.5,4000,-1,0.4463,J,F,A
1,4000,-1,0.4448,J,F,A
1.5,4000,-1,0.4432,J,F,A
2,4000,-1,0.4422,J,F,A
2.5,4000,-1,0.4409,J,F,A
3,4000,-1,0.4365,J,F,A
3.5,4000,-1,0.399,J,F,A
4,4000,-1,0.3237,J,F,A
4.5,4000,-1,0.2591,J,F,A
5,4000,-1,0.2256,J,F,A
0,4250,-1,0.4098,J,F,A
0.5,4250,-1,0.4114,J,F,A
1,4250,-1,0.4146,J,F,A
1.5,4250,-1,0.4141,J,F,A
2,4250,-1,0.4134,J,F,A
2.5,4250,-1,0.4127,J,F,A
3,4250,-1,0.4123,J,F,A
3.5,4250,-1,0.4105,J,F,A
4,4250,-1,0.3906,J,F,A
4.5,4250,-1,0.3366,J,F,A
5,4250,-1,0.2751,J,F,A
0,4500,-1,0.375,J,F,A
0.5,4500,-1,0.3773,J,F,A
1,4500,-1,0.3797,J,F,A
1.5,4500,-1,0.3821,J,F,A
2,4500,-1,0.3842,J,F,A
2.5,4500,-1,0.3837,J,F,A
3,4500,-1,0.3846,J,F,A
3.5,4500,-1,0.3846,J,F,A
4,4500,-1,0.3814,J,F,A
4.5,4500,-1,0.375,J,F,A
5,4500,-1,0.3336,J,F,A
0,4750,-1,0.3465,J,F,A
0.5,4750,-1,0.3492,J,F,A
1,4750,-1,0.3505,J,F,A
1.5,4750,-1,0.3532,J,F,A
2,4750,-1,0.3549,J,F,A
2.5,4750,-1,0.3546,J,F,A
3,4750,-1,0.3561,J,F,A
3.5,4750,-1,0.3572,J,F,A
4,4750,-1,0.3575,J,F,A
4.5,4750,-1,0.3553,J,F,A
5,4750,-1,0.3472,J,F,A
0,5000,-1,0.3257,J,F,A
0.5,5000,-1,0.3271,J,F,A
1,5000,-1,0.3274,J,F,A
1.5,5000,-1,0.3271,J,F,A
2,5000,-1,0.3273,J,F,A
2.5,5000,-1,0.3284,J,F,A
3,5000,-1,0.3296,J,F,A
3.5,5000,-1,0.3308,J,F,A
4,5000,-1,0.3316,J,F,A
4.5,5000,-1,0.332,J,F,A
5,5000,-1,0.3283,J,F,A
0,5250,-1,0.3082,J,F,A
0.5,5250,-1,0.3102,J,F,A
1,5250,-1,0.3102,J,F,A
1.5,5250,-1,0.3089,J,F,A
2,5250,-1,0.3081,J,F,A
2.5,5250,-1,0.3073,J,F,A
3,5250,-1,0.3077,J,F,A
3.5,5250,-1,0.3081,J,F,A
4,5250,-1,0.3089,J,F,A
4.5,5250,-1,0.308,J,F,A
5,5250,-1,0.3069,J,F,A
0,5500,-1,0.3329,J,F,A
0.5,5500,-1,0.293,J,F,A
1,5500,-1,0.294,J,F,A
1.5,5500,-1,0.2949,J,F,A
2,5500,-1,0.294,J,F,A
2.5,5500,-1,0.2921,J,F,A
3,5500,-1,0.2916,J,F,A
3.5,5500,-1,0.2912,J,F,A
4,5500,-1,0.2898,J,F,A
4.5,5500,-1,0.2875,J,F,A
5,5500,-1,0.285,J,F,A
0,5750,-1,0.3257,J,F,A
0.5,5750,-1,0.3277,J,F,A
1,5750,-1,0.2781,J,F,A
1.5,5750,-1,0.2806,J,F,A
2,5750,-1,0.2809,J,F,A
2.5,5750,-1,0.2807,J,F,A
3,5750,-1,0.2799,J,F,A
3.5,5750,-1,0.2793,J,F,A
4,5750,-1,0.2781,J,F,A
4.5,5750,-1,0.2754,J,F,A
5,5750,-1,0.2738,J,F,A
0,6000,-1,0.3179,J,F,A
0.5,6000,-1,0.3163,J,F,A
1,6000,-1,0.3184,J,F,A
1.5,6000,-1,0.2648,J,F,A
2,6000,-1,0.2679,J,F,A
2.5,6000,-1,0.2693,J,F,A
3,6000,-1,0.27,J,F,A
3.5,6000,-1,0.2703,J,F,A
4,6000,-1,0.2689,J,F,A
4.5,6000,-1,0.2674,J,F,A
5,6000,-1,0.2632,J,F,A
0.5,6250,-1,0.3066,J,F,A
1,6250,-1,0.307,J,F,A
1.5,6250,-1,0.3094,J,F,A
2,6250,-1,0.2538,J,F,A
2.5,6250,-1,0.2571,J,F,A
3,6250,-1,0.2598,J,F,A
3.5,6250,-1,0.2613,J,F,A
4,6250,-1,0.2613,J,F,A
4.5,6250,-1,0.2609,J,F,A
5,6250,-1,0.2581,J,F,A
0.5,6500,-1,0.2985,J,F,A
1,6500,-1,0.2962,J,F,A
1.5,6500,-1,0.2976,J,F,A
2,6500,-1,0.3001,J,F,A
2.5,6500,-1,0.2433,J,F,A
3,6500,-1,0.2478,J,F,A
3.5,6500,-1,0.2514,J,F,A
4,6500,-1,0.2531,J,F,A
4.5,6500,-1,0.254,J,F,A
5,6500,-1,0.2523,J,F,A
0.5,6750,-1,0.2941,J,F,A
1,6750,-1,0.2865,J,F,A
1.5,6750,-1,0.2862,J,F,A
2,6750,-1,0.2881,J,F,A
2.5,6750,-1,0.2908,J,F,A
3,6750,-1,0.2359,J,F,A
3.5,6750,-1,0.2404,J,F,A
4,6750,-1,0.2437,J,F,A
4.5,6750,-1,0.2465,J,F,A
5,6750,-1,0.2469,J,F,A
0.5,7000,-1,0.2922,J,F,A
1,7000,-1,0.2797,J,F,A
1.5,7000,-1,0.2752,J,F,A
2,7000,-1,0.2768,J,F,A
2.5,7000,-1,0.2792,J,F,A
3,7000,-1,0.2821,J,F,A
3.5,7000,-1,0.2304,J,F,A
4,7000,-1,0.2343,J,F,A
4.5,7000,-1,0.2383,J,F,A
5,7000,-1,0.2405,J,F,A
0.5,7250,-1,0.2914,J,F,A
1,7250,-1,0.2745,J,F,A
1.5,7250,-1,0.2666,J,F,A
2,7250,-1,0.2649,J,F,A
2.5,7250,-1,0.2677,J,F,A
3,7250,-1,0.2711,J,F,A
3.5,7250,-1,0.2239,J,F,A
4,7250,-1,0.2244,J,F,A
4.5,7250,-1,0.2293,J,F,A
5,7250,-1,0.2328,J,F,A
0.5,7500,-1,0.2953,J,F,A
1,7500,-1,0.2703,J,F,A
1.5,7500,-1,0.2596,J,F,A
2,7500,-1,0.2548,J,F,A
2.5,7500,-1,0.2551,J,F,A
3,7500,-1,0.2595,J,F,A
3.5,7500,-1,0.2627,J,F,A
4,7500,-1,0.218,J,F,A
4.5,7500,-1,0.2206,J,F,A
5,7500,-1,0.224,J,F,A
1,7750,-1,0.2689,J,F,A
1.5,7750,-1,0.2538,J,F,A
2,7750,-1,0.2467,J,F,A
2.5,7750,-1,0.2442,J,F,A
3,7750,-1,0.2462,J,F,A
3.5,7750,-1,0.2514,J,F,A
4,7750,-1,0.2555,J,F,A
4.5,7750,-1,0.2155,J,F,A
5,7750,-1,0.2165,J,F,A
1,8000,-1,0.2703,J,F,A
1.5,8000,-1,0.2497,J,F,A
2,8000,-1,0.2401,J,F,A
2.5,8000,-1,0.2357,J,F,A
3,8000,-1,0.2348,J,F,A
3.5,8000,-1,0.2385,J,F,A
4,8000,-1,0.2448,J,F,A
4.5,8000,-1,0.2484,J,F,A
5,8000,-1,0.2092,J,F,A
1,8250,-1,0.2754,J,F,A
1.5,8250,-1,0.2476,J,F,A
2,8250,-1,0.2352,J,F,A
2.5,8250,-1,0.229,J,F,A
3,8250,-1,0.2267,J,F,A
3.5,8250,-1,0.2266,J,F,A
4,8250,-1,0.2318,J,F,A
4.5,8250,-1,0.2383,J,F,A
5,8250,-1,0.2409,J,F,A
1.5,8500,-1,0.247,J,F,A
2,8500,-1,0.2317,J,F,A
2.5,8500,-1,0.224,J,F,A
3,8500,-1,0.2203,J,F,A
3.5,8500,-1,0.2189,J,F,A
4,8500,-1,0.2201,J,F,A
4.5,8500,-1,0.2267,J,F,A
5,8500,-1,0.2319,J,F,A
1.5,8750,-1,0.2475,J,F,A
2,8750,-1,0.2287,J,F,A
2.5,8750,-1,0.2195,J,F,A
3,8750,-1,0.2149,J,F,A
3.5,8750,-1,0.2129,J,F,A
4,8750,-1,0.2125,J,F,A
4.5,8750,-1,0.2147,J,F,A
5,8750,-1,0.2222,J,F,A
1.5,9000,-1,0.2487,J,F,A
2,9000,-1,0.2268,J,F,A
2.5,9000,-1,0.2157,J,F,A
3,9000,-1,0.2102,J,F,A
3.5,9000,-1,0.2073,J,F,A
4,9000,-1,0.2064,J,F,A
4.5,9000,-1,0.2063,J,F,A
5,9000,-1,0.2069,J,F,A
2,9250,-1,0.2252,J,F,A
2.5,9250,-1,0.2127,J,F,A
3,9250,-1,0.206,J,F,A
3.5,9250,-1,0.2029,J,F,A
4,9250,-1,0.2014,J,F,A
4.5,9250,-1,0.2009,J,F,A
5,9250,-1,0.2007,J,F,A
2,9500,-1,0.2235,J,F,A
2.5,9500,-1,0.2098,J,F,A
3,9500,-1,0.2022,J,F,A
3.5,9500,-1,0.1985,J,F,A
4,9500,-1,0.1968,J,F,A
4.5,9500,-1,0.1961,J,F,A
5,9500,-1,0.1957,J,F,A
2,9750,-1,0.2219,J,F,A
2.5,9750,-1,0.2071,J,F,A
3,9750,-1,0.199,J,F,A
3.5,9750,-1,0.1945,J,F,A
4,9750,-1,0.1925,J,F,A
4.5,9750,-1,0.1917,J,F,A
5,9750,-1,0.1909,J,F,A
2,10000,-1,0.2202,J,F,A
2.5,10000,-1,0.2048,J,F,A
3,10000,-1,0.196,J,F,A
3.5,10000,-1,0.1914,J,F,A
4,10000,-1,0.1886,J,F,A
4.5,10000,-1,0.1874,J,F,A
5,10000,-1,0.1871,J,F,A
2,10500,-1,0.2167,J,F,A
2.5,10500,-1,0.2001,J,F,A
3,10500,-1,0.1909,J,F,A
3.5,10500,-1,0.1857,J,F,A
4,10500,-1,0.1825,J,F,A
4.5,10500,-1,0.1806,J,F,A
5,10500,-1,0.1795,J,F,A
2.5,11000,-1,0.1953,J,F,A
3,11000,-1,0.186,J,F,A
3.5,11000,-1,0.1807,J,F,A
4,11000,-1,0.1776,J,F,A
4.5,11000,-1,0.1754,J,F,A
5,11000,-1,0.1739,J,F,A
2.5,11500,-1,0.1912,J,F,A
3,11500,-1,0.1811,J,F,A
3.5,11500,-1,0.1759,J,F,A
4,11500,-1,0.1728,J,F,A
4.5,11500,-1,0.171,J,F,A
5,11500,-1,0.1694,J,F,A
2.5,12000,-1,0.1874,J,F,A
3,12000,-1,0.1766,J,F,A
3.5,12000,-1,0.1714,J,F,A
4,12000,-1,0.1686,J,F,A
4.5,12000,-1,0.1668,J,F,A
5,12000,-1,0.1654,J,F,A
2.5,12500,-1,0.1846,J,F,A
3,12500,-1,0.1726,J,F,A
3.5,12500,-1,0.167,J,F,A
4,12500,-1,0.1642,J,F,A
4.5,12500,-1,0.1628,J,F,A
5,12500,-1,0.1619,J,F,A
2.5,13000,-1,0.1826,J,F,A
3,13000,-1,0.1692,J,F,A
3.5,13000,-1,0.1629,J,F,A
4,13000,-1,0.1602,J,F,A
4.5,13000,-1,0.1589,J,F,A
5,13000,-1,0.1581,J,F,A
2,14000,-1,0.2138,J,F,A
2.5,14000,-1,0.1799,J,F,A
3,14000,-1,0.1639,J,F,A
3.5,14000,-1,0.1564,J,F,A
4,14000,-1,0.1527,J,F,A
4.5,14000,-1,0.1515,J,F,A
5,14000,-1,0.1509,J,F,A
2.5,15000,-1,0.1791,J,F,A
3,15000,-1,0.1604,J,F,A
3.5,15000,-1,0.1513,J,F,A
4,15000,-1,0.1468,J,F,A
4.5,15000,-1,0.1449,J,F,A
5,15000,-1,0.1442,J,F,A
2.5,16000,-1,0.1794,J,F,A
3,16000,-1,0.158,J,F,A
3.5,16000,-1,0.1475,J,F,A
4,16000,-1,0.1422,J,F,A
4.5,16000,-1,0.1396,J,F,A
5,16000,-1,0.1388,J,F,A
2.5,17000,-1,0.1808,J,F,A
3,17000,-1,0.1564,J,F,A
3.5,17000,-1,0.1446,J,F,A
4,17000,-1,0.1385,J,F,A
4.5,17000,-1,0.1355,J,F,A
5,17000,-1,0.1341,J,F,A
2.5,18000,-1,0.1838,J,F,A
3,18000,-1,0.1549,J,F,A
3.5,18000,-1,0.1419,J,F,A
4,18000,-1,0.1352,J,F,A
4.5,18000,-1,0.132,J,F,A
5,18000,-1,0.1302,J,F,A
2.5,19000,-1,0.1889,J,F,A
3,19000,-1,0.1543,J,F,A
3.5,19000,-1,0.1395,J,F,A
4,19000,-1,0.1324,J,F,A
4.5,19000,-1,0.1287,J,F,A
5,19000,-1,0.127,J,F,A
3,20000,-1,0.1544,J,F,A
3.5,20000,-1,0.1377,J,F,A
4,20000,-1,0.1298,J,F,A
4.5,20000,-1,0.1259,J,F,A
5,20000,-1,0.124,J,F,A
3,21000,-1,0.1553,J,F,A
3.5,21000,-1,0.1362,J,F,A
4,21000,-1,0.1272,J,F,A
4.5,21000,-1,0.123,J,F,A
5,21000,-1,0.1213,J,F,A
3,22000,-1,0.1566,J,F,A
3.5,22000,-1,0.1356,J,F,A
4,22000,-1,0.1255,J,F,A
4.5,22000,-1,0.1209,J,F,A
5,22000,-1,0.1192,J,F,A
3,23000,-1,0.1581,J,F,A
3.5,23000,-1,0.1355,J,F,A
4,23000,-1,0.1246,J,F,A
4.5,23000,-1,0.1193,J,F,A
5,23000,-1,0.1172,J,F,A
3,24000,-1,0.1612,J,F,A
3.5,24000,-1,0.1354,J,F,A
4,24000,-1,0.1242,J,F,A
4.5,24000,-1,0.1183,J,F,A
5,24000,-1,0.1157,J,F,A
3,25000,-1,0.1666,J,F,A
3.5,25000,-1,0.1359,J,F,A
4,25000,-1,0.1238,J,F,A
4.5,25000,-1,0.1179,J,F,A
5,25000,-1,0.1149,J,F,A
3,26000,-1,0.1735,J,F,A
3.5,26000,-1,0.137,J,F,A
4,26000,-1,0.1235,J,F,A
4.5,26000,-1,0.1175,J,F,A
5,26000,-1,0.1145,J,F,A
3.5,27000,-1,0.1393,J,F,A
4,27000,-1,0.1235,J,F,A
4.5,27000,-1,0.1168,J,F,A
5,27000,-1,0.114,J,F,A
3.5,28000,-1,0.1414,J,F,A
4,28000,-1,0.1242,J,F,A
4.5,28000,-1,0.1165,J,F,A
5,28000,-1,0.1133,J,F,A
3.5,29000,-1,0.1419,J,F,A
4,29000,-1,0.1247,J,F,A
4.5,29000,-1,0.1163,J,F,A
5,29000,-1,0.1127,J,F,A
3.5,30000,-1,0.1405,J,F,A
4,30000,-1,0.1243,J,F,A
4.5,30000,-1,0.1157,J,F,A
5,30000,-1,0.1117,J,F,A
3.5,31000,-1,0.1393,J,F,A
4,31000,-1,0.1224,J,F,A
4.5,31000,-1,0.1144,J,F,A
5,31000,-1,0.1101,J,F,A
4,32000,-1,0.1197,J,F,A
4.5,32000,-1,0.1119,J,F,A
5,32000,-1,0.1077,J,F,A
4,33000,-1,0.1169,J,F,A
4.5,33000,-1,0.1086,J,F,A
5,33000,-1,0.1046,J,F,A
4,34000,-1,0.1138,J,F,A
4.5,34000,-1,0.1053,J,F,A
5,34000,-1,0.1009,J,F,A
4,35000,-1,0.11,J,F,A
4.5,35000,-1,0.1017,J,F,A
5,35000,-1,0.0972,J,F,A
4.5,37500,-1,0.0905,J,F,A
5,37500,-1,0.087,J,F,A
4.5,40000,-1,0.0811,J,F,A
5,40000,-1,0.0755,J,F,A
5,42500,-1,0.069,J,F,A
5,45000,-1,0.0662,J,F,A
5,47500,-1,0.0651,J,F,A
5,50000,-1,0.0644,J,F,A
0,3500,-0.5,0.4952,J,F,A
0.5,3500,-0.5,0.4882,J,F,A
1,3500,-0.5,0.4814,J,F,A
1.5,3500,-0.5,0.4755,J,F,A
2,3500,-0.5,0.4694,J,F,A
2.5,3500,-0.5,0.4429,J,F,A
3,3500,-0.5,0.3517,J,F,A
3.5,3500,-0.5,0.2749,J,F,A
4,3500,-0.5,0.2397,J,F,A
4.5,3500,-0.5,0.2285,J,F,A
5,3500,-0.5,0.2227,J,F,A
0,3750,-0.5,0.4858,J,F,A
0.5,3750,-0.5,0.4839,J,F,A
1,3750,-0.5,0.4809,J,F,A
1.5,3750,-0.5,0.4779,J,F,A
2,3750,-0.5,0.4751,J,F,A
2.5,3750,-0.5,0.4711,J,F,A
3,3750,-0.5,0.4496,J,F,A
3.5,3750,-0.5,0.3715,J,F,A
4,3750,-0.5,0.2875,J,F,A
4.5,3750,-0.5,0.2431,J,F,A
5,3750,-0.5,0.2242,J,F,A
0,4000,-0.5,0.4567,J,F,A
0.5,4000,-0.5,0.4588,J,F,A
1,4000,-0.5,0.4588,J,F,A
1.5,4000,-0.5,0.458,J,F,A
2,4000,-0.5,0.4583,J,F,A
2.5,4000,-0.5,0.4575,J,F,A
3,4000,-0.5,0.4556,J,F,A
3.5,4000,-0.5,0.4428,J,F,A
4,4000,-0.5,0.3839,J,F,A
4.5,4000,-0.5,0.3042,J,F,A
5,4000,-0.5,0.2504,J,F,A
0,4250,-0.5,0.4219,J,F,A
0.5,4250,-0.5,0.4251,J,F,A
1,4250,-0.5,0.4271,J,F,A
1.5,4250,-0.5,0.4302,J,F,A
2,4250,-0.5,0.431,J,F,A
2.5,4250,-0.5,0.4323,J,F,A
3,4250,-0.5,0.433,J,F,A
3.5,4250,-0.5,0.4322,J,F,A
4,4250,-0.5,0.4259,J,F,A
4.5,4250,-0.5,0.3854,J,F,A
5,4250,-0.5,0.3185,J,F,A
0,4500,-0.5,0.3895,J,F,A
0.5,4500,-0.5,0.3931,J,F,A
1,4500,-0.5,0.3962,J,F,A
1.5,4500,-0.5,0.4002,J,F,A
2,4500,-0.5,0.4018,J,F,A
2.5,4500,-0.5,0.4039,J,F,A
3,4500,-0.5,0.4059,J,F,A
3.5,4500,-0.5,0.4073,J,F,A
4,4500,-0.5,0.4072,J,F,A
4.5,4500,-0.5,0.4035,J,F,A
5,4500,-0.5,0.3769,J,F,A
0,4750,-0.5,0.3624,J,F,A
0.5,4750,-0.5,0.3633,J,F,A
1,4750,-0.5,0.3689,J,F,A
1.5,4750,-0.5,0.3708,J,F,A
2,4750,-0.5,0.3733,J,F,A
2.5,4750,-0.5,0.3753,J,F,A
3,4750,-0.5,0.3775,J,F,A
3.5,4750,-0.5,0.3812,J,F,A
4,4750,-0.5,0.3827,J,F,A
4.5,4750,-0.5,0.3823,J,F,A
5,4750,-0.5,0.3792,J,F,A
0,5000,-0.5,0.333,J,F,A
0.5,5000,-0.5,0.3373,J,F,A
1,5000,-0.5,0.3408,J,F,A
1.5,5000,-0.5,0.3447,J,F,A
2,5000,-0.5,0.3468,J,F,A
2.5,5000,-0.5,0.3477,J,F,A
3,5000,-0.5,0.3507,J,F,A
3.5,5000,-0.5,0.3544,J,F,A
4,5000,-0.5,0.3566,J,F,A
4.5,5000,-0.5,0.3573,J,F,A
5,5000,-0.5,0.3571,J,F,A
0,5250,-0.5,0.3099,J,F,A
0.5,5250,-0.5,0.3138,J,F,A
1,5250,-0.5,0.3166,J,F,A
1.5,5250,-0.5,0.3189,J,F,A
2,5250,-0.5,0.3199,J,F,A
2.5,5250,-0.5,0.323,J,F,A
3,5250,-0.5,0.3264,J,F,A
3.5,5250,-0.5,0.3294,J,F,A
4,5250,-0.5,0.3321,J,F,A
4.5,5250,-0.5,0.3334,J,F,A
5,5250,-0.5,0.3332,J,F,A
0,5500,-0.5,0.2908,J,F,A
0.5,5500,-0.5,0.293,J,F,A
1,5500,-0.5,0.2964,J,F,A
1.5,5500,-0.5,0.2986,J,F,A
2,5500,-0.5,0.3004,J,F,A
2.5,5500,-0.5,0.3034,J,F,A
3,5500,-0.5,0.3047,J,F,A
3.5,5500,-0.5,0.3075,J,F,A
4,5500,-0.5,0.3101,J,F,A
4.5,5500,-0.5,0.3115,J,F,A
5,5500,-0.5,0.3114,J,F,A
0,5750,-0.5,0.3098,J,F,A
0.5,5750,-0.5,0.2804,J,F,A
1,5750,-0.5,0.2773,J,F,A
1.5,5750,-0.5,0.2809,J,F,A
2,5750,-0.5,0.2836,J,F,A
2.5,5750,-0.5,0.2853,J,F,A
3,5750,-0.5,0.2873,J,F,A
3.5,5750,-0.5,0.2896,J,F,A
4,5750,-0.5,0.2917,J,F,A
4.5,5750,-0.5,0.2931,J,F,A
5,5750,-0.5,0.2932,J,F,A
0,6000,-0.5,0.3094,J,F,A
0.5,6000,-0.5,0.2999,J,F,A
1,6000,-0.5,0.276,J,F,A
1.5,6000,-0.5,0.2649,J,F,A
2,6000,-0.5,0.269,J,F,A
2.5,6000,-0.5,0.2716,J,F,A
3,6000,-0.5,0.2728,J,F,A
3.5,6000,-0.5,0.2747,J,F,A
4,6000,-0.5,0.277,J,F,A
4.5,6000,-0.5,0.2778,J,F,A
5,6000,-0.5,0.2777,J,F,A
0.5,6250,-0.5,0.2971,J,F,A
1,6250,-0.5,0.2857,J,F,A
1.5,6250,-0.5,0.2649,J,F,A
2,6250,-0.5,0.2518,J,F,A
2.5,6250,-0.5,0.2562,J,F,A
3,6250,-0.5,0.2591,J,F,A
3.5,6250,-0.5,0.2622,J,F,A
4,6250,-0.5,0.2649,J,F,A
4.5,6250,-0.5,0.2658,J,F,A
5,6250,-0.5,0.2658,J,F,A
0.5,6500,-0.5,0.2955,J,F,A
1,6500,-0.5,0.2855,J,F,A
1.5,6500,-0.5,0.2733,J,F,A
2,6500,-0.5,0.2493,J,F,A
2.5,6500,-0.5,0.2409,J,F,A
3,6500,-0.5,0.2463,J,F,A
3.5,6500,-0.5,0.2509,J,F,A
4,6500,-0.5,0.2546,J,F,A
4.5,6500,-0.5,0.2556,J,F,A
5,6500,-0.5,0.2564,J,F,A
0.5,6750,-0.5,0.2923,J,F,A
1,6750,-0.5,0.2835,J,F,A
1.5,6750,-0.5,0.2751,J,F,A
2,6750,-0.5,0.2611,J,F,A
2.5,6750,-0.5,0.2396,J,F,A
3,6750,-0.5,0.2344,J,F,A
3.5,6750,-0.5,0.2396,J,F,A
4,6750,-0.5,0.2441,J,F,A
4.5,6750,-0.5,0.2467,J,F,A
5,6750,-0.5,0.2484,J,F,A
0.5,7000,-0.5,0.2902,J,F,A
1,7000,-0.5,0.2781,J,F,A
1.5,7000,-0.5,0.2728,J,F,A
2,7000,-0.5,0.264,J,F,A
2.5,7000,-0.5,0.2471,J,F,A
3,7000,-0.5,0.2249,J,F,A
3.5,7000,-0.5,0.2294,J,F,A
4,7000,-0.5,0.2338,J,F,A
4.5,7000,-0.5,0.2372,J,F,A
5,7000,-0.5,0.2402,J,F,A
0.5,7250,-0.5,0.2879,J,F,A
1,7250,-0.5,0.2704,J,F,A
1.5,7250,-0.5,0.2627,J,F,A
2,7250,-0.5,0.2601,J,F,A
2.5,7250,-0.5,0.2505,J,F,A
3,7250,-0.5,0.233,J,F,A
3.5,7250,-0.5,0.2172,J,F,A
4,7250,-0.5,0.2211,J,F,A
4.5,7250,-0.5,0.225,J,F,A
5,7250,-0.5,0.2292,J,F,A
0.5,7500,-0.5,0.2927,J,F,A
1,7500,-0.5,0.2668,J,F,A
1.5,7500,-0.5,0.2558,J,F,A
2,7500,-0.5,0.2511,J,F,A
2.5,7500,-0.5,0.2501,J,F,A
3,7500,-0.5,0.2396,J,F,A
3.5,7500,-0.5,0.2197,J,F,A
4,7500,-0.5,0.2125,J,F,A
4.5,7500,-0.5,0.2166,J,F,A
5,7500,-0.5,0.2201,J,F,A
1,7750,-0.5,0.2658,J,F,A
1.5,7750,-0.5,0.2504,J,F,A
2,7750,-0.5,0.2433,J,F,A
2.5,7750,-0.5,0.2406,J,F,A
3,7750,-0.5,0.2411,J,F,A
3.5,7750,-0.5,0.2284,J,F,A
4,7750,-0.5,0.2091,J,F,A
4.5,7750,-0.5,0.2076,J,F,A
5,7750,-0.5,0.2126,J,F,A
1,8000,-0.5,0.2685,J,F,A
1.5,8000,-0.5,0.247,J,F,A
2,8000,-0.5,0.2371,J,F,A
2.5,8000,-0.5,0.2325,J,F,A
3,8000,-0.5,0.2312,J,F,A
3.5,8000,-0.5,0.2323,J,F,A
4,8000,-0.5,0.2182,J,F,A
4.5,8000,-0.5,0.2049,J,F,A
5,8000,-0.5,0.2055,J,F,A
1,8250,-0.5,0.2751,J,F,A
1.5,8250,-0.5,0.2456,J,F,A
2,8250,-0.5,0.2324,J,F,A
2.5,8250,-0.5,0.226,J,F,A
3,8250,-0.5,0.2232,J,F,A
3.5,8250,-0.5,0.2229,J,F,A
4,8250,-0.5,0.2241,J,F,A
4.5,8250,-0.5,0.2096,J,F,A
5,8250,-0.5,0.1979,J,F,A
1,8500,-0.5,0.2843,J,F,A
1.5,8500,-0.5,0.2462,J,F,A
2,8500,-0.5,0.2297,J,F,A
2.5,8500,-0.5,0.2211,J,F,A
3,8500,-0.5,0.2169,J,F,A
3.5,8500,-0.5,0.2153,J,F,A
4,8500,-0.5,0.2158,J,F,A
4.5,8500,-0.5,0.216,J,F,A
5,8500,-0.5,0.2017,J,F,A
1.5,8750,-0.5,0.2477,J,F,A
2,8750,-0.5,0.2278,J,F,A
2.5,8750,-0.5,0.2175,J,F,A
3,8750,-0.5,0.2121,J,F,A
3.5,8750,-0.5,0.2094,J,F,A
4,8750,-0.5,0.2085,J,F,A
4.5,8750,-0.5,0.2101,J,F,A
5,8750,-0.5,0.2073,J,F,A
1.5,9000,-0.5,0.252,J,F,A
2,9000,-0.5,0.229,J,F,A
2.5,9000,-0.5,0.2172,J,F,A
3,9000,-0.5,0.2104,J,F,A
3.5,9000,-0.5,0.2069,J,F,A
4,9000,-0.5,0.2051,J,F,A
4.5,9000,-0.5,0.2044,J,F,A
5,9000,-0.5,0.2049,J,F,A
2,9250,-0.5,0.2281,J,F,A
2.5,9250,-0.5,0.2149,J,F,A
3,9250,-0.5,0.2073,J,F,A
3.5,9250,-0.5,0.2029,J,F,A
4,9250,-0.5,0.2006,J,F,A
4.5,9250,-0.5,0.1994,J,F,A
5,9250,-0.5,0.199,J,F,A
2,9500,-0.5,0.2268,J,F,A
2.5,9500,-0.5,0.2126,J,F,A
3,9500,-0.5,0.2045,J,F,A
3.5,9500,-0.5,0.1997,J,F,A
4,9500,-0.5,0.1968,J,F,A
4.5,9500,-0.5,0.195,J,F,A
5,9500,-0.5,0.1942,J,F,A
2,9750,-0.5,0.2252,J,F,A
2.5,9750,-0.5,0.2103,J,F,A
3,9750,-0.5,0.2016,J,F,A
3.5,9750,-0.5,0.1963,J,F,A
4,9750,-0.5,0.1934,J,F,A
4.5,9750,-0.5,0.1915,J,F,A
5,9750,-0.5,0.19,J,F,A
2,10000,-0.5,0.2234,J,F,A
2.5,10000,-0.5,0.2078,J,F,A
3,10000,-0.5,0.199,J,F,A
3.5,10000,-0.5,0.1936,J,F,A
4,10000,-0.5,0.1902,J,F,A
4.5,10000,-0.5,0.1882,J,F,A
5,10000,-0.5,0.1865,J,F,A
2,10500,-0.5,0.2191,J,F,A
2.5,10500,-0.5,0.2025,J,F,A
3,10500,-0.5,0.1934,J,F,A
3.5,10500,-0.5,0.1879,J,F,A
4,10500,-0.5,0.1841,J,F,A
4.5,10500,-0.5,0.1818,J,F,A
5,10500,-0.5,0.1802,J,F,A
2.5,11000,-0.5,0.197,J,F,A
3,11000,-0.5,0.1877,J,F,A
3.5,11000,-0.5,0.1823,J,F,A
4,11000,-0.5,0.1789,J,F,A
4.5,11000,-0.5,0.1761,J,F,A
5,11000,-0.5,0.1744,J,F,A
2.5,11500,-0.5,0.1921,J,F,A
3,11500,-0.5,0.1822,J,F,A
3.5,11500,-0.5,0.1771,J,F,A
4,11500,-0.5,0.1739,J,F,A
4.5,11500,-0.5,0.1716,J,F,A
5,11500,-0.5,0.1696,J,F,A
2.5,12000,-0.5,0.188,J,F,A
3,12000,-0.5,0.1771,J,F,A
3.5,12000,-0.5,0.1719,J,F,A
4,12000,-0.5,0.1691,J,F,A
4.5,12000,-0.5,0.1673,J,F,A
5,12000,-0.5,0.1654,J,F,A
2.5,12500,-0.5,0.1849,J,F,A
3,12500,-0.5,0.1727,J,F,A
3.5,12500,-0.5,0.1667,J,F,A
4,12500,-0.5,0.1641,J,F,A
4.5,12500,-0.5,0.1627,J,F,A
5,12500,-0.5,0.1614,J,F,A
2.5,13000,-0.5,0.1827,J,F,A
3,13000,-0.5,0.169,J,F,A
3.5,13000,-0.5,0.1627,J,F,A
4,13000,-0.5,0.1596,J,F,A
4.5,13000,-0.5,0.1582,J,F,A
5,13000,-0.5,0.1577,J,F,A
2,14000,-0.5,0.2155,J,F,A
2.5,14000,-0.5,0.1797,J,F,A
3,14000,-0.5,0.1633,J,F,A
3.5,14000,-0.5,0.1554,J,F,A
4,14000,-0.5,0.1518,J,F,A
4.5,14000,-0.5,0.1503,J,F,A
5,14000,-0.5,0.1497,J,F,A
2.5,15000,-0.5,0.1789,J,F,A
3,15000,-0.5,0.1597,J,F,A
3.5,15000,-0.5,0.1499,J,F,A
4,15000,-0.5,0.1454,J,F,A
4.5,15000,-0.5,0.143,J,F,A
5,15000,-0.5,0.1425,J,F,A
2.5,16000,-0.5,0.1796,J,F,A
3,16000,-0.5,0.1574,J,F,A
3.5,16000,-0.5,0.1462,J,F,A
4,16000,-0.5,0.1406,J,F,A
4.5,16000,-0.5,0.1378,J,F,A
5,16000,-0.5,0.1366,J,F,A
2.5,17000,-0.5,0.1823,J,F,A
3,17000,-0.5,0.1559,J,F,A
3.5,17000,-0.5,0.1434,J,F,A
4,17000,-0.5,0.1367,J,F,A
4.5,17000,-0.5,0.1335,J,F,A
5,17000,-0.5,0.132,J,F,A
2.5,18000,-0.5,0.1868,J,F,A
3,18000,-0.5,0.1552,J,F,A
3.5,18000,-0.5,0.1409,J,F,A
4,18000,-0.5,0.1337,J,F,A
4.5,18000,-0.5,0.1301,J,F,A
5,18000,-0.5,0.1282,J,F,A
2.5,19000,-0.5,0.1928,J,F,A
3,19000,-0.5,0.1557,J,F,A
3.5,19000,-0.5,0.1394,J,F,A
4,19000,-0.5,0.1313,J,F,A
4.5,19000,-0.5,0.127,J,F,A
5,19000,-0.5,0.125,J,F,A
3,20000,-0.5,0.1566,J,F,A
3.5,20000,-0.5,0.138,J,F,A
4,20000,-0.5,0.129,J,F,A
4.5,20000,-0.5,0.1246,J,F,A
5,20000,-0.5,0.1225,J,F,A
3,21000,-0.5,0.1577,J,F,A
3.5,21000,-0.5,0.1375,J,F,A
4,21000,-0.5,0.1273,J,F,A
4.5,21000,-0.5,0.1223,J,F,A
5,21000,-0.5,0.1201,J,F,A
3,22000,-0.5,0.1589,J,F,A
3.5,22000,-0.5,0.1371,J,F,A
4,22000,-0.5,0.1261,J,F,A
4.5,22000,-0.5,0.1208,J,F,A
5,22000,-0.5,0.1181,J,F,A
3,23000,-0.5,0.1601,J,F,A
3.5,23000,-0.5,0.1367,J,F,A
4,23000,-0.5,0.1254,J,F,A
4.5,23000,-0.5,0.1194,J,F,A
5,23000,-0.5,0.1167,J,F,A
3,24000,-0.5,0.1634,J,F,A
3.5,24000,-0.5,0.1364,J,F,A
4,24000,-0.5,0.1246,J,F,A
4.5,24000,-0.5,0.1185,J,F,A
5,24000,-0.5,0.1154,J,F,A
3,25000,-0.5,0.1693,J,F,A
3.5,25000,-0.5,0.1365,J,F,A
4,25000,-0.5,0.1243,J,F,A
4.5,25000,-0.5,0.118,J,F,A
5,25000,-0.5,0.1148,J,F,A
3,26000,-0.5,0.1767,J,F,A
3.5,26000,-0.5,0.1378,J,F,A
4,26000,-0.5,0.1235,J,F,A
4.5,26000,-0.5,0.1175,J,F,A
5,26000,-0.5,0.1144,J,F,A
3.5,27000,-0.5,0.1401,J,F,A
4,27000,-0.5,0.1236,J,F,A
4.5,27000,-0.5,0.1168,J,F,A
5,27000,-0.5,0.1139,J,F,A
3.5,28000,-0.5,0.1425,J,F,A
4,28000,-0.5,0.1244,J,F,A
4.5,28000,-0.5,0.1162,J,F,A
5,28000,-0.5,0.1134,J,F,A
3.5,29000,-0.5,0.1438,J,F,A
4,29000,-0.5,0.1249,J,F,A
4.5,29000,-0.5,0.1164,J,F,A
5,29000,-0.5,0.1123,J,F,A
3.5,30000,-0.5,0.1433,J,F,A
4,30000,-0.5,0.1251,J,F,A
4.5,30000,-0.5,0.116,J,F,A
5,30000,-0.5,0.1114,J,F,A
3.5,31000,-0.5,0.1428,J,F,A
4,31000,-0.5,0.1238,J,F,A
4.5,31000,-0.5,0.1148,J,F,A
5,31000,-0.5,0.1102,J,F,A
4,32000,-0.5,0.1214,J,F,A
4.5,32000,-0.5,0.1128,J,F,A
5,32000,-0.5,0.1082,J,F,A
4,33000,-0.5,0.1192,J,F,A
4.5,33000,-0.5,0.11,J,F,A
5,33000,-0.5,0.1055,J,F,A
4,34000,-0.5,0.1166,J,F,A
4.5,34000,-0.5,0.107,J,F,A
5,34000,-0.5,0.1022,J,F,A
4,35000,-0.5,0.1132,J,F,A
4.5,35000,-0.5,0.1038,J,F,A
5,35000,-0.5,0.0988,J,F,A
4.5,37500,-0.5,0.0938,J,F,A
5,37500,-0.5,0.0895,J,F,A
4.5,40000,-0.5,0.0859,J,F,A
5,40000,-0.5,0.0794,J,F,A
5,42500,-0.5,0.0737,J,F,A
5,45000,-0.5,0.071,J,F,A
5,47500,-0.5,0.0698,J,F,A
5,50000,-0.5,0.0688,J,F,A
0,3500,-0.3,0.4925,J,F,A
0.5,3500,-0.3,0.4843,J,F,A
1,3500,-0.3,0.4767,J,F,A
1.5,3500,-0.3,0.4706,J,F,A
2,3500,-0.3,0.4646,J,F,A
2.5,3500,-0.3,0.4543,J,F,A
3,3500,-0.3,0.3937,J,F,A
3.5,3500,-0.3,0.3011,J,F,A
4,3500,-0.3,0.2515,J,F,A
4.5,3500,-0.3,0.2301,J,F,A
5,3500,-0.3,0.2229,J,F,A
0,3750,-0.3,0.4887,J,F,A
0.5,3750,-0.3,0.4858,J,F,A
1,3750,-0.3,0.4827,J,F,A
1.5,3750,-0.3,0.4786,J,F,A
2,3750,-0.3,0.4743,J,F,A
2.5,3750,-0.3,0.47,J,F,A
3,3750,-0.3,0.46,J,F,A
3.5,3750,-0.3,0.4051,J,F,A
4,3750,-0.3,0.3143,J,F,A
4.5,3750,-0.3,0.2567,J,F,A
5,3750,-0.3,0.2306,J,F,A
0,4000,-0.3,0.4613,J,F,A
0.5,4000,-0.3,0.4624,J,F,A
1,4000,-0.3,0.4632,J,F,A
1.5,4000,-0.3,0.4636,J,F,A
2,4000,-0.3,0.4616,J,F,A
2.5,4000,-0.3,0.4601,J,F,A
3,4000,-0.3,0.4584,J,F,A
3.5,4000,-0.3,0.4518,J,F,A
4,4000,-0.3,0.4083,J,F,A
4.5,4000,-0.3,0.3283,J,F,A
5,4000,-0.3,0.2655,J,F,A
0,4250,-0.3,0.4283,J,F,A
0.5,4250,-0.3,0.4304,J,F,A
1,4250,-0.3,0.4346,J,F,A
1.5,4250,-0.3,0.4352,J,F,A
2,4250,-0.3,0.436,J,F,A
2.5,4250,-0.3,0.4371,J,F,A
3,4250,-0.3,0.4375,J,F,A
3.5,4250,-0.3,0.4372,J,F,A
4,4250,-0.3,0.4339,J,F,A
4.5,4250,-0.3,0.4035,J,F,A
5,4250,-0.3,0.3392,J,F,A
0,4500,-0.3,0.396,J,F,A
0.5,4500,-0.3,0.3987,J,F,A
1,4500,-0.3,0.4012,J,F,A
1.5,4500,-0.3,0.4046,J,F,A
2,4500,-0.3,0.4077,J,F,A
2.5,4500,-0.3,0.4099,J,F,A
3,4500,-0.3,0.4119,J,F,A
3.5,4500,-0.3,0.4132,J,F,A
4,4500,-0.3,0.4134,J,F,A
4.5,4500,-0.3,0.4117,J,F,A
5,4500,-0.3,0.3916,J,F,A
0,4750,-0.3,0.3659,J,F,A
0.5,4750,-0.3,0.3695,J,F,A
1,4750,-0.3,0.3739,J,F,A
1.5,4750,-0.3,0.3767,J,F,A
2,4750,-0.3,0.379,J,F,A
2.5,4750,-0.3,0.3821,J,F,A
3,4750,-0.3,0.385,J,F,A
3.5,4750,-0.3,0.3874,J,F,A
4,4750,-0.3,0.3893,J,F,A
4.5,4750,-0.3,0.39,J,F,A
5,4750,-0.3,0.3882,J,F,A
0,5000,-0.3,0.3377,J,F,A
0.5,5000,-0.3,0.3421,J,F,A
1,5000,-0.3,0.3476,J,F,A
1.5,5000,-0.3,0.3503,J,F,A
2,5000,-0.3,0.3523,J,F,A
2.5,5000,-0.3,0.3557,J,F,A
3,5000,-0.3,0.3584,J,F,A
3.5,5000,-0.3,0.3618,J,F,A
4,5000,-0.3,0.3645,J,F,A
4.5,5000,-0.3,0.3663,J,F,A
5,5000,-0.3,0.3667,J,F,A
0,5250,-0.3,0.3128,J,F,A
0.5,5250,-0.3,0.3184,J,F,A
1,5250,-0.3,0.3228,J,F,A
1.5,5250,-0.3,0.3246,J,F,A
2,5250,-0.3,0.329,J,F,A
2.5,5250,-0.3,0.3308,J,F,A
3,5250,-0.3,0.334,J,F,A
3.5,5250,-0.3,0.3371,J,F,A
4,5250,-0.3,0.3405,J,F,A
4.5,5250,-0.3,0.3425,J,F,A
5,5250,-0.3,0.3433,J,F,A
0,5500,-0.3,0.3358,J,F,A
0.5,5500,-0.3,0.2938,J,F,A
1,5500,-0.3,0.2976,J,F,A
1.5,5500,-0.3,0.3013,J,F,A
2,5500,-0.3,0.3035,J,F,A
2.5,5500,-0.3,0.307,J,F,A
3,5500,-0.3,0.3114,J,F,A
3.5,5500,-0.3,0.3144,J,F,A
4,5500,-0.3,0.3181,J,F,A
4.5,5500,-0.3,0.3207,J,F,A
5,5500,-0.3,0.321,J,F,A
0,5750,-0.3,0.3237,J,F,A
0.5,5750,-0.3,0.3255,J,F,A
1,5750,-0.3,0.2769,J,F,A
1.5,5750,-0.3,0.2816,J,F,A
2,5750,-0.3,0.2866,J,F,A
2.5,5750,-0.3,0.2885,J,F,A
3,5750,-0.3,0.2918,J,F,A
3.5,5750,-0.3,0.2949,J,F,A
4,5750,-0.3,0.299,J,F,A
4.5,5750,-0.3,0.3008,J,F,A
5,5750,-0.3,0.3021,J,F,A
0,6000,-0.3,0.3143,J,F,A
0.5,6000,-0.3,0.3132,J,F,A
1,6000,-0.3,0.3158,J,F,A
1.5,6000,-0.3,0.2639,J,F,A
2,6000,-0.3,0.2689,J,F,A
2.5,6000,-0.3,0.2715,J,F,A
3,6000,-0.3,0.275,J,F,A
3.5,6000,-0.3,0.2783,J,F,A
4,6000,-0.3,0.2817,J,F,A
4.5,6000,-0.3,0.2831,J,F,A
5,6000,-0.3,0.2844,J,F,A
0.5,6250,-0.3,0.303,J,F,A
1,6250,-0.3,0.3036,J,F,A
1.5,6250,-0.3,0.306,J,F,A
2,6250,-0.3,0.252,J,F,A
2.5,6250,-0.3,0.2564,J,F,A
3,6250,-0.3,0.26,J,F,A
3.5,6250,-0.3,0.2641,J,F,A
4,6250,-0.3,0.2677,J,F,A
4.5,6250,-0.3,0.269,J,F,A
5,6250,-0.3,0.2704,J,F,A
0.5,6500,-0.3,0.2948,J,F,A
1,6500,-0.3,0.2928,J,F,A
1.5,6500,-0.3,0.2945,J,F,A
2,6500,-0.3,0.2969,J,F,A
2.5,6500,-0.3,0.2419,J,F,A
3,6500,-0.3,0.2466,J,F,A
3.5,6500,-0.3,0.2512,J,F,A
4,6500,-0.3,0.255,J,F,A
4.5,6500,-0.3,0.2567,J,F,A
5,6500,-0.3,0.2587,J,F,A
0.5,6750,-0.3,0.2909,J,F,A
1,6750,-0.3,0.2831,J,F,A
1.5,6750,-0.3,0.2833,J,F,A
2,6750,-0.3,0.2856,J,F,A
2.5,6750,-0.3,0.288,J,F,A
3,6750,-0.3,0.2346,J,F,A
3.5,6750,-0.3,0.2387,J,F,A
4,6750,-0.3,0.2432,J,F,A
4.5,6750,-0.3,0.2459,J,F,A
5,6750,-0.3,0.2486,J,F,A
0.5,7000,-0.3,0.29,J,F,A
1,7000,-0.3,0.277,J,F,A
1.5,7000,-0.3,0.2722,J,F,A
2,7000,-0.3,0.274,J,F,A
2.5,7000,-0.3,0.2765,J,F,A
3,7000,-0.3,0.2792,J,F,A
3.5,7000,-0.3,0.2288,J,F,A
4,7000,-0.3,0.2323,J,F,A
4.5,7000,-0.3,0.2359,J,F,A
5,7000,-0.3,0.2397,J,F,A
0.5,7250,-0.3,0.2901,J,F,A
1,7250,-0.3,0.2727,J,F,A
1.5,7250,-0.3,0.2647,J,F,A
2,7250,-0.3,0.2627,J,F,A
2.5,7250,-0.3,0.2651,J,F,A
3,7250,-0.3,0.2681,J,F,A
3.5,7250,-0.3,0.2702,J,F,A
4,7250,-0.3,0.2229,J,F,A
4.5,7250,-0.3,0.2262,J,F,A
5,7250,-0.3,0.2304,J,F,A
0.5,7500,-0.3,0.2956,J,F,A
1,7500,-0.3,0.2689,J,F,A
1.5,7500,-0.3,0.258,J,F,A
2,7500,-0.3,0.2531,J,F,A
2.5,7500,-0.3,0.2525,J,F,A
3,7500,-0.3,0.2565,J,F,A
3.5,7500,-0.3,0.2598,J,F,A
4,7500,-0.3,0.2185,J,F,A
4.5,7500,-0.3,0.2177,J,F,A
5,7500,-0.3,0.2212,J,F,A
1,7750,-0.3,0.2683,J,F,A
1.5,7750,-0.3,0.2526,J,F,A
2,7750,-0.3,0.2453,J,F,A
2.5,7750,-0.3,0.2428,J,F,A
3,7750,-0.3,0.2436,J,F,A
3.5,7750,-0.3,0.2483,J,F,A
4,7750,-0.3,0.2513,J,F,A
4.5,7750,-0.3,0.2125,J,F,A
5,7750,-0.3,0.2138,J,F,A
1,8000,-0.3,0.2714,J,F,A
1.5,8000,-0.3,0.2493,J,F,A
2,8000,-0.3,0.2392,J,F,A
2.5,8000,-0.3,0.2344,J,F,A
3,8000,-0.3,0.2332,J,F,A
3.5,8000,-0.3,0.2354,J,F,A
4,8000,-0.3,0.2408,J,F,A
4.5,8000,-0.3,0.2441,J,F,A
5,8000,-0.3,0.2076,J,F,A
1,8250,-0.3,0.2781,J,F,A
1.5,8250,-0.3,0.2483,J,F,A
2,8250,-0.3,0.2349,J,F,A
2.5,8250,-0.3,0.2281,J,F,A
3,8250,-0.3,0.225,J,F,A
3.5,8250,-0.3,0.2245,J,F,A
4,8250,-0.3,0.2284,J,F,A
4.5,8250,-0.3,0.2341,J,F,A
5,8250,-0.3,0.2369,J,F,A
1,8500,-0.3,0.2878,J,F,A
1.5,8500,-0.3,0.249,J,F,A
2,8500,-0.3,0.2321,J,F,A
2.5,8500,-0.3,0.2234,J,F,A
3,8500,-0.3,0.2188,J,F,A
3.5,8500,-0.3,0.2169,J,F,A
4,8500,-0.3,0.2171,J,F,A
4.5,8500,-0.3,0.2224,J,F,A
5,8500,-0.3,0.2278,J,F,A
1.5,8750,-0.3,0.251,J,F,A
2,8750,-0.3,0.2305,J,F,A
2.5,8750,-0.3,0.22,J,F,A
3,8750,-0.3,0.2142,J,F,A
3.5,8750,-0.3,0.211,J,F,A
4,8750,-0.3,0.2098,J,F,A
4.5,8750,-0.3,0.2108,J,F,A
5,8750,-0.3,0.2176,J,F,A
1.5,9000,-0.3,0.2531,J,F,A
2,9000,-0.3,0.2297,J,F,A
2.5,9000,-0.3,0.2173,J,F,A
3,9000,-0.3,0.2106,J,F,A
3.5,9000,-0.3,0.2066,J,F,A
4,9000,-0.3,0.2044,J,F,A
4.5,9000,-0.3,0.2035,J,F,A
5,9000,-0.3,0.2039,J,F,A
2,9250,-0.3,0.2294,J,F,A
2.5,9250,-0.3,0.2155,J,F,A
3,9250,-0.3,0.2074,J,F,A
3.5,9250,-0.3,0.2029,J,F,A
4,9250,-0.3,0.2,J,F,A
4.5,9250,-0.3,0.1985,J,F,A
5,9250,-0.3,0.1979,J,F,A
2,9500,-0.3,0.2283,J,F,A
2.5,9500,-0.3,0.2139,J,F,A
3,9500,-0.3,0.205,J,F,A
3.5,9500,-0.3,0.1995,J,F,A
4,9500,-0.3,0.1966,J,F,A
4.5,9500,-0.3,0.1944,J,F,A
5,9500,-0.3,0.1931,J,F,A
2,9750,-0.3,0.2268,J,F,A
2.5,9750,-0.3,0.2118,J,F,A
3,9750,-0.3,0.2027,J,F,A
3.5,9750,-0.3,0.197,J,F,A
4,9750,-0.3,0.1933,J,F,A
4.5,9750,-0.3,0.191,J,F,A
5,9750,-0.3,0.1894,J,F,A
2,10000,-0.3,0.2249,J,F,A
2.5,10000,-0.3,0.2095,J,F,A
3,10000,-0.3,0.2003,J,F,A
3.5,10000,-0.3,0.1946,J,F,A
4,10000,-0.3,0.1907,J,F,A
4.5,10000,-0.3,0.188,J,F,A
5,10000,-0.3,0.186,J,F,A
2,10500,-0.3,0.2203,J,F,A
2.5,10500,-0.3,0.204,J,F,A
3,10500,-0.3,0.1952,J,F,A
3.5,10500,-0.3,0.1894,J,F,A
4,10500,-0.3,0.1854,J,F,A
4.5,10500,-0.3,0.1826,J,F,A
5,10500,-0.3,0.1803,J,F,A
2.5,11000,-0.3,0.1981,J,F,A
3,11000,-0.3,0.189,J,F,A
3.5,11000,-0.3,0.1839,J,F,A
4,11000,-0.3,0.1801,J,F,A
4.5,11000,-0.3,0.1774,J,F,A
5,11000,-0.3,0.1752,J,F,A
2.5,11500,-0.3,0.1927,J,F,A
3,11500,-0.3,0.183,J,F,A
3.5,11500,-0.3,0.178,J,F,A
4,11500,-0.3,0.1749,J,F,A
4.5,11500,-0.3,0.1725,J,F,A
5,11500,-0.3,0.1703,J,F,A
2.5,12000,-0.3,0.1885,J,F,A
3,12000,-0.3,0.1777,J,F,A
3.5,12000,-0.3,0.1723,J,F,A
4,12000,-0.3,0.1696,J,F,A
4.5,12000,-0.3,0.1676,J,F,A
5,12000,-0.3,0.1659,J,F,A
2.5,12500,-0.3,0.1851,J,F,A
3,12500,-0.3,0.1728,J,F,A
3.5,12500,-0.3,0.1672,J,F,A
4,12500,-0.3,0.1643,J,F,A
4.5,12500,-0.3,0.163,J,F,A
5,12500,-0.3,0.1616,J,F,A
2.5,13000,-0.3,0.1828,J,F,A
3,13000,-0.3,0.1691,J,F,A
3.5,13000,-0.3,0.1624,J,F,A
4,13000,-0.3,0.1595,J,F,A
4.5,13000,-0.3,0.1583,J,F,A
5,13000,-0.3,0.1571,J,F,A
2,14000,-0.3,0.2166,J,F,A
2.5,14000,-0.3,0.18,J,F,A
3,14000,-0.3,0.1637,J,F,A
3.5,14000,-0.3,0.1553,J,F,A
4,14000,-0.3,0.1516,J,F,A
4.5,14000,-0.3,0.1498,J,F,A
5,14000,-0.3,0.1495,J,F,A
2.5,15000,-0.3,0.1795,J,F,A
3,15000,-0.3,0.1598,J,F,A
3.5,15000,-0.3,0.15,J,F,A
4,15000,-0.3,0.1451,J,F,A
4.5,15000,-0.3,0.1428,J,F,A
5,15000,-0.3,0.1421,J,F,A
2.5,16000,-0.3,0.1806,J,F,A
3,16000,-0.3,0.1577,J,F,A
3.5,16000,-0.3,0.1461,J,F,A
4,16000,-0.3,0.1401,J,F,A
4.5,16000,-0.3,0.1375,J,F,A
5,16000,-0.3,0.1362,J,F,A
2.5,17000,-0.3,0.1834,J,F,A
3,17000,-0.3,0.1562,J,F,A
3.5,17000,-0.3,0.1433,J,F,A
4,17000,-0.3,0.1366,J,F,A
4.5,17000,-0.3,0.1332,J,F,A
5,17000,-0.3,0.1315,J,F,A
2.5,18000,-0.3,0.1886,J,F,A
3,18000,-0.3,0.1557,J,F,A
3.5,18000,-0.3,0.1411,J,F,A
4,18000,-0.3,0.1335,J,F,A
4.5,18000,-0.3,0.1296,J,F,A
5,18000,-0.3,0.1275,J,F,A
2.5,19000,-0.3,0.1952,J,F,A
3,19000,-0.3,0.1566,J,F,A
3.5,19000,-0.3,0.1394,J,F,A
4,19000,-0.3,0.1309,J,F,A
4.5,19000,-0.3,0.1267,J,F,A
5,19000,-0.3,0.1244,J,F,A
3,20000,-0.3,0.1578,J,F,A
3.5,20000,-0.3,0.1385,J,F,A
4,20000,-0.3,0.1288,J,F,A
4.5,20000,-0.3,0.1241,J,F,A
5,20000,-0.3,0.1219,J,F,A
3,21000,-0.3,0.1593,J,F,A
3.5,21000,-0.3,0.1382,J,F,A
4,21000,-0.3,0.1275,J,F,A
4.5,21000,-0.3,0.1221,J,F,A
5,21000,-0.3,0.1193,J,F,A
3,22000,-0.3,0.1604,J,F,A
3.5,22000,-0.3,0.138,J,F,A
4,22000,-0.3,0.1266,J,F,A
4.5,22000,-0.3,0.1206,J,F,A
5,22000,-0.3,0.1177,J,F,A
3,23000,-0.3,0.1617,J,F,A
3.5,23000,-0.3,0.1376,J,F,A
4,23000,-0.3,0.126,J,F,A
4.5,23000,-0.3,0.1198,J,F,A
5,23000,-0.3,0.1163,J,F,A
3,24000,-0.3,0.1652,J,F,A
3.5,24000,-0.3,0.1372,J,F,A
4,24000,-0.3,0.1254,J,F,A
4.5,24000,-0.3,0.1192,J,F,A
5,24000,-0.3,0.1156,J,F,A
3,25000,-0.3,0.1715,J,F,A
3.5,25000,-0.3,0.137,J,F,A
4,25000,-0.3,0.1246,J,F,A
4.5,25000,-0.3,0.1185,J,F,A
5,25000,-0.3,0.1151,J,F,A
3,26000,-0.3,0.1791,J,F,A
3.5,26000,-0.3,0.1385,J,F,A
4,26000,-0.3,0.1239,J,F,A
4.5,26000,-0.3,0.1177,J,F,A
5,26000,-0.3,0.1147,J,F,A
3.5,27000,-0.3,0.1412,J,F,A
4,27000,-0.3,0.124,J,F,A
4.5,27000,-0.3,0.117,J,F,A
5,27000,-0.3,0.1138,J,F,A
3.5,28000,-0.3,0.1437,J,F,A
4,28000,-0.3,0.1249,J,F,A
4.5,28000,-0.3,0.1164,J,F,A
5,28000,-0.3,0.1132,J,F,A
3.5,29000,-0.3,0.1448,J,F,A
4,29000,-0.3,0.1257,J,F,A
4.5,29000,-0.3,0.1164,J,F,A
5,29000,-0.3,0.1123,J,F,A
3.5,30000,-0.3,0.1451,J,F,A
4,30000,-0.3,0.1256,J,F,A
4.5,30000,-0.3,0.1162,J,F,A
5,30000,-0.3,0.1115,J,F,A
3.5,31000,-0.3,0.1451,J,F,A
4,31000,-0.3,0.1245,J,F,A
4.5,31000,-0.3,0.1152,J,F,A
5,31000,-0.3,0.1103,J,F,A
4,32000,-0.3,0.1227,J,F,A
4.5,32000,-0.3,0.1134,J,F,A
5,32000,-0.3,0.1086,J,F,A
4,33000,-0.3,0.1206,J,F,A
4.5,33000,-0.3,0.1107,J,F,A
5,33000,-0.3,0.1059,J,F,A
4,34000,-0.3,0.1182,J,F,A
4.5,34000,-0.3,0.1081,J,F,A
5,34000,-0.3,0.1028,J,F,A
4,35000,-0.3,0.115,J,F,A
4.5,35000,-0.3,0.1051,J,F,A
5,35000,-0.3,0.0998,J,F,A
4.5,37500,-0.3,0.0954,J,F,A
5,37500,-0.3,0.0907,J,F,A
4.5,40000,-0.3,0.0883,J,F,A
5,40000,-0.3,0.0814,J,F,A
5,42500,-0.3,0.0762,J,F,A
5,45000,-0.3,0.0737,J,F,A
5,47500,-0.3,0.0723,J,F,A
5,50000,-0.3,0.0711,J,F,A
0,3500,-0.2,0.491,J,F,A
0.5,3500,-0.2,0.4824,J,F,A
1,3500,-0.2,0.4745,J,F,A
1.5,3500,-0.2,0.4677,J,F,A
2,3500,-0.2,0.4623,J,F,A
2.5,3500,-0.2,0.4546,J,F,A
3,3500,-0.2,0.4112,J,F,A
3.5,3500,-0.2,0.3179,J,F,A
4,3500,-0.2,0.259,J,F,A
4.5,3500,-0.2,0.2333,J,F,A
5,3500,-0.2,0.2236,J,F,A
0,3750,-0.2,0.4894,J,F,A
0.5,3750,-0.2,0.4863,J,F,A
1,3750,-0.2,0.4826,J,F,A
1.5,3750,-0.2,0.4786,J,F,A
2,3750,-0.2,0.4741,J,F,A
2.5,3750,-0.2,0.4694,J,F,A
3,3750,-0.2,0.4619,J,F,A
3.5,3750,-0.2,0.4193,J,F,A
4,3750,-0.2,0.3302,J,F,A
4.5,3750,-0.2,0.2656,J,F,A
5,3750,-0.2,0.2346,J,F,A
0,4000,-0.2,0.4639,J,F,A
0.5,4000,-0.2,0.4645,J,F,A
1,4000,-0.2,0.4653,J,F,A
1.5,4000,-0.2,0.464,J,F,A
2,4000,-0.2,0.4634,J,F,A
2.5,4000,-0.2,0.4622,J,F,A
3,4000,-0.2,0.46,J,F,A
3.5,4000,-0.2,0.4548,J,F,A
4,4000,-0.2,0.4192,J,F,A
4.5,4000,-0.2,0.3417,J,F,A
5,4000,-0.2,0.274,J,F,A
0,4250,-0.2,0.429,J,F,A
0.5,4250,-0.2,0.4334,J,F,A
1,4250,-0.2,0.4358,J,F,A
1.5,4250,-0.2,0.4372,J,F,A
2,4250,-0.2,0.4387,J,F,A
2.5,4250,-0.2,0.4399,J,F,A
3,4250,-0.2,0.4405,J,F,A
3.5,4250,-0.2,0.4402,J,F,A
4,4250,-0.2,0.4374,J,F,A
4.5,4250,-0.2,0.4119,J,F,A
5,4250,-0.2,0.3497,J,F,A
0,4500,-0.2,0.3976,J,F,A
0.5,4500,-0.2,0.4014,J,F,A
1,4500,-0.2,0.4034,J,F,A
1.5,4500,-0.2,0.4073,J,F,A
2,4500,-0.2,0.4104,J,F,A
2.5,4500,-0.2,0.413,J,F,A
3,4500,-0.2,0.4151,J,F,A
3.5,4500,-0.2,0.4166,J,F,A
4,4500,-0.2,0.417,J,F,A
4.5,4500,-0.2,0.4156,J,F,A
5,4500,-0.2,0.3985,J,F,A
0,4750,-0.2,0.368,J,F,A
0.5,4750,-0.2,0.3712,J,F,A
1,4750,-0.2,0.3746,J,F,A
1.5,4750,-0.2,0.379,J,F,A
2,4750,-0.2,0.3818,J,F,A
2.5,4750,-0.2,0.3851,J,F,A
3,4750,-0.2,0.3885,J,F,A
3.5,4750,-0.2,0.3911,J,F,A
4,4750,-0.2,0.3932,J,F,A
4.5,4750,-0.2,0.3938,J,F,A
5,4750,-0.2,0.3927,J,F,A
0,5000,-0.2,0.3391,J,F,A
0.5,5000,-0.2,0.3438,J,F,A
1,5000,-0.2,0.3501,J,F,A
1.5,5000,-0.2,0.3528,J,F,A
2,5000,-0.2,0.3554,J,F,A
2.5,5000,-0.2,0.3587,J,F,A
3,5000,-0.2,0.3624,J,F,A
3.5,5000,-0.2,0.3658,J,F,A
4,5000,-0.2,0.3685,J,F,A
4.5,5000,-0.2,0.3707,J,F,A
5,5000,-0.2,0.3713,J,F,A
0,5250,-0.2,0.314,J,F,A
0.5,5250,-0.2,0.3199,J,F,A
1,5250,-0.2,0.3246,J,F,A
1.5,5250,-0.2,0.3283,J,F,A
2,5250,-0.2,0.3318,J,F,A
2.5,5250,-0.2,0.334,J,F,A
3,5250,-0.2,0.3372,J,F,A
3.5,5250,-0.2,0.3411,J,F,A
4,5250,-0.2,0.3443,J,F,A
4.5,5250,-0.2,0.3471,J,F,A
5,5250,-0.2,0.3482,J,F,A
0,5500,-0.2,0.336,J,F,A
0.5,5500,-0.2,0.2944,J,F,A
1,5500,-0.2,0.2985,J,F,A
1.5,5500,-0.2,0.303,J,F,A
2,5500,-0.2,0.3056,J,F,A
2.5,5500,-0.2,0.3097,J,F,A
3,5500,-0.2,0.3146,J,F,A
3.5,5500,-0.2,0.3185,J,F,A
4,5500,-0.2,0.3219,J,F,A
4.5,5500,-0.2,0.3251,J,F,A
5,5500,-0.2,0.3257,J,F,A
0,5750,-0.2,0.3234,J,F,A
0.5,5750,-0.2,0.3256,J,F,A
1,5750,-0.2,0.2785,J,F,A
1.5,5750,-0.2,0.2819,J,F,A
2,5750,-0.2,0.2859,J,F,A
2.5,5750,-0.2,0.2904,J,F,A
3,5750,-0.2,0.294,J,F,A
3.5,5750,-0.2,0.2978,J,F,A
4,5750,-0.2,0.3021,J,F,A
4.5,5750,-0.2,0.305,J,F,A
5,5750,-0.2,0.3063,J,F,A
0,6000,-0.2,0.3138,J,F,A
0.5,6000,-0.2,0.3126,J,F,A
1,6000,-0.2,0.3151,J,F,A
1.5,6000,-0.2,0.2637,J,F,A
2,6000,-0.2,0.269,J,F,A
2.5,6000,-0.2,0.2722,J,F,A
3,6000,-0.2,0.2765,J,F,A
3.5,6000,-0.2,0.28,J,F,A
4,6000,-0.2,0.2841,J,F,A
4.5,6000,-0.2,0.2865,J,F,A
5,6000,-0.2,0.2878,J,F,A
0.5,6250,-0.2,0.3022,J,F,A
1,6250,-0.2,0.3029,J,F,A
1.5,6250,-0.2,0.3051,J,F,A
2,6250,-0.2,0.2517,J,F,A
2.5,6250,-0.2,0.2564,J,F,A
3,6250,-0.2,0.2607,J,F,A
3.5,6250,-0.2,0.2652,J,F,A
4,6250,-0.2,0.2689,J,F,A
4.5,6250,-0.2,0.2711,J,F,A
5,6250,-0.2,0.2729,J,F,A
0.5,6500,-0.2,0.2944,J,F,A
1,6500,-0.2,0.292,J,F,A
1.5,6500,-0.2,0.2937,J,F,A
2,6500,-0.2,0.2966,J,F,A
2.5,6500,-0.2,0.2416,J,F,A
3,6500,-0.2,0.2464,J,F,A
3.5,6500,-0.2,0.2515,J,F,A
4,6500,-0.2,0.2556,J,F,A
4.5,6500,-0.2,0.258,J,F,A
5,6500,-0.2,0.26,J,F,A
0.5,6750,-0.2,0.2904,J,F,A
1,6750,-0.2,0.2827,J,F,A
1.5,6750,-0.2,0.2826,J,F,A
2,6750,-0.2,0.2847,J,F,A
2.5,6750,-0.2,0.2872,J,F,A
3,6750,-0.2,0.2347,J,F,A
3.5,6750,-0.2,0.2383,J,F,A
4,6750,-0.2,0.2431,J,F,A
4.5,6750,-0.2,0.2461,J,F,A
5,6750,-0.2,0.2494,J,F,A
0.5,7000,-0.2,0.2894,J,F,A
1,7000,-0.2,0.2765,J,F,A
1.5,7000,-0.2,0.2723,J,F,A
2,7000,-0.2,0.2736,J,F,A
2.5,7000,-0.2,0.2759,J,F,A
3,7000,-0.2,0.2787,J,F,A
3.5,7000,-0.2,0.2286,J,F,A
4,7000,-0.2,0.2321,J,F,A
4.5,7000,-0.2,0.2355,J,F,A
5,7000,-0.2,0.2395,J,F,A
0.5,7250,-0.2,0.29,J,F,A
1,7250,-0.2,0.2723,J,F,A
1.5,7250,-0.2,0.2643,J,F,A
2,7250,-0.2,0.2621,J,F,A
2.5,7250,-0.2,0.2649,J,F,A
3,7250,-0.2,0.2675,J,F,A
3.5,7250,-0.2,0.2701,J,F,A
4,7250,-0.2,0.2225,J,F,A
4.5,7250,-0.2,0.2256,J,F,A
5,7250,-0.2,0.2302,J,F,A
0.5,7500,-0.2,0.2957,J,F,A
1,7500,-0.2,0.2687,J,F,A
1.5,7500,-0.2,0.2577,J,F,A
2,7500,-0.2,0.2528,J,F,A
2.5,7500,-0.2,0.2523,J,F,A
3,7500,-0.2,0.2559,J,F,A
3.5,7500,-0.2,0.2593,J,F,A
4,7500,-0.2,0.2613,J,F,A
4.5,7500,-0.2,0.2174,J,F,A
5,7500,-0.2,0.2209,J,F,A
1,7750,-0.2,0.2681,J,F,A
1.5,7750,-0.2,0.2523,J,F,A
2,7750,-0.2,0.2454,J,F,A
2.5,7750,-0.2,0.2425,J,F,A
3,7750,-0.2,0.2433,J,F,A
3.5,7750,-0.2,0.2478,J,F,A
4,7750,-0.2,0.2509,J,F,A
4.5,7750,-0.2,0.2127,J,F,A
5,7750,-0.2,0.2135,J,F,A
1,8000,-0.2,0.2717,J,F,A
1.5,8000,-0.2,0.2492,J,F,A
2,8000,-0.2,0.239,J,F,A
2.5,8000,-0.2,0.2344,J,F,A
3,8000,-0.2,0.2331,J,F,A
3.5,8000,-0.2,0.2349,J,F,A
4,8000,-0.2,0.2402,J,F,A
4.5,8000,-0.2,0.2436,J,F,A
5,8000,-0.2,0.2077,J,F,A
1,8250,-0.2,0.2786,J,F,A
1.5,8250,-0.2,0.2486,J,F,A
2,8250,-0.2,0.2348,J,F,A
2.5,8250,-0.2,0.2279,J,F,A
3,8250,-0.2,0.2249,J,F,A
3.5,8250,-0.2,0.2243,J,F,A
4,8250,-0.2,0.2278,J,F,A
4.5,8250,-0.2,0.2335,J,F,A
5,8250,-0.2,0.2362,J,F,A
1,8500,-0.2,0.2886,J,F,A
1.5,8500,-0.2,0.2494,J,F,A
2,8500,-0.2,0.2323,J,F,A
2.5,8500,-0.2,0.2234,J,F,A
3,8500,-0.2,0.2184,J,F,A
3.5,8500,-0.2,0.2165,J,F,A
4,8500,-0.2,0.2169,J,F,A
4.5,8500,-0.2,0.2216,J,F,A
5,8500,-0.2,0.2271,J,F,A
1.5,8750,-0.2,0.2512,J,F,A
2,8750,-0.2,0.2308,J,F,A
2.5,8750,-0.2,0.22,J,F,A
3,8750,-0.2,0.2141,J,F,A
3.5,8750,-0.2,0.2105,J,F,A
4,8750,-0.2,0.2093,J,F,A
4.5,8750,-0.2,0.2105,J,F,A
5,8750,-0.2,0.2168,J,F,A
1.5,9000,-0.2,0.2537,J,F,A
2,9000,-0.2,0.2301,J,F,A
2.5,9000,-0.2,0.2177,J,F,A
3,9000,-0.2,0.2105,J,F,A
3.5,9000,-0.2,0.2063,J,F,A
4,9000,-0.2,0.204,J,F,A
4.5,9000,-0.2,0.2031,J,F,A
5,9000,-0.2,0.2035,J,F,A
2,9250,-0.2,0.2297,J,F,A
2.5,9250,-0.2,0.2158,J,F,A
3,9250,-0.2,0.2078,J,F,A
3.5,9250,-0.2,0.2028,J,F,A
4,9250,-0.2,0.1998,J,F,A
4.5,9250,-0.2,0.198,J,F,A
5,9250,-0.2,0.1973,J,F,A
2,9500,-0.2,0.2289,J,F,A
2.5,9500,-0.2,0.214,J,F,A
3,9500,-0.2,0.205,J,F,A
3.5,9500,-0.2,0.1998,J,F,A
4,9500,-0.2,0.1963,J,F,A
4.5,9500,-0.2,0.1941,J,F,A
5,9500,-0.2,0.1926,J,F,A
2,9750,-0.2,0.2274,J,F,A
2.5,9750,-0.2,0.2124,J,F,A
3,9750,-0.2,0.2031,J,F,A
3.5,9750,-0.2,0.1971,J,F,A
4,9750,-0.2,0.1935,J,F,A
4.5,9750,-0.2,0.1908,J,F,A
5,9750,-0.2,0.1889,J,F,A
2,10000,-0.2,0.2254,J,F,A
2.5,10000,-0.2,0.2103,J,F,A
3,10000,-0.2,0.201,J,F,A
3.5,10000,-0.2,0.1948,J,F,A
4,10000,-0.2,0.1906,J,F,A
4.5,10000,-0.2,0.1879,J,F,A
5,10000,-0.2,0.1857,J,F,A
2,10500,-0.2,0.2207,J,F,A
2.5,10500,-0.2,0.2048,J,F,A
3,10500,-0.2,0.1956,J,F,A
3.5,10500,-0.2,0.1899,J,F,A
4,10500,-0.2,0.1858,J,F,A
4.5,10500,-0.2,0.1828,J,F,A
5,10500,-0.2,0.1802,J,F,A
2.5,11000,-0.2,0.1986,J,F,A
3,11000,-0.2,0.1896,J,F,A
3.5,11000,-0.2,0.1843,J,F,A
4,11000,-0.2,0.1808,J,F,A
4.5,11000,-0.2,0.178,J,F,A
5,11000,-0.2,0.1756,J,F,A
2.5,11500,-0.2,0.1933,J,F,A
3,11500,-0.2,0.1836,J,F,A
3.5,11500,-0.2,0.1784,J,F,A
4,11500,-0.2,0.1753,J,F,A
4.5,11500,-0.2,0.173,J,F,A
5,11500,-0.2,0.1709,J,F,A
2.5,12000,-0.2,0.1889,J,F,A
3,12000,-0.2,0.1781,J,F,A
3.5,12000,-0.2,0.1726,J,F,A
4,12000,-0.2,0.17,J,F,A
4.5,12000,-0.2,0.1681,J,F,A
5,12000,-0.2,0.1664,J,F,A
2.5,12500,-0.2,0.1855,J,F,A
3,12500,-0.2,0.1731,J,F,A
3.5,12500,-0.2,0.1673,J,F,A
4,12500,-0.2,0.1646,J,F,A
4.5,12500,-0.2,0.1633,J,F,A
5,12500,-0.2,0.1619,J,F,A
2.5,13000,-0.2,0.183,J,F,A
3,13000,-0.2,0.1693,J,F,A
3.5,13000,-0.2,0.1628,J,F,A
4,13000,-0.2,0.1598,J,F,A
4.5,13000,-0.2,0.1585,J,F,A
5,13000,-0.2,0.1578,J,F,A
2,14000,-0.2,0.2172,J,F,A
2.5,14000,-0.2,0.1802,J,F,A
3,14000,-0.2,0.1635,J,F,A
3.5,14000,-0.2,0.1549,J,F,A
4,14000,-0.2,0.1513,J,F,A
4.5,14000,-0.2,0.1498,J,F,A
5,14000,-0.2,0.1493,J,F,A
2.5,15000,-0.2,0.1798,J,F,A
3,15000,-0.2,0.1596,J,F,A
3.5,15000,-0.2,0.1496,J,F,A
4,15000,-0.2,0.1448,J,F,A
4.5,15000,-0.2,0.1428,J,F,A
5,15000,-0.2,0.142,J,F,A
2.5,16000,-0.2,0.1809,J,F,A
3,16000,-0.2,0.1575,J,F,A
3.5,16000,-0.2,0.1461,J,F,A
4,16000,-0.2,0.1401,J,F,A
4.5,16000,-0.2,0.1373,J,F,A
5,16000,-0.2,0.1359,J,F,A
2.5,17000,-0.2,0.1841,J,F,A
3,17000,-0.2,0.1563,J,F,A
3.5,17000,-0.2,0.1431,J,F,A
4,17000,-0.2,0.1363,J,F,A
4.5,17000,-0.2,0.1329,J,F,A
5,17000,-0.2,0.1312,J,F,A
2.5,18000,-0.2,0.1896,J,F,A
3,18000,-0.2,0.156,J,F,A
3.5,18000,-0.2,0.1411,J,F,A
4,18000,-0.2,0.1333,J,F,A
4.5,18000,-0.2,0.1292,J,F,A
5,18000,-0.2,0.1273,J,F,A
2.5,19000,-0.2,0.1969,J,F,A
3,19000,-0.2,0.1572,J,F,A
3.5,19000,-0.2,0.1398,J,F,A
4,19000,-0.2,0.131,J,F,A
4.5,19000,-0.2,0.1264,J,F,A
5,19000,-0.2,0.1241,J,F,A
3,20000,-0.2,0.1586,J,F,A
3.5,20000,-0.2,0.139,J,F,A
4,20000,-0.2,0.1289,J,F,A
4.5,20000,-0.2,0.1241,J,F,A
5,20000,-0.2,0.1215,J,F,A
3,21000,-0.2,0.1604,J,F,A
3.5,21000,-0.2,0.1387,J,F,A
4,21000,-0.2,0.1278,J,F,A
4.5,21000,-0.2,0.1222,J,F,A
5,21000,-0.2,0.1194,J,F,A
3,22000,-0.2,0.1615,J,F,A
3.5,22000,-0.2,0.1387,J,F,A
4,22000,-0.2,0.1271,J,F,A
4.5,22000,-0.2,0.1209,J,F,A
5,22000,-0.2,0.1177,J,F,A
3,23000,-0.2,0.1629,J,F,A
3.5,23000,-0.2,0.1385,J,F,A
4,23000,-0.2,0.1265,J,F,A
4.5,23000,-0.2,0.12,J,F,A
5,23000,-0.2,0.1165,J,F,A
3,24000,-0.2,0.1664,J,F,A
3.5,24000,-0.2,0.1376,J,F,A
4,24000,-0.2,0.126,J,F,A
4.5,24000,-0.2,0.1194,J,F,A
5,24000,-0.2,0.1159,J,F,A
3,25000,-0.2,0.1732,J,F,A
3.5,25000,-0.2,0.1378,J,F,A
4,25000,-0.2,0.1251,J,F,A
4.5,25000,-0.2,0.1188,J,F,A
5,25000,-0.2,0.1154,J,F,A
3,26000,-0.2,0.1809,J,F,A
3.5,26000,-0.2,0.1393,J,F,A
4,26000,-0.2,0.1242,J,F,A
4.5,26000,-0.2,0.118,J,F,A
5,26000,-0.2,0.1148,J,F,A
3.5,27000,-0.2,0.142,J,F,A
4,27000,-0.2,0.1245,J,F,A
4.5,27000,-0.2,0.1173,J,F,A
5,27000,-0.2,0.1142,J,F,A
3.5,28000,-0.2,0.1445,J,F,A
4,28000,-0.2,0.1253,J,F,A
4.5,28000,-0.2,0.1167,J,F,A
5,28000,-0.2,0.1132,J,F,A
3.5,29000,-0.2,0.1457,J,F,A
4,29000,-0.2,0.1262,J,F,A
4.5,29000,-0.2,0.1167,J,F,A
5,29000,-0.2,0.1124,J,F,A
3.5,30000,-0.2,0.1461,J,F,A
4,30000,-0.2,0.1262,J,F,A
4.5,30000,-0.2,0.1166,J,F,A
5,30000,-0.2,0.1116,J,F,A
3.5,31000,-0.2,0.1465,J,F,A
4,31000,-0.2,0.125,J,F,A
4.5,31000,-0.2,0.1156,J,F,A
5,31000,-0.2,0.1106,J,F,A
4,32000,-0.2,0.1233,J,F,A
4.5,32000,-0.2,0.1136,J,F,A
5,32000,-0.2,0.1088,J,F,A
4,33000,-0.2,0.1217,J,F,A
4.5,33000,-0.2,0.1113,J,F,A
5,33000,-0.2,0.1061,J,F,A
4,34000,-0.2,0.1192,J,F,A
4.5,34000,-0.2,0.1086,J,F,A
5,34000,-0.2,0.1032,J,F,A
4,35000,-0.2,0.1159,J,F,A
4.5,35000,-0.2,0.1058,J,F,A
5,35000,-0.2,0.1001,J,F,A
4.5,37500,-0.2,0.0963,J,F,A
5,37500,-0.2,0.0914,J,F,A
4.5,40000,-0.2,0.0896,J,F,A
5,40000,-0.2,0.0824,J,F,A
5,42500,-0.2,0.0774,J,F,A
5,45000,-0.2,0.0752,J,F,A
5,47500,-0.2,0.0738,J,F,A
5,50000,-0.2,0.0726,J,F,A
0,3500,-0.1,0.49,J,F,A
0.5,3500,-0.1,0.481,J,F,A
1,3500,-0.1,0.4727,J,F,A
1.5,3500,-0.1,0.4657,J,F,A
2,3500,-0.1,0.4598,J,F,A
2.5,3500,-0.1,0.4535,J,F,A
3,3500,-0.1,0.4249,J,F,A
3.5,3500,-0.1,0.3368,J,F,A
4,3500,-0.1,0.2682,J,F,A
4.5,3500,-0.1,0.2371,J,F,A
5,3500,-0.1,0.2248,J,F,A
0,3750,-0.1,0.4894,J,F,A
0.5,3750,-0.1,0.4866,J,F,A
1,3750,-0.1,0.4824,J,F,A
1.5,3750,-0.1,0.4779,J,F,A
2,3750,-0.1,0.4733,J,F,A
2.5,3750,-0.1,0.4686,J,F,A
3,3750,-0.1,0.462,J,F,A
3.5,3750,-0.1,0.4307,J,F,A
4,3750,-0.1,0.3472,J,F,A
4.5,3750,-0.1,0.2753,J,F,A
5,3750,-0.1,0.2393,J,F,A
0,4000,-0.1,0.4639,J,F,A
0.5,4000,-0.1,0.4654,J,F,A
1,4000,-0.1,0.4658,J,F,A
1.5,4000,-0.1,0.4658,J,F,A
2,4000,-0.1,0.4651,J,F,A
2.5,4000,-0.1,0.4637,J,F,A
3,4000,-0.1,0.4617,J,F,A
3.5,4000,-0.1,0.457,J,F,A
4,4000,-0.1,0.4282,J,F,A
4.5,4000,-0.1,0.3551,J,F,A
5,4000,-0.1,0.284,J,F,A
0,4250,-0.1,0.43,J,F,A
0.5,4250,-0.1,0.4343,J,F,A
1,4250,-0.1,0.4367,J,F,A
1.5,4250,-0.1,0.4393,J,F,A
2,4250,-0.1,0.4413,J,F,A
2.5,4250,-0.1,0.4425,J,F,A
3,4250,-0.1,0.4432,J,F,A
3.5,4250,-0.1,0.4432,J,F,A
4,4250,-0.1,0.4407,J,F,A
4.5,4250,-0.1,0.4191,J,F,A
5,4250,-0.1,0.3597,J,F,A
0,4500,-0.1,0.3979,J,F,A
0.5,4500,-0.1,0.4024,J,F,A
1,4500,-0.1,0.4053,J,F,A
1.5,4500,-0.1,0.4088,J,F,A
2,4500,-0.1,0.4123,J,F,A
2.5,4500,-0.1,0.4157,J,F,A
3,4500,-0.1,0.4183,J,F,A
3.5,4500,-0.1,0.4201,J,F,A
4,4500,-0.1,0.4206,J,F,A
4.5,4500,-0.1,0.4194,J,F,A
5,4500,-0.1,0.4047,J,F,A
0,4750,-0.1,0.3688,J,F,A
0.5,4750,-0.1,0.3733,J,F,A
1,4750,-0.1,0.3766,J,F,A
1.5,4750,-0.1,0.3803,J,F,A
2,4750,-0.1,0.3837,J,F,A
2.5,4750,-0.1,0.3876,J,F,A
3,4750,-0.1,0.3911,J,F,A
3.5,4750,-0.1,0.3945,J,F,A
4,4750,-0.1,0.3965,J,F,A
4.5,4750,-0.1,0.3976,J,F,A
5,4750,-0.1,0.3968,J,F,A
0,5000,-0.1,0.3402,J,F,A
0.5,5000,-0.1,0.3454,J,F,A
1,5000,-0.1,0.3506,J,F,A
1.5,5000,-0.1,0.3541,J,F,A
2,5000,-0.1,0.3563,J,F,A
2.5,5000,-0.1,0.3608,J,F,A
3,5000,-0.1,0.3646,J,F,A
3.5,5000,-0.1,0.3686,J,F,A
4,5000,-0.1,0.3718,J,F,A
4.5,5000,-0.1,0.3738,J,F,A
5,5000,-0.1,0.3746,J,F,A
0,5250,-0.1,0.3133,J,F,A
0.5,5250,-0.1,0.3191,J,F,A
1,5250,-0.1,0.3239,J,F,A
1.5,5250,-0.1,0.3291,J,F,A
2,5250,-0.1,0.3319,J,F,A
2.5,5250,-0.1,0.336,J,F,A
3,5250,-0.1,0.3398,J,F,A
3.5,5250,-0.1,0.3439,J,F,A
4,5250,-0.1,0.3477,J,F,A
4.5,5250,-0.1,0.3503,J,F,A
5,5250,-0.1,0.3516,J,F,A
0,5500,-0.1,0.3007,J,F,A
0.5,5500,-0.1,0.2948,J,F,A
1,5500,-0.1,0.3002,J,F,A
1.5,5500,-0.1,0.3049,J,F,A
2,5500,-0.1,0.3086,J,F,A
2.5,5500,-0.1,0.3124,J,F,A
3,5500,-0.1,0.3166,J,F,A
3.5,5500,-0.1,0.3213,J,F,A
4,5500,-0.1,0.3252,J,F,A
4.5,5500,-0.1,0.3279,J,F,A
5,5500,-0.1,0.3294,J,F,A
0,5750,-0.1,0.3119,J,F,A
0.5,5750,-0.1,0.295,J,F,A
1,5750,-0.1,0.2777,J,F,A
1.5,5750,-0.1,0.2831,J,F,A
2,5750,-0.1,0.2872,J,F,A
2.5,5750,-0.1,0.2916,J,F,A
3,5750,-0.1,0.2958,J,F,A
3.5,5750,-0.1,0.3004,J,F,A
4,5750,-0.1,0.3044,J,F,A
4.5,5750,-0.1,0.3079,J,F,A
5,5750,-0.1,0.3094,J,F,A
0,6000,-0.1,0.309,J,F,A
0.5,6000,-0.1,0.2996,J,F,A
1,6000,-0.1,0.2854,J,F,A
1.5,6000,-0.1,0.2634,J,F,A
2,6000,-0.1,0.2684,J,F,A
2.5,6000,-0.1,0.2734,J,F,A
3,6000,-0.1,0.2779,J,F,A
3.5,6000,-0.1,0.2815,J,F,A
4,6000,-0.1,0.2859,J,F,A
4.5,6000,-0.1,0.2895,J,F,A
5,6000,-0.1,0.2912,J,F,A
0.5,6250,-0.1,0.2965,J,F,A
1,6250,-0.1,0.287,J,F,A
1.5,6250,-0.1,0.271,J,F,A
2,6250,-0.1,0.251,J,F,A
2.5,6250,-0.1,0.2563,J,F,A
3,6250,-0.1,0.261,J,F,A
3.5,6250,-0.1,0.2655,J,F,A
4,6250,-0.1,0.2698,J,F,A
4.5,6250,-0.1,0.2735,J,F,A
5,6250,-0.1,0.2752,J,F,A
0.5,6500,-0.1,0.2935,J,F,A
1,6500,-0.1,0.2853,J,F,A
1.5,6500,-0.1,0.2746,J,F,A
2,6500,-0.1,0.255,J,F,A
2.5,6500,-0.1,0.2407,J,F,A
3,6500,-0.1,0.2461,J,F,A
3.5,6500,-0.1,0.2514,J,F,A
4,6500,-0.1,0.2563,J,F,A
4.5,6500,-0.1,0.2599,J,F,A
5,6500,-0.1,0.2619,J,F,A
0.5,6750,-0.1,0.29,J,F,A
1,6750,-0.1,0.2819,J,F,A
1.5,6750,-0.1,0.2743,J,F,A
2,6750,-0.1,0.2622,J,F,A
2.5,6750,-0.1,0.2416,J,F,A
3,6750,-0.1,0.2332,J,F,A
3.5,6750,-0.1,0.2386,J,F,A
4,6750,-0.1,0.244,J,F,A
4.5,6750,-0.1,0.2476,J,F,A
5,6750,-0.1,0.2504,J,F,A
0.5,7000,-0.1,0.2887,J,F,A
1,7000,-0.1,0.2762,J,F,A
1.5,7000,-0.1,0.2715,J,F,A
2,7000,-0.1,0.2642,J,F,A
2.5,7000,-0.1,0.2495,J,F,A
3,7000,-0.1,0.2274,J,F,A
3.5,7000,-0.1,0.2281,J,F,A
4,7000,-0.1,0.2326,J,F,A
4.5,7000,-0.1,0.2364,J,F,A
5,7000,-0.1,0.2404,J,F,A
0.5,7250,-0.1,0.2899,J,F,A
1,7250,-0.1,0.2716,J,F,A
1.5,7250,-0.1,0.264,J,F,A
2,7250,-0.1,0.2621,J,F,A
2.5,7250,-0.1,0.2539,J,F,A
3,7250,-0.1,0.2364,J,F,A
3.5,7250,-0.1,0.2158,J,F,A
4,7250,-0.1,0.2229,J,F,A
4.5,7250,-0.1,0.226,J,F,A
5,7250,-0.1,0.2306,J,F,A
0.5,7500,-0.1,0.296,J,F,A
1,7500,-0.1,0.2687,J,F,A
1.5,7500,-0.1,0.2571,J,F,A
2,7500,-0.1,0.2523,J,F,A
2.5,7500,-0.1,0.2519,J,F,A
3,7500,-0.1,0.243,J,F,A
3.5,7500,-0.1,0.2233,J,F,A
4,7500,-0.1,0.2138,J,F,A
4.5,7500,-0.1,0.2172,J,F,A
5,7500,-0.1,0.2209,J,F,A
1,7750,-0.1,0.268,J,F,A
1.5,7750,-0.1,0.2524,J,F,A
2,7750,-0.1,0.2451,J,F,A
2.5,7750,-0.1,0.2423,J,F,A
3,7750,-0.1,0.2425,J,F,A
3.5,7750,-0.1,0.2326,J,F,A
4,7750,-0.1,0.2124,J,F,A
4.5,7750,-0.1,0.2071,J,F,A
5,7750,-0.1,0.2133,J,F,A
1,8000,-0.1,0.2719,J,F,A
1.5,8000,-0.1,0.2492,J,F,A
2,8000,-0.1,0.2388,J,F,A
2.5,8000,-0.1,0.2345,J,F,A
3,8000,-0.1,0.2328,J,F,A
3.5,8000,-0.1,0.2341,J,F,A
4,8000,-0.1,0.2218,J,F,A
4.5,8000,-0.1,0.2059,J,F,A
5,8000,-0.1,0.2063,J,F,A
1,8250,-0.1,0.2793,J,F,A
1.5,8250,-0.1,0.2486,J,F,A
2,8250,-0.1,0.2347,J,F,A
2.5,8250,-0.1,0.2276,J,F,A
3,8250,-0.1,0.2247,J,F,A
3.5,8250,-0.1,0.2241,J,F,A
4,8250,-0.1,0.2254,J,F,A
4.5,8250,-0.1,0.2126,J,F,A
5,8250,-0.1,0.2002,J,F,A
1,8500,-0.1,0.2892,J,F,A
1.5,8500,-0.1,0.2499,J,F,A
2,8500,-0.1,0.2324,J,F,A
2.5,8500,-0.1,0.2233,J,F,A
3,8500,-0.1,0.2183,J,F,A
3.5,8500,-0.1,0.2163,J,F,A
4,8500,-0.1,0.2165,J,F,A
4.5,8500,-0.1,0.2168,J,F,A
5,8500,-0.1,0.2041,J,F,A
1.5,8750,-0.1,0.2519,J,F,A
2,8750,-0.1,0.2312,J,F,A
2.5,8750,-0.1,0.2202,J,F,A
3,8750,-0.1,0.2139,J,F,A
3.5,8750,-0.1,0.2104,J,F,A
4,8750,-0.1,0.209,J,F,A
4.5,8750,-0.1,0.2098,J,F,A
5,8750,-0.1,0.2081,J,F,A
1.5,9000,-0.1,0.2541,J,F,A
2,9000,-0.1,0.2307,J,F,A
2.5,9000,-0.1,0.218,J,F,A
3,9000,-0.1,0.2105,J,F,A
3.5,9000,-0.1,0.2061,J,F,A
4,9000,-0.1,0.2036,J,F,A
4.5,9000,-0.1,0.2026,J,F,A
5,9000,-0.1,0.2031,J,F,A
2,9250,-0.1,0.2301,J,F,A
2.5,9250,-0.1,0.2163,J,F,A
3,9250,-0.1,0.208,J,F,A
3.5,9250,-0.1,0.2027,J,F,A
4,9250,-0.1,0.1996,J,F,A
4.5,9250,-0.1,0.1976,J,F,A
5,9250,-0.1,0.1969,J,F,A
2,9500,-0.1,0.2294,J,F,A
2.5,9500,-0.1,0.2147,J,F,A
3,9500,-0.1,0.2057,J,F,A
3.5,9500,-0.1,0.2001,J,F,A
4,9500,-0.1,0.1963,J,F,A
4.5,9500,-0.1,0.1937,J,F,A
5,9500,-0.1,0.1922,J,F,A
2,9750,-0.1,0.228,J,F,A
2.5,9750,-0.1,0.2128,J,F,A
3,9750,-0.1,0.2035,J,F,A
3.5,9750,-0.1,0.1975,J,F,A
4,9750,-0.1,0.1935,J,F,A
4.5,9750,-0.1,0.1905,J,F,A
5,9750,-0.1,0.1884,J,F,A
2,10000,-0.1,0.2261,J,F,A
2.5,10000,-0.1,0.2106,J,F,A
3,10000,-0.1,0.2014,J,F,A
3.5,10000,-0.1,0.1953,J,F,A
4,10000,-0.1,0.1909,J,F,A
4.5,10000,-0.1,0.1877,J,F,A
5,10000,-0.1,0.1854,J,F,A
2,10500,-0.1,0.2213,J,F,A
2.5,10500,-0.1,0.2051,J,F,A
3,10500,-0.1,0.1964,J,F,A
3.5,10500,-0.1,0.1906,J,F,A
4,10500,-0.1,0.1862,J,F,A
4.5,10500,-0.1,0.1828,J,F,A
5,10500,-0.1,0.1804,J,F,A
2.5,11000,-0.1,0.1989,J,F,A
3,11000,-0.1,0.1902,J,F,A
3.5,11000,-0.1,0.1851,J,F,A
4,11000,-0.1,0.1814,J,F,A
4.5,11000,-0.1,0.1783,J,F,A
5,11000,-0.1,0.1756,J,F,A
2.5,11500,-0.1,0.1933,J,F,A
3,11500,-0.1,0.1839,J,F,A
3.5,11500,-0.1,0.1792,J,F,A
4,11500,-0.1,0.1759,J,F,A
4.5,11500,-0.1,0.1736,J,F,A
5,11500,-0.1,0.1711,J,F,A
2.5,12000,-0.1,0.1891,J,F,A
3,12000,-0.1,0.1782,J,F,A
3.5,12000,-0.1,0.173,J,F,A
4,12000,-0.1,0.1704,J,F,A
4.5,12000,-0.1,0.1686,J,F,A
5,12000,-0.1,0.1668,J,F,A
2.5,12500,-0.1,0.1859,J,F,A
3,12500,-0.1,0.1731,J,F,A
3.5,12500,-0.1,0.1675,J,F,A
4,12500,-0.1,0.165,J,F,A
4.5,12500,-0.1,0.1634,J,F,A
5,12500,-0.1,0.1623,J,F,A
2.5,13000,-0.1,0.1833,J,F,A
3,13000,-0.1,0.1692,J,F,A
3.5,13000,-0.1,0.1629,J,F,A
4,13000,-0.1,0.16,J,F,A
4.5,13000,-0.1,0.1587,J,F,A
5,13000,-0.1,0.1578,J,F,A
2,14000,-0.1,0.2181,J,F,A
2.5,14000,-0.1,0.1807,J,F,A
3,14000,-0.1,0.1637,J,F,A
3.5,14000,-0.1,0.1552,J,F,A
4,14000,-0.1,0.1513,J,F,A
4.5,14000,-0.1,0.1499,J,F,A
5,14000,-0.1,0.1494,J,F,A
2.5,15000,-0.1,0.18,J,F,A
3,15000,-0.1,0.1598,J,F,A
3.5,15000,-0.1,0.1498,J,F,A
4,15000,-0.1,0.1447,J,F,A
4.5,15000,-0.1,0.1425,J,F,A
5,15000,-0.1,0.1418,J,F,A
2.5,16000,-0.1,0.1816,J,F,A
3,16000,-0.1,0.1577,J,F,A
3.5,16000,-0.1,0.1461,J,F,A
4,16000,-0.1,0.14,J,F,A
4.5,16000,-0.1,0.1368,J,F,A
5,16000,-0.1,0.1355,J,F,A
2.5,17000,-0.1,0.1851,J,F,A
3,17000,-0.1,0.1568,J,F,A
3.5,17000,-0.1,0.1432,J,F,A
4,17000,-0.1,0.1362,J,F,A
4.5,17000,-0.1,0.1324,J,F,A
5,17000,-0.1,0.131,J,F,A
2.5,18000,-0.1,0.1909,J,F,A
3,18000,-0.1,0.1566,J,F,A
3.5,18000,-0.1,0.1412,J,F,A
4,18000,-0.1,0.1333,J,F,A
4.5,18000,-0.1,0.1291,J,F,A
5,18000,-0.1,0.1268,J,F,A
2.5,19000,-0.1,0.1985,J,F,A
3,19000,-0.1,0.1579,J,F,A
3.5,19000,-0.1,0.1398,J,F,A
4,19000,-0.1,0.1309,J,F,A
4.5,19000,-0.1,0.1262,J,F,A
5,19000,-0.1,0.1241,J,F,A
3,20000,-0.1,0.1596,J,F,A
3.5,20000,-0.1,0.1395,J,F,A
4,20000,-0.1,0.1291,J,F,A
4.5,20000,-0.1,0.124,J,F,A
5,20000,-0.1,0.1211,J,F,A
3,21000,-0.1,0.1615,J,F,A
3.5,21000,-0.1,0.1392,J,F,A
4,21000,-0.1,0.1282,J,F,A
4.5,21000,-0.1,0.1224,J,F,A
5,21000,-0.1,0.1191,J,F,A
3,22000,-0.1,0.1626,J,F,A
3.5,22000,-0.1,0.1394,J,F,A
4,22000,-0.1,0.1276,J,F,A
4.5,22000,-0.1,0.1212,J,F,A
5,22000,-0.1,0.1176,J,F,A
3,23000,-0.1,0.1641,J,F,A
3.5,23000,-0.1,0.1392,J,F,A
4,23000,-0.1,0.1271,J,F,A
4.5,23000,-0.1,0.1204,J,F,A
5,23000,-0.1,0.1167,J,F,A
3,24000,-0.1,0.1677,J,F,A
3.5,24000,-0.1,0.1386,J,F,A
4,24000,-0.1,0.1265,J,F,A
4.5,24000,-0.1,0.1197,J,F,A
5,24000,-0.1,0.1162,J,F,A
3,25000,-0.1,0.1745,J,F,A
3.5,25000,-0.1,0.1386,J,F,A
4,25000,-0.1,0.1254,J,F,A
4.5,25000,-0.1,0.1193,J,F,A
5,25000,-0.1,0.1158,J,F,A
3,26000,-0.1,0.1826,J,F,A
3.5,26000,-0.1,0.1401,J,F,A
4,26000,-0.1,0.1248,J,F,A
4.5,26000,-0.1,0.1184,J,F,A
5,26000,-0.1,0.1152,J,F,A
3.5,27000,-0.1,0.1429,J,F,A
4,27000,-0.1,0.1251,J,F,A
4.5,27000,-0.1,0.1176,J,F,A
5,27000,-0.1,0.1145,J,F,A
3.5,28000,-0.1,0.1455,J,F,A
4,28000,-0.1,0.126,J,F,A
4.5,28000,-0.1,0.1172,J,F,A
5,28000,-0.1,0.1135,J,F,A
3.5,29000,-0.1,0.147,J,F,A
4,29000,-0.1,0.127,J,F,A
4.5,29000,-0.1,0.1172,J,F,A
5,29000,-0.1,0.1127,J,F,A
3.5,30000,-0.1,0.1473,J,F,A
4,30000,-0.1,0.1269,J,F,A
4.5,30000,-0.1,0.1172,J,F,A
5,30000,-0.1,0.1119,J,F,A
3.5,31000,-0.1,0.1479,J,F,A
4,31000,-0.1,0.1258,J,F,A
4.5,31000,-0.1,0.1162,J,F,A
5,31000,-0.1,0.111,J,F,A
4,32000,-0.1,0.1242,J,F,A
4.5,32000,-0.1,0.1142,J,F,A
5,32000,-0.1,0.1093,J,F,A
4,33000,-0.1,0.1224,J,F,A
4.5,33000,-0.1,0.1117,J,F,A
5,33000,-0.1,0.1067,J,F,A
4,34000,-0.1,0.1204,J,F,A
4.5,34000,-0.1,0.1093,J,F,A
5,34000,-0.1,0.1037,J,F,A
4,35000,-0.1,0.117,J,F,A
4.5,35000,-0.1,0.1068,J,F,A
5,35000,-0.1,0.1007,J,F,A
4.5,37500,-0.1,0.0973,J,F,A
5,37500,-0.1,0.0924,J,F,A
4.5,40000,-0.1,0.0909,J,F,A
5,40000,-0.1,0.0833,J,F,A
5,42500,-0.1,0.0788,J,F,A
5,45000,-0.1,0.0768,J,F,A
5,47500,-0.1,0.0753,J,F,A
5,50000,-0.1,0.0742,J,F,A
0,3500,0,0.4856,J,F,A
0.5,3500,0,0.4762,J,F,A
1,3500,0,0.4681,J,F,A
1.5,3500,0,0.4613,J,F,A
2,3500,0,0.456,J,F,A
2.5,3500,0,0.451,J,F,A
3,3500,0,0.4316,J,F,A
3.5,3500,0,0.3524,J,F,A
4,3500,0,0.2774,J,F,A
4.5,3500,0,0.2412,J,F,A
5,3500,0,0.2262,J,F,A
0,3750,0,0.4892,J,F,A
0.5,3750,0,0.4851,J,F,A
1,3750,0,0.4806,J,F,A
1.5,3750,0,0.4752,J,F,A
2,3750,0,0.4707,J,F,A
2.5,3750,0,0.4658,J,F,A
3,3750,0,0.4599,J,F,A
3.5,3750,0,0.4363,J,F,A
4,3750,0,0.3611,J,F,A
4.5,3750,0,0.285,J,F,A
5,3750,0,0.244,J,F,A
0,4000,0,0.467,J,F,A
0.5,4000,0,0.4675,J,F,A
1,4000,0,0.4668,J,F,A
1.5,4000,0,0.4661,J,F,A
2,4000,0,0.4651,J,F,A
2.5,4000,0,0.4634,J,F,A
3,4000,0,0.4614,J,F,A
3.5,4000,0,0.4574,J,F,A
4,4000,0,0.4336,J,F,A
4.5,4000,0,0.3657,J,F,A
5,4000,0,0.2926,J,F,A
0,4250,0,0.4349,J,F,A
0.5,4250,0,0.438,J,F,A
1,4250,0,0.4393,J,F,A
1.5,4250,0,0.4412,J,F,A
2,4250,0,0.4427,J,F,A
2.5,4250,0,0.4441,J,F,A
3,4250,0,0.4449,J,F,A
3.5,4250,0,0.4452,J,F,A
4,4250,0,0.443,J,F,A
4.5,4250,0,0.4239,J,F,A
5,4250,0,0.3675,J,F,A
0,4500,0,0.4017,J,F,A
0.5,4500,0,0.407,J,F,A
1,4500,0,0.4088,J,F,A
1.5,4500,0,0.4131,J,F,A
2,4500,0,0.4152,J,F,A
2.5,4500,0,0.4187,J,F,A
3,4500,0,0.4211,J,F,A
3.5,4500,0,0.423,J,F,A
4,4500,0,0.4238,J,F,A
4.5,4500,0,0.4231,J,F,A
5,4500,0,0.4094,J,F,A
0,4750,0,0.3731,J,F,A
0.5,4750,0,0.3786,J,F,A
1,4750,0,0.3813,J,F,A
1.5,4750,0,0.3849,J,F,A
2,4750,0,0.3877,J,F,A
2.5,4750,0,0.3916,J,F,A
3,4750,0,0.3951,J,F,A
3.5,4750,0,0.3983,J,F,A
4,4750,0,0.4002,J,F,A
4.5,4750,0,0.4018,J,F,A
5,4750,0,0.4015,J,F,A
0,5000,0,0.3471,J,F,A
0.5,5000,0,0.352,J,F,A
1,5000,0,0.3558,J,F,A
1.5,5000,0,0.3584,J,F,A
2,5000,0,0.3608,J,F,A
2.5,5000,0,0.3654,J,F,A
3,5000,0,0.3693,J,F,A
3.5,5000,0,0.3732,J,F,A
4,5000,0,0.3763,J,F,A
4.5,5000,0,0.3791,J,F,A
5,5000,0,0.3799,J,F,A
0,5250,0,0.3193,J,F,A
0.5,5250,0,0.3235,J,F,A
1,5250,0,0.3282,J,F,A
1.5,5250,0,0.3347,J,F,A
2,5250,0,0.3378,J,F,A
2.5,5250,0,0.3408,J,F,A
3,5250,0,0.3446,J,F,A
3.5,5250,0,0.3489,J,F,A
4,5250,0,0.3533,J,F,A
4.5,5250,0,0.3561,J,F,A
5,5250,0,0.3577,J,F,A
0,5500,0,0.3007,J,F,A
0.5,5500,0,0.2998,J,F,A
1,5500,0,0.3039,J,F,A
1.5,5500,0,0.3104,J,F,A
2,5500,0,0.3127,J,F,A
2.5,5500,0,0.3182,J,F,A
3,5500,0,0.3217,J,F,A
3.5,5500,0,0.3266,J,F,A
4,5500,0,0.331,J,F,A
4.5,5500,0,0.3338,J,F,A
5,5500,0,0.3357,J,F,A
0,5750,0,0.3145,J,F,A
0.5,5750,0,0.2948,J,F,A
1,5750,0,0.2818,J,F,A
1.5,5750,0,0.2861,J,F,A
2,5750,0,0.2905,J,F,A
2.5,5750,0,0.2963,J,F,A
3,5750,0,0.3008,J,F,A
3.5,5750,0,0.3053,J,F,A
4,5750,0,0.3094,J,F,A
4.5,5750,0,0.3137,J,F,A
5,5750,0,0.3154,J,F,A
0,6000,0,0.311,J,F,A
0.5,6000,0,0.3005,J,F,A
1,6000,0,0.2821,J,F,A
1.5,6000,0,0.2665,J,F,A
2,6000,0,0.2721,J,F,A
2.5,6000,0,0.2768,J,F,A
3,6000,0,0.2811,J,F,A
3.5,6000,0,0.2851,J,F,A
4,6000,0,0.2905,J,F,A
4.5,6000,0,0.2946,J,F,A
5,6000,0,0.296,J,F,A
0.5,6250,0,0.2981,J,F,A
1,6250,0,0.2899,J,F,A
1.5,6250,0,0.2763,J,F,A
2,6250,0,0.2532,J,F,A
2.5,6250,0,0.2588,J,F,A
3,6250,0,0.2631,J,F,A
3.5,6250,0,0.2679,J,F,A
4,6250,0,0.2735,J,F,A
4.5,6250,0,0.2771,J,F,A
5,6250,0,0.2794,J,F,A
0.5,6500,0,0.2953,J,F,A
1,6500,0,0.2862,J,F,A
1.5,6500,0,0.277,J,F,A
2,6500,0,0.259,J,F,A
2.5,6500,0,0.2422,J,F,A
3,6500,0,0.2476,J,F,A
3.5,6500,0,0.2535,J,F,A
4,6500,0,0.2586,J,F,A
4.5,6500,0,0.2618,J,F,A
5,6500,0,0.2649,J,F,A
0.5,6750,0,0.291,J,F,A
1,6750,0,0.2832,J,F,A
1.5,6750,0,0.2755,J,F,A
2,6750,0,0.2625,J,F,A
2.5,6750,0,0.2425,J,F,A
3,6750,0,0.2345,J,F,A
3.5,6750,0,0.2403,J,F,A
4,6750,0,0.2452,J,F,A
4.5,6750,0,0.2486,J,F,A
5,6750,0,0.2526,J,F,A
0.5,7000,0,0.2896,J,F,A
1,7000,0,0.2772,J,F,A
1.5,7000,0,0.2727,J,F,A
2,7000,0,0.265,J,F,A
2.5,7000,0,0.2492,J,F,A
3,7000,0,0.2285,J,F,A
3.5,7000,0,0.2295,J,F,A
4,7000,0,0.2332,J,F,A
4.5,7000,0,0.237,J,F,A
5,7000,0,0.2418,J,F,A
0.5,7250,0,0.2905,J,F,A
1,7250,0,0.2727,J,F,A
1.5,7250,0,0.2654,J,F,A
2,7250,0,0.263,J,F,A
2.5,7250,0,0.2546,J,F,A
3,7250,0,0.2363,J,F,A
3.5,7250,0,0.2169,J,F,A
4,7250,0,0.2235,J,F,A
4.5,7250,0,0.2266,J,F,A
5,7250,0,0.2317,J,F,A
0.5,7500,0,0.2954,J,F,A
1,7500,0,0.2691,J,F,A
1.5,7500,0,0.2582,J,F,A
2,7500,0,0.254,J,F,A
2.5,7500,0,0.2534,J,F,A
3,7500,0,0.2443,J,F,A
3.5,7500,0,0.2244,J,F,A
4,7500,0,0.2148,J,F,A
4.5,7500,0,0.2181,J,F,A
5,7500,0,0.2221,J,F,A
1,7750,0,0.268,J,F,A
1.5,7750,0,0.2529,J,F,A
2,7750,0,0.246,J,F,A
2.5,7750,0,0.2431,J,F,A
3,7750,0,0.2438,J,F,A
3.5,7750,0,0.2326,J,F,A
4,7750,0,0.2133,J,F,A
4.5,7750,0,0.212,J,F,A
5,7750,0,0.2144,J,F,A
1,8000,0,0.2715,J,F,A
1.5,8000,0,0.2491,J,F,A
2,8000,0,0.2392,J,F,A
2.5,8000,0,0.2352,J,F,A
3,8000,0,0.2338,J,F,A
3.5,8000,0,0.2352,J,F,A
4,8000,0,0.2221,J,F,A
4.5,8000,0,0.2082,J,F,A
5,8000,0,0.2066,J,F,A
1,8250,0,0.2788,J,F,A
1.5,8250,0,0.2485,J,F,A
2,8250,0,0.2347,J,F,A
2.5,8250,0,0.228,J,F,A
3,8250,0,0.2255,J,F,A
3.5,8250,0,0.2252,J,F,A
4,8250,0,0.2267,J,F,A
4.5,8250,0,0.2133,J,F,A
5,8250,0,0.203,J,F,A
1.5,8500,0,0.2496,J,F,A
2,8500,0,0.2323,J,F,A
2.5,8500,0,0.2232,J,F,A
3,8500,0,0.2185,J,F,A
3.5,8500,0,0.2169,J,F,A
4,8500,0,0.2174,J,F,A
4.5,8500,0,0.2183,J,F,A
5,8500,0,0.2053,J,F,A
1.5,8750,0,0.2514,J,F,A
2,8750,0,0.231,J,F,A
2.5,8750,0,0.2199,J,F,A
3,8750,0,0.2136,J,F,A
3.5,8750,0,0.2105,J,F,A
4,8750,0,0.2095,J,F,A
4.5,8750,0,0.2108,J,F,A
5,8750,0,0.2097,J,F,A
1.5,9000,0,0.2534,J,F,A
2,9000,0,0.2302,J,F,A
2.5,9000,0,0.2176,J,F,A
3,9000,0,0.2105,J,F,A
3.5,9000,0,0.206,J,F,A
4,9000,0,0.2036,J,F,A
4.5,9000,0,0.2029,J,F,A
5,9000,0,0.2037,J,F,A
2,9250,0,0.2296,J,F,A
2.5,9250,0,0.216,J,F,A
3,9250,0,0.2078,J,F,A
3.5,9250,0,0.2026,J,F,A
4,9250,0,0.1995,J,F,A
4.5,9250,0,0.1976,J,F,A
5,9250,0,0.1972,J,F,A
2,9500,0,0.2287,J,F,A
2.5,9500,0,0.2142,J,F,A
3,9500,0,0.2055,J,F,A
3.5,9500,0,0.2,J,F,A
4,9500,0,0.1962,J,F,A
4.5,9500,0,0.1937,J,F,A
5,9500,0,0.1922,J,F,A
2,9750,0,0.2274,J,F,A
2.5,9750,0,0.2124,J,F,A
3,9750,0,0.2031,J,F,A
3.5,9750,0,0.1973,J,F,A
4,9750,0,0.1934,J,F,A
4.5,9750,0,0.1905,J,F,A
5,9750,0,0.1885,J,F,A
2,10000,0,0.2257,J,F,A
2.5,10000,0,0.2101,J,F,A
3,10000,0,0.2011,J,F,A
3.5,10000,0,0.1952,J,F,A
4,10000,0,0.1909,J,F,A
4.5,10000,0,0.1879,J,F,A
5,10000,0,0.1854,J,F,A
2,10250,0,0.2236,J,F,A
2.5,10250,0,0.2079,J,F,A
3,10250,0,0.1989,J,F,A
3.5,10250,0,0.1931,J,F,A
4,10250,0,0.1887,J,F,A
4.5,10250,0,0.1854,J,F,A
5,10250,0,0.1829,J,F,A
2,10500,0,0.2213,J,F,A
2.5,10500,0,0.2052,J,F,A
3,10500,0,0.1964,J,F,A
3.5,10500,0,0.1905,J,F,A
4,10500,0,0.1863,J,F,A
4.5,10500,0,0.1832,J,F,A
5,10500,0,0.1805,J,F,A
2,10750,0,0.2192,J,F,A
2.5,10750,0,0.2021,J,F,A
3,10750,0,0.1934,J,F,A
3.5,10750,0,0.1881,J,F,A
4,10750,0,0.1841,J,F,A
4.5,10750,0,0.1809,J,F,A
5,10750,0,0.1782,J,F,A
2,11000,0,0.2172,J,F,A
2.5,11000,0,0.1993,J,F,A
3,11000,0,0.1903,J,F,A
3.5,11000,0,0.1852,J,F,A
4,11000,0,0.1815,J,F,A
4.5,11000,0,0.1786,J,F,A
5,11000,0,0.176,J,F,A
2,11250,0,0.2157,J,F,A
2.5,11250,0,0.1966,J,F,A
3,11250,0,0.1871,J,F,A
3.5,11250,0,0.1823,J,F,A
4,11250,0,0.1793,J,F,A
4.5,11250,0,0.1764,J,F,A
5,11250,0,0.1738,J,F,A
2,11500,0,0.2144,J,F,A
2.5,11500,0,0.1938,J,F,A
3,11500,0,0.184,J,F,A
3.5,11500,0,0.1793,J,F,A
4,11500,0,0.1764,J,F,A
4.5,11500,0,0.1742,J,F,A
5,11500,0,0.1717,J,F,A
2,11750,0,0.2134,J,F,A
2.5,11750,0,0.1914,J,F,A
3,11750,0,0.1812,J,F,A
3.5,11750,0,0.1762,J,F,A
4,11750,0,0.1738,J,F,A
4.5,11750,0,0.1718,J,F,A
5,11750,0,0.1695,J,F,A
2,12000,0,0.2128,J,F,A
2.5,12000,0,0.1892,J,F,A
3,12000,0,0.1785,J,F,A
3.5,12000,0,0.1734,J,F,A
4,12000,0,0.1709,J,F,A
4.5,12000,0,0.169,J,F,A
5,12000,0,0.1673,J,F,A
2,12250,0,0.2128,J,F,A
2.5,12250,0,0.1874,J,F,A
3,12250,0,0.1759,J,F,A
3.5,12250,0,0.1707,J,F,A
4,12250,0,0.168,J,F,A
4.5,12250,0,0.1666,J,F,A
5,12250,0,0.1651,J,F,A
2,12500,0,0.2128,J,F,A
2.5,12500,0,0.1862,J,F,A
3,12500,0,0.1736,J,F,A
3.5,12500,0,0.1681,J,F,A
4,12500,0,0.1653,J,F,A
4.5,12500,0,0.1641,J,F,A
5,12500,0,0.1628,J,F,A
2,12750,0,0.213,J,F,A
2.5,12750,0,0.185,J,F,A
3,12750,0,0.1719,J,F,A
3.5,12750,0,0.1654,J,F,A
4,12750,0,0.1629,J,F,A
4.5,12750,0,0.1615,J,F,A
5,12750,0,0.1608,J,F,A
2,13000,0,0.2134,J,F,A
2.5,13000,0,0.1838,J,F,A
3,13000,0,0.1697,J,F,A
3.5,13000,0,0.1634,J,F,A
4,13000,0,0.1604,J,F,A
4.5,13000,0,0.1592,J,F,A
5,13000,0,0.1582,J,F,A
2,14000,0,0.2178,J,F,A
2.5,14000,0,0.1809,J,F,A
3,14000,0,0.164,J,F,A
3.5,14000,0,0.1558,J,F,A
4,14000,0,0.1518,J,F,A
4.5,14000,0,0.1503,J,F,A
5,14000,0,0.1499,J,F,A
2,15000,0,0.2268,J,F,A
2.5,15000,0,0.1804,J,F,A
3,15000,0,0.1605,J,F,A
3.5,15000,0,0.1504,J,F,A
4,15000,0,0.1455,J,F,A
4.5,15000,0,0.143,J,F,A
5,15000,0,0.1426,J,F,A
2,16000,0,0.243,J,F,A
2.5,16000,0,0.1818,J,F,A
3,16000,0,0.1583,J,F,A
3.5,16000,0,0.1467,J,F,A
4,16000,0,0.1406,J,F,A
4.5,16000,0,0.1378,J,F,A
5,16000,0,0.1365,J,F,A
2.5,17000,0,0.1851,J,F,A
3,17000,0,0.1569,J,F,A
3.5,17000,0,0.1439,J,F,A
4,17000,0,0.1368,J,F,A
4.5,17000,0,0.1334,J,F,A
5,17000,0,0.1316,J,F,A
2.5,18000,0,0.1919,J,F,A
3,18000,0,0.1581,J,F,A
3.5,18000,0,0.143,J,F,A
4,18000,0,0.1351,J,F,A
4.5,18000,0,0.1311,J,F,A
5,18000,0,0.1292,J,F,A
2.5,19000,0,0.1985,J,F,A
3,19000,0,0.1579,J,F,A
3.5,19000,0,0.1403,J,F,A
4,19000,0,0.1316,J,F,A
4.5,19000,0,0.1269,J,F,A
5,19000,0,0.1246,J,F,A
3,20000,0,0.1601,J,F,A
3.5,20000,0,0.1397,J,F,A
4,20000,0,0.1298,J,F,A
4.5,20000,0,0.1245,J,F,A
5,20000,0,0.1219,J,F,A
3,21000,0,0.1623,J,F,A
3.5,21000,0,0.1401,J,F,A
4,21000,0,0.1286,J,F,A
4.5,21000,0,0.1231,J,F,A
5,21000,0,0.1198,J,F,A
3,22000,0,0.1636,J,F,A
3.5,22000,0,0.1403,J,F,A
4,22000,0,0.1281,J,F,A
4.5,22000,0,0.122,J,F,A
5,22000,0,0.1184,J,F,A
3,23000,0,0.1653,J,F,A
3.5,23000,0,0.1404,J,F,A
4,23000,0,0.1281,J,F,A
4.5,23000,0,0.1212,J,F,A
5,23000,0,0.1175,J,F,A
3,24000,0,0.1691,J,F,A
3.5,24000,0,0.14,J,F,A
4,24000,0,0.1276,J,F,A
4.5,24000,0,0.1208,J,F,A
5,24000,0,0.1169,J,F,A
3,25000,0,0.1757,J,F,A
3.5,25000,0,0.1401,J,F,A
4,25000,0,0.1269,J,F,A
4.5,25000,0,0.1203,J,F,A
5,25000,0,0.1167,J,F,A
3,26000,0,0.1837,J,F,A
3.5,26000,0,0.1413,J,F,A
4,26000,0,0.1265,J,F,A
4.5,26000,0,0.1196,J,F,A
5,26000,0,0.1162,J,F,A
3.5,27000,0,0.1439,J,F,A
4,27000,0,0.1264,J,F,A
4.5,27000,0,0.119,J,F,A
5,27000,0,0.1154,J,F,A
3.5,28000,0,0.1463,J,F,A
4,28000,0,0.127,J,F,A
4.5,28000,0,0.1185,J,F,A
5,28000,0,0.1147,J,F,A
3.5,29000,0,0.1477,J,F,A
4,29000,0,0.1278,J,F,A
4.5,29000,0,0.1183,J,F,A
5,29000,0,0.114,J,F,A
3.5,30000,0,0.1482,J,F,A
4,30000,0,0.1278,J,F,A
4.5,30000,0,0.1179,J,F,A
5,30000,0,0.113,J,F,A
3.5,31000,0,0.1487,J,F,A
4,31000,0,0.1266,J,F,A
4.5,31000,0,0.117,J,F,A
5,31000,0,0.1117,J,F,A
4,32000,0,0.1248,J,F,A
4.5,32000,0,0.1149,J,F,A
5,32000,0,0.1099,J,F,A
4,33000,0,0.1232,J,F,A
4.5,33000,0,0.1125,J,F,A
5,33000,0,0.1074,J,F,A
4,34000,0,0.121,J,F,A
4.5,34000,0,0.1099,J,F,A
5,34000,0,0.1043,J,F,A
4,35000,0,0.1179,J,F,A
4.5,35000,0,0.1074,J,F,A
5,35000,0,0.1012,J,F,A
4,36000,0,0.1144,J,F,A
4.5,36000,0,0.1041,J,F,A
5,36000,0,0.0983,J,F,A
4,37000,0,0.1119,J,F,A
4.5,37000,0,0.1,J,F,A
5,37000,0,0.0951,J,F,A
4,38000,0,0.1111,J,F,A
4.5,38000,0,0.0964,J,F,A
5,38000,0,0.0912,J,F,A
4,39000,0,0.1113,J,F,A
4.5,39000,0,0.0935,J,F,A
5,39000,0,0.0873,J,F,A
4,40000,0,0.1122,J,F,A
4.5,40000,0,0.0918,J,F,A
5,40000,0,0.0842,J,F,A
4.5,41000,0,0.0909,J,F,A
5,41000,0,0.0818,J,F,A
4.5,42000,0,0.0907,J,F,A
5,42000,0,0.0805,J,F,A
4.5,43000,0,0.0905,J,F,A
5,43000,0,0.0793,J,F,A
4.5,44000,0,0.0904,J,F,A
5,44000,0,0.0787,J,F,A
4.5,45000,0,0.0902,J,F,A
5,45000,0,0.0781,J,F,A
4.5,46000,0,0.0902,J,F,A
5,46000,0,0.0777,J,F,A
4.5,47000,0,0.0903,J,F,A
5,47000,0,0.0771,J,F,A
4.5,48000,0,0.0904,J,F,A
5,48000,0,0.0765,J,F,A
4.5,49000,0,0.0903,J,F,A
5,49000,0,0.0761,J,F,A
4.5,50000,0,0.0907,J,F,A
5,50000,0,0.0756,J,F,A
0,3500,0,0.4866,J,F,A
0.5,3500,0,0.4768,J,F,A
1,3500,0,0.4686,J,F,A
1.5,3500,0,0.4614,J,F,A
2,3500,0,0.4559,J,F,A
2.5,3500,0,0.4513,J,F,A
3,3500,0,0.4321,J,F,A
3.5,3500,0,0.3533,J,F,A
4,3500,0,0.2777,J,F,A
4.5,3500,0,0.2409,J,F,A
5,3500,0,0.2262,J,F,A
0,3750,0,0.4899,J,F,A
0.5,3750,0,0.4855,J,F,A
1,3750,0,0.4807,J,F,A
1.5,3750,0,0.4756,J,F,A
2,3750,0,0.4709,J,F,A
2.5,3750,0,0.4668,J,F,A
3,3750,0,0.461,J,F,A
3.5,3750,0,0.4372,J,F,A
4,3750,0,0.3619,J,F,A
4.5,3750,0,0.2851,J,F,A
5,3750,0,0.244,J,F,A
0,4000,0,0.4665,J,F,A
0.5,4000,0,0.4669,J,F,A
1,4000,0,0.4671,J,F,A
1.5,4000,0,0.4662,J,F,A
2,4000,0,0.4655,J,F,A
2.5,4000,0,0.4639,J,F,A
3,4000,0,0.4623,J,F,A
3.5,4000,0,0.4574,J,F,A
4,4000,0,0.4342,J,F,A
4.5,4000,0,0.3663,J,F,A
5,4000,0,0.2931,J,F,A
0,4250,0,0.4335,J,F,A
0.5,4250,0,0.4364,J,F,A
1,4250,0,0.439,J,F,A
1.5,4250,0,0.441,J,F,A
2,4250,0,0.443,J,F,A
2.5,4250,0,0.4442,J,F,A
3,4250,0,0.4457,J,F,A
3.5,4250,0,0.4449,J,F,A
4,4250,0,0.4424,J,F,A
4.5,4250,0,0.4242,J,F,A
5,4250,0,0.3681,J,F,A
0,4500,0,0.4012,J,F,A
0.5,4500,0,0.4047,J,F,A
1,4500,0,0.4082,J,F,A
1.5,4500,0,0.4116,J,F,A
2,4500,0,0.4146,J,F,A
2.5,4500,0,0.4182,J,F,A
3,4500,0,0.421,J,F,A
3.5,4500,0,0.4228,J,F,A
4,4500,0,0.4229,J,F,A
4.5,4500,0,0.4223,J,F,A
5,4500,0,0.4095,J,F,A
0,4750,0,0.372,J,F,A
0.5,4750,0,0.3762,J,F,A
1,4750,0,0.3797,J,F,A
1.5,4750,0,0.3831,J,F,A
2,4750,0,0.3867,J,F,A
2.5,4750,0,0.3907,J,F,A
3,4750,0,0.3942,J,F,A
3.5,4750,0,0.3978,J,F,A
4,4750,0,0.3996,J,F,A
4.5,4750,0,0.4009,J,F,A
5,4750,0,0.4007,J,F,A
0,5000,0,0.3439,J,F,A
0.5,5000,0,0.3496,J,F,A
1,5000,0,0.3529,J,F,A
1.5,5000,0,0.3567,J,F,A
2,5000,0,0.3601,J,F,A
2.5,5000,0,0.364,J,F,A
3,5000,0,0.3684,J,F,A
3.5,5000,0,0.3728,J,F,A
4,5000,0,0.3753,J,F,A
4.5,5000,0,0.3777,J,F,A
5,5000,0,0.3788,J,F,A
0,5250,0,0.3166,J,F,A
0.5,5250,0,0.3227,J,F,A
1,5250,0,0.3277,J,F,A
1.5,5250,0,0.3325,J,F,A
2,5250,0,0.3358,J,F,A
2.5,5250,0,0.3396,J,F,A
3,5250,0,0.3438,J,F,A
3.5,5250,0,0.3484,J,F,A
4,5250,0,0.3521,J,F,A
4.5,5250,0,0.3547,J,F,A
5,5250,0,0.3565,J,F,A
0,5500,0,0.3048,J,F,A
0.5,5500,0,0.2984,J,F,A
1,5500,0,0.303,J,F,A
1.5,5500,0,0.3078,J,F,A
2,5500,0,0.3122,J,F,A
2.5,5500,0,0.3166,J,F,A
3,5500,0,0.3205,J,F,A
3.5,5500,0,0.3255,J,F,A
4,5500,0,0.3298,J,F,A
4.5,5500,0,0.3326,J,F,A
5,5500,0,0.3345,J,F,A
0,5750,0,0.3135,J,F,A
0.5,5750,0,0.2945,J,F,A
1,5750,0,0.2805,J,F,A
1.5,5750,0,0.2864,J,F,A
2,5750,0,0.2907,J,F,A
2.5,5750,0,0.2946,J,F,A
3,5750,0,0.2994,J,F,A
3.5,5750,0,0.3044,J,F,A
4,5750,0,0.3086,J,F,A
4.5,5750,0,0.3122,J,F,A
5,5750,0,0.3142,J,F,A
0,6000,0,0.3104,J,F,A
0.5,6000,0,0.3007,J,F,A
1,6000,0,0.2872,J,F,A
1.5,6000,0,0.2651,J,F,A
2,6000,0,0.2706,J,F,A
2.5,6000,0,0.2757,J,F,A
3,6000,0,0.2805,J,F,A
3.5,6000,0,0.2847,J,F,A
4,6000,0,0.2893,J,F,A
4.5,6000,0,0.2934,J,F,A
5,6000,0,0.2954,J,F,A
0.5,6250,0,0.2976,J,F,A
1,6250,0,0.2887,J,F,A
1.5,6250,0,0.2728,J,F,A
2,6250,0,0.2523,J,F,A
2.5,6250,0,0.2579,J,F,A
3,6250,0,0.2627,J,F,A
3.5,6250,0,0.2677,J,F,A
4,6250,0,0.2725,J,F,A
4.5,6250,0,0.2767,J,F,A
5,6250,0,0.2787,J,F,A
0.5,6500,0,0.2942,J,F,A
1,6500,0,0.286,J,F,A
1.5,6500,0,0.2751,J,F,A
2,6500,0,0.2553,J,F,A
2.5,6500,0,0.242,J,F,A
3,6500,0,0.2475,J,F,A
3.5,6500,0,0.2527,J,F,A
4,6500,0,0.258,J,F,A
4.5,6500,0,0.2616,J,F,A
5,6500,0,0.2642,J,F,A
0.5,6750,0,0.2905,J,F,A
1,6750,0,0.2824,J,F,A
1.5,6750,0,0.2749,J,F,A
2,6750,0,0.2628,J,F,A
2.5,6750,0,0.2406,J,F,A
3,6750,0,0.2341,J,F,A
3.5,6750,0,0.2395,J,F,A
4,6750,0,0.2451,J,F,A
4.5,6750,0,0.2488,J,F,A
5,6750,0,0.252,J,F,A
0.5,7000,0,0.2892,J,F,A
1,7000,0,0.2765,J,F,A
1.5,7000,0,0.2721,J,F,A
2,7000,0,0.2647,J,F,A
2.5,7000,0,0.2498,J,F,A
3,7000,0,0.2289,J,F,A
3.5,7000,0,0.2285,J,F,A
4,7000,0,0.2332,J,F,A
4.5,7000,0,0.237,J,F,A
5,7000,0,0.2414,J,F,A
0.5,7250,0,0.2903,J,F,A
1,7250,0,0.2723,J,F,A
1.5,7250,0,0.2649,J,F,A
2,7250,0,0.2625,J,F,A
2.5,7250,0,0.2541,J,F,A
3,7250,0,0.2364,J,F,A
3.5,7250,0,0.2167,J,F,A
4,7250,0,0.2231,J,F,A
4.5,7250,0,0.2264,J,F,A
5,7250,0,0.2313,J,F,A
0.5,7500,0,0.2958,J,F,A
1,7500,0,0.2689,J,F,A
1.5,7500,0,0.2576,J,F,A
2,7500,0,0.2533,J,F,A
2.5,7500,0,0.2527,J,F,A
3,7500,0,0.2434,J,F,A
3.5,7500,0,0.2239,J,F,A
4,7500,0,0.2154,J,F,A
4.5,7500,0,0.2176,J,F,A
5,7500,0,0.2219,J,F,A
1,7750,0,0.2682,J,F,A
1.5,7750,0,0.2526,J,F,A
2,7750,0,0.2454,J,F,A
2.5,7750,0,0.2428,J,F,A
3,7750,0,0.2431,J,F,A
3.5,7750,0,0.2329,J,F,A
4,7750,0,0.2128,J,F,A
4.5,7750,0,0.2112,J,F,A
5,7750,0,0.2138,J,F,A
1,8000,0,0.2718,J,F,A
1.5,8000,0,0.2491,J,F,A
2,8000,0,0.239,J,F,A
2.5,8000,0,0.235,J,F,A
3,8000,0,0.2335,J,F,A
3.5,8000,0,0.2345,J,F,A
4,8000,0,0.2219,J,F,A
4.5,8000,0,0.2055,J,F,A
5,8000,0,0.2064,J,F,A
1,8250,0,0.2793,J,F,A
1.5,8250,0,0.2485,J,F,A
2,8250,0,0.2346,J,F,A
2.5,8250,0,0.2279,J,F,A
3,8250,0,0.2252,J,F,A
3.5,8250,0,0.2247,J,F,A
4,8250,0,0.2257,J,F,A
4.5,8250,0,0.2127,J,F,A
5,8250,0,0.2024,J,F,A
1.5,8500,0,0.2498,J,F,A
2,8500,0,0.2324,J,F,A
2.5,8500,0,0.2231,J,F,A
3,8500,0,0.2184,J,F,A
3.5,8500,0,0.2166,J,F,A
4,8500,0,0.2169,J,F,A
4.5,8500,0,0.2171,J,F,A
5,8500,0,0.2047,J,F,A
1,8750,0,0.3008,J,F,A
1.5,8750,0,0.2519,J,F,A
2,8750,0,0.2313,J,F,A
2.5,8750,0,0.22,J,F,A
3,8750,0,0.2135,J,F,A
3.5,8750,0,0.2103,J,F,A
4,8750,0,0.2092,J,F,A
4.5,8750,0,0.2101,J,F,A
5,8750,0,0.2085,J,F,A
1.5,9000,0,0.2539,J,F,A
2,9000,0,0.2305,J,F,A
2.5,9000,0,0.2177,J,F,A
3,9000,0,0.2104,J,F,A
3.5,9000,0,0.2058,J,F,A
4,9000,0,0.2034,J,F,A
4.5,9000,0,0.2027,J,F,A
5,9000,0,0.2033,J,F,A
2,9250,0,0.23,J,F,A
2.5,9250,0,0.2163,J,F,A
3,9250,0,0.2079,J,F,A
3.5,9250,0,0.2025,J,F,A
4,9250,0,0.1993,J,F,A
4.5,9250,0,0.1975,J,F,A
5,9250,0,0.1969,J,F,A
2,9500,0,0.2291,J,F,A
2.5,9500,0,0.2146,J,F,A
3,9500,0,0.2056,J,F,A
3.5,9500,0,0.2,J,F,A
4,9500,0,0.1961,J,F,A
4.5,9500,0,0.1936,J,F,A
5,9500,0,0.1919,J,F,A
2,9750,0,0.2277,J,F,A
2.5,9750,0,0.2126,J,F,A
3,9750,0,0.2033,J,F,A
3.5,9750,0,0.1974,J,F,A
4,9750,0,0.1934,J,F,A
4.5,9750,0,0.1903,J,F,A
5,9750,0,0.1883,J,F,A
2,10000,0,0.226,J,F,A
2.5,10000,0,0.2104,J,F,A
3,10000,0,0.2012,J,F,A
3.5,10000,0,0.1953,J,F,A
4,10000,0,0.1908,J,F,A
4.5,10000,0,0.1878,J,F,A
5,10000,0,0.1853,J,F,A
2,10250,0,0.2238,J,F,A
2.5,10250,0,0.2081,J,F,A
3,10250,0,0.199,J,F,A
3.5,10250,0,0.1932,J,F,A
4,10250,0,0.1888,J,F,A
4.5,10250,0,0.1854,J,F,A
5,10250,0,0.1828,J,F,A
2,10500,0,0.2215,J,F,A
2.5,10500,0,0.2053,J,F,A
3,10500,0,0.1964,J,F,A
3.5,10500,0,0.1908,J,F,A
4,10500,0,0.1863,J,F,A
4.5,10500,0,0.1831,J,F,A
5,10500,0,0.1804,J,F,A
2,10750,0,0.2193,J,F,A
2.5,10750,0,0.2024,J,F,A
3,10750,0,0.1936,J,F,A
3.5,10750,0,0.1883,J,F,A
4,10750,0,0.1842,J,F,A
4.5,10750,0,0.181,J,F,A
5,10750,0,0.1782,J,F,A
2,11000,0,0.2173,J,F,A
2.5,11000,0,0.1993,J,F,A
3,11000,0,0.1903,J,F,A
3.5,11000,0,0.1854,J,F,A
4,11000,0,0.1816,J,F,A
4.5,11000,0,0.1787,J,F,A
5,11000,0,0.1759,J,F,A
2,11250,0,0.2158,J,F,A
2.5,11250,0,0.1965,J,F,A
3,11250,0,0.1873,J,F,A
3.5,11250,0,0.1823,J,F,A
4,11250,0,0.1794,J,F,A
4.5,11250,0,0.1765,J,F,A
5,11250,0,0.1739,J,F,A
2,11500,0,0.2145,J,F,A
2.5,11500,0,0.1938,J,F,A
3,11500,0,0.184,J,F,A
3.5,11500,0,0.1792,J,F,A
4,11500,0,0.1765,J,F,A
4.5,11500,0,0.1741,J,F,A
5,11500,0,0.1717,J,F,A
2,11750,0,0.2136,J,F,A
2.5,11750,0,0.1913,J,F,A
3,11750,0,0.1811,J,F,A
3.5,11750,0,0.1763,J,F,A
4,11750,0,0.1739,J,F,A
4.5,11750,0,0.1717,J,F,A
5,11750,0,0.1695,J,F,A
2,12000,0,0.2131,J,F,A
2.5,12000,0,0.1893,J,F,A
3,12000,0,0.1782,J,F,A
3.5,12000,0,0.1733,J,F,A
4,12000,0,0.171,J,F,A
4.5,12000,0,0.169,J,F,A
5,12000,0,0.1673,J,F,A
2,12250,0,0.2128,J,F,A
2.5,12250,0,0.1875,J,F,A
3,12250,0,0.1759,J,F,A
3.5,12250,0,0.1706,J,F,A
4,12250,0,0.1683,J,F,A
4.5,12250,0,0.1667,J,F,A
5,12250,0,0.1651,J,F,A
2,12500,0,0.2128,J,F,A
2.5,12500,0,0.1859,J,F,A
3,12500,0,0.1739,J,F,A
3.5,12500,0,0.168,J,F,A
4,12500,0,0.1656,J,F,A
4.5,12500,0,0.1639,J,F,A
5,12500,0,0.1627,J,F,A
2,12750,0,0.213,J,F,A
2.5,12750,0,0.1849,J,F,A
3,12750,0,0.1717,J,F,A
3.5,12750,0,0.1656,J,F,A
4,12750,0,0.1628,J,F,A
4.5,12750,0,0.1615,J,F,A
5,12750,0,0.1602,J,F,A
2,13000,0,0.2138,J,F,A
2.5,13000,0,0.1838,J,F,A
3,13000,0,0.1696,J,F,A
3.5,13000,0,0.1631,J,F,A
4,13000,0,0.1605,J,F,A
4.5,13000,0,0.1592,J,F,A
5,13000,0,0.1581,J,F,A
2,14000,0,0.218,J,F,A
2.5,14000,0,0.1813,J,F,A
3,14000,0,0.164,J,F,A
3.5,14000,0,0.1556,J,F,A
4,14000,0,0.1518,J,F,A
4.5,14000,0,0.1501,J,F,A
5,14000,0,0.1496,J,F,A
2,15000,0,0.2273,J,F,A
2.5,15000,0,0.1805,J,F,A
3,15000,0,0.1603,J,F,A
3.5,15000,0,0.1501,J,F,A
4,15000,0,0.1451,J,F,A
4.5,15000,0,0.1429,J,F,A
5,15000,0,0.1422,J,F,A
2,16000,0,0.2439,J,F,A
2.5,16000,0,0.182,J,F,A
3,16000,0,0.1582,J,F,A
3.5,16000,0,0.1465,J,F,A
4,16000,0,0.1404,J,F,A
4.5,16000,0,0.1375,J,F,A
5,16000,0,0.1363,J,F,A
2.5,17000,0,0.1854,J,F,A
3,17000,0,0.1571,J,F,A
3.5,17000,0,0.1437,J,F,A
4,17000,0,0.1367,J,F,A
4.5,17000,0,0.1333,J,F,A
5,17000,0,0.1314,J,F,A
2.5,18000,0,0.1913,J,F,A
3,18000,0,0.157,J,F,A
3.5,18000,0,0.1417,J,F,A
4,18000,0,0.1336,J,F,A
4.5,18000,0,0.1296,J,F,A
5,18000,0,0.1276,J,F,A
2.5,19000,0,0.1991,J,F,A
3,19000,0,0.1581,J,F,A
3.5,19000,0,0.1404,J,F,A
4,19000,0,0.1313,J,F,A
4.5,19000,0,0.1267,J,F,A
5,19000,0,0.1244,J,F,A
3,20000,0,0.1603,J,F,A
3.5,20000,0,0.1397,J,F,A
4,20000,0,0.1297,J,F,A
4.5,20000,0,0.1242,J,F,A
5,20000,0,0.1216,J,F,A
3,21000,0,0.1625,J,F,A
3.5,21000,0,0.14,J,F,A
4,21000,0,0.1287,J,F,A
4.5,21000,0,0.1228,J,F,A
5,21000,0,0.1197,J,F,A
3,22000,0,0.1638,J,F,A
3.5,22000,0,0.1404,J,F,A
4,22000,0,0.1282,J,F,A
4.5,22000,0,0.1215,J,F,A
5,22000,0,0.1182,J,F,A
3,23000,0,0.1653,J,F,A
3.5,23000,0,0.1403,J,F,A
4,23000,0,0.128,J,F,A
4.5,23000,0,0.1211,J,F,A
5,23000,0,0.1173,J,F,A
3,24000,0,0.1691,J,F,A
3.5,24000,0,0.1399,J,F,A
4,24000,0,0.1275,J,F,A
4.5,24000,0,0.1206,J,F,A
5,24000,0,0.1168,J,F,A
3,25000,0,0.1758,J,F,A
3.5,25000,0,0.14,J,F,A
4,25000,0,0.1269,J,F,A
4.5,25000,0,0.1201,J,F,A
5,25000,0,0.1165,J,F,A
3,26000,0,0.1839,J,F,A
3.5,26000,0,0.1412,J,F,A
4,26000,0,0.1263,J,F,A
4.5,26000,0,0.1195,J,F,A
5,26000,0,0.116,J,F,A
3.5,27000,0,0.1438,J,F,A
4,27000,0,0.1263,J,F,A
4.5,27000,0,0.1186,J,F,A
5,27000,0,0.1152,J,F,A
3.5,28000,0,0.1464,J,F,A
4,28000,0,0.1268,J,F,A
4.5,28000,0,0.1182,J,F,A
5,28000,0,0.1144,J,F,A
3.5,29000,0,0.1477,J,F,A
4,29000,0,0.1277,J,F,A
4.5,29000,0,0.1181,J,F,A
5,29000,0,0.1138,J,F,A
3.5,30000,0,0.1483,J,F,A
4,30000,0,0.1277,J,F,A
4.5,30000,0,0.1178,J,F,A
5,30000,0,0.1128,J,F,A
3.5,31000,0,0.149,J,F,A
4,31000,0,0.1265,J,F,A
4.5,31000,0,0.1169,J,F,A
5,31000,0,0.1116,J,F,A
4,32000,0,0.1249,J,F,A
4.5,32000,0,0.1148,J,F,A
5,32000,0,0.1097,J,F,A
4,33000,0,0.1233,J,F,A
4.5,33000,0,0.1124,J,F,A
5,33000,0,0.1074,J,F,A
4,34000,0,0.1212,J,F,A
4.5,34000,0,0.11,J,F,A
5,34000,0,0.1043,J,F,A
4,35000,0,0.118,J,F,A
4.5,35000,0,0.1075,J,F,A
5,35000,0,0.1014,J,F,A
4,36000,0,0.1145,J,F,A
4.5,36000,0,0.1041,J,F,A
5,36000,0,0.0984,J,F,A
4,37000,0,0.1121,J,F,A
4.5,37000,0,0.1,J,F,A
5,37000,0,0.0951,J,F,A
4,38000,0,0.1114,J,F,A
4.5,38000,0,0.0964,J,F,A
5,38000,0,0.0912,J,F,A
4,39000,0,0.1116,J,F,A
4.5,39000,0,0.0937,J,F,A
5,39000,0,0.0874,J,F,A
4.5,40000,0,0.0919,J,F,A
5,40000,0,0.0844,J,F,A
4.5,41000,0,0.0911,J,F,A
5,41000,0,0.082,J,F,A
4.5,42000,0,0.0909,J,F,A
5,42000,0,0.0807,J,F,A
4.5,43000,0,0.0907,J,F,A
5,43000,0,0.0794,J,F,A
4.5,44000,0,0.0906,J,F,A
5,44000,0,0.0788,J,F,A
4.5,45000,0,0.0904,J,F,A
5,45000,0,0.0782,J,F,A
4.5,46000,0,0.0902,J,F,A
5,46000,0,0.0777,J,F,A
4.5,47000,0,0.0904,J,F,A
5,47000,0,0.0772,J,F,A
4.5,48000,0,0.0905,J,F,A
5,48000,0,0.0766,J,F,A
4.5,49000,0,0.0905,J,F,A
5,49000,0,0.0761,J,F,A
4.5,50000,0,0.0908,J,F,A
5,50000,0,0.0757,J,F,A
0,3500,0,0.489,J,F,A
0.5,3500,0,0.479,J,F,A
1,3500,0,0.4705,J,F,A
1.5,3500,0,0.4631,J,F,A
2,3500,0,0.4571,J,F,A
2.5,3500,0,0.4515,J,F,A
3,3500,0,0.4327,J,F,A
3.5,3500,0,0.3568,J,F,A
4,3500,0,0.2792,J,F,A
4.5,3500,0,0.2417,J,F,A
5,3500,0,0.2262,J,F,A
0,3750,0,0.4908,J,F,A
0.5,3750,0,0.4872,J,F,A
1,3750,0,0.4826,J,F,A
1.5,3750,0,0.4778,J,F,A
2,3750,0,0.4728,J,F,A
2.5,3750,0,0.4675,J,F,A
3,3750,0,0.4614,J,F,A
3.5,3750,0,0.4385,J,F,A
4,3750,0,0.3642,J,F,A
4.5,3750,0,0.2865,J,F,A
5,3750,0,0.2446,J,F,A
0,4000,0,0.4665,J,F,A
0.5,4000,0,0.4679,J,F,A
1,4000,0,0.4679,J,F,A
1.5,4000,0,0.4678,J,F,A
2,4000,0,0.4669,J,F,A
2.5,4000,0,0.4649,J,F,A
3,4000,0,0.4628,J,F,A
3.5,4000,0,0.4585,J,F,A
4,4000,0,0.4356,J,F,A
4.5,4000,0,0.3682,J,F,A
5,4000,0,0.2942,J,F,A
0,4250,0,0.4331,J,F,A
0.5,4250,0,0.4356,J,F,A
1,4250,0,0.4395,J,F,A
1.5,4250,0,0.4419,J,F,A
2,4250,0,0.4437,J,F,A
2.5,4250,0,0.4452,J,F,A
3,4250,0,0.446,J,F,A
3.5,4250,0,0.4459,J,F,A
4,4250,0,0.4439,J,F,A
4.5,4250,0,0.4254,J,F,A
5,4250,0,0.3699,J,F,A
0,4500,0,0.3999,J,F,A
0.5,4500,0,0.4036,J,F,A
1,4500,0,0.408,J,F,A
1.5,4500,0,0.4114,J,F,A
2,4500,0,0.4149,J,F,A
2.5,4500,0,0.4188,J,F,A
3,4500,0,0.4215,J,F,A
3.5,4500,0,0.4234,J,F,A
4,4500,0,0.424,J,F,A
4.5,4500,0,0.4235,J,F,A
5,4500,0,0.4104,J,F,A
0,4750,0,0.3709,J,F,A
0.5,4750,0,0.3766,J,F,A
1,4750,0,0.3789,J,F,A
1.5,4750,0,0.3828,J,F,A
2,4750,0,0.3868,J,F,A
2.5,4750,0,0.3906,J,F,A
3,4750,0,0.3945,J,F,A
3.5,4750,0,0.3981,J,F,A
4,4750,0,0.3998,J,F,A
4.5,4750,0,0.4015,J,F,A
5,4750,0,0.4016,J,F,A
0,5000,0,0.3426,J,F,A
0.5,5000,0,0.3472,J,F,A
1,5000,0,0.3516,J,F,A
1.5,5000,0,0.3572,J,F,A
2,5000,0,0.3601,J,F,A
2.5,5000,0,0.3641,J,F,A
3,5000,0,0.3679,J,F,A
3.5,5000,0,0.3719,J,F,A
4,5000,0,0.3753,J,F,A
4.5,5000,0,0.3782,J,F,A
5,5000,0,0.3795,J,F,A
0,5250,0,0.3149,J,F,A
0.5,5250,0,0.3208,J,F,A
1,5250,0,0.3256,J,F,A
1.5,5250,0,0.3321,J,F,A
2,5250,0,0.3355,J,F,A
2.5,5250,0,0.3395,J,F,A
3,5250,0,0.3428,J,F,A
3.5,5250,0,0.347,J,F,A
4,5250,0,0.3516,J,F,A
4.5,5250,0,0.3544,J,F,A
5,5250,0,0.3567,J,F,A
0,5500,0,0.3084,J,F,A
0.5,5500,0,0.2964,J,F,A
1,5500,0,0.3012,J,F,A
1.5,5500,0,0.3055,J,F,A
2,5500,0,0.3116,J,F,A
2.5,5500,0,0.3151,J,F,A
3,5500,0,0.3194,J,F,A
3.5,5500,0,0.3246,J,F,A
4,5500,0,0.3291,J,F,A
4.5,5500,0,0.3323,J,F,A
5,5500,0,0.3343,J,F,A
0,5750,0,0.3118,J,F,A
0.5,5750,0,0.2975,J,F,A
1,5750,0,0.2792,J,F,A
1.5,5750,0,0.2854,J,F,A
2,5750,0,0.2893,J,F,A
2.5,5750,0,0.2939,J,F,A
3,5750,0,0.2984,J,F,A
3.5,5750,0,0.3031,J,F,A
4,5750,0,0.3072,J,F,A
4.5,5750,0,0.3119,J,F,A
5,5750,0,0.3136,J,F,A
0,6000,0,0.3087,J,F,A
0.5,6000,0,0.3007,J,F,A
1,6000,0,0.2893,J,F,A
1.5,6000,0,0.2639,J,F,A
2,6000,0,0.2695,J,F,A
2.5,6000,0,0.2745,J,F,A
3,6000,0,0.279,J,F,A
3.5,6000,0,0.2829,J,F,A
4,6000,0,0.2882,J,F,A
4.5,6000,0,0.2925,J,F,A
5,6000,0,0.2941,J,F,A
0.5,6250,0,0.2956,J,F,A
1,6250,0,0.2876,J,F,A
1.5,6250,0,0.2713,J,F,A
2,6250,0,0.251,J,F,A
2.5,6250,0,0.2562,J,F,A
3,6250,0,0.2612,J,F,A
3.5,6250,0,0.2659,J,F,A
4,6250,0,0.2718,J,F,A
4.5,6250,0,0.2755,J,F,A
5,6250,0,0.2777,J,F,A
0.5,6500,0,0.2929,J,F,A
1,6500,0,0.284,J,F,A
1.5,6500,0,0.2756,J,F,A
2,6500,0,0.2546,J,F,A
2.5,6500,0,0.2401,J,F,A
3,6500,0,0.2452,J,F,A
3.5,6500,0,0.2517,J,F,A
4,6500,0,0.257,J,F,A
4.5,6500,0,0.2611,J,F,A
5,6500,0,0.2636,J,F,A
0.5,6750,0,0.2896,J,F,A
1,6750,0,0.2811,J,F,A
1.5,6750,0,0.2743,J,F,A
2,6750,0,0.2632,J,F,A
2.5,6750,0,0.241,J,F,A
3,6750,0,0.2332,J,F,A
3.5,6750,0,0.2385,J,F,A
4,6750,0,0.244,J,F,A
4.5,6750,0,0.248,J,F,A
5,6750,0,0.2513,J,F,A
0.5,7000,0,0.2885,J,F,A
1,7000,0,0.2757,J,F,A
1.5,7000,0,0.271,J,F,A
2,7000,0,0.2639,J,F,A
2.5,7000,0,0.2505,J,F,A
3,7000,0,0.2269,J,F,A
3.5,7000,0,0.2277,J,F,A
4,7000,0,0.2325,J,F,A
4.5,7000,0,0.2362,J,F,A
5,7000,0,0.2405,J,F,A
0.5,7250,0,0.2898,J,F,A
1,7250,0,0.2714,J,F,A
1.5,7250,0,0.2642,J,F,A
2,7250,0,0.2618,J,F,A
2.5,7250,0,0.2539,J,F,A
3,7250,0,0.237,J,F,A
3.5,7250,0,0.2189,J,F,A
4,7250,0,0.2211,J,F,A
4.5,7250,0,0.2257,J,F,A
5,7250,0,0.2305,J,F,A
0.5,7500,0,0.2965,J,F,A
1,7500,0,0.2684,J,F,A
1.5,7500,0,0.257,J,F,A
2,7500,0,0.2526,J,F,A
2.5,7500,0,0.2519,J,F,A
3,7500,0,0.2432,J,F,A
3.5,7500,0,0.2244,J,F,A
4,7500,0,0.2113,J,F,A
4.5,7500,0,0.2167,J,F,A
5,7500,0,0.2209,J,F,A
1,7750,0,0.2683,J,F,A
1.5,7750,0,0.252,J,F,A
2,7750,0,0.2448,J,F,A
2.5,7750,0,0.2421,J,F,A
3,7750,0,0.2424,J,F,A
3.5,7750,0,0.2331,J,F,A
4,7750,0,0.2126,J,F,A
4.5,7750,0,0.2102,J,F,A
5,7750,0,0.2127,J,F,A
1,8000,0,0.2722,J,F,A
1.5,8000,0,0.2491,J,F,A
2,8000,0,0.2389,J,F,A
2.5,8000,0,0.2341,J,F,A
3,8000,0,0.2328,J,F,A
3.5,8000,0,0.2337,J,F,A
4,8000,0,0.2223,J,F,A
4.5,8000,0,0.2065,J,F,A
5,8000,0,0.2057,J,F,A
1,8250,0,0.2802,J,F,A
1.5,8250,0,0.2489,J,F,A
2,8250,0,0.2346,J,F,A
2.5,8250,0,0.2278,J,F,A
3,8250,0,0.2245,J,F,A
3.5,8250,0,0.224,J,F,A
4,8250,0,0.2252,J,F,A
4.5,8250,0,0.213,J,F,A
5,8250,0,0.1986,J,F,A
1.5,8500,0,0.2505,J,F,A
2,8500,0,0.2325,J,F,A
2.5,8500,0,0.2231,J,F,A
3,8500,0,0.2182,J,F,A
3.5,8500,0,0.2162,J,F,A
4,8500,0,0.2161,J,F,A
4.5,8500,0,0.2167,J,F,A
5,8500,0,0.205,J,F,A
1.5,8750,0,0.235,J,F,A
2,8750,0,0.2318,J,F,A
2.5,8750,0,0.2201,J,F,A
3,8750,0,0.2135,J,F,A
3.5,8750,0,0.2101,J,F,A
4,8750,0,0.2089,J,F,A
4.5,8750,0,0.2094,J,F,A
5,8750,0,0.2085,J,F,A
1.5,9000,0,0.2552,J,F,A
2,9000,0,0.2315,J,F,A
2.5,9000,0,0.2183,J,F,A
3,9000,0,0.2106,J,F,A
3.5,9000,0,0.2057,J,F,A
4,9000,0,0.2031,J,F,A
4.5,9000,0,0.2022,J,F,A
5,9000,0,0.2024,J,F,A
2,9250,0,0.2311,J,F,A
2.5,9250,0,0.2168,J,F,A
3,9250,0,0.2083,J,F,A
3.5,9250,0,0.2027,J,F,A
4,9250,0,0.1991,J,F,A
4.5,9250,0,0.1972,J,F,A
5,9250,0,0.1964,J,F,A
2,9500,0,0.2301,J,F,A
2.5,9500,0,0.2152,J,F,A
3,9500,0,0.2062,J,F,A
3.5,9500,0,0.2002,J,F,A
4,9500,0,0.1961,J,F,A
4.5,9500,0,0.1934,J,F,A
5,9500,0,0.1916,J,F,A
2,9750,0,0.2286,J,F,A
2.5,9750,0,0.2134,J,F,A
3,9750,0,0.204,J,F,A
3.5,9750,0,0.1979,J,F,A
4,9750,0,0.1934,J,F,A
4.5,9750,0,0.1903,J,F,A
5,9750,0,0.1881,J,F,A
2,10000,0,0.2269,J,F,A
2.5,10000,0,0.2113,J,F,A
3,10000,0,0.202,J,F,A
3.5,10000,0,0.1958,J,F,A
4,10000,0,0.191,J,F,A
4.5,10000,0,0.1878,J,F,A
5,10000,0,0.1851,J,F,A
2,10250,0,0.2245,J,F,A
2.5,10250,0,0.2087,J,F,A
3,10250,0,0.1997,J,F,A
3.5,10250,0,0.1935,J,F,A
4,10250,0,0.1889,J,F,A
4.5,10250,0,0.1853,J,F,A
5,10250,0,0.1826,J,F,A
2,10500,0,0.222,J,F,A
2.5,10500,0,0.2058,J,F,A
3,10500,0,0.1969,J,F,A
3.5,10500,0,0.1912,J,F,A
4,10500,0,0.1867,J,F,A
4.5,10500,0,0.1831,J,F,A
5,10500,0,0.1804,J,F,A
2,10750,0,0.2196,J,F,A
2.5,10750,0,0.2029,J,F,A
3,10750,0,0.194,J,F,A
3.5,10750,0,0.1885,J,F,A
4,10750,0,0.1845,J,F,A
4.5,10750,0,0.1811,J,F,A
5,10750,0,0.1782,J,F,A
2,11000,0,0.2175,J,F,A
2.5,11000,0,0.1997,J,F,A
3,11000,0,0.1907,J,F,A
3.5,11000,0,0.1858,J,F,A
4,11000,0,0.1821,J,F,A
4.5,11000,0,0.1789,J,F,A
5,11000,0,0.1759,J,F,A
2,11250,0,0.2159,J,F,A
2.5,11250,0,0.1966,J,F,A
3,11250,0,0.1876,J,F,A
3.5,11250,0,0.1827,J,F,A
4,11250,0,0.1797,J,F,A
4.5,11250,0,0.1766,J,F,A
5,11250,0,0.174,J,F,A
2,11500,0,0.2148,J,F,A
2.5,11500,0,0.194,J,F,A
3,11500,0,0.1843,J,F,A
3.5,11500,0,0.1794,J,F,A
4,11500,0,0.1768,J,F,A
4.5,11500,0,0.1744,J,F,A
5,11500,0,0.1719,J,F,A
2,11750,0,0.2138,J,F,A
2.5,11750,0,0.1914,J,F,A
3,11750,0,0.1813,J,F,A
3.5,11750,0,0.1765,J,F,A
4,11750,0,0.1739,J,F,A
4.5,11750,0,0.172,J,F,A
5,11750,0,0.1697,J,F,A
2.5,12000,0,0.1893,J,F,A
3,12000,0,0.1782,J,F,A
3.5,12000,0,0.1732,J,F,A
4,12000,0,0.1709,J,F,A
4.5,12000,0,0.1692,J,F,A
5,12000,0,0.1674,J,F,A
2.5,12250,0,0.1876,J,F,A
3,12250,0,0.1758,J,F,A
3.5,12250,0,0.1705,J,F,A
4,12250,0,0.168,J,F,A
4.5,12250,0,0.1667,J,F,A
5,12250,0,0.1652,J,F,A
2.5,12500,0,0.1861,J,F,A
3,12500,0,0.1734,J,F,A
3.5,12500,0,0.1679,J,F,A
4,12500,0,0.1653,J,F,A
4.5,12500,0,0.1641,J,F,A
5,12500,0,0.1629,J,F,A
2.5,12750,0,0.1849,J,F,A
3,12750,0,0.1713,J,F,A
3.5,12750,0,0.1652,J,F,A
4,12750,0,0.1627,J,F,A
4.5,12750,0,0.1612,J,F,A
5,12750,0,0.1607,J,F,A
2.5,13000,0,0.1837,J,F,A
3,13000,0,0.1696,J,F,A
3.5,13000,0,0.1628,J,F,A
4,13000,0,0.16,J,F,A
4.5,13000,0,0.159,J,F,A
5,13000,0,0.1582,J,F,A
2,14000,0,0.2187,J,F,A
2.5,14000,0,0.1812,J,F,A
3,14000,0,0.1637,J,F,A
3.5,14000,0,0.1551,J,F,A
4,14000,0,0.1513,J,F,A
4.5,14000,0,0.1501,J,F,A
5,14000,0,0.1493,J,F,A
2.5,15000,0,0.1807,J,F,A
3,15000,0,0.1601,J,F,A
3.5,15000,0,0.1499,J,F,A
4,15000,0,0.1448,J,F,A
4.5,15000,0,0.1422,J,F,A
5,15000,0,0.1418,J,F,A
2.5,16000,0,0.1821,J,F,A
3,16000,0,0.158,J,F,A
3.5,16000,0,0.1461,J,F,A
4,16000,0,0.1399,J,F,A
4.5,16000,0,0.1367,J,F,A
5,16000,0,0.1356,J,F,A
2.5,17000,0,0.186,J,F,A
3,17000,0,0.157,J,F,A
3.5,17000,0,0.1432,J,F,A
4,17000,0,0.1361,J,F,A
4.5,17000,0,0.1324,J,F,A
5,17000,0,0.1306,J,F,A
2.5,18000,0,0.1925,J,F,A
3,18000,0,0.1572,J,F,A
3.5,18000,0,0.1413,J,F,A
4,18000,0,0.1333,J,F,A
4.5,18000,0,0.1291,J,F,A
5,18000,0,0.1268,J,F,A
2.5,19000,0,0.2004,J,F,A
3,19000,0,0.1585,J,F,A
3.5,19000,0,0.1401,J,F,A
4,19000,0,0.1306,J,F,A
4.5,19000,0,0.1261,J,F,A
5,19000,0,0.1238,J,F,A
3,20000,0,0.1609,J,F,A
3.5,20000,0,0.1398,J,F,A
4,20000,0,0.1294,J,F,A
4.5,20000,0,0.1239,J,F,A
5,20000,0,0.121,J,F,A
3,21000,0,0.1629,J,F,A
3.5,21000,0,0.1402,J,F,A
4,21000,0,0.1284,J,F,A
4.5,21000,0,0.1222,J,F,A
5,21000,0,0.1188,J,F,A
3,22000,0,0.1641,J,F,A
3.5,22000,0,0.1405,J,F,A
4,22000,0,0.1281,J,F,A
4.5,22000,0,0.1212,J,F,A
5,22000,0,0.1176,J,F,A
3,23000,0,0.1654,J,F,A
3.5,23000,0,0.1402,J,F,A
4,23000,0,0.1279,J,F,A
4.5,23000,0,0.1207,J,F,A
5,23000,0,0.1168,J,F,A
3,24000,0,0.1692,J,F,A
3.5,24000,0,0.1396,J,F,A
4,24000,0,0.1272,J,F,A
4.5,24000,0,0.1204,J,F,A
5,24000,0,0.1164,J,F,A
3,25000,0,0.1763,J,F,A
3.5,25000,0,0.1396,J,F,A
4,25000,0,0.1263,J,F,A
4.5,25000,0,0.1198,J,F,A
5,25000,0,0.1159,J,F,A
3,26000,0,0.1846,J,F,A
3.5,26000,0,0.141,J,F,A
4,26000,0,0.1257,J,F,A
4.5,26000,0,0.119,J,F,A
5,26000,0,0.1156,J,F,A
3.5,27000,0,0.1437,J,F,A
4,27000,0,0.1258,J,F,A
4.5,27000,0,0.1183,J,F,A
5,27000,0,0.1147,J,F,A
3.5,28000,0,0.1465,J,F,A
4,28000,0,0.1266,J,F,A
4.5,28000,0,0.1178,J,F,A
5,28000,0,0.114,J,F,A
3.5,29000,0,0.148,J,F,A
4,29000,0,0.1274,J,F,A
4.5,29000,0,0.1177,J,F,A
5,29000,0,0.1132,J,F,A
3.5,30000,0,0.1488,J,F,A
4,30000,0,0.1278,J,F,A
4.5,30000,0,0.1175,J,F,A
5,30000,0,0.1124,J,F,A
3.5,31000,0,0.1496,J,F,A
4,31000,0,0.1267,J,F,A
4.5,31000,0,0.1167,J,F,A
5,31000,0,0.1114,J,F,A
4,32000,0,0.1251,J,F,A
4.5,32000,0,0.1149,J,F,A
5,32000,0,0.1096,J,F,A
4,33000,0,0.1236,J,F,A
4.5,33000,0,0.1126,J,F,A
5,33000,0,0.1073,J,F,A
4,34000,0,0.1215,J,F,A
4.5,34000,0,0.1102,J,F,A
5,34000,0,0.1045,J,F,A
4,35000,0,0.1181,J,F,A
4.5,35000,0,0.1075,J,F,A
5,35000,0,0.1015,J,F,A
4,36000,0,0.1148,J,F,A
4.5,36000,0,0.1043,J,F,A
5,36000,0,0.0985,J,F,A
4,37000,0,0.1126,J,F,A
4.5,37000,0,0.1004,J,F,A
5,37000,0,0.0952,J,F,A
4,38000,0,0.1118,J,F,A
4.5,38000,0,0.0966,J,F,A
5,38000,0,0.0912,J,F,A
4,39000,0,0.112,J,F,A
4.5,39000,0,0.0939,J,F,A
5,39000,0,0.0876,J,F,A
4.5,40000,0,0.0923,J,F,A
5,40000,0,0.0846,J,F,A
4.5,41000,0,0.0914,J,F,A
5,41000,0,0.0822,J,F,A
4.5,42000,0,0.0911,J,F,A
5,42000,0,0.0808,J,F,A
4.5,43000,0,0.091,J,F,A
5,43000,0,0.0797,J,F,A
4.5,44000,0,0.0908,J,F,A
5,44000,0,0.079,J,F,A
4.5,45000,0,0.0907,J,F,A
5,45000,0,0.0784,J,F,A
4.5,46000,0,0.0905,J,F,A
5,46000,0,0.0779,J,F,A
4.5,47000,0,0.0907,J,F,A
5,47000,0,0.0773,J,F,A
4.5,48000,0,0.0907,J,F,A
5,48000,0,0.0767,J,F,A
4.5,49000,0,0.0907,J,F,A
5,49000,0,0.0763,J,F,A
5,50000,0,0.0758,J,F,A
0,3500,0,0.4932,J,F,A
0.5,3500,0,0.4834,J,F,A
1,3500,0,0.4747,J,F,A
1.5,3500,0,0.467,J,F,A
2,3500,0,0.4602,J,F,A
2.5,3500,0,0.4537,J,F,A
3,3500,0,0.4355,J,F,A
3.5,3500,0,0.3607,J,F,A
4,3500,0,0.281,J,F,A
4.5,3500,0,0.2418,J,F,A
5,3500,0,0.2261,J,F,A
0,3750,0,0.4916,J,F,A
0.5,3750,0,0.489,J,F,A
1,3750,0,0.4852,J,F,A
1.5,3750,0,0.4803,J,F,A
2,3750,0,0.4753,J,F,A
2.5,3750,0,0.4701,J,F,A
3,3750,0,0.4634,J,F,A
3.5,3750,0,0.4413,J,F,A
4,3750,0,0.3677,J,F,A
4.5,3750,0,0.2884,J,F,A
5,3750,0,0.2453,J,F,A
0,4000,0,0.465,J,F,A
0.5,4000,0,0.4672,J,F,A
1,4000,0,0.4689,J,F,A
1.5,4000,0,0.469,J,F,A
2,4000,0,0.4686,J,F,A
2.5,4000,0,0.4671,J,F,A
3,4000,0,0.4646,J,F,A
3.5,4000,0,0.4602,J,F,A
4,4000,0,0.4382,J,F,A
4.5,4000,0,0.3713,J,F,A
5,4000,0,0.2963,J,F,A
0,4250,0,0.4304,J,F,A
0.5,4250,0,0.4346,J,F,A
1,4250,0,0.4389,J,F,A
1.5,4250,0,0.442,J,F,A
2,4250,0,0.445,J,F,A
2.5,4250,0,0.4466,J,F,A
3,4250,0,0.4475,J,F,A
3.5,4250,0,0.4472,J,F,A
4,4250,0,0.4449,J,F,A
4.5,4250,0,0.4272,J,F,A
5,4250,0,0.3716,J,F,A
0,4500,0,0.3984,J,F,A
0.5,4500,0,0.4027,J,F,A
1,4500,0,0.4069,J,F,A
1.5,4500,0,0.4113,J,F,A
2,4500,0,0.4149,J,F,A
2.5,4500,0,0.4191,J,F,A
3,4500,0,0.4221,J,F,A
3.5,4500,0,0.4239,J,F,A
4,4500,0,0.4247,J,F,A
4.5,4500,0,0.4237,J,F,A
5,4500,0,0.4115,J,F,A
0,4750,0,0.3689,J,F,A
0.5,4750,0,0.3734,J,F,A
1,4750,0,0.3772,J,F,A
1.5,4750,0,0.3813,J,F,A
2,4750,0,0.3854,J,F,A
2.5,4750,0,0.39,J,F,A
3,4750,0,0.3938,J,F,A
3.5,4750,0,0.3977,J,F,A
4,4750,0,0.4001,J,F,A
4.5,4750,0,0.4017,J,F,A
5,4750,0,0.4009,J,F,A
0,5000,0,0.3407,J,F,A
0.5,5000,0,0.3457,J,F,A
1,5000,0,0.3503,J,F,A
1.5,5000,0,0.3545,J,F,A
2,5000,0,0.358,J,F,A
2.5,5000,0,0.362,J,F,A
3,5000,0,0.3664,J,F,A
3.5,5000,0,0.3713,J,F,A
4,5000,0,0.3744,J,F,A
4.5,5000,0,0.3773,J,F,A
5,5000,0,0.3783,J,F,A
0,5250,0,0.3129,J,F,A
0.5,5250,0,0.3181,J,F,A
1,5250,0,0.324,J,F,A
1.5,5250,0,0.3291,J,F,A
2,5250,0,0.333,J,F,A
2.5,5250,0,0.3372,J,F,A
3,5250,0,0.341,J,F,A
3.5,5250,0,0.3456,J,F,A
4,5250,0,0.3499,J,F,A
4.5,5250,0,0.3532,J,F,A
5,5250,0,0.3549,J,F,A
0,5500,0,0.311,J,F,A
0.5,5500,0,0.2937,J,F,A
1,5500,0,0.2998,J,F,A
1.5,5500,0,0.3049,J,F,A
2,5500,0,0.3093,J,F,A
2.5,5500,0,0.3135,J,F,A
3,5500,0,0.3172,J,F,A
3.5,5500,0,0.3225,J,F,A
4,5500,0,0.3271,J,F,A
4.5,5500,0,0.3301,J,F,A
5,5500,0,0.3322,J,F,A
0,5750,0,0.3111,J,F,A
0.5,5750,0,0.3017,J,F,A
1,5750,0,0.2764,J,F,A
1.5,5750,0,0.2825,J,F,A
2,5750,0,0.2871,J,F,A
2.5,5750,0,0.2914,J,F,A
3,5750,0,0.2963,J,F,A
3.5,5750,0,0.301,J,F,A
4,5750,0,0.3055,J,F,A
4.5,5750,0,0.3094,J,F,A
5,5750,0,0.3116,J,F,A
0,6000,0,0.3068,J,F,A
0.5,6000,0,0.2983,J,F,A
1,6000,0,0.2855,J,F,A
1.5,6000,0,0.2607,J,F,A
2,6000,0,0.267,J,F,A
2.5,6000,0,0.2723,J,F,A
3,6000,0,0.2772,J,F,A
3.5,6000,0,0.2818,J,F,A
4,6000,0,0.2862,J,F,A
4.5,6000,0,0.2905,J,F,A
5,6000,0,0.2926,J,F,A
0.5,6250,0,0.2947,J,F,A
1,6250,0,0.2867,J,F,A
1.5,6250,0,0.272,J,F,A
2,6250,0,0.2486,J,F,A
2.5,6250,0,0.2543,J,F,A
3,6250,0,0.2599,J,F,A
3.5,6250,0,0.2647,J,F,A
4,6250,0,0.2696,J,F,A
4.5,6250,0,0.2739,J,F,A
5,6250,0,0.2761,J,F,A
0.5,6500,0,0.291,J,F,A
1,6500,0,0.2836,J,F,A
1.5,6500,0,0.2753,J,F,A
2,6500,0,0.2608,J,F,A
2.5,6500,0,0.2386,J,F,A
3,6500,0,0.2444,J,F,A
3.5,6500,0,0.2499,J,F,A
4,6500,0,0.2552,J,F,A
4.5,6500,0,0.2592,J,F,A
5,6500,0,0.2619,J,F,A
0.5,6750,0,0.2878,J,F,A
1,6750,0,0.2791,J,F,A
1.5,6750,0,0.2733,J,F,A
2,6750,0,0.2627,J,F,A
2.5,6750,0,0.2445,J,F,A
3,6750,0,0.2311,J,F,A
3.5,6750,0,0.2367,J,F,A
4,6750,0,0.2423,J,F,A
4.5,6750,0,0.2464,J,F,A
5,6750,0,0.2497,J,F,A
0.5,7000,0,0.2876,J,F,A
1,7000,0,0.274,J,F,A
1.5,7000,0,0.2689,J,F,A
2,7000,0,0.2633,J,F,A
2.5,7000,0,0.2505,J,F,A
3,7000,0,0.2296,J,F,A
3.5,7000,0,0.2261,J,F,A
4,7000,0,0.2306,J,F,A
4.5,7000,0,0.2345,J,F,A
5,7000,0,0.2387,J,F,A
0.5,7250,0,0.2896,J,F,A
1,7250,0,0.2704,J,F,A
1.5,7250,0,0.2624,J,F,A
2,7250,0,0.2597,J,F,A
2.5,7250,0,0.2536,J,F,A
3,7250,0,0.2383,J,F,A
3.5,7250,0,0.2181,J,F,A
4,7250,0,0.2213,J,F,A
4.5,7250,0,0.2241,J,F,A
5,7250,0,0.2285,J,F,A
0.5,7500,0,0.2984,J,F,A
1,7500,0,0.268,J,F,A
1.5,7500,0,0.256,J,F,A
2,7500,0,0.2512,J,F,A
2.5,7500,0,0.2499,J,F,A
3,7500,0,0.2434,J,F,A
3.5,7500,0,0.2255,J,F,A
4,7500,0,0.2094,J,F,A
4.5,7500,0,0.2152,J,F,A
5,7500,0,0.219,J,F,A
1,7750,0,0.2687,J,F,A
1.5,7750,0,0.2518,J,F,A
2,7750,0,0.244,J,F,A
2.5,7750,0,0.2409,J,F,A
3,7750,0,0.2409,J,F,A
3.5,7750,0,0.2332,J,F,A
4,7750,0,0.2146,J,F,A
4.5,7750,0,0.2068,J,F,A
5,7750,0,0.2113,J,F,A
1,8000,0,0.2739,J,F,A
1.5,8000,0,0.2495,J,F,A
2,8000,0,0.2384,J,F,A
2.5,8000,0,0.2334,J,F,A
3,8000,0,0.2315,J,F,A
3.5,8000,0,0.2322,J,F,A
4,8000,0,0.2236,J,F,A
4.5,8000,0,0.2067,J,F,A
5,8000,0,0.2035,J,F,A
1,8250,0,0.2827,J,F,A
1.5,8250,0,0.2501,J,F,A
2,8250,0,0.2352,J,F,A
2.5,8250,0,0.2274,J,F,A
3,8250,0,0.2238,J,F,A
3.5,8250,0,0.2229,J,F,A
4,8250,0,0.2242,J,F,A
4.5,8250,0,0.2134,J,F,A
5,8250,0,0.2028,J,F,A
1.5,8500,0,0.2523,J,F,A
2,8500,0,0.2336,J,F,A
2.5,8500,0,0.2237,J,F,A
3,8500,0,0.218,J,F,A
3.5,8500,0,0.2154,J,F,A
4,8500,0,0.2151,J,F,A
4.5,8500,0,0.216,J,F,A
5,8500,0,0.2047,J,F,A
1.5,8750,0,0.255,J,F,A
2,8750,0,0.2331,J,F,A
2.5,8750,0,0.221,J,F,A
3,8750,0,0.214,J,F,A
3.5,8750,0,0.21,J,F,A
4,8750,0,0.208,J,F,A
4.5,8750,0,0.2081,J,F,A
5,8750,0,0.2082,J,F,A
1.5,9000,0,0.2577,J,F,A
2,9000,0,0.233,J,F,A
2.5,9000,0,0.2192,J,F,A
3,9000,0,0.2111,J,F,A
3.5,9000,0,0.2058,J,F,A
4,9000,0,0.203,J,F,A
4.5,9000,0,0.2013,J,F,A
5,9000,0,0.2014,J,F,A
2,9250,0,0.233,J,F,A
2.5,9250,0,0.2183,J,F,A
3,9250,0,0.2088,J,F,A
3.5,9250,0,0.2029,J,F,A
4,9250,0,0.199,J,F,A
4.5,9250,0,0.1969,J,F,A
5,9250,0,0.1955,J,F,A
2,9500,0,0.2323,J,F,A
2.5,9500,0,0.217,J,F,A
3,9500,0,0.2074,J,F,A
3.5,9500,0,0.2007,J,F,A
4,9500,0,0.1962,J,F,A
4.5,9500,0,0.193,J,F,A
5,9500,0,0.191,J,F,A
2,9750,0,0.2307,J,F,A
2.5,9750,0,0.2153,J,F,A
3,9750,0,0.2056,J,F,A
3.5,9750,0,0.1986,J,F,A
4,9750,0,0.1938,J,F,A
4.5,9750,0,0.1904,J,F,A
5,9750,0,0.1877,J,F,A
2,10000,0,0.2285,J,F,A
2.5,10000,0,0.213,J,F,A
3,10000,0,0.2036,J,F,A
3.5,10000,0,0.1969,J,F,A
4,10000,0,0.1915,J,F,A
4.5,10000,0,0.1877,J,F,A
5,10000,0,0.1848,J,F,A
2,10250,0,0.2259,J,F,A
2.5,10250,0,0.2105,J,F,A
3,10250,0,0.2012,J,F,A
3.5,10250,0,0.1949,J,F,A
4,10250,0,0.1895,J,F,A
4.5,10250,0,0.1856,J,F,A
5,10250,0,0.1824,J,F,A
2,10500,0,0.2232,J,F,A
2.5,10500,0,0.2073,J,F,A
3,10500,0,0.1983,J,F,A
3.5,10500,0,0.1926,J,F,A
4,10500,0,0.1877,J,F,A
4.5,10500,0,0.1833,J,F,A
5,10500,0,0.1803,J,F,A
2,10750,0,0.2207,J,F,A
2.5,10750,0,0.2039,J,F,A
3,10750,0,0.1953,J,F,A
3.5,10750,0,0.19,J,F,A
4,10750,0,0.1854,J,F,A
4.5,10750,0,0.1817,J,F,A
5,10750,0,0.1781,J,F,A
2,11000,0,0.2185,J,F,A
2.5,11000,0,0.2004,J,F,A
3,11000,0,0.1917,J,F,A
3.5,11000,0,0.187,J,F,A
4,11000,0,0.183,J,F,A
4.5,11000,0,0.1795,J,F,A
5,11000,0,0.1761,J,F,A
2,11250,0,0.2168,J,F,A
2.5,11250,0,0.1972,J,F,A
3,11250,0,0.1884,J,F,A
3.5,11250,0,0.1839,J,F,A
4,11250,0,0.1804,J,F,A
4.5,11250,0,0.1772,J,F,A
5,11250,0,0.1743,J,F,A
2.5,11500,0,0.1942,J,F,A
3,11500,0,0.1848,J,F,A
3.5,11500,0,0.1804,J,F,A
4,11500,0,0.1774,J,F,A
4.5,11500,0,0.175,J,F,A
5,11500,0,0.1721,J,F,A
2.5,11750,0,0.1916,J,F,A
3,11750,0,0.1816,J,F,A
3.5,11750,0,0.177,J,F,A
4,11750,0,0.1744,J,F,A
4.5,11750,0,0.1725,J,F,A
5,11750,0,0.17,J,F,A
2.5,12000,0,0.1895,J,F,A
3,12000,0,0.1784,J,F,A
3.5,12000,0,0.1735,J,F,A
4,12000,0,0.1714,J,F,A
4.5,12000,0,0.1695,J,F,A
5,12000,0,0.1677,J,F,A
2.5,12250,0,0.188,J,F,A
3,12250,0,0.1758,J,F,A
3.5,12250,0,0.1706,J,F,A
4,12250,0,0.168,J,F,A
4.5,12250,0,0.1668,J,F,A
5,12250,0,0.1656,J,F,A
2.5,12500,0,0.1864,J,F,A
3,12500,0,0.1737,J,F,A
3.5,12500,0,0.1678,J,F,A
4,12500,0,0.1655,J,F,A
4.5,12500,0,0.164,J,F,A
5,12500,0,0.1629,J,F,A
2.5,12750,0,0.185,J,F,A
3,12750,0,0.1714,J,F,A
3.5,12750,0,0.165,J,F,A
4,12750,0,0.1625,J,F,A
4.5,12750,0,0.1614,J,F,A
5,12750,0,0.1605,J,F,A
2.5,13000,0,0.1838,J,F,A
3,13000,0,0.1693,J,F,A
3.5,13000,0,0.1625,J,F,A
4,13000,0,0.1596,J,F,A
4.5,13000,0,0.1587,J,F,A
5,13000,0,0.158,J,F,A
2.5,14000,0,0.1814,J,F,A
3,14000,0,0.1636,J,F,A
3.5,14000,0,0.1548,J,F,A
4,14000,0,0.1507,J,F,A
4.5,14000,0,0.1492,J,F,A
5,14000,0,0.149,J,F,A
2.5,15000,0,0.1814,J,F,A
3,15000,0,0.16,J,F,A
3.5,15000,0,0.1494,J,F,A
4,15000,0,0.144,J,F,A
4.5,15000,0,0.1416,J,F,A
5,15000,0,0.1408,J,F,A
2.5,16000,0,0.1835,J,F,A
3,16000,0,0.1581,J,F,A
3.5,16000,0,0.1458,J,F,A
4,16000,0,0.1391,J,F,A
4.5,16000,0,0.1359,J,F,A
5,16000,0,0.1346,J,F,A
2.5,17000,0,0.1884,J,F,A
3,17000,0,0.1575,J,F,A
3.5,17000,0,0.1431,J,F,A
4,17000,0,0.1356,J,F,A
4.5,17000,0,0.1317,J,F,A
5,17000,0,0.1296,J,F,A
2.5,18000,0,0.1955,J,F,A
3,18000,0,0.1583,J,F,A
3.5,18000,0,0.1414,J,F,A
4,18000,0,0.1328,J,F,A
4.5,18000,0,0.1284,J,F,A
5,18000,0,0.1259,J,F,A
3,19000,0,0.1602,J,F,A
3.5,19000,0,0.1406,J,F,A
4,19000,0,0.1307,J,F,A
4.5,19000,0,0.1255,J,F,A
5,19000,0,0.1229,J,F,A
3,20000,0,0.1625,J,F,A
3.5,20000,0,0.1405,J,F,A
4,20000,0,0.1291,J,F,A
4.5,20000,0,0.1233,J,F,A
5,20000,0,0.1201,J,F,A
3,21000,0,0.1641,J,F,A
3.5,21000,0,0.141,J,F,A
4,21000,0,0.1286,J,F,A
4.5,21000,0,0.1218,J,F,A
5,21000,0,0.1182,J,F,A
3,22000,0,0.1646,J,F,A
3.5,22000,0,0.1409,J,F,A
4,22000,0,0.1282,J,F,A
4.5,22000,0,0.1208,J,F,A
5,22000,0,0.1169,J,F,A
3,23000,0,0.1656,J,F,A
3.5,23000,0,0.1399,J,F,A
4,23000,0,0.1276,J,F,A
4.5,23000,0,0.1204,J,F,A
5,23000,0,0.116,J,F,A
3,24000,0,0.1699,J,F,A
3.5,24000,0,0.1392,J,F,A
4,24000,0,0.1266,J,F,A
4.5,24000,0,0.1199,J,F,A
5,24000,0,0.1156,J,F,A
3,25000,0,0.1778,J,F,A
3.5,25000,0,0.1392,J,F,A
4,25000,0,0.1255,J,F,A
4.5,25000,0,0.1188,J,F,A
5,25000,0,0.1153,J,F,A
3.5,26000,0,0.1409,J,F,A
4,26000,0,0.1249,J,F,A
4.5,26000,0,0.118,J,F,A
5,26000,0,0.1145,J,F,A
3.5,27000,0,0.144,J,F,A
4,27000,0,0.125,J,F,A
4.5,27000,0,0.1172,J,F,A
5,27000,0,0.1136,J,F,A
3.5,28000,0,0.1471,J,F,A
4,28000,0,0.1261,J,F,A
4.5,28000,0,0.1169,J,F,A
5,28000,0,0.1129,J,F,A
3.5,29000,0,0.1492,J,F,A
4,29000,0,0.1274,J,F,A
4.5,29000,0,0.1171,J,F,A
5,29000,0,0.1122,J,F,A
3.5,30000,0,0.1502,J,F,A
4,30000,0,0.1277,J,F,A
4.5,30000,0,0.1172,J,F,A
5,30000,0,0.1118,J,F,A
4,31000,0,0.1272,J,F,A
4.5,31000,0,0.1165,J,F,A
5,31000,0,0.1109,J,F,A
4,32000,0,0.126,J,F,A
4.5,32000,0,0.1149,J,F,A
5,32000,0,0.1093,J,F,A
4,33000,0,0.1243,J,F,A
4.5,33000,0,0.113,J,F,A
5,33000,0,0.1071,J,F,A
4,34000,0,0.1223,J,F,A
4.5,34000,0,0.1107,J,F,A
5,34000,0,0.1046,J,F,A
4,35000,0,0.119,J,F,A
4.5,35000,0,0.108,J,F,A
5,35000,0,0.1018,J,F,A
4,36000,0,0.1158,J,F,A
4.5,36000,0,0.1048,J,F,A
5,36000,0,0.099,J,F,A
4,37000,0,0.1138,J,F,A
4.5,37000,0,0.1008,J,F,A
5,37000,0,0.0956,J,F,A
4.5,38000,0,0.0974,J,F,A
5,38000,0,0.0918,J,F,A
4.5,39000,0,0.0947,J,F,A
5,39000,0,0.088,J,F,A
4.5,40000,0,0.0933,J,F,A
5,40000,0,0.0852,J,F,A
4.5,41000,0,0.0923,J,F,A
5,41000,0,0.0829,J,F,A
4.5,42000,0,0.092,J,F,A
5,42000,0,0.0815,J,F,A
4.5,43000,0,0.0917,J,F,A
5,43000,0,0.0803,J,F,A
4.5,44000,0,0.0915,J,F,A
5,44000,0,0.0796,J,F,A
4.5,45000,0,0.0913,J,F,A
5,45000,0,0.0789,J,F,A
4.5,46000,0,0.0911,J,F,A
5,46000,0,0.0784,J,F,A
5,47000,0,0.0777,J,F,A
5,48000,0,0.077,J,F,A
5,49000,0,0.0766,J,F,A
5,50000,0,0.0762,J,F,A
0,3500,0,0.4983,J,F,A
0.5,3500,0,0.4892,J,F,A
1,3500,0,0.4809,J,F,A
1.5,3500,0,0.4727,J,F,A
2,3500,0,0.4654,J,F,A
2.5,3500,0,0.4584,J,F,A
3,3500,0,0.4405,J,F,A
3.5,3500,0,0.3666,J,F,A
4,3500,0,0.2838,J,F,A
4.5,3500,0,0.2429,J,F,A
5,3500,0,0.2264,J,F,A
0,3750,0,0.4922,J,F,A
0.5,3750,0,0.491,J,F,A
1,3750,0,0.4884,J,F,A
1.5,3750,0,0.4842,J,F,A
2,3750,0,0.4797,J,F,A
2.5,3750,0,0.4743,J,F,A
3,3750,0,0.4676,J,F,A
3.5,3750,0,0.4462,J,F,A
4,3750,0,0.3735,J,F,A
4.5,3750,0,0.2919,J,F,A
5,3750,0,0.2465,J,F,A
0,4000,0,0.463,J,F,A
0.5,4000,0,0.4666,J,F,A
1,4000,0,0.4697,J,F,A
1.5,4000,0,0.4711,J,F,A
2,4000,0,0.4712,J,F,A
2.5,4000,0,0.4702,J,F,A
3,4000,0,0.4677,J,F,A
3.5,4000,0,0.4634,J,F,A
4,4000,0,0.4422,J,F,A
4.5,4000,0,0.3766,J,F,A
5,4000,0,0.2997,J,F,A
0,4250,0,0.4275,J,F,A
0.5,4250,0,0.4327,J,F,A
1,4250,0,0.4385,J,F,A
1.5,4250,0,0.4424,J,F,A
2,4250,0,0.4462,J,F,A
2.5,4250,0,0.4484,J,F,A
3,4250,0,0.4498,J,F,A
3.5,4250,0,0.4496,J,F,A
4,4250,0,0.4472,J,F,A
4.5,4250,0,0.4305,J,F,A
5,4250,0,0.3769,J,F,A
0,4500,0,0.3956,J,F,A
0.5,4500,0,0.4004,J,F,A
1,4500,0,0.4049,J,F,A
1.5,4500,0,0.4099,J,F,A
2,4500,0,0.4143,J,F,A
2.5,4500,0,0.4194,J,F,A
3,4500,0,0.4231,J,F,A
3.5,4500,0,0.4254,J,F,A
4,4500,0,0.4263,J,F,A
4.5,4500,0,0.4252,J,F,A
5,4500,0,0.4139,J,F,A
0,4750,0,0.3662,J,F,A
0.5,4750,0,0.3711,J,F,A
1,4750,0,0.3757,J,F,A
1.5,4750,0,0.3795,J,F,A
2,4750,0,0.3839,J,F,A
2.5,4750,0,0.3891,J,F,A
3,4750,0,0.3935,J,F,A
3.5,4750,0,0.398,J,F,A
4,4750,0,0.4006,J,F,A
4.5,4750,0,0.4024,J,F,A
5,4750,0,0.4016,J,F,A
0,5000,0,0.3379,J,F,A
0.5,5000,0,0.343,J,F,A
1,5000,0,0.3477,J,F,A
1.5,5000,0,0.3524,J,F,A
2,5000,0,0.3557,J,F,A
2.5,5000,0,0.3602,J,F,A
3,5000,0,0.3651,J,F,A
3.5,5000,0,0.3702,J,F,A
4,5000,0,0.3736,J,F,A
4.5,5000,0,0.3768,J,F,A
5,5000,0,0.3781,J,F,A
0,5250,0,0.3097,J,F,A
0.5,5250,0,0.3154,J,F,A
1,5250,0,0.321,J,F,A
1.5,5250,0,0.3263,J,F,A
2,5250,0,0.3306,J,F,A
2.5,5250,0,0.3349,J,F,A
3,5250,0,0.3392,J,F,A
3.5,5250,0,0.3437,J,F,A
4,5250,0,0.3482,J,F,A
4.5,5250,0,0.3518,J,F,A
5,5250,0,0.3538,J,F,A
0,5500,0,0.315,J,F,A
0.5,5500,0,0.29,J,F,A
1,5500,0,0.2965,J,F,A
1.5,5500,0,0.3019,J,F,A
2,5500,0,0.3065,J,F,A
2.5,5500,0,0.3108,J,F,A
3,5500,0,0.3147,J,F,A
3.5,5500,0,0.3201,J,F,A
4,5500,0,0.3248,J,F,A
4.5,5500,0,0.3281,J,F,A
5,5500,0,0.3305,J,F,A
0,5750,0,0.3099,J,F,A
0.5,5750,0,0.3001,J,F,A
1,5750,0,0.283,J,F,A
1.5,5750,0,0.279,J,F,A
2,5750,0,0.2841,J,F,A
2.5,5750,0,0.2886,J,F,A
3,5750,0,0.2935,J,F,A
3.5,5750,0,0.2983,J,F,A
4,5750,0,0.3033,J,F,A
4.5,5750,0,0.3069,J,F,A
5,5750,0,0.3094,J,F,A
0,6000,0,0.3048,J,F,A
0.5,6000,0,0.2967,J,F,A
1,6000,0,0.2887,J,F,A
1.5,6000,0,0.2671,J,F,A
2,6000,0,0.2635,J,F,A
2.5,6000,0,0.2692,J,F,A
3,6000,0,0.2744,J,F,A
3.5,6000,0,0.2793,J,F,A
4,6000,0,0.2837,J,F,A
4.5,6000,0,0.288,J,F,A
5,6000,0,0.2904,J,F,A
0.5,6250,0,0.2922,J,F,A
1,6250,0,0.2851,J,F,A
1.5,6250,0,0.2724,J,F,A
2,6250,0,0.2535,J,F,A
2.5,6250,0,0.2512,J,F,A
3,6250,0,0.2571,J,F,A
3.5,6250,0,0.2622,J,F,A
4,6250,0,0.2669,J,F,A
4.5,6250,0,0.2716,J,F,A
5,6250,0,0.2737,J,F,A
0.5,6500,0,0.2881,J,F,A
1,6500,0,0.2812,J,F,A
1.5,6500,0,0.2739,J,F,A
2,6500,0,0.2572,J,F,A
2.5,6500,0,0.2411,J,F,A
3,6500,0,0.2415,J,F,A
3.5,6500,0,0.2472,J,F,A
4,6500,0,0.2527,J,F,A
4.5,6500,0,0.257,J,F,A
5,6500,0,0.2594,J,F,A
0.5,6750,0,0.2859,J,F,A
1,6750,0,0.2765,J,F,A
1.5,6750,0,0.2715,J,F,A
2,6750,0,0.2625,J,F,A
2.5,6750,0,0.2424,J,F,A
3,6750,0,0.2317,J,F,A
3.5,6750,0,0.2339,J,F,A
4,6750,0,0.2398,J,F,A
4.5,6750,0,0.2442,J,F,A
5,6750,0,0.2471,J,F,A
0.5,7000,0,0.2864,J,F,A
1,7000,0,0.2719,J,F,A
1.5,7000,0,0.2668,J,F,A
2,7000,0,0.2625,J,F,A
2.5,7000,0,0.2508,J,F,A
3,7000,0,0.2293,J,F,A
3.5,7000,0,0.2246,J,F,A
4,7000,0,0.2281,J,F,A
4.5,7000,0,0.2323,J,F,A
5,7000,0,0.2362,J,F,A
0.5,7250,0,0.2902,J,F,A
1,7250,0,0.2693,J,F,A
1.5,7250,0,0.2604,J,F,A
2,7250,0,0.2576,J,F,A
2.5,7250,0,0.2537,J,F,A
3,7250,0,0.2392,J,F,A
3.5,7250,0,0.2181,J,F,A
4,7250,0,0.2189,J,F,A
4.5,7250,0,0.2215,J,F,A
5,7250,0,0.2259,J,F,A
0.5,7500,0,0.3028,J,F,A
1,7500,0,0.2681,J,F,A
1.5,7500,0,0.2553,J,F,A
2,7500,0,0.2496,J,F,A
2.5,7500,0,0.2481,J,F,A
3,7500,0,0.2438,J,F,A
3.5,7500,0,0.2268,J,F,A
4,7500,0,0.2116,J,F,A
4.5,7500,0,0.2136,J,F,A
5,7500,0,0.2166,J,F,A
1,7750,0,0.2706,J,F,A
1.5,7750,0,0.252,J,F,A
2,7750,0,0.2434,J,F,A
2.5,7750,0,0.2396,J,F,A
3,7750,0,0.239,J,F,A
3.5,7750,0,0.2341,J,F,A
4,7750,0,0.2156,J,F,A
4.5,7750,0,0.2036,J,F,A
5,7750,0,0.2094,J,F,A
1,8000,0,0.2772,J,F,A
1.5,8000,0,0.2509,J,F,A
2,8000,0,0.2389,J,F,A
2.5,8000,0,0.2328,J,F,A
3,8000,0,0.2302,J,F,A
3.5,8000,0,0.2303,J,F,A
4,8000,0,0.2241,J,F,A
4.5,8000,0,0.2074,J,F,A
5,8000,0,0.2039,J,F,A
1,8250,0,0.2875,J,F,A
1.5,8250,0,0.2523,J,F,A
2,8250,0,0.2362,J,F,A
2.5,8250,0,0.2278,J,F,A
3,8250,0,0.2233,J,F,A
3.5,8250,0,0.2216,J,F,A
4,8250,0,0.2224,J,F,A
4.5,8250,0,0.2149,J,F,A
5,8250,0,0.1992,J,F,A
1.5,8500,0,0.2555,J,F,A
2,8500,0,0.2353,J,F,A
2.5,8500,0,0.2243,J,F,A
3,8500,0,0.218,J,F,A
3.5,8500,0,0.215,J,F,A
4,8500,0,0.2138,J,F,A
4.5,8500,0,0.2148,J,F,A
5,8500,0,0.2056,J,F,A
1.5,8750,0,0.2589,J,F,A
2,8750,0,0.2357,J,F,A
2.5,8750,0,0.2225,J,F,A
3,8750,0,0.2144,J,F,A
3.5,8750,0,0.2097,J,F,A
4,8750,0,0.2073,J,F,A
4.5,8750,0,0.2067,J,F,A
5,8750,0,0.2072,J,F,A
1.5,9000,0,0.2617,J,F,A
2,9000,0,0.2361,J,F,A
2.5,9000,0,0.2214,J,F,A
3,9000,0,0.2121,J,F,A
3.5,9000,0,0.2061,J,F,A
4,9000,0,0.2024,J,F,A
4.5,9000,0,0.2006,J,F,A
5,9000,0,0.2001,J,F,A
2,9250,0,0.2363,J,F,A
2.5,9250,0,0.2207,J,F,A
3,9250,0,0.2105,J,F,A
3.5,9250,0,0.2036,J,F,A
4,9250,0,0.1989,J,F,A
4.5,9250,0,0.196,J,F,A
5,9250,0,0.1946,J,F,A
2,9500,0,0.2357,J,F,A
2.5,9500,0,0.2197,J,F,A
3,9500,0,0.209,J,F,A
3.5,9500,0,0.2017,J,F,A
4,9500,0,0.1965,J,F,A
4.5,9500,0,0.1926,J,F,A
5,9500,0,0.1902,J,F,A
2,9750,0,0.2335,J,F,A
2.5,9750,0,0.2182,J,F,A
3,9750,0,0.2077,J,F,A
3.5,9750,0,0.1999,J,F,A
4,9750,0,0.1943,J,F,A
4.5,9750,0,0.1901,J,F,A
5,9750,0,0.1869,J,F,A
2,10000,0,0.2307,J,F,A
2.5,10000,0,0.2156,J,F,A
3,10000,0,0.2058,J,F,A
3.5,10000,0,0.1983,J,F,A
4,10000,0,0.1924,J,F,A
4.5,10000,0,0.1878,J,F,A
5,10000,0,0.1844,J,F,A
2,10250,0,0.2275,J,F,A
2.5,10250,0,0.2124,J,F,A
3,10250,0,0.2034,J,F,A
3.5,10250,0,0.1967,J,F,A
4,10250,0,0.1909,J,F,A
4.5,10250,0,0.186,J,F,A
5,10250,0,0.1822,J,F,A
2,10500,0,0.2242,J,F,A
2.5,10500,0,0.2086,J,F,A
3,10500,0,0.2002,J,F,A
3.5,10500,0,0.1942,J,F,A
4,10500,0,0.1889,J,F,A
4.5,10500,0,0.1842,J,F,A
5,10500,0,0.1803,J,F,A
2,10750,0,0.2216,J,F,A
2.5,10750,0,0.2047,J,F,A
3,10750,0,0.1966,J,F,A
3.5,10750,0,0.1915,J,F,A
4,10750,0,0.1867,J,F,A
4.5,10750,0,0.1823,J,F,A
5,10750,0,0.1785,J,F,A
2.5,11000,0,0.2009,J,F,A
3,11000,0,0.1929,J,F,A
3.5,11000,0,0.1883,J,F,A
4,11000,0,0.1843,J,F,A
4.5,11000,0,0.1803,J,F,A
5,11000,0,0.1766,J,F,A
2.5,11250,0,0.1977,J,F,A
3,11250,0,0.189,J,F,A
3.5,11250,0,0.1847,J,F,A
4,11250,0,0.1815,J,F,A
4.5,11250,0,0.178,J,F,A
5,11250,0,0.1748,J,F,A
2.5,11500,0,0.1945,J,F,A
3,11500,0,0.185,J,F,A
3.5,11500,0,0.1809,J,F,A
4,11500,0,0.1782,J,F,A
4.5,11500,0,0.1756,J,F,A
5,11500,0,0.1727,J,F,A
2.5,11750,0,0.1922,J,F,A
3,11750,0,0.1817,J,F,A
3.5,11750,0,0.1772,J,F,A
4,11750,0,0.1751,J,F,A
4.5,11750,0,0.1731,J,F,A
5,11750,0,0.1705,J,F,A
2.5,12000,0,0.1899,J,F,A
3,12000,0,0.1786,J,F,A
3.5,12000,0,0.1737,J,F,A
4,12000,0,0.1715,J,F,A
4.5,12000,0,0.1703,J,F,A
5,12000,0,0.1681,J,F,A
2.5,12250,0,0.1883,J,F,A
3,12250,0,0.1758,J,F,A
3.5,12250,0,0.1705,J,F,A
4,12250,0,0.1681,J,F,A
4.5,12250,0,0.1674,J,F,A
5,12250,0,0.1657,J,F,A
2.5,12500,0,0.1868,J,F,A
3,12500,0,0.1734,J,F,A
3.5,12500,0,0.1673,J,F,A
4,12500,0,0.1653,J,F,A
4.5,12500,0,0.1642,J,F,A
5,12500,0,0.1634,J,F,A
2.5,12750,0,0.1856,J,F,A
3,12750,0,0.1714,J,F,A
3.5,12750,0,0.1648,J,F,A
4,12750,0,0.1623,J,F,A
4.5,12750,0,0.1614,J,F,A
5,12750,0,0.1608,J,F,A
2.5,13000,0,0.1848,J,F,A
3,13000,0,0.1694,J,F,A
3.5,13000,0,0.1623,J,F,A
4,13000,0,0.1593,J,F,A
4.5,13000,0,0.1585,J,F,A
5,13000,0,0.1582,J,F,A
2.5,14000,0,0.1827,J,F,A
3,14000,0,0.1638,J,F,A
3.5,14000,0,0.1542,J,F,A
4,14000,0,0.1497,J,F,A
4.5,14000,0,0.148,J,F,A
5,14000,0,0.1478,J,F,A
2.5,15000,0,0.1834,J,F,A
3,15000,0,0.1605,J,F,A
3.5,15000,0,0.1491,J,F,A
4,15000,0,0.143,J,F,A
4.5,15000,0,0.1404,J,F,A
5,15000,0,0.1396,J,F,A
2.5,16000,0,0.1867,J,F,A
3,16000,0,0.1592,J,F,A
3.5,16000,0,0.1457,J,F,A
4,16000,0,0.1385,J,F,A
4.5,16000,0,0.1347,J,F,A
5,16000,0,0.1332,J,F,A
2.5,17000,0,0.1931,J,F,A
3,17000,0,0.1593,J,F,A
3.5,17000,0,0.1434,J,F,A
4,17000,0,0.135,J,F,A
4.5,17000,0,0.1306,J,F,A
5,17000,0,0.1283,J,F,A
3,18000,0,0.1609,J,F,A
3.5,18000,0,0.1421,J,F,A
4,18000,0,0.1324,J,F,A
4.5,18000,0,0.1274,J,F,A
5,18000,0,0.1246,J,F,A
3,19000,0,0.1634,J,F,A
3.5,19000,0,0.1418,J,F,A
4,19000,0,0.1306,J,F,A
4.5,19000,0,0.1247,J,F,A
5,19000,0,0.1216,J,F,A
3,20000,0,0.1653,J,F,A
3.5,20000,0,0.1421,J,F,A
4,20000,0,0.1295,J,F,A
4.5,20000,0,0.1227,J,F,A
5,20000,0,0.1192,J,F,A
3,21000,0,0.1655,J,F,A
3.5,21000,0,0.1423,J,F,A
4,21000,0,0.1292,J,F,A
4.5,21000,0,0.1215,J,F,A
5,21000,0,0.1172,J,F,A
3,22000,0,0.1649,J,F,A
3.5,22000,0,0.1416,J,F,A
4,22000,0,0.1285,J,F,A
4.5,22000,0,0.1208,J,F,A
5,22000,0,0.1161,J,F,A
3,23000,0,0.167,J,F,A
3.5,23000,0,0.1396,J,F,A
4,23000,0,0.1275,J,F,A
4.5,23000,0,0.1203,J,F,A
5,23000,0,0.1155,J,F,A
3,24000,0,0.1726,J,F,A
3.5,24000,0,0.1382,J,F,A
4,24000,0,0.1258,J,F,A
4.5,24000,0,0.1193,J,F,A
5,24000,0,0.1149,J,F,A
3.5,25000,0,0.1388,J,F,A
4,25000,0,0.1242,J,F,A
4.5,25000,0,0.1178,J,F,A
5,25000,0,0.1143,J,F,A
3.5,26000,0,0.1412,J,F,A
4,26000,0,0.1235,J,F,A
4.5,26000,0,0.1166,J,F,A
5,26000,0,0.1132,J,F,A
3.5,27000,0,0.1449,J,F,A
4,27000,0,0.1243,J,F,A
4.5,27000,0,0.1157,J,F,A
5,27000,0,0.1121,J,F,A
3.5,28000,0,0.1487,J,F,A
4,28000,0,0.1258,J,F,A
4.5,28000,0,0.1157,J,F,A
5,28000,0,0.1112,J,F,A
3.5,29000,0,0.1512,J,F,A
4,29000,0,0.1276,J,F,A
4.5,29000,0,0.1162,J,F,A
5,29000,0,0.1109,J,F,A
3.5,30000,0,0.1533,J,F,A
4,30000,0,0.1284,J,F,A
4.5,30000,0,0.1167,J,F,A
5,30000,0,0.1106,J,F,A
4,31000,0,0.1283,J,F,A
4.5,31000,0,0.1164,J,F,A
5,31000,0,0.1101,J,F,A
4,32000,0,0.1276,J,F,A
4.5,32000,0,0.1154,J,F,A
5,32000,0,0.1091,J,F,A
4,33000,0,0.1262,J,F,A
4.5,33000,0,0.1139,J,F,A
5,33000,0,0.1072,J,F,A
4,34000,0,0.1239,J,F,A
4.5,34000,0,0.1117,J,F,A
5,34000,0,0.1052,J,F,A
4,35000,0,0.1207,J,F,A
4.5,35000,0,0.1093,J,F,A
5,35000,0,0.1026,J,F,A
4,36000,0,0.1179,J,F,A
4.5,36000,0,0.106,J,F,A
5,36000,0,0.0998,J,F,A
4.5,37000,0,0.1021,J,F,A
5,37000,0,0.0964,J,F,A
4.5,38000,0,0.0987,J,F,A
5,38000,0,0.0927,J,F,A
4.5,39000,0,0.0963,J,F,A
5,39000,0,0.0891,J,F,A
4.5,40000,0,0.0949,J,F,A
5,40000,0,0.0861,J,F,A
4.5,41000,0,0.0942,J,F,A
5,41000,0,0.0844,J,F,A
4.5,42000,0,0.0937,J,F,A
5,42000,0,0.0827,J,F,A
5,43000,0,0.0817,J,F,A
5,44000,0,0.0807,J,F,A
5,45000,0,0.0799,J,F,A
5,46000,0,0.0792,J,F,A
5,47000,0,0.0783,J,F,A
5,48000,0,0.0778,J,F,A
5,49000,0,0.0772,J,F,A
5,50000,0,0.0769,J,F,A
0,3500,0.1,0.4874,J,F,A
0.5,3500,0.1,0.4773,J,F,A
1,3500,0.1,0.4685,J,F,A
1.5,3500,0.1,0.4607,J,F,A
2,3500,0.1,0.4545,J,F,A
2.5,3500,0.1,0.4492,J,F,A
3,3500,0.1,0.4373,J,F,A
3.5,3500,0.1,0.377,J,F,A
4,3500,0.1,0.2933,J,F,A
4.5,3500,0.1,0.2481,J,F,A
5,3500,0.1,0.2282,J,F,A
0,3750,0.1,0.4907,J,F,A
0.5,3750,0.1,0.4865,J,F,A
1,3750,0.1,0.4819,J,F,A
1.5,3750,0.1,0.4766,J,F,A
2,3750,0.1,0.471,J,F,A
2.5,3750,0.1,0.4657,J,F,A
3,3750,0.1,0.4598,J,F,A
3.5,3750,0.1,0.4437,J,F,A
4,3750,0.1,0.3822,J,F,A
4.5,3750,0.1,0.3004,J,F,A
5,3750,0.1,0.2516,J,F,A
0,4000,0.1,0.4671,J,F,A
0.5,4000,0.1,0.4686,J,F,A
1,4000,0.1,0.4693,J,F,A
1.5,4000,0.1,0.4686,J,F,A
2,4000,0.1,0.4672,J,F,A
2.5,4000,0.1,0.4654,J,F,A
3,4000,0.1,0.4626,J,F,A
3.5,4000,0.1,0.4588,J,F,A
4,4000,0.1,0.4414,J,F,A
4.5,4000,0.1,0.3826,J,F,A
5,4000,0.1,0.3067,J,F,A
0,4250,0.1,0.4337,J,F,A
0.5,4250,0.1,0.4372,J,F,A
1,4250,0.1,0.441,J,F,A
1.5,4250,0.1,0.4436,J,F,A
2,4250,0.1,0.4454,J,F,A
2.5,4250,0.1,0.4471,J,F,A
3,4250,0.1,0.4476,J,F,A
3.5,4250,0.1,0.4473,J,F,A
4,4250,0.1,0.4455,J,F,A
4.5,4250,0.1,0.431,J,F,A
5,4250,0.1,0.3802,J,F,A
0,4500,0.1,0.4018,J,F,A
0.5,4500,0.1,0.405,J,F,A
1,4500,0.1,0.4098,J,F,A
1.5,4500,0.1,0.4136,J,F,A
2,4500,0.1,0.4173,J,F,A
2.5,4500,0.1,0.4207,J,F,A
3,4500,0.1,0.4236,J,F,A
3.5,4500,0.1,0.4255,J,F,A
4,4500,0.1,0.4264,J,F,A
4.5,4500,0.1,0.4257,J,F,A
5,4500,0.1,0.4152,J,F,A
0,4750,0.1,0.3729,J,F,A
0.5,4750,0.1,0.3762,J,F,A
1,4750,0.1,0.3809,J,F,A
1.5,4750,0.1,0.3847,J,F,A
2,4750,0.1,0.3891,J,F,A
2.5,4750,0.1,0.3927,J,F,A
3,4750,0.1,0.3968,J,F,A
3.5,4750,0.1,0.4003,J,F,A
4,4750,0.1,0.403,J,F,A
4.5,4750,0.1,0.4043,J,F,A
5,4750,0.1,0.4041,J,F,A
0,5000,0.1,0.344,J,F,A
0.5,5000,0.1,0.3492,J,F,A
1,5000,0.1,0.355,J,F,A
1.5,5000,0.1,0.3579,J,F,A
2,5000,0.1,0.3622,J,F,A
2.5,5000,0.1,0.3656,J,F,A
3,5000,0.1,0.3707,J,F,A
3.5,5000,0.1,0.3752,J,F,A
4,5000,0.1,0.3784,J,F,A
4.5,5000,0.1,0.381,J,F,A
5,5000,0.1,0.3824,J,F,A
0,5250,0.1,0.3165,J,F,A
0.5,5250,0.1,0.3223,J,F,A
1,5250,0.1,0.3282,J,F,A
1.5,5250,0.1,0.3322,J,F,A
2,5250,0.1,0.3372,J,F,A
2.5,5250,0.1,0.3414,J,F,A
3,5250,0.1,0.3461,J,F,A
3.5,5250,0.1,0.3503,J,F,A
4,5250,0.1,0.3543,J,F,A
4.5,5250,0.1,0.3579,J,F,A
5,5250,0.1,0.3594,J,F,A
0,5500,0.1,0.3135,J,F,A
0.5,5500,0.1,0.2968,J,F,A
1,5500,0.1,0.3032,J,F,A
1.5,5500,0.1,0.3087,J,F,A
2,5500,0.1,0.3135,J,F,A
2.5,5500,0.1,0.3174,J,F,A
3,5500,0.1,0.3224,J,F,A
3.5,5500,0.1,0.3271,J,F,A
4,5500,0.1,0.332,J,F,A
4.5,5500,0.1,0.3352,J,F,A
5,5500,0.1,0.3375,J,F,A
0,5750,0.1,0.3129,J,F,A
0.5,5750,0.1,0.3033,J,F,A
1,5750,0.1,0.2789,J,F,A
1.5,5750,0.1,0.2852,J,F,A
2,5750,0.1,0.2907,J,F,A
2.5,5750,0.1,0.2954,J,F,A
3,5750,0.1,0.3005,J,F,A
3.5,5750,0.1,0.306,J,F,A
4,5750,0.1,0.311,J,F,A
4.5,5750,0.1,0.3145,J,F,A
5,5750,0.1,0.3171,J,F,A
0,6000,0.1,0.3089,J,F,A
0.5,6000,0.1,0.2997,J,F,A
1,6000,0.1,0.2869,J,F,A
1.5,6000,0.1,0.2632,J,F,A
2,6000,0.1,0.2695,J,F,A
2.5,6000,0.1,0.2755,J,F,A
3,6000,0.1,0.2806,J,F,A
3.5,6000,0.1,0.286,J,F,A
4,6000,0.1,0.2908,J,F,A
4.5,6000,0.1,0.2956,J,F,A
5,6000,0.1,0.2984,J,F,A
0.5,6250,0.1,0.2959,J,F,A
1,6250,0.1,0.2879,J,F,A
1.5,6250,0.1,0.2723,J,F,A
2,6250,0.1,0.2511,J,F,A
2.5,6250,0.1,0.2567,J,F,A
3,6250,0.1,0.2627,J,F,A
3.5,6250,0.1,0.2681,J,F,A
4,6250,0.1,0.2733,J,F,A
4.5,6250,0.1,0.278,J,F,A
5,6250,0.1,0.2808,J,F,A
0.5,6500,0.1,0.2922,J,F,A
1,6500,0.1,0.2846,J,F,A
1.5,6500,0.1,0.2762,J,F,A
2,6500,0.1,0.2597,J,F,A
2.5,6500,0.1,0.2407,J,F,A
3,6500,0.1,0.2465,J,F,A
3.5,6500,0.1,0.2523,J,F,A
4,6500,0.1,0.258,J,F,A
4.5,6500,0.1,0.2627,J,F,A
5,6500,0.1,0.2655,J,F,A
0.5,6750,0.1,0.2884,J,F,A
1,6750,0.1,0.2799,J,F,A
1.5,6750,0.1,0.2741,J,F,A
2,6750,0.1,0.2641,J,F,A
2.5,6750,0.1,0.2459,J,F,A
3,6750,0.1,0.2324,J,F,A
3.5,6750,0.1,0.2388,J,F,A
4,6750,0.1,0.245,J,F,A
4.5,6750,0.1,0.2499,J,F,A
5,6750,0.1,0.2537,J,F,A
0.5,7000,0.1,0.2877,J,F,A
1,7000,0.1,0.2748,J,F,A
1.5,7000,0.1,0.2697,J,F,A
2,7000,0.1,0.2641,J,F,A
2.5,7000,0.1,0.2513,J,F,A
3,7000,0.1,0.2308,J,F,A
3.5,7000,0.1,0.2273,J,F,A
4,7000,0.1,0.2323,J,F,A
4.5,7000,0.1,0.2371,J,F,A
5,7000,0.1,0.2414,J,F,A
0.5,7250,0.1,0.2895,J,F,A
1,7250,0.1,0.2714,J,F,A
1.5,7250,0.1,0.2638,J,F,A
2,7250,0.1,0.2609,J,F,A
2.5,7250,0.1,0.2541,J,F,A
3,7250,0.1,0.2381,J,F,A
3.5,7250,0.1,0.2181,J,F,A
4,7250,0.1,0.2225,J,F,A
4.5,7250,0.1,0.2254,J,F,A
5,7250,0.1,0.2301,J,F,A
0.5,7500,0.1,0.2969,J,F,A
1,7500,0.1,0.268,J,F,A
1.5,7500,0.1,0.257,J,F,A
2,7500,0.1,0.2526,J,F,A
2.5,7500,0.1,0.2517,J,F,A
3,7500,0.1,0.2436,J,F,A
3.5,7500,0.1,0.2254,J,F,A
4,7500,0.1,0.2098,J,F,A
4.5,7500,0.1,0.2166,J,F,A
5,7500,0.1,0.2203,J,F,A
1,7750,0.1,0.2684,J,F,A
1.5,7750,0.1,0.252,J,F,A
2,7750,0.1,0.2447,J,F,A
2.5,7750,0.1,0.2419,J,F,A
3,7750,0.1,0.242,J,F,A
3.5,7750,0.1,0.2336,J,F,A
4,7750,0.1,0.2153,J,F,A
4.5,7750,0.1,0.2065,J,F,A
5,7750,0.1,0.2126,J,F,A
1,8000,0.1,0.2724,J,F,A
1.5,8000,0.1,0.2493,J,F,A
2,8000,0.1,0.2388,J,F,A
2.5,8000,0.1,0.2341,J,F,A
3,8000,0.1,0.2325,J,F,A
3.5,8000,0.1,0.2336,J,F,A
4,8000,0.1,0.2235,J,F,A
4.5,8000,0.1,0.209,J,F,A
5,8000,0.1,0.2051,J,F,A
1,8250,0.1,0.281,J,F,A
1.5,8250,0.1,0.2491,J,F,A
2,8250,0.1,0.2347,J,F,A
2.5,8250,0.1,0.2277,J,F,A
3,8250,0.1,0.2245,J,F,A
3.5,8250,0.1,0.2239,J,F,A
4,8250,0.1,0.2254,J,F,A
4.5,8250,0.1,0.2134,J,F,A
5,8250,0.1,0.201,J,F,A
1,8500,0.1,0.2912,J,F,A
1.5,8500,0.1,0.251,J,F,A
2,8500,0.1,0.2329,J,F,A
2.5,8500,0.1,0.223,J,F,A
3,8500,0.1,0.2183,J,F,A
3.5,8500,0.1,0.216,J,F,A
4,8500,0.1,0.2159,J,F,A
4.5,8500,0.1,0.2169,J,F,A
5,8500,0.1,0.2054,J,F,A
1.5,8750,0.1,0.2536,J,F,A
2,8750,0.1,0.232,J,F,A
2.5,8750,0.1,0.2203,J,F,A
3,8750,0.1,0.2134,J,F,A
3.5,8750,0.1,0.21,J,F,A
4,8750,0.1,0.2086,J,F,A
4.5,8750,0.1,0.2089,J,F,A
5,8750,0.1,0.2088,J,F,A
1.5,9000,0.1,0.256,J,F,A
2,9000,0.1,0.232,J,F,A
2.5,9000,0.1,0.2186,J,F,A
3,9000,0.1,0.2106,J,F,A
3.5,9000,0.1,0.2058,J,F,A
4,9000,0.1,0.203,J,F,A
4.5,9000,0.1,0.2019,J,F,A
5,9000,0.1,0.2022,J,F,A
2,9250,0.1,0.2319,J,F,A
2.5,9250,0.1,0.2176,J,F,A
3,9250,0.1,0.2083,J,F,A
3.5,9250,0.1,0.2025,J,F,A
4,9250,0.1,0.1991,J,F,A
4.5,9250,0.1,0.1969,J,F,A
5,9250,0.1,0.1961,J,F,A
2,9500,0.1,0.2312,J,F,A
2.5,9500,0.1,0.2162,J,F,A
3,9500,0.1,0.2066,J,F,A
3.5,9500,0.1,0.2002,J,F,A
4,9500,0.1,0.1959,J,F,A
4.5,9500,0.1,0.1931,J,F,A
5,9500,0.1,0.1911,J,F,A
2,9750,0.1,0.2296,J,F,A
2.5,9750,0.1,0.2145,J,F,A
3,9750,0.1,0.2048,J,F,A
3.5,9750,0.1,0.1982,J,F,A
4,9750,0.1,0.1935,J,F,A
4.5,9750,0.1,0.1902,J,F,A
5,9750,0.1,0.1876,J,F,A
2,10000,0.1,0.2276,J,F,A
2.5,10000,0.1,0.2122,J,F,A
3,10000,0.1,0.2027,J,F,A
3.5,10000,0.1,0.1963,J,F,A
4,10000,0.1,0.1913,J,F,A
4.5,10000,0.1,0.1877,J,F,A
5,10000,0.1,0.1847,J,F,A
2,10500,0.1,0.2227,J,F,A
2.5,10500,0.1,0.2066,J,F,A
3,10500,0.1,0.1977,J,F,A
3.5,10500,0.1,0.1919,J,F,A
4,10500,0.1,0.1872,J,F,A
4.5,10500,0.1,0.1834,J,F,A
5,10500,0.1,0.1801,J,F,A
2,11000,0.1,0.2183,J,F,A
2.5,11000,0.1,0.2004,J,F,A
3,11000,0.1,0.1915,J,F,A
3.5,11000,0.1,0.1864,J,F,A
4,11000,0.1,0.1826,J,F,A
4.5,11000,0.1,0.1793,J,F,A
5,11000,0.1,0.1763,J,F,A
2.5,11500,0.1,0.1946,J,F,A
3,11500,0.1,0.185,J,F,A
3.5,11500,0.1,0.1802,J,F,A
4,11500,0.1,0.1772,J,F,A
4.5,11500,0.1,0.1747,J,F,A
5,11500,0.1,0.1722,J,F,A
2.5,12000,0.1,0.19,J,F,A
3,12000,0.1,0.1791,J,F,A
3.5,12000,0.1,0.1737,J,F,A
4,12000,0.1,0.1713,J,F,A
4.5,12000,0.1,0.1697,J,F,A
5,12000,0.1,0.1679,J,F,A
2.5,12500,0.1,0.1866,J,F,A
3,12500,0.1,0.1741,J,F,A
3.5,12500,0.1,0.1681,J,F,A
4,12500,0.1,0.1654,J,F,A
4.5,12500,0.1,0.1646,J,F,A
5,12500,0.1,0.1635,J,F,A
2.5,13000,0.1,0.1842,J,F,A
3,13000,0.1,0.1699,J,F,A
3.5,13000,0.1,0.1632,J,F,A
4,13000,0.1,0.1601,J,F,A
4.5,13000,0.1,0.1593,J,F,A
5,13000,0.1,0.1587,J,F,A
2,14000,0.1,0.2198,J,F,A
2.5,14000,0.1,0.1816,J,F,A
3,14000,0.1,0.1639,J,F,A
3.5,14000,0.1,0.1555,J,F,A
4,14000,0.1,0.1517,J,F,A
4.5,14000,0.1,0.1499,J,F,A
5,14000,0.1,0.1494,J,F,A
2.5,15000,0.1,0.1815,J,F,A
3,15000,0.1,0.1605,J,F,A
3.5,15000,0.1,0.1502,J,F,A
4,15000,0.1,0.1448,J,F,A
4.5,15000,0.1,0.1424,J,F,A
5,15000,0.1,0.1414,J,F,A
2.5,16000,0.1,0.183,J,F,A
3,16000,0.1,0.1584,J,F,A
3.5,16000,0.1,0.1464,J,F,A
4,16000,0.1,0.1399,J,F,A
4.5,16000,0.1,0.1369,J,F,A
5,16000,0.1,0.1354,J,F,A
2.5,17000,0.1,0.1872,J,F,A
3,17000,0.1,0.1574,J,F,A
3.5,17000,0.1,0.1436,J,F,A
4,17000,0.1,0.1363,J,F,A
4.5,17000,0.1,0.1325,J,F,A
5,17000,0.1,0.1306,J,F,A
2.5,18000,0.1,0.1943,J,F,A
3,18000,0.1,0.1581,J,F,A
3.5,18000,0.1,0.1418,J,F,A
4,18000,0.1,0.1335,J,F,A
4.5,18000,0.1,0.1291,J,F,A
5,18000,0.1,0.1268,J,F,A
2.5,19000,0.1,0.2027,J,F,A
3,19000,0.1,0.1599,J,F,A
3.5,19000,0.1,0.1405,J,F,A
4,19000,0.1,0.1312,J,F,A
4.5,19000,0.1,0.1265,J,F,A
5,19000,0.1,0.1238,J,F,A
3,20000,0.1,0.1625,J,F,A
3.5,20000,0.1,0.1408,J,F,A
4,20000,0.1,0.1297,J,F,A
4.5,20000,0.1,0.1242,J,F,A
5,20000,0.1,0.1214,J,F,A
3,21000,0.1,0.1643,J,F,A
3.5,21000,0.1,0.1414,J,F,A
4,21000,0.1,0.1289,J,F,A
4.5,21000,0.1,0.1225,J,F,A
5,21000,0.1,0.1191,J,F,A
3,22000,0.1,0.1651,J,F,A
3.5,22000,0.1,0.1419,J,F,A
4,22000,0.1,0.129,J,F,A
4.5,22000,0.1,0.1217,J,F,A
5,22000,0.1,0.1179,J,F,A
3,23000,0.1,0.1665,J,F,A
3.5,23000,0.1,0.1415,J,F,A
4,23000,0.1,0.129,J,F,A
4.5,23000,0.1,0.1214,J,F,A
5,23000,0.1,0.1171,J,F,A
3,24000,0.1,0.1707,J,F,A
3.5,24000,0.1,0.1407,J,F,A
4,24000,0.1,0.1283,J,F,A
4.5,24000,0.1,0.1213,J,F,A
5,24000,0.1,0.117,J,F,A
3,25000,0.1,0.1781,J,F,A
3.5,25000,0.1,0.1404,J,F,A
4,25000,0.1,0.1273,J,F,A
4.5,25000,0.1,0.1206,J,F,A
5,25000,0.1,0.1167,J,F,A
3,26000,0.1,0.1868,J,F,A
3.5,26000,0.1,0.1419,J,F,A
4,26000,0.1,0.1265,J,F,A
4.5,26000,0.1,0.1196,J,F,A
5,26000,0.1,0.1161,J,F,A
3.5,27000,0.1,0.1447,J,F,A
4,27000,0.1,0.1266,J,F,A
4.5,27000,0.1,0.1189,J,F,A
5,27000,0.1,0.1153,J,F,A
3.5,28000,0.1,0.1476,J,F,A
4,28000,0.1,0.1273,J,F,A
4.5,28000,0.1,0.1186,J,F,A
5,28000,0.1,0.1147,J,F,A
3.5,29000,0.1,0.1495,J,F,A
4,29000,0.1,0.1282,J,F,A
4.5,29000,0.1,0.1183,J,F,A
5,29000,0.1,0.1138,J,F,A
3.5,30000,0.1,0.1505,J,F,A
4,30000,0.1,0.1285,J,F,A
4.5,30000,0.1,0.1181,J,F,A
5,30000,0.1,0.1132,J,F,A
3.5,31000,0.1,0.1514,J,F,A
4,31000,0.1,0.1278,J,F,A
4.5,31000,0.1,0.1173,J,F,A
5,31000,0.1,0.112,J,F,A
4,32000,0.1,0.1264,J,F,A
4.5,32000,0.1,0.1157,J,F,A
5,32000,0.1,0.1101,J,F,A
4,33000,0.1,0.1248,J,F,A
4.5,33000,0.1,0.1135,J,F,A
5,33000,0.1,0.1078,J,F,A
4,34000,0.1,0.1228,J,F,A
4.5,34000,0.1,0.1111,J,F,A
5,34000,0.1,0.1049,J,F,A
4,35000,0.1,0.1195,J,F,A
4.5,35000,0.1,0.1084,J,F,A
5,35000,0.1,0.1023,J,F,A
4.5,37500,0.1,0.0997,J,F,A
5,37500,0.1,0.0943,J,F,A
4.5,40000,0.1,0.0938,J,F,A
5,40000,0.1,0.0858,J,F,A
5,42500,0.1,0.0818,J,F,A
5,45000,0.1,0.08,J,F,A
5,47500,0.1,0.0787,J,F,A
5,50000,0.1,0.0775,J,F,A
0,3500,0.2,0.4858,J,F,A
0.5,3500,0.2,0.4759,J,F,A
1,3500,0.2,0.4665,J,F,A
1.5,3500,0.2,0.4584,J,F,A
2,3500,0.2,0.4516,J,F,A
2.5,3500,0.2,0.4469,J,F,A
3,3500,0.2,0.4382,J,F,A
3.5,3500,0.2,0.3953,J,F,A
4,3500,0.2,0.3097,J,F,A
4.5,3500,0.2,0.2547,J,F,A
5,3500,0.2,0.2308,J,F,A
0,3750,0.2,0.4909,J,F,A
0.5,3750,0.2,0.4868,J,F,A
1,3750,0.2,0.4814,J,F,A
1.5,3750,0.2,0.4757,J,F,A
2,3750,0.2,0.4695,J,F,A
2.5,3750,0.2,0.4639,J,F,A
3,3750,0.2,0.4581,J,F,A
3.5,3750,0.2,0.4457,J,F,A
4,3750,0.2,0.3974,J,F,A
4.5,3750,0.2,0.3156,J,F,A
5,3750,0.2,0.2587,J,F,A
0,4000,0.2,0.4681,J,F,A
0.5,4000,0.2,0.4701,J,F,A
1,4000,0.2,0.4703,J,F,A
1.5,4000,0.2,0.4699,J,F,A
2,4000,0.2,0.468,J,F,A
2.5,4000,0.2,0.4659,J,F,A
3,4000,0.2,0.4628,J,F,A
3.5,4000,0.2,0.4588,J,F,A
4,4000,0.2,0.445,J,F,A
4.5,4000,0.2,0.395,J,F,A
5,4000,0.2,0.3199,J,F,A
0,4250,0.2,0.4344,J,F,A
0.5,4250,0.2,0.4393,J,F,A
1,4250,0.2,0.4425,J,F,A
1.5,4250,0.2,0.4457,J,F,A
2,4250,0.2,0.4478,J,F,A
2.5,4250,0.2,0.4489,J,F,A
3,4250,0.2,0.4493,J,F,A
3.5,4250,0.2,0.4491,J,F,A
4,4250,0.2,0.4472,J,F,A
4.5,4250,0.2,0.4351,J,F,A
5,4250,0.2,0.3895,J,F,A
0,4500,0.2,0.4026,J,F,A
0.5,4500,0.2,0.407,J,F,A
1,4500,0.2,0.4112,J,F,A
1.5,4500,0.2,0.4157,J,F,A
2,4500,0.2,0.42,J,F,A
2.5,4500,0.2,0.4232,J,F,A
3,4500,0.2,0.4258,J,F,A
3.5,4500,0.2,0.4279,J,F,A
4,4500,0.2,0.4289,J,F,A
4.5,4500,0.2,0.4287,J,F,A
5,4500,0.2,0.4192,J,F,A
0,4750,0.2,0.3738,J,F,A
0.5,4750,0.2,0.3779,J,F,A
1,4750,0.2,0.3821,J,F,A
1.5,4750,0.2,0.3866,J,F,A
2,4750,0.2,0.3914,J,F,A
2.5,4750,0.2,0.3951,J,F,A
3,4750,0.2,0.3997,J,F,A
3.5,4750,0.2,0.4032,J,F,A
4,4750,0.2,0.4057,J,F,A
4.5,4750,0.2,0.4074,J,F,A
5,4750,0.2,0.4077,J,F,A
0,5000,0.2,0.3458,J,F,A
0.5,5000,0.2,0.351,J,F,A
1,5000,0.2,0.3563,J,F,A
1.5,5000,0.2,0.3598,J,F,A
2,5000,0.2,0.3646,J,F,A
2.5,5000,0.2,0.3683,J,F,A
3,5000,0.2,0.3731,J,F,A
3.5,5000,0.2,0.3773,J,F,A
4,5000,0.2,0.3815,J,F,A
4.5,5000,0.2,0.3843,J,F,A
5,5000,0.2,0.386,J,F,A
0,5250,0.2,0.3177,J,F,A
0.5,5250,0.2,0.3234,J,F,A
1,5250,0.2,0.3297,J,F,A
1.5,5250,0.2,0.3339,J,F,A
2,5250,0.2,0.3388,J,F,A
2.5,5250,0.2,0.3436,J,F,A
3,5250,0.2,0.3487,J,F,A
3.5,5250,0.2,0.3532,J,F,A
4,5250,0.2,0.3574,J,F,A
4.5,5250,0.2,0.3614,J,F,A
5,5250,0.2,0.3635,J,F,A
0,5500,0.2,0.3206,J,F,A
0.5,5500,0.2,0.2975,J,F,A
1,5500,0.2,0.3042,J,F,A
1.5,5500,0.2,0.3094,J,F,A
2,5500,0.2,0.3148,J,F,A
2.5,5500,0.2,0.3202,J,F,A
3,5500,0.2,0.3249,J,F,A
3.5,5500,0.2,0.3302,J,F,A
4,5500,0.2,0.3352,J,F,A
4.5,5500,0.2,0.3388,J,F,A
5,5500,0.2,0.3417,J,F,A
0,5750,0.2,0.3137,J,F,A
0.5,5750,0.2,0.3032,J,F,A
1,5750,0.2,0.2793,J,F,A
1.5,5750,0.2,0.2857,J,F,A
2,5750,0.2,0.2914,J,F,A
2.5,5750,0.2,0.2973,J,F,A
3,5750,0.2,0.3026,J,F,A
3.5,5750,0.2,0.3086,J,F,A
4,5750,0.2,0.314,J,F,A
4.5,5750,0.2,0.3179,J,F,A
5,5750,0.2,0.3209,J,F,A
0,6000,0.2,0.3083,J,F,A
0.5,6000,0.2,0.3005,J,F,A
1,6000,0.2,0.2882,J,F,A
1.5,6000,0.2,0.2633,J,F,A
2,6000,0.2,0.2705,J,F,A
2.5,6000,0.2,0.2764,J,F,A
3,6000,0.2,0.2823,J,F,A
3.5,6000,0.2,0.2882,J,F,A
4,6000,0.2,0.294,J,F,A
4.5,6000,0.2,0.2982,J,F,A
5,6000,0.2,0.3017,J,F,A
0.5,6250,0.2,0.2959,J,F,A
1,6250,0.2,0.2882,J,F,A
1.5,6250,0.2,0.2757,J,F,A
2,6250,0.2,0.2523,J,F,A
2.5,6250,0.2,0.2574,J,F,A
3,6250,0.2,0.2637,J,F,A
3.5,6250,0.2,0.2695,J,F,A
4,6250,0.2,0.2752,J,F,A
4.5,6250,0.2,0.2805,J,F,A
5,6250,0.2,0.284,J,F,A
0.5,6500,0.2,0.2917,J,F,A
1,6500,0.2,0.2846,J,F,A
1.5,6500,0.2,0.2765,J,F,A
2,6500,0.2,0.2616,J,F,A
2.5,6500,0.2,0.2418,J,F,A
3,6500,0.2,0.2467,J,F,A
3.5,6500,0.2,0.2532,J,F,A
4,6500,0.2,0.2591,J,F,A
4.5,6500,0.2,0.2643,J,F,A
5,6500,0.2,0.2678,J,F,A
0.5,6750,0.2,0.2882,J,F,A
1,6750,0.2,0.28,J,F,A
1.5,6750,0.2,0.2743,J,F,A
2,6750,0.2,0.2641,J,F,A
2.5,6750,0.2,0.2459,J,F,A
3,6750,0.2,0.2326,J,F,A
3.5,6750,0.2,0.2388,J,F,A
4,6750,0.2,0.2449,J,F,A
4.5,6750,0.2,0.2499,J,F,A
5,6750,0.2,0.2536,J,F,A
0.5,7000,0.2,0.2877,J,F,A
1,7000,0.2,0.2743,J,F,A
1.5,7000,0.2,0.2696,J,F,A
2,7000,0.2,0.2643,J,F,A
2.5,7000,0.2,0.2514,J,F,A
3,7000,0.2,0.2308,J,F,A
3.5,7000,0.2,0.2274,J,F,A
4,7000,0.2,0.2324,J,F,A
4.5,7000,0.2,0.2372,J,F,A
5,7000,0.2,0.2413,J,F,A
0.5,7250,0.2,0.2892,J,F,A
1,7250,0.2,0.2712,J,F,A
1.5,7250,0.2,0.2629,J,F,A
2,7250,0.2,0.2603,J,F,A
2.5,7250,0.2,0.2545,J,F,A
3,7250,0.2,0.239,J,F,A
3.5,7250,0.2,0.2179,J,F,A
4,7250,0.2,0.2224,J,F,A
4.5,7250,0.2,0.2257,J,F,A
5,7250,0.2,0.2303,J,F,A
0.5,7500,0.2,0.2974,J,F,A
1,7500,0.2,0.2679,J,F,A
1.5,7500,0.2,0.2571,J,F,A
2,7500,0.2,0.2525,J,F,A
2.5,7500,0.2,0.2517,J,F,A
3,7500,0.2,0.2446,J,F,A
3.5,7500,0.2,0.2264,J,F,A
4,7500,0.2,0.2098,J,F,A
4.5,7500,0.2,0.2164,J,F,A
5,7500,0.2,0.2201,J,F,A
1,7750,0.2,0.2684,J,F,A
1.5,7750,0.2,0.2518,J,F,A
2,7750,0.2,0.2445,J,F,A
2.5,7750,0.2,0.242,J,F,A
3,7750,0.2,0.2418,J,F,A
3.5,7750,0.2,0.2339,J,F,A
4,7750,0.2,0.2158,J,F,A
4.5,7750,0.2,0.2077,J,F,A
5,7750,0.2,0.2121,J,F,A
1,8000,0.2,0.2728,J,F,A
1.5,8000,0.2,0.2494,J,F,A
2,8000,0.2,0.2388,J,F,A
2.5,8000,0.2,0.2339,J,F,A
3,8000,0.2,0.2326,J,F,A
3.5,8000,0.2,0.2335,J,F,A
4,8000,0.2,0.2242,J,F,A
4.5,8000,0.2,0.2084,J,F,A
5,8000,0.2,0.2033,J,F,A
1,8250,0.2,0.2817,J,F,A
1.5,8250,0.2,0.2492,J,F,A
2,8250,0.2,0.2349,J,F,A
2.5,8250,0.2,0.2276,J,F,A
3,8250,0.2,0.2244,J,F,A
3.5,8250,0.2,0.2237,J,F,A
4,8250,0.2,0.2255,J,F,A
4.5,8250,0.2,0.2142,J,F,A
5,8250,0.2,0.2032,J,F,A
1,8500,0.2,0.2923,J,F,A
1.5,8500,0.2,0.2514,J,F,A
2,8500,0.2,0.233,J,F,A
2.5,8500,0.2,0.2232,J,F,A
3,8500,0.2,0.2181,J,F,A
3.5,8500,0.2,0.216,J,F,A
4,8500,0.2,0.2158,J,F,A
4.5,8500,0.2,0.2172,J,F,A
5,8500,0.2,0.2051,J,F,A
1.5,8750,0.2,0.2543,J,F,A
2,8750,0.2,0.2326,J,F,A
2.5,8750,0.2,0.2203,J,F,A
3,8750,0.2,0.2138,J,F,A
3.5,8750,0.2,0.2099,J,F,A
4,8750,0.2,0.2083,J,F,A
4.5,8750,0.2,0.2088,J,F,A
5,8750,0.2,0.2093,J,F,A
1.5,9000,0.2,0.2571,J,F,A
2,9000,0.2,0.2327,J,F,A
2.5,9000,0.2,0.2191,J,F,A
3,9000,0.2,0.2106,J,F,A
3.5,9000,0.2,0.2057,J,F,A
4,9000,0.2,0.2028,J,F,A
4.5,9000,0.2,0.2016,J,F,A
5,9000,0.2,0.2019,J,F,A
2,9250,0.2,0.2327,J,F,A
2.5,9250,0.2,0.2179,J,F,A
3,9250,0.2,0.2087,J,F,A
3.5,9250,0.2,0.2025,J,F,A
4,9250,0.2,0.1989,J,F,A
4.5,9250,0.2,0.1965,J,F,A
5,9250,0.2,0.1955,J,F,A
2,9500,0.2,0.232,J,F,A
2.5,9500,0.2,0.2168,J,F,A
3,9500,0.2,0.2069,J,F,A
3.5,9500,0.2,0.2004,J,F,A
4,9500,0.2,0.196,J,F,A
4.5,9500,0.2,0.1928,J,F,A
5,9500,0.2,0.1909,J,F,A
2,9750,0.2,0.2305,J,F,A
2.5,9750,0.2,0.2151,J,F,A
3,9750,0.2,0.2054,J,F,A
3.5,9750,0.2,0.1984,J,F,A
4,9750,0.2,0.1935,J,F,A
4.5,9750,0.2,0.1899,J,F,A
5,9750,0.2,0.1872,J,F,A
2,10000,0.2,0.2284,J,F,A
2.5,10000,0.2,0.213,J,F,A
3,10000,0.2,0.2035,J,F,A
3.5,10000,0.2,0.1966,J,F,A
4,10000,0.2,0.1914,J,F,A
4.5,10000,0.2,0.1876,J,F,A
5,10000,0.2,0.1845,J,F,A
2,10500,0.2,0.2235,J,F,A
2.5,10500,0.2,0.2075,J,F,A
3,10500,0.2,0.1987,J,F,A
3.5,10500,0.2,0.1925,J,F,A
4,10500,0.2,0.1879,J,F,A
4.5,10500,0.2,0.1836,J,F,A
5,10500,0.2,0.18,J,F,A
2.5,11000,0.2,0.2011,J,F,A
3,11000,0.2,0.1924,J,F,A
3.5,11000,0.2,0.1872,J,F,A
4,11000,0.2,0.1832,J,F,A
4.5,11000,0.2,0.1799,J,F,A
5,11000,0.2,0.1764,J,F,A
2.5,11500,0.2,0.1952,J,F,A
3,11500,0.2,0.1856,J,F,A
3.5,11500,0.2,0.1811,J,F,A
4,11500,0.2,0.178,J,F,A
4.5,11500,0.2,0.1755,J,F,A
5,11500,0.2,0.1727,J,F,A
2.5,12000,0.2,0.1904,J,F,A
3,12000,0.2,0.1796,J,F,A
3.5,12000,0.2,0.1746,J,F,A
4,12000,0.2,0.1722,J,F,A
4.5,12000,0.2,0.1705,J,F,A
5,12000,0.2,0.1683,J,F,A
2.5,12500,0.2,0.1872,J,F,A
3,12500,0.2,0.1745,J,F,A
3.5,12500,0.2,0.1688,J,F,A
4,12500,0.2,0.1663,J,F,A
4.5,12500,0.2,0.1647,J,F,A
5,12500,0.2,0.1638,J,F,A
2.5,13000,0.2,0.1847,J,F,A
3,13000,0.2,0.1704,J,F,A
3.5,13000,0.2,0.1637,J,F,A
4,13000,0.2,0.1608,J,F,A
4.5,13000,0.2,0.1597,J,F,A
5,13000,0.2,0.1589,J,F,A
2.5,14000,0.2,0.1823,J,F,A
3,14000,0.2,0.1645,J,F,A
3.5,14000,0.2,0.1558,J,F,A
4,14000,0.2,0.1516,J,F,A
4.5,14000,0.2,0.1502,J,F,A
5,14000,0.2,0.1496,J,F,A
2.5,15000,0.2,0.1821,J,F,A
3,15000,0.2,0.1608,J,F,A
3.5,15000,0.2,0.1501,J,F,A
4,15000,0.2,0.145,J,F,A
4.5,15000,0.2,0.1428,J,F,A
5,15000,0.2,0.1417,J,F,A
2.5,16000,0.2,0.1838,J,F,A
3,16000,0.2,0.1586,J,F,A
3.5,16000,0.2,0.1465,J,F,A
4,16000,0.2,0.14,J,F,A
4.5,16000,0.2,0.1368,J,F,A
5,16000,0.2,0.1353,J,F,A
2.5,17000,0.2,0.1885,J,F,A
3,17000,0.2,0.1582,J,F,A
3.5,17000,0.2,0.1439,J,F,A
4,17000,0.2,0.1364,J,F,A
4.5,17000,0.2,0.1323,J,F,A
5,17000,0.2,0.1306,J,F,A
2.5,18000,0.2,0.1963,J,F,A
3,18000,0.2,0.1587,J,F,A
3.5,18000,0.2,0.1421,J,F,A
4,18000,0.2,0.1338,J,F,A
4.5,18000,0.2,0.129,J,F,A
5,18000,0.2,0.1266,J,F,A
2.5,19000,0.2,0.2046,J,F,A
3,19000,0.2,0.161,J,F,A
3.5,19000,0.2,0.1414,J,F,A
4,19000,0.2,0.1313,J,F,A
4.5,19000,0.2,0.1262,J,F,A
5,19000,0.2,0.1236,J,F,A
3,20000,0.2,0.1641,J,F,A
3.5,20000,0.2,0.1417,J,F,A
4,20000,0.2,0.1301,J,F,A
4.5,20000,0.2,0.1242,J,F,A
5,20000,0.2,0.1212,J,F,A
3,21000,0.2,0.1658,J,F,A
3.5,21000,0.2,0.1426,J,F,A
4,21000,0.2,0.1297,J,F,A
4.5,21000,0.2,0.1231,J,F,A
5,21000,0.2,0.1195,J,F,A
3,22000,0.2,0.1667,J,F,A
3.5,22000,0.2,0.1433,J,F,A
4,22000,0.2,0.13,J,F,A
4.5,22000,0.2,0.1225,J,F,A
5,22000,0.2,0.1184,J,F,A
3,23000,0.2,0.1681,J,F,A
3.5,23000,0.2,0.1425,J,F,A
4,23000,0.2,0.1301,J,F,A
4.5,23000,0.2,0.1223,J,F,A
5,23000,0.2,0.1177,J,F,A
3,24000,0.2,0.1727,J,F,A
3.5,24000,0.2,0.1416,J,F,A
4,24000,0.2,0.1294,J,F,A
4.5,24000,0.2,0.1222,J,F,A
5,24000,0.2,0.1175,J,F,A
3,25000,0.2,0.1802,J,F,A
3.5,25000,0.2,0.1414,J,F,A
4,25000,0.2,0.128,J,F,A
4.5,25000,0.2,0.1216,J,F,A
5,25000,0.2,0.1174,J,F,A
3.5,26000,0.2,0.1431,J,F,A
4,26000,0.2,0.127,J,F,A
4.5,26000,0.2,0.1206,J,F,A
5,26000,0.2,0.1169,J,F,A
3.5,27000,0.2,0.146,J,F,A
4,27000,0.2,0.127,J,F,A
4.5,27000,0.2,0.1193,J,F,A
5,27000,0.2,0.1162,J,F,A
3.5,28000,0.2,0.1489,J,F,A
4,28000,0.2,0.128,J,F,A
4.5,28000,0.2,0.1186,J,F,A
5,28000,0.2,0.1151,J,F,A
3.5,29000,0.2,0.151,J,F,A
4,29000,0.2,0.129,J,F,A
4.5,29000,0.2,0.1188,J,F,A
5,29000,0.2,0.114,J,F,A
3.5,30000,0.2,0.1525,J,F,A
4,30000,0.2,0.1291,J,F,A
4.5,30000,0.2,0.1186,J,F,A
5,30000,0.2,0.1133,J,F,A
4,31000,0.2,0.1287,J,F,A
4.5,31000,0.2,0.1176,J,F,A
5,31000,0.2,0.1121,J,F,A
4,32000,0.2,0.1278,J,F,A
4.5,32000,0.2,0.1165,J,F,A
5,32000,0.2,0.1104,J,F,A
4,33000,0.2,0.1263,J,F,A
4.5,33000,0.2,0.1144,J,F,A
5,33000,0.2,0.1085,J,F,A
4,34000,0.2,0.124,J,F,A
4.5,34000,0.2,0.1122,J,F,A
5,34000,0.2,0.106,J,F,A
4,35000,0.2,0.121,J,F,A
4.5,35000,0.2,0.1098,J,F,A
5,35000,0.2,0.1031,J,F,A
4.5,37500,0.2,0.1008,J,F,A
5,37500,0.2,0.0954,J,F,A
4.5,40000,0.2,0.0953,J,F,A
5,40000,0.2,0.0872,J,F,A
5,42500,0.2,0.0831,J,F,A
5,45000,0.2,0.0818,J,F,A
5,47500,0.2,0.0805,J,F,A
5,50000,0.2,0.0793,J,F,A
0,3500,0.3,0.4847,J,F,A
0.5,3500,0.3,0.4744,J,F,A
1,3500,0.3,0.4646,J,F,A
1.5,3500,0.3,0.4562,J,F,A
2,3500,0.3,0.4495,J,F,A
2.5,3500,0.3,0.4447,J,F,A
3,3500,0.3,0.4379,J,F,A
3.5,3500,0.3,0.4092,J,F,A
4,3500,0.3,0.3265,J,F,A
4.5,3500,0.3,0.263,J,F,A
5,3500,0.3,0.2338,J,F,A
0,3750,0.3,0.4912,J,F,A
0.5,3750,0.3,0.487,J,F,A
1,3750,0.3,0.4807,J,F,A
1.5,3750,0.3,0.4744,J,F,A
2,3750,0.3,0.4682,J,F,A
2.5,3750,0.3,0.4621,J,F,A
3,3750,0.3,0.4563,J,F,A
3.5,3750,0.3,0.446,J,F,A
4,3750,0.3,0.4094,J,F,A
4.5,3750,0.3,0.332,J,F,A
5,3750,0.3,0.2685,J,F,A
0,4000,0.3,0.4694,J,F,A
0.5,4000,0.3,0.4714,J,F,A
1,4000,0.3,0.4717,J,F,A
1.5,4000,0.3,0.4709,J,F,A
2,4000,0.3,0.4688,J,F,A
2.5,4000,0.3,0.4659,J,F,A
3,4000,0.3,0.4627,J,F,A
3.5,4000,0.3,0.4584,J,F,A
4,4000,0.3,0.4473,J,F,A
4.5,4000,0.3,0.4045,J,F,A
5,4000,0.3,0.3334,J,F,A
0,4250,0.3,0.4358,J,F,A
0.5,4250,0.3,0.441,J,F,A
1,4250,0.3,0.4444,J,F,A
1.5,4250,0.3,0.4475,J,F,A
2,4250,0.3,0.4496,J,F,A
2.5,4250,0.3,0.4507,J,F,A
3,4250,0.3,0.451,J,F,A
3.5,4250,0.3,0.4506,J,F,A
4,4250,0.3,0.4487,J,F,A
4.5,4250,0.3,0.4383,J,F,A
5,4250,0.3,0.3983,J,F,A
0,4500,0.3,0.4034,J,F,A
0.5,4500,0.3,0.4087,J,F,A
1,4500,0.3,0.4131,J,F,A
1.5,4500,0.3,0.4178,J,F,A
2,4500,0.3,0.4218,J,F,A
2.5,4500,0.3,0.4254,J,F,A
3,4500,0.3,0.4282,J,F,A
3.5,4500,0.3,0.4305,J,F,A
4,4500,0.3,0.4314,J,F,A
4.5,4500,0.3,0.4311,J,F,A
5,4500,0.3,0.423,J,F,A
0,4750,0.3,0.3753,J,F,A
0.5,4750,0.3,0.3798,J,F,A
1,4750,0.3,0.3838,J,F,A
1.5,4750,0.3,0.3881,J,F,A
2,4750,0.3,0.3926,J,F,A
2.5,4750,0.3,0.3975,J,F,A
3,4750,0.3,0.4022,J,F,A
3.5,4750,0.3,0.4057,J,F,A
4,4750,0.3,0.4086,J,F,A
4.5,4750,0.3,0.4103,J,F,A
5,4750,0.3,0.4108,J,F,A
0,5000,0.3,0.3472,J,F,A
0.5,5000,0.3,0.3526,J,F,A
1,5000,0.3,0.3571,J,F,A
1.5,5000,0.3,0.3618,J,F,A
2,5000,0.3,0.3658,J,F,A
2.5,5000,0.3,0.3709,J,F,A
3,5000,0.3,0.376,J,F,A
3.5,5000,0.3,0.3801,J,F,A
4,5000,0.3,0.3844,J,F,A
4.5,5000,0.3,0.3875,J,F,A
5,5000,0.3,0.3893,J,F,A
0,5250,0.3,0.3191,J,F,A
0.5,5250,0.3,0.3253,J,F,A
1,5250,0.3,0.3306,J,F,A
1.5,5250,0.3,0.3358,J,F,A
2,5250,0.3,0.3406,J,F,A
2.5,5250,0.3,0.3457,J,F,A
3,5250,0.3,0.3508,J,F,A
3.5,5250,0.3,0.3561,J,F,A
4,5250,0.3,0.3607,J,F,A
4.5,5250,0.3,0.3641,J,F,A
5,5250,0.3,0.367,J,F,A
0,5500,0.3,0.3211,J,F,A
0.5,5500,0.3,0.2983,J,F,A
1,5500,0.3,0.3048,J,F,A
1.5,5500,0.3,0.3115,J,F,A
2,5500,0.3,0.317,J,F,A
2.5,5500,0.3,0.3225,J,F,A
3,5500,0.3,0.3273,J,F,A
3.5,5500,0.3,0.3332,J,F,A
4,5500,0.3,0.3379,J,F,A
4.5,5500,0.3,0.3417,J,F,A
5,5500,0.3,0.3448,J,F,A
0,5750,0.3,0.3151,J,F,A
0.5,5750,0.3,0.3056,J,F,A
1,5750,0.3,0.2806,J,F,A
1.5,5750,0.3,0.2869,J,F,A
2,5750,0.3,0.2929,J,F,A
2.5,5750,0.3,0.2991,J,F,A
3,5750,0.3,0.305,J,F,A
3.5,5750,0.3,0.3112,J,F,A
4,5750,0.3,0.317,J,F,A
4.5,5750,0.3,0.3213,J,F,A
5,5750,0.3,0.3243,J,F,A
0,6000,0.3,0.3088,J,F,A
0.5,6000,0.3,0.3011,J,F,A
1,6000,0.3,0.2926,J,F,A
1.5,6000,0.3,0.265,J,F,A
2,6000,0.3,0.2711,J,F,A
2.5,6000,0.3,0.2775,J,F,A
3,6000,0.3,0.2842,J,F,A
3.5,6000,0.3,0.2905,J,F,A
4,6000,0.3,0.2968,J,F,A
4.5,6000,0.3,0.3014,J,F,A
5,6000,0.3,0.3053,J,F,A
0.5,6250,0.3,0.2955,J,F,A
1,6250,0.3,0.2883,J,F,A
1.5,6250,0.3,0.2765,J,F,A
2,6250,0.3,0.2521,J,F,A
2.5,6250,0.3,0.2581,J,F,A
3,6250,0.3,0.2649,J,F,A
3.5,6250,0.3,0.2713,J,F,A
4,6250,0.3,0.2772,J,F,A
4.5,6250,0.3,0.2828,J,F,A
5,6250,0.3,0.2868,J,F,A
0.5,6500,0.3,0.2911,J,F,A
1,6500,0.3,0.2844,J,F,A
1.5,6500,0.3,0.2764,J,F,A
2,6500,0.3,0.2608,J,F,A
2.5,6500,0.3,0.2408,J,F,A
3,6500,0.3,0.2474,J,F,A
3.5,6500,0.3,0.2538,J,F,A
4,6500,0.3,0.2599,J,F,A
4.5,6500,0.3,0.2664,J,F,A
5,6500,0.3,0.2697,J,F,A
0.5,6750,0.3,0.2875,J,F,A
1,6750,0.3,0.2794,J,F,A
1.5,6750,0.3,0.2743,J,F,A
2,6750,0.3,0.2645,J,F,A
2.5,6750,0.3,0.2451,J,F,A
3,6750,0.3,0.2332,J,F,A
3.5,6750,0.3,0.2391,J,F,A
4,6750,0.3,0.2455,J,F,A
4.5,6750,0.3,0.251,J,F,A
5,6750,0.3,0.255,J,F,A
0.5,7000,0.3,0.2872,J,F,A
1,7000,0.3,0.2736,J,F,A
1.5,7000,0.3,0.2692,J,F,A
2,7000,0.3,0.2643,J,F,A
2.5,7000,0.3,0.2524,J,F,A
3,7000,0.3,0.2313,J,F,A
3.5,7000,0.3,0.2269,J,F,A
4,7000,0.3,0.2325,J,F,A
4.5,7000,0.3,0.2375,J,F,A
5,7000,0.3,0.2419,J,F,A
0.5,7250,0.3,0.2895,J,F,A
1,7250,0.3,0.2706,J,F,A
1.5,7250,0.3,0.2622,J,F,A
2,7250,0.3,0.26,J,F,A
2.5,7250,0.3,0.2547,J,F,A
3,7250,0.3,0.2395,J,F,A
3.5,7250,0.3,0.2184,J,F,A
4,7250,0.3,0.2223,J,F,A
4.5,7250,0.3,0.2259,J,F,A
5,7250,0.3,0.2303,J,F,A
1,7500,0.3,0.2681,J,F,A
1.5,7500,0.3,0.2568,J,F,A
2,7500,0.3,0.2521,J,F,A
2.5,7500,0.3,0.2511,J,F,A
3,7500,0.3,0.2451,J,F,A
3.5,7500,0.3,0.2274,J,F,A
4,7500,0.3,0.2142,J,F,A
4.5,7500,0.3,0.2166,J,F,A
5,7500,0.3,0.2201,J,F,A
1,7750,0.3,0.2685,J,F,A
1.5,7750,0.3,0.2517,J,F,A
2,7750,0.3,0.2447,J,F,A
2.5,7750,0.3,0.2417,J,F,A
3,7750,0.3,0.242,J,F,A
3.5,7750,0.3,0.2347,J,F,A
4,7750,0.3,0.216,J,F,A
4.5,7750,0.3,0.2102,J,F,A
5,7750,0.3,0.212,J,F,A
1,8000,0.3,0.2733,J,F,A
1.5,8000,0.3,0.2496,J,F,A
2,8000,0.3,0.2386,J,F,A
2.5,8000,0.3,0.2341,J,F,A
3,8000,0.3,0.2325,J,F,A
3.5,8000,0.3,0.2331,J,F,A
4,8000,0.3,0.2248,J,F,A
4.5,8000,0.3,0.2075,J,F,A
5,8000,0.3,0.202,J,F,A
1,8250,0.3,0.2824,J,F,A
1.5,8250,0.3,0.2497,J,F,A
2,8250,0.3,0.235,J,F,A
2.5,8250,0.3,0.2276,J,F,A
3,8250,0.3,0.2245,J,F,A
3.5,8250,0.3,0.224,J,F,A
4,8250,0.3,0.2252,J,F,A
4.5,8250,0.3,0.2148,J,F,A
5,8250,0.3,0.2034,J,F,A
1,8500,0.3,0.2933,J,F,A
1.5,8500,0.3,0.252,J,F,A
2,8500,0.3,0.2334,J,F,A
2.5,8500,0.3,0.2235,J,F,A
3,8500,0.3,0.2181,J,F,A
3.5,8500,0.3,0.2159,J,F,A
4,8500,0.3,0.2159,J,F,A
4.5,8500,0.3,0.2172,J,F,A
5,8500,0.3,0.2053,J,F,A
1.5,8750,0.3,0.2551,J,F,A
2,8750,0.3,0.233,J,F,A
2.5,8750,0.3,0.2207,J,F,A
3,8750,0.3,0.2139,J,F,A
3.5,8750,0.3,0.2098,J,F,A
4,8750,0.3,0.2082,J,F,A
4.5,8750,0.3,0.2087,J,F,A
5,8750,0.3,0.2093,J,F,A
1.5,9000,0.3,0.2581,J,F,A
2,9000,0.3,0.2334,J,F,A
2.5,9000,0.3,0.2195,J,F,A
3,9000,0.3,0.2108,J,F,A
3.5,9000,0.3,0.2056,J,F,A
4,9000,0.3,0.2026,J,F,A
4.5,9000,0.3,0.2014,J,F,A
5,9000,0.3,0.2019,J,F,A
2,9250,0.3,0.2336,J,F,A
2.5,9250,0.3,0.2186,J,F,A
3,9250,0.3,0.209,J,F,A
3.5,9250,0.3,0.2026,J,F,A
4,9250,0.3,0.1987,J,F,A
4.5,9250,0.3,0.1962,J,F,A
5,9250,0.3,0.1952,J,F,A
2,9500,0.3,0.233,J,F,A
2.5,9500,0.3,0.2176,J,F,A
3,9500,0.3,0.2076,J,F,A
3.5,9500,0.3,0.2006,J,F,A
4,9500,0.3,0.1958,J,F,A
4.5,9500,0.3,0.1925,J,F,A
5,9500,0.3,0.1903,J,F,A
2,9750,0.3,0.2315,J,F,A
2.5,9750,0.3,0.2161,J,F,A
3,9750,0.3,0.2059,J,F,A
3.5,9750,0.3,0.1989,J,F,A
4,9750,0.3,0.1936,J,F,A
4.5,9750,0.3,0.1897,J,F,A
5,9750,0.3,0.1868,J,F,A
2,10000,0.3,0.2295,J,F,A
2.5,10000,0.3,0.214,J,F,A
3,10000,0.3,0.2043,J,F,A
3.5,10000,0.3,0.1972,J,F,A
4,10000,0.3,0.1917,J,F,A
4.5,10000,0.3,0.1875,J,F,A
5,10000,0.3,0.1842,J,F,A
2,10500,0.3,0.2243,J,F,A
2.5,10500,0.3,0.2083,J,F,A
3,10500,0.3,0.1994,J,F,A
3.5,10500,0.3,0.1933,J,F,A
4,10500,0.3,0.1882,J,F,A
4.5,10500,0.3,0.1838,J,F,A
5,10500,0.3,0.1801,J,F,A
2.5,11000,0.3,0.2019,J,F,A
3,11000,0.3,0.1932,J,F,A
3.5,11000,0.3,0.1882,J,F,A
4,11000,0.3,0.184,J,F,A
4.5,11000,0.3,0.1803,J,F,A
5,11000,0.3,0.1766,J,F,A
2.5,11500,0.3,0.196,J,F,A
3,11500,0.3,0.1866,J,F,A
3.5,11500,0.3,0.1819,J,F,A
4,11500,0.3,0.1788,J,F,A
4.5,11500,0.3,0.1762,J,F,A
5,11500,0.3,0.1732,J,F,A
2.5,12000,0.3,0.1913,J,F,A
3,12000,0.3,0.1804,J,F,A
3.5,12000,0.3,0.1754,J,F,A
4,12000,0.3,0.1729,J,F,A
4.5,12000,0.3,0.1709,J,F,A
5,12000,0.3,0.169,J,F,A
2.5,12500,0.3,0.188,J,F,A
3,12500,0.3,0.1752,J,F,A
3.5,12500,0.3,0.1693,J,F,A
4,12500,0.3,0.167,J,F,A
4.5,12500,0.3,0.1656,J,F,A
5,12500,0.3,0.1645,J,F,A
2.5,13000,0.3,0.1856,J,F,A
3,13000,0.3,0.1711,J,F,A
3.5,13000,0.3,0.1642,J,F,A
4,13000,0.3,0.1612,J,F,A
4.5,13000,0.3,0.16,J,F,A
5,13000,0.3,0.1593,J,F,A
2.5,14000,0.3,0.1829,J,F,A
3,14000,0.3,0.1651,J,F,A
3.5,14000,0.3,0.1562,J,F,A
4,14000,0.3,0.1521,J,F,A
4.5,14000,0.3,0.1505,J,F,A
5,14000,0.3,0.1499,J,F,A
2.5,15000,0.3,0.1825,J,F,A
3,15000,0.3,0.1615,J,F,A
3.5,15000,0.3,0.1506,J,F,A
4,15000,0.3,0.1452,J,F,A
4.5,15000,0.3,0.1425,J,F,A
5,15000,0.3,0.1418,J,F,A
2.5,16000,0.3,0.1849,J,F,A
3,16000,0.3,0.1592,J,F,A
3.5,16000,0.3,0.1468,J,F,A
4,16000,0.3,0.1403,J,F,A
4.5,16000,0.3,0.1371,J,F,A
5,16000,0.3,0.1357,J,F,A
2.5,17000,0.3,0.1902,J,F,A
3,17000,0.3,0.1586,J,F,A
3.5,17000,0.3,0.1441,J,F,A
4,17000,0.3,0.1365,J,F,A
4.5,17000,0.3,0.1325,J,F,A
5,17000,0.3,0.1307,J,F,A
2.5,18000,0.3,0.1982,J,F,A
3,18000,0.3,0.1599,J,F,A
3.5,18000,0.3,0.1425,J,F,A
4,18000,0.3,0.1336,J,F,A
4.5,18000,0.3,0.1291,J,F,A
5,18000,0.3,0.1268,J,F,A
3,19000,0.3,0.1625,J,F,A
3.5,19000,0.3,0.1422,J,F,A
4,19000,0.3,0.1318,J,F,A
4.5,19000,0.3,0.1265,J,F,A
5,19000,0.3,0.1237,J,F,A
3,20000,0.3,0.1655,J,F,A
3.5,20000,0.3,0.1429,J,F,A
4,20000,0.3,0.1309,J,F,A
4.5,20000,0.3,0.1245,J,F,A
5,20000,0.3,0.1213,J,F,A
3,21000,0.3,0.1672,J,F,A
3.5,21000,0.3,0.1439,J,F,A
4,21000,0.3,0.1308,J,F,A
4.5,21000,0.3,0.1236,J,F,A
5,21000,0.3,0.1195,J,F,A
3,22000,0.3,0.168,J,F,A
3.5,22000,0.3,0.1443,J,F,A
4,22000,0.3,0.1313,J,F,A
4.5,22000,0.3,0.1234,J,F,A
5,22000,0.3,0.1187,J,F,A
3,23000,0.3,0.1699,J,F,A
3.5,23000,0.3,0.1436,J,F,A
4,23000,0.3,0.1313,J,F,A
4.5,23000,0.3,0.1233,J,F,A
5,23000,0.3,0.1185,J,F,A
3,24000,0.3,0.1746,J,F,A
3.5,24000,0.3,0.1427,J,F,A
4,24000,0.3,0.1304,J,F,A
4.5,24000,0.3,0.1231,J,F,A
5,24000,0.3,0.1185,J,F,A
3,25000,0.3,0.1828,J,F,A
3.5,25000,0.3,0.1429,J,F,A
4,25000,0.3,0.129,J,F,A
4.5,25000,0.3,0.1226,J,F,A
5,25000,0.3,0.1183,J,F,A
3.5,26000,0.3,0.1446,J,F,A
4,26000,0.3,0.1282,J,F,A
4.5,26000,0.3,0.1212,J,F,A
5,26000,0.3,0.1179,J,F,A
3.5,27000,0.3,0.1476,J,F,A
4,27000,0.3,0.1283,J,F,A
4.5,27000,0.3,0.1202,J,F,A
5,27000,0.3,0.1167,J,F,A
3.5,28000,0.3,0.1503,J,F,A
4,28000,0.3,0.1292,J,F,A
4.5,28000,0.3,0.1197,J,F,A
5,28000,0.3,0.1155,J,F,A
3.5,29000,0.3,0.1524,J,F,A
4,29000,0.3,0.1301,J,F,A
4.5,29000,0.3,0.1195,J,F,A
5,29000,0.3,0.1146,J,F,A
3.5,30000,0.3,0.1544,J,F,A
4,30000,0.3,0.1301,J,F,A
4.5,30000,0.3,0.1193,J,F,A
5,30000,0.3,0.1136,J,F,A
4,31000,0.3,0.1298,J,F,A
4.5,31000,0.3,0.1186,J,F,A
5,31000,0.3,0.1126,J,F,A
4,32000,0.3,0.1291,J,F,A
4.5,32000,0.3,0.1172,J,F,A
5,32000,0.3,0.111,J,F,A
4,33000,0.3,0.1277,J,F,A
4.5,33000,0.3,0.1156,J,F,A
5,33000,0.3,0.1089,J,F,A
4,34000,0.3,0.1255,J,F,A
4.5,34000,0.3,0.1136,J,F,A
5,34000,0.3,0.1069,J,F,A
4.5,35000,0.3,0.111,J,F,A
5,35000,0.3,0.1043,J,F,A
4.5,37500,0.3,0.1023,J,F,A
5,37500,0.3,0.0964,J,F,A
4.5,40000,0.3,0.0969,J,F,A
5,40000,0.3,0.0883,J,F,A
5,42500,0.3,0.0847,J,F,A
5,45000,0.3,0.0833,J,F,A
5,47500,0.3,0.0824,J,F,A
5,50000,0.3,0.0812,J,F,A
0,3500,0.5,0.4829,J,F,A
0.5,3500,0.5,0.4718,J,F,A
1,3500,0.5,0.4614,J,F,A
1.5,3500,0.5,0.4523,J,F,A
2,3500,0.5,0.4453,J,F,A
2.5,3500,0.5,0.4405,J,F,A
3,3500,0.5,0.4358,J,F,A
3.5,3500,0.5,0.4241,J,F,A
4,3500,0.5,0.3659,J,F,A
4.5,3500,0.5,0.2854,J,F,A
5,3500,0.5,0.2419,J,F,A
0,3750,0.5,0.4918,J,F,A
0.5,3750,0.5,0.4862,J,F,A
1,3750,0.5,0.4795,J,F,A
1.5,3750,0.5,0.4722,J,F,A
2,3750,0.5,0.4651,J,F,A
2.5,3750,0.5,0.4583,J,F,A
3,3750,0.5,0.4525,J,F,A
3.5,3750,0.5,0.4443,J,F,A
4,3750,0.5,0.4233,J,F,A
4.5,3750,0.5,0.3652,J,F,A
5,3750,0.5,0.292,J,F,A
0,4000,0.5,0.472,J,F,A
0.5,4000,0.5,0.4735,J,F,A
1,4000,0.5,0.4739,J,F,A
1.5,4000,0.5,0.4722,J,F,A
2,4000,0.5,0.4694,J,F,A
2.5,4000,0.5,0.4661,J,F,A
3,4000,0.5,0.462,J,F,A
3.5,4000,0.5,0.4574,J,F,A
4,4000,0.5,0.4483,J,F,A
4.5,4000,0.5,0.4208,J,F,A
5,4000,0.5,0.3612,J,F,A
0,4250,0.5,0.4388,J,F,A
0.5,4250,0.5,0.4438,J,F,A
1,4250,0.5,0.4478,J,F,A
1.5,4250,0.5,0.4508,J,F,A
2,4250,0.5,0.4533,J,F,A
2.5,4250,0.5,0.4543,J,F,A
3,4250,0.5,0.454,J,F,A
3.5,4250,0.5,0.4529,J,F,A
4,4250,0.5,0.451,J,F,A
4.5,4250,0.5,0.4424,J,F,A
5,4250,0.5,0.4117,J,F,A
0,4500,0.5,0.4068,J,F,A
0.5,4500,0.5,0.4113,J,F,A
1,4500,0.5,0.4162,J,F,A
1.5,4500,0.5,0.4216,J,F,A
2,4500,0.5,0.4259,J,F,A
2.5,4500,0.5,0.4299,J,F,A
3,4500,0.5,0.4327,J,F,A
3.5,4500,0.5,0.4349,J,F,A
4,4500,0.5,0.4361,J,F,A
4.5,4500,0.5,0.4358,J,F,A
5,4500,0.5,0.4289,J,F,A
0,4750,0.5,0.3778,J,F,A
0.5,4750,0.5,0.3825,J,F,A
1,4750,0.5,0.3867,J,F,A
1.5,4750,0.5,0.3916,J,F,A
2,4750,0.5,0.3964,J,F,A
2.5,4750,0.5,0.4016,J,F,A
3,4750,0.5,0.4068,J,F,A
3.5,4750,0.5,0.4109,J,F,A
4,4750,0.5,0.4139,J,F,A
4.5,4750,0.5,0.416,J,F,A
5,4750,0.5,0.4168,J,F,A
0,5000,0.5,0.3501,J,F,A
0.5,5000,0.5,0.355,J,F,A
1,5000,0.5,0.36,J,F,A
1.5,5000,0.5,0.3653,J,F,A
2,5000,0.5,0.3704,J,F,A
2.5,5000,0.5,0.3751,J,F,A
3,5000,0.5,0.3804,J,F,A
3.5,5000,0.5,0.385,J,F,A
4,5000,0.5,0.3897,J,F,A
4.5,5000,0.5,0.3934,J,F,A
5,5000,0.5,0.3956,J,F,A
0,5250,0.5,0.3265,J,F,A
0.5,5250,0.5,0.3277,J,F,A
1,5250,0.5,0.334,J,F,A
1.5,5250,0.5,0.3397,J,F,A
2,5250,0.5,0.3449,J,F,A
2.5,5250,0.5,0.3503,J,F,A
3,5250,0.5,0.3559,J,F,A
3.5,5250,0.5,0.3608,J,F,A
4,5250,0.5,0.3663,J,F,A
4.5,5250,0.5,0.3697,J,F,A
5,5250,0.5,0.3735,J,F,A
0,5500,0.5,0.3256,J,F,A
0.5,5500,0.5,0.3066,J,F,A
1,5500,0.5,0.307,J,F,A
1.5,5500,0.5,0.3146,J,F,A
2,5500,0.5,0.321,J,F,A
2.5,5500,0.5,0.3268,J,F,A
3,5500,0.5,0.3328,J,F,A
3.5,5500,0.5,0.3381,J,F,A
4,5500,0.5,0.3433,J,F,A
4.5,5500,0.5,0.3479,J,F,A
5,5500,0.5,0.352,J,F,A
0,5750,0.5,0.3164,J,F,A
0.5,5750,0.5,0.3082,J,F,A
1,5750,0.5,0.2886,J,F,A
1.5,5750,0.5,0.2892,J,F,A
2,5750,0.5,0.2962,J,F,A
2.5,5750,0.5,0.3027,J,F,A
3,5750,0.5,0.3088,J,F,A
3.5,5750,0.5,0.3154,J,F,A
4,5750,0.5,0.3222,J,F,A
4.5,5750,0.5,0.3274,J,F,A
5,5750,0.5,0.3308,J,F,A
0,6000,0.5,0.3095,J,F,A
0.5,6000,0.5,0.3018,J,F,A
1,6000,0.5,0.2927,J,F,A
1.5,6000,0.5,0.2721,J,F,A
2,6000,0.5,0.2727,J,F,A
2.5,6000,0.5,0.2802,J,F,A
3,6000,0.5,0.2875,J,F,A
3.5,6000,0.5,0.2951,J,F,A
4,6000,0.5,0.3016,J,F,A
4.5,6000,0.5,0.3074,J,F,A
5,6000,0.5,0.3117,J,F,A
0.5,6250,0.5,0.2958,J,F,A
1,6250,0.5,0.289,J,F,A
1.5,6250,0.5,0.2778,J,F,A
2,6250,0.5,0.2572,J,F,A
2.5,6250,0.5,0.2596,J,F,A
3,6250,0.5,0.2673,J,F,A
3.5,6250,0.5,0.2751,J,F,A
4,6250,0.5,0.2817,J,F,A
4.5,6250,0.5,0.2876,J,F,A
5,6250,0.5,0.2924,J,F,A
0.5,6500,0.5,0.2897,J,F,A
1,6500,0.5,0.2845,J,F,A
1.5,6500,0.5,0.2772,J,F,A
2,6500,0.5,0.2635,J,F,A
2.5,6500,0.5,0.2447,J,F,A
3,6500,0.5,0.249,J,F,A
3.5,6500,0.5,0.2563,J,F,A
4,6500,0.5,0.2631,J,F,A
4.5,6500,0.5,0.2701,J,F,A
5,6500,0.5,0.2752,J,F,A
0.5,6750,0.5,0.2865,J,F,A
1,6750,0.5,0.2778,J,F,A
1.5,6750,0.5,0.2744,J,F,A
2,6750,0.5,0.2655,J,F,A
2.5,6750,0.5,0.2482,J,F,A
3,6750,0.5,0.2351,J,F,A
3.5,6750,0.5,0.2398,J,F,A
4,6750,0.5,0.247,J,F,A
4.5,6750,0.5,0.2535,J,F,A
5,6750,0.5,0.2581,J,F,A
0.5,7000,0.5,0.286,J,F,A
1,7000,0.5,0.2728,J,F,A
1.5,7000,0.5,0.2678,J,F,A
2,7000,0.5,0.265,J,F,A
2.5,7000,0.5,0.2537,J,F,A
3,7000,0.5,0.2341,J,F,A
3.5,7000,0.5,0.2267,J,F,A
4,7000,0.5,0.2333,J,F,A
4.5,7000,0.5,0.2385,J,F,A
5,7000,0.5,0.243,J,F,A
1,7250,0.5,0.2693,J,F,A
1.5,7250,0.5,0.2613,J,F,A
2,7250,0.5,0.2587,J,F,A
2.5,7250,0.5,0.2556,J,F,A
3,7250,0.5,0.2414,J,F,A
3.5,7250,0.5,0.2235,J,F,A
4,7250,0.5,0.2215,J,F,A
4.5,7250,0.5,0.2257,J,F,A
5,7250,0.5,0.2306,J,F,A
1,7500,0.5,0.2681,J,F,A
1.5,7500,0.5,0.2565,J,F,A
2,7500,0.5,0.2515,J,F,A
2.5,7500,0.5,0.2504,J,F,A
3,7500,0.5,0.2463,J,F,A
3.5,7500,0.5,0.23,J,F,A
4,7500,0.5,0.2155,J,F,A
4.5,7500,0.5,0.2164,J,F,A
5,7500,0.5,0.2201,J,F,A
1,7750,0.5,0.269,J,F,A
1.5,7750,0.5,0.252,J,F,A
2,7750,0.5,0.2448,J,F,A
2.5,7750,0.5,0.2419,J,F,A
3,7750,0.5,0.2421,J,F,A
3.5,7750,0.5,0.2369,J,F,A
4,7750,0.5,0.2189,J,F,A
4.5,7750,0.5,0.2079,J,F,A
5,7750,0.5,0.2118,J,F,A
1,8000,0.5,0.2744,J,F,A
1.5,8000,0.5,0.2498,J,F,A
2,8000,0.5,0.2393,J,F,A
2.5,8000,0.5,0.234,J,F,A
3,8000,0.5,0.2322,J,F,A
3.5,8000,0.5,0.2328,J,F,A
4,8000,0.5,0.2268,J,F,A
4.5,8000,0.5,0.2116,J,F,A
5,8000,0.5,0.2046,J,F,A
1,8250,0.5,0.2838,J,F,A
1.5,8250,0.5,0.2504,J,F,A
2,8250,0.5,0.2355,J,F,A
2.5,8250,0.5,0.2284,J,F,A
3,8250,0.5,0.225,J,F,A
3.5,8250,0.5,0.224,J,F,A
4,8250,0.5,0.2251,J,F,A
4.5,8250,0.5,0.2171,J,F,A
5,8250,0.5,0.2018,J,F,A
1.5,8500,0.5,0.2533,J,F,A
2,8500,0.5,0.2341,J,F,A
2.5,8500,0.5,0.2237,J,F,A
3,8500,0.5,0.2186,J,F,A
3.5,8500,0.5,0.2164,J,F,A
4,8500,0.5,0.216,J,F,A
4.5,8500,0.5,0.2177,J,F,A
5,8500,0.5,0.2079,J,F,A
1.5,8750,0.5,0.2566,J,F,A
2,8750,0.5,0.2341,J,F,A
2.5,8750,0.5,0.2213,J,F,A
3,8750,0.5,0.2139,J,F,A
3.5,8750,0.5,0.2101,J,F,A
4,8750,0.5,0.2086,J,F,A
4.5,8750,0.5,0.2088,J,F,A
5,8750,0.5,0.2102,J,F,A
1.5,9000,0.5,0.2595,J,F,A
2,9000,0.5,0.2348,J,F,A
2.5,9000,0.5,0.2202,J,F,A
3,9000,0.5,0.2114,J,F,A
3.5,9000,0.5,0.2057,J,F,A
4,9000,0.5,0.2025,J,F,A
4.5,9000,0.5,0.2017,J,F,A
5,9000,0.5,0.2018,J,F,A
2,9250,0.5,0.2351,J,F,A
2.5,9250,0.5,0.2201,J,F,A
3,9250,0.5,0.2097,J,F,A
3.5,9250,0.5,0.2029,J,F,A
4,9250,0.5,0.1984,J,F,A
4.5,9250,0.5,0.1959,J,F,A
5,9250,0.5,0.1953,J,F,A
2,9500,0.5,0.2347,J,F,A
2.5,9500,0.5,0.2193,J,F,A
3,9500,0.5,0.2086,J,F,A
3.5,9500,0.5,0.2012,J,F,A
4,9500,0.5,0.1959,J,F,A
4.5,9500,0.5,0.1921,J,F,A
5,9500,0.5,0.1899,J,F,A
2,9750,0.5,0.233,J,F,A
2.5,9750,0.5,0.2178,J,F,A
3,9750,0.5,0.2075,J,F,A
3.5,9750,0.5,0.1997,J,F,A
4,9750,0.5,0.1939,J,F,A
4.5,9750,0.5,0.1895,J,F,A
5,9750,0.5,0.1862,J,F,A
2,10000,0.5,0.2307,J,F,A
2.5,10000,0.5,0.2156,J,F,A
3,10000,0.5,0.2059,J,F,A
3.5,10000,0.5,0.1984,J,F,A
4,10000,0.5,0.1923,J,F,A
4.5,10000,0.5,0.1875,J,F,A
5,10000,0.5,0.1836,J,F,A
2,10500,0.5,0.2254,J,F,A
2.5,10500,0.5,0.2097,J,F,A
3,10500,0.5,0.2012,J,F,A
3.5,10500,0.5,0.1949,J,F,A
4,10500,0.5,0.1894,J,F,A
4.5,10500,0.5,0.1845,J,F,A
5,10500,0.5,0.1801,J,F,A
2.5,11000,0.5,0.203,J,F,A
3,11000,0.5,0.1947,J,F,A
3.5,11000,0.5,0.1897,J,F,A
4,11000,0.5,0.1855,J,F,A
4.5,11000,0.5,0.1814,J,F,A
5,11000,0.5,0.1773,J,F,A
2.5,11500,0.5,0.197,J,F,A
3,11500,0.5,0.1878,J,F,A
3.5,11500,0.5,0.1834,J,F,A
4,11500,0.5,0.1803,J,F,A
4.5,11500,0.5,0.1774,J,F,A
5,11500,0.5,0.1742,J,F,A
2.5,12000,0.5,0.1925,J,F,A
3,12000,0.5,0.1817,J,F,A
3.5,12000,0.5,0.1767,J,F,A
4,12000,0.5,0.1744,J,F,A
4.5,12000,0.5,0.1725,J,F,A
5,12000,0.5,0.1703,J,F,A
2.5,12500,0.5,0.1894,J,F,A
3,12500,0.5,0.1764,J,F,A
3.5,12500,0.5,0.1707,J,F,A
4,12500,0.5,0.1682,J,F,A
4.5,12500,0.5,0.1672,J,F,A
5,12500,0.5,0.1658,J,F,A
2.5,13000,0.5,0.1871,J,F,A
3,13000,0.5,0.1724,J,F,A
3.5,13000,0.5,0.1654,J,F,A
4,13000,0.5,0.1628,J,F,A
4.5,13000,0.5,0.1615,J,F,A
5,13000,0.5,0.1608,J,F,A
2.5,14000,0.5,0.1847,J,F,A
3,14000,0.5,0.1668,J,F,A
3.5,14000,0.5,0.1574,J,F,A
4,14000,0.5,0.1533,J,F,A
4.5,14000,0.5,0.1514,J,F,A
5,14000,0.5,0.1508,J,F,A
2.5,15000,0.5,0.1846,J,F,A
3,15000,0.5,0.1626,J,F,A
3.5,15000,0.5,0.1517,J,F,A
4,15000,0.5,0.1461,J,F,A
4.5,15000,0.5,0.1435,J,F,A
5,15000,0.5,0.1421,J,F,A
2.5,16000,0.5,0.1875,J,F,A
3,16000,0.5,0.1609,J,F,A
3.5,16000,0.5,0.1478,J,F,A
4,16000,0.5,0.1411,J,F,A
4.5,16000,0.5,0.1374,J,F,A
5,16000,0.5,0.1357,J,F,A
2.5,17000,0.5,0.1938,J,F,A
3,17000,0.5,0.1604,J,F,A
3.5,17000,0.5,0.1451,J,F,A
4,17000,0.5,0.1374,J,F,A
4.5,17000,0.5,0.1331,J,F,A
5,17000,0.5,0.1308,J,F,A
3,18000,0.5,0.1625,J,F,A
3.5,18000,0.5,0.1438,J,F,A
4,18000,0.5,0.1343,J,F,A
4.5,18000,0.5,0.1293,J,F,A
5,18000,0.5,0.1268,J,F,A
3,19000,0.5,0.1656,J,F,A
3.5,19000,0.5,0.144,J,F,A
4,19000,0.5,0.1329,J,F,A
4.5,19000,0.5,0.1269,J,F,A
5,19000,0.5,0.1238,J,F,A
3,20000,0.5,0.169,J,F,A
3.5,20000,0.5,0.145,J,F,A
4,20000,0.5,0.1324,J,F,A
4.5,20000,0.5,0.1255,J,F,A
5,20000,0.5,0.1216,J,F,A
3,21000,0.5,0.1711,J,F,A
3.5,21000,0.5,0.1469,J,F,A
4,21000,0.5,0.1328,J,F,A
4.5,21000,0.5,0.125,J,F,A
5,21000,0.5,0.1202,J,F,A
3,22000,0.5,0.1717,J,F,A
3.5,22000,0.5,0.1473,J,F,A
4,22000,0.5,0.1337,J,F,A
4.5,22000,0.5,0.1252,J,F,A
5,22000,0.5,0.1198,J,F,A
3,23000,0.5,0.1739,J,F,A
3.5,23000,0.5,0.1466,J,F,A
4,23000,0.5,0.1337,J,F,A
4.5,23000,0.5,0.1253,J,F,A
5,23000,0.5,0.1199,J,F,A
3,24000,0.5,0.1794,J,F,A
3.5,24000,0.5,0.1457,J,F,A
4,24000,0.5,0.1329,J,F,A
4.5,24000,0.5,0.1252,J,F,A
5,24000,0.5,0.1204,J,F,A
3.5,25000,0.5,0.1458,J,F,A
4,25000,0.5,0.1315,J,F,A
4.5,25000,0.5,0.1245,J,F,A
5,25000,0.5,0.1201,J,F,A
3.5,26000,0.5,0.1478,J,F,A
4,26000,0.5,0.1306,J,F,A
4.5,26000,0.5,0.1233,J,F,A
5,26000,0.5,0.1194,J,F,A
3.5,27000,0.5,0.1511,J,F,A
4,27000,0.5,0.1307,J,F,A
4.5,27000,0.5,0.1222,J,F,A
5,27000,0.5,0.1184,J,F,A
3.5,28000,0.5,0.1541,J,F,A
4,28000,0.5,0.1317,J,F,A
4.5,28000,0.5,0.1218,J,F,A
5,28000,0.5,0.1172,J,F,A
3.5,29000,0.5,0.1565,J,F,A
4,29000,0.5,0.1327,J,F,A
4.5,29000,0.5,0.1215,J,F,A
5,29000,0.5,0.1162,J,F,A
4,30000,0.5,0.1328,J,F,A
4.5,30000,0.5,0.1212,J,F,A
5,30000,0.5,0.1153,J,F,A
4,31000,0.5,0.1325,J,F,A
4.5,31000,0.5,0.1204,J,F,A
5,31000,0.5,0.114,J,F,A
4,32000,0.5,0.1321,J,F,A
4.5,32000,0.5,0.1189,J,F,A
5,32000,0.5,0.1126,J,F,A
4,33000,0.5,0.1308,J,F,A
4.5,33000,0.5,0.1176,J,F,A
5,33000,0.5,0.1105,J,F,A
4.5,34000,0.5,0.116,J,F,A
5,34000,0.5,0.1086,J,F,A
4.5,35000,0.5,0.1136,J,F,A
5,35000,0.5,0.1066,J,F,A
4.5,37500,0.5,0.1052,J,F,A
5,37500,0.5,0.099,J,F,A
5,40000,0.5,0.0915,J,F,A
5,42500,0.5,0.0879,J,F,A
5,45000,0.5,0.0869,J,F,A
0,3500,1,0.4805,J,F,A
0.5,3500,1,0.4681,J,F,A
1,3500,1,0.4572,J,F,A
1.5,3500,1,0.4472,J,F,A
2,3500,1,0.4389,J,F,A
2.5,3500,1,0.4339,J,F,A
3,3500,1,0.4312,J,F,A
3.5,3500,1,0.4279,J,F,A
4,3500,1,0.4225,J,F,A
4.5,3500,1,0.3691,J,F,A
5,3500,1,0.2828,J,F,A
0,3750,1,0.4893,J,F,A
0.5,3750,1,0.483,J,F,A
1,3750,1,0.4754,J,F,A
1.5,3750,1,0.4663,J,F,A
2,3750,1,0.4575,J,F,A
2.5,3750,1,0.4492,J,F,A
3,3750,1,0.4423,J,F,A
3.5,3750,1,0.4353,J,F,A
4,3750,1,0.4243,J,F,A
4.5,3750,1,0.4074,J,F,A
5,3750,1,0.3674,J,F,A
0,4000,1,0.4731,J,F,A
0.5,4000,1,0.4751,J,F,A
1,4000,1,0.4747,J,F,A
1.5,4000,1,0.4714,J,F,A
2,4000,1,0.4674,J,F,A
2.5,4000,1,0.4618,J,F,A
3,4000,1,0.4558,J,F,A
3.5,4000,1,0.4501,J,F,A
4,4000,1,0.4426,J,F,A
4.5,4000,1,0.4261,J,F,A
5,4000,1,0.401,J,F,A
0,4250,1,0.4406,J,F,A
0.5,4250,1,0.447,J,F,A
1,4250,1,0.4524,J,F,A
1.5,4250,1,0.4559,J,F,A
2,4250,1,0.4577,J,F,A
2.5,4250,1,0.4577,J,F,A
3,4250,1,0.4563,J,F,A
3.5,4250,1,0.4534,J,F,A
4,4250,1,0.4502,J,F,A
4.5,4250,1,0.4427,J,F,A
5,4250,1,0.4222,J,F,A
0,4500,1,0.4081,J,F,A
0.5,4500,1,0.4137,J,F,A
1,4500,1,0.4201,J,F,A
1.5,4500,1,0.4267,J,F,A
2,4500,1,0.4326,J,F,A
2.5,4500,1,0.4373,J,F,A
3,4500,1,0.4404,J,F,A
3.5,4500,1,0.4419,J,F,A
4,4500,1,0.4426,J,F,A
4.5,4500,1,0.4416,J,F,A
5,4500,1,0.4346,J,F,A
0,4750,1,0.3812,J,F,A
0.5,4750,1,0.3848,J,F,A
1,4750,1,0.3898,J,F,A
1.5,4750,1,0.3965,J,F,A
2,4750,1,0.403,J,F,A
2.5,4750,1,0.4095,J,F,A
3,4750,1,0.4153,J,F,A
3.5,4750,1,0.4199,J,F,A
4,4750,1,0.4235,J,F,A
4.5,4750,1,0.4259,J,F,A
5,4750,1,0.427,J,F,A
0,5000,1,0.3669,J,F,A
0.5,5000,1,0.3583,J,F,A
1,5000,1,0.3642,J,F,A
1.5,5000,1,0.3693,J,F,A
2,5000,1,0.3752,J,F,A
2.5,5000,1,0.3819,J,F,A
3,5000,1,0.3883,J,F,A
3.5,5000,1,0.3944,J,F,A
4,5000,1,0.3999,J,F,A
4.5,5000,1,0.4044,J,F,A
5,5000,1,0.4076,J,F,A
0,5250,1,0.3515,J,F,A
0.5,5250,1,0.3458,J,F,A
1,5250,1,0.339,J,F,A
1.5,5250,1,0.3451,J,F,A
2,5250,1,0.3511,J,F,A
2.5,5250,1,0.3573,J,F,A
3,5250,1,0.3639,J,F,A
3.5,5250,1,0.3701,J,F,A
4,5250,1,0.3758,J,F,A
4.5,5250,1,0.3814,J,F,A
5,5250,1,0.3857,J,F,A
0,5500,1,0.3363,J,F,A
0.5,5500,1,0.3314,J,F,A
1,5500,1,0.3256,J,F,A
1.5,5500,1,0.3201,J,F,A
2,5500,1,0.3271,J,F,A
2.5,5500,1,0.3344,J,F,A
3,5500,1,0.3412,J,F,A
3.5,5500,1,0.3475,J,F,A
4,5500,1,0.3533,J,F,A
4.5,5500,1,0.3591,J,F,A
5,5500,1,0.3638,J,F,A
0,5750,1,0.3231,J,F,A
0.5,5750,1,0.3181,J,F,A
1,5750,1,0.3136,J,F,A
1.5,5750,1,0.3044,J,F,A
2,5750,1,0.303,J,F,A
2.5,5750,1,0.3113,J,F,A
3,5750,1,0.3188,J,F,A
3.5,5750,1,0.326,J,F,A
4,5750,1,0.3326,J,F,A
4.5,5750,1,0.3385,J,F,A
5,5750,1,0.3427,J,F,A
0.5,6000,1,0.306,J,F,A
1,6000,1,0.3025,J,F,A
1.5,6000,1,0.2964,J,F,A
2,6000,1,0.285,J,F,A
2.5,6000,1,0.2886,J,F,A
3,6000,1,0.2969,J,F,A
3.5,6000,1,0.3052,J,F,A
4,6000,1,0.3122,J,F,A
4.5,6000,1,0.3184,J,F,A
5,6000,1,0.3234,J,F,A
0.5,6250,1,0.295,J,F,A
1,6250,1,0.2926,J,F,A
1.5,6250,1,0.2882,J,F,A
2,6250,1,0.2783,J,F,A
2.5,6250,1,0.2669,J,F,A
3,6250,1,0.2751,J,F,A
3.5,6250,1,0.2837,J,F,A
4,6250,1,0.2915,J,F,A
4.5,6250,1,0.2991,J,F,A
5,6250,1,0.304,J,F,A
0.5,6500,1,0.2872,J,F,A
1,6500,1,0.2824,J,F,A
1.5,6500,1,0.2808,J,F,A
2,6500,1,0.2748,J,F,A
2.5,6500,1,0.2627,J,F,A
3,6500,1,0.2537,J,F,A
3.5,6500,1,0.2637,J,F,A
4,6500,1,0.2725,J,F,A
4.5,6500,1,0.28,J,F,A
5,6500,1,0.2862,J,F,A
0.5,6750,1,0.2832,J,F,A
1,6750,1,0.2743,J,F,A
1.5,6750,1,0.2727,J,F,A
2,6750,1,0.2702,J,F,A
2.5,6750,1,0.2616,J,F,A
3,6750,1,0.2459,J,F,A
3.5,6750,1,0.2467,J,F,A
4,6750,1,0.2545,J,F,A
4.5,6750,1,0.2619,J,F,A
5,6750,1,0.2682,J,F,A
0.5,7000,1,0.2833,J,F,A
1,7000,1,0.2685,J,F,A
1.5,7000,1,0.2639,J,F,A
2,7000,1,0.2637,J,F,A
2.5,7000,1,0.2596,J,F,A
3,7000,1,0.2469,J,F,A
3.5,7000,1,0.2347,J,F,A
4,7000,1,0.2385,J,F,A
4.5,7000,1,0.245,J,F,A
5,7000,1,0.252,J,F,A
0.5,7250,1,0.2885,J,F,A
1,7250,1,0.2662,J,F,A
1.5,7250,1,0.2577,J,F,A
2,7250,1,0.2553,J,F,A
2.5,7250,1,0.2556,J,F,A
3,7250,1,0.2489,J,F,A
3.5,7250,1,0.2337,J,F,A
4,7250,1,0.2266,J,F,A
4.5,7250,1,0.2302,J,F,A
5,7250,1,0.2367,J,F,A
1,7500,1,0.2665,J,F,A
1.5,7500,1,0.2536,J,F,A
2,7500,1,0.2484,J,F,A
2.5,7500,1,0.247,J,F,A
3,7500,1,0.2474,J,F,A
3.5,7500,1,0.2378,J,F,A
4,7500,1,0.2223,J,F,A
4.5,7500,1,0.2189,J,F,A
5,7500,1,0.223,J,F,A
1,7750,1,0.2701,J,F,A
1.5,7750,1,0.2517,J,F,A
2,7750,1,0.2436,J,F,A
2.5,7750,1,0.2402,J,F,A
3,7750,1,0.2394,J,F,A
3.5,7750,1,0.2393,J,F,A
4,7750,1,0.2269,J,F,A
4.5,7750,1,0.2139,J,F,A
5,7750,1,0.2137,J,F,A
1,8000,1,0.2764,J,F,A
1.5,8000,1,0.2513,J,F,A
2,8000,1,0.2398,J,F,A
2.5,8000,1,0.2348,J,F,A
3,8000,1,0.2325,J,F,A
3.5,8000,1,0.2322,J,F,A
4,8000,1,0.2308,J,F,A
4.5,8000,1,0.2163,J,F,A
5,8000,1,0.2081,J,F,A
1,8250,1,0.2859,J,F,A
1.5,8250,1,0.2528,J,F,A
2,8250,1,0.2376,J,F,A
2.5,8250,1,0.2298,J,F,A
3,8250,1,0.2264,J,F,A
3.5,8250,1,0.2248,J,F,A
4,8250,1,0.2253,J,F,A
4.5,8250,1,0.2217,J,F,A
5,8250,1,0.2082,J,F,A
1.5,8500,1,0.2564,J,F,A
2,8500,1,0.237,J,F,A
2.5,8500,1,0.2264,J,F,A
3,8500,1,0.221,J,F,A
3.5,8500,1,0.2182,J,F,A
4,8500,1,0.2173,J,F,A
4.5,8500,1,0.218,J,F,A
5,8500,1,0.2125,J,F,A
1.5,8750,1,0.26,J,F,A
2,8750,1,0.2375,J,F,A
2.5,8750,1,0.2246,J,F,A
3,8750,1,0.217,J,F,A
3.5,8750,1,0.213,J,F,A
4,8750,1,0.211,J,F,A
4.5,8750,1,0.2106,J,F,A
5,8750,1,0.2115,J,F,A
2,9000,1,0.2387,J,F,A
2.5,9000,1,0.224,J,F,A
3,9000,1,0.2144,J,F,A
3.5,9000,1,0.2087,J,F,A
4,9000,1,0.2056,J,F,A
4.5,9000,1,0.2042,J,F,A
5,9000,1,0.2042,J,F,A
2,9250,1,0.2392,J,F,A
2.5,9250,1,0.2237,J,F,A
3,9250,1,0.2132,J,F,A
3.5,9250,1,0.2057,J,F,A
4,9250,1,0.201,J,F,A
4.5,9250,1,0.1987,J,F,A
5,9250,1,0.1977,J,F,A
2,9500,1,0.2387,J,F,A
2.5,9500,1,0.2232,J,F,A
3,9500,1,0.212,J,F,A
3.5,9500,1,0.204,J,F,A
4,9500,1,0.1981,J,F,A
4.5,9500,1,0.1942,J,F,A
5,9500,1,0.1923,J,F,A
2,9750,1,0.2369,J,F,A
2.5,9750,1,0.222,J,F,A
3,9750,1,0.2113,J,F,A
3.5,9750,1,0.2028,J,F,A
4,9750,1,0.1962,J,F,A
4.5,9750,1,0.1913,J,F,A
5,9750,1,0.188,J,F,A
2,10000,1,0.2342,J,F,A
2.5,10000,1,0.2198,J,F,A
3,10000,1,0.2098,J,F,A
3.5,10000,1,0.2017,J,F,A
4,10000,1,0.1948,J,F,A
4.5,10000,1,0.1892,J,F,A
5,10000,1,0.1848,J,F,A
2.5,10500,1,0.2136,J,F,A
3,10500,1,0.2053,J,F,A
3.5,10500,1,0.199,J,F,A
4,10500,1,0.1929,J,F,A
4.5,10500,1,0.1868,J,F,A
5,10500,1,0.1815,J,F,A
2.5,11000,1,0.2062,J,F,A
3,11000,1,0.1985,J,F,A
3.5,11000,1,0.1939,J,F,A
4,11000,1,0.1895,J,F,A
4.5,11000,1,0.1848,J,F,A
5,11000,1,0.1795,J,F,A
3,11500,1,0.1912,J,F,A
3.5,11500,1,0.1872,J,F,A
4,11500,1,0.1844,J,F,A
4.5,11500,1,0.1813,J,F,A
5,11500,1,0.1773,J,F,A
3,12000,1,0.1855,J,F,A
3.5,12000,1,0.1808,J,F,A
4,12000,1,0.1785,J,F,A
4.5,12000,1,0.1768,J,F,A
5,12000,1,0.1744,J,F,A
3,12500,1,0.1808,J,F,A
3.5,12500,1,0.175,J,F,A
4,12500,1,0.1726,J,F,A
4.5,12500,1,0.1714,J,F,A
5,12500,1,0.1701,J,F,A
3,13000,1,0.1773,J,F,A
3.5,13000,1,0.1701,J,F,A
4,13000,1,0.1671,J,F,A
4.5,13000,1,0.1659,J,F,A
5,13000,1,0.1653,J,F,A
3,14000,1,0.1723,J,F,A
3.5,14000,1,0.1631,J,F,A
4,14000,1,0.1584,J,F,A
4.5,14000,1,0.1561,J,F,A
5,14000,1,0.1554,J,F,A
3,15000,1,0.1689,J,F,A
3.5,15000,1,0.1575,J,F,A
4,15000,1,0.1516,J,F,A
4.5,15000,1,0.1485,J,F,A
5,15000,1,0.1468,J,F,A
3,16000,1,0.1672,J,F,A
3.5,16000,1,0.1532,J,F,A
4,16000,1,0.146,J,F,A
4.5,16000,1,0.1422,J,F,A
5,16000,1,0.1398,J,F,A
3,17000,1,0.1683,J,F,A
3.5,17000,1,0.151,J,F,A
4,17000,1,0.1417,J,F,A
4.5,17000,1,0.1371,J,F,A
5,17000,1,0.1344,J,F,A
3,18000,1,0.172,J,F,A
3.5,18000,1,0.1508,J,F,A
4,18000,1,0.1394,J,F,A
4.5,18000,1,0.1335,J,F,A
5,18000,1,0.1303,J,F,A
3,19000,1,0.1768,J,F,A
3.5,19000,1,0.1526,J,F,A
4,19000,1,0.1389,J,F,A
4.5,19000,1,0.1314,J,F,A
5,19000,1,0.1273,J,F,A
3,20000,1,0.1798,J,F,A
3.5,20000,1,0.1553,J,F,A
4,20000,1,0.1399,J,F,A
4.5,20000,1,0.131,J,F,A
5,20000,1,0.1256,J,F,A
3,21000,1,0.1804,J,F,A
3.5,21000,1,0.1568,J,F,A
4,21000,1,0.142,J,F,A
4.5,21000,1,0.1316,J,F,A
5,21000,1,0.1252,J,F,A
3.5,22000,1,0.1564,J,F,A
4,22000,1,0.1433,J,F,A
4.5,22000,1,0.1332,J,F,A
5,22000,1,0.126,J,F,A
3.5,23000,1,0.1545,J,F,A
4,23000,1,0.1425,J,F,A
4.5,23000,1,0.1341,J,F,A
5,23000,1,0.1273,J,F,A
3.5,24000,1,0.1536,J,F,A
4,24000,1,0.1407,J,F,A
4.5,24000,1,0.1338,J,F,A
5,24000,1,0.1282,J,F,A
3.5,25000,1,0.1548,J,F,A
4,25000,1,0.1386,J,F,A
4.5,25000,1,0.1321,J,F,A
5,25000,1,0.1279,J,F,A
3.5,26000,1,0.158,J,F,A
4,26000,1,0.1381,J,F,A
4.5,26000,1,0.1302,J,F,A
5,26000,1,0.1264,J,F,A
3.5,27000,1,0.1618,J,F,A
4,27000,1,0.1387,J,F,A
4.5,27000,1,0.1288,J,F,A
5,27000,1,0.1246,J,F,A
4,28000,1,0.1398,J,F,A
4.5,28000,1,0.1283,J,F,A
5,28000,1,0.1229,J,F,A
4,29000,1,0.1408,J,F,A
4.5,29000,1,0.1281,J,F,A
5,29000,1,0.1217,J,F,A
4,30000,1,0.1415,J,F,A
4.5,30000,1,0.1278,J,F,A
5,30000,1,0.1207,J,F,A
4,31000,1,0.1419,J,F,A
4.5,31000,1,0.1274,J,F,A
5,31000,1,0.1195,J,F,A
4.5,32000,1,0.1268,J,F,A
5,32000,1,0.1184,J,F,A
4.5,33000,1,0.1255,J,F,A
5,33000,1,0.1171,J,F,A
4.5,34000,1,0.1237,J,F,A
5,34000,1,0.1155,J,F,A
4.5,35000,1,0.1207,J,F,A
5,35000,1,0.1136,J,F,A
5,37500,1,0.1061,J,F,A
5,40000,1,0.0997,J,F,A
