logg,Teff,Z,u,Filt,Met,Mod
0,3500,-5,0.2279,K,F,A
0.5,3500,-5,0.2184,K,F,A
1,3500,-5,0.1959,K,F,A
1.5,3500,-5,0.2098,K,F,A
2,3500,-5,0.1765,K,F,A
2.5,3500,-5,0.0716,K,F,A
3,3500,-5,0.04,K,F,A
0,3750,-5,0.2267,K,F,A
0.5,3750,-5,0.2096,K,F,A
1,3750,-5,0.1924,K,F,A
1.5,3750,-5,0.1693,K,F,A
2,3750,-5,0.155,K,F,A
2.5,3750,-5,0.2003,K,F,A
3,3750,-5,0.1317,K,F,A
0,4000,-5,0.2297,K,F,A
0.5,4000,-5,0.2192,K,F,A
1,4000,-5,0.2037,K,F,A
1.5,4000,-5,0.1851,K,F,A
2,4000,-5,0.1662,K,F,A
2.5,4000,-5,0.1369,K,F,A
3,4000,-5,0.1403,K,F,A
3.5,4000,-5,0.1998,K,F,A
0,4250,-5,0.2297,K,F,A
0.5,4250,-5,0.2241,K,F,A
1,4250,-5,0.215,K,F,A
1.5,4250,-5,0.2012,K,F,A
2,4250,-5,0.185,K,F,A
2.5,4250,-5,0.1638,K,F,A
3,4250,-5,0.1411,K,F,A
3.5,4250,-5,0.1128,K,F,A
4,4250,-5,0.0943,K,F,A
0,4500,-5,0.2245,K,F,A
0.5,4500,-5,0.2227,K,F,A
1,4500,-5,0.2175,K,F,A
1.5,4500,-5,0.2094,K,F,A
2,4500,-5,0.1976,K,F,A
2.5,4500,-5,0.1832,K,F,A
3,4500,-5,0.1661,K,F,A
3.5,4500,-5,0.1453,K,F,A
4,4500,-5,0.1199,K,F,A
0,4750,-5,0.2178,K,F,A
0.5,4750,-5,0.2178,K,F,A
1,4750,-5,0.2161,K,F,A
1.5,4750,-5,0.211,K,F,A
2,4750,-5,0.2035,K,F,A
2.5,4750,-5,0.1933,K,F,A
3,4750,-5,0.1807,K,F,A
3.5,4750,-5,0.167,K,F,A
4,4750,-5,0.1487,K,F,A
4.5,4750,-5,0.1276,K,F,A
0,5000,-5,0.2101,K,F,A
0.5,5000,-5,0.2105,K,F,A
1,5000,-5,0.2095,K,F,A
1.5,5000,-5,0.207,K,F,A
2,5000,-5,0.2027,K,F,A
2.5,5000,-5,0.1958,K,F,A
3,5000,-5,0.1873,K,F,A
3.5,5000,-5,0.1774,K,F,A
4,5000,-5,0.1657,K,F,A
4.5,5000,-5,0.1509,K,F,A
5,5000,-5,0.1356,K,F,A
0,5250,-5,0.2011,K,F,A
0.5,5250,-5,0.2015,K,F,A
1,5250,-5,0.2019,K,F,A
1.5,5250,-5,0.2006,K,F,A
2,5250,-5,0.1975,K,F,A
2.5,5250,-5,0.1943,K,F,A
3,5250,-5,0.1885,K,F,A
3.5,5250,-5,0.1817,K,F,A
4,5250,-5,0.1748,K,F,A
4.5,5250,-5,0.1638,K,F,A
5,5250,-5,0.1494,K,F,A
0,5500,-5,0.1913,K,F,A
0.5,5500,-5,0.1911,K,F,A
1,5500,-5,0.192,K,F,A
1.5,5500,-5,0.1923,K,F,A
2,5500,-5,0.1913,K,F,A
2.5,5500,-5,0.1887,K,F,A
3,5500,-5,0.186,K,F,A
3.5,5500,-5,0.1806,K,F,A
4,5500,-5,0.1756,K,F,A
4.5,5500,-5,0.1691,K,F,A
5,5500,-5,0.1595,K,F,A
0,5750,-5,0.2143,K,F,A
0.5,5750,-5,0.1797,K,F,A
1,5750,-5,0.1804,K,F,A
1.5,5750,-5,0.1822,K,F,A
2,5750,-5,0.1818,K,F,A
2.5,5750,-5,0.1812,K,F,A
3,5750,-5,0.1797,K,F,A
3.5,5750,-5,0.1783,K,F,A
4,5750,-5,0.1752,K,F,A
4.5,5750,-5,0.1712,K,F,A
5,5750,-5,0.1647,K,F,A
0,6000,-5,0.2132,K,F,A
0.5,6000,-5,0.2057,K,F,A
1,6000,-5,0.1767,K,F,A
1.5,6000,-5,0.1704,K,F,A
2,6000,-5,0.1722,K,F,A
2.5,6000,-5,0.1737,K,F,A
3,6000,-5,0.1741,K,F,A
3.5,6000,-5,0.1733,K,F,A
4,6000,-5,0.1741,K,F,A
4.5,6000,-5,0.172,K,F,A
5,6000,-5,0.1672,K,F,A
0.5,6250,-5,0.202,K,F,A
1,6250,-5,0.1987,K,F,A
1.5,6250,-5,0.1671,K,F,A
2,6250,-5,0.163,K,F,A
2.5,6250,-5,0.1657,K,F,A
3,6250,-5,0.1676,K,F,A
3.5,6250,-5,0.1688,K,F,A
4,6250,-5,0.1696,K,F,A
4.5,6250,-5,0.1697,K,F,A
5,6250,-5,0.1683,K,F,A
0.5,6500,-5,0.1997,K,F,A
1,6500,-5,0.193,K,F,A
1.5,6500,-5,0.1922,K,F,A
2,6500,-5,0.1587,K,F,A
2.5,6500,-5,0.1567,K,F,A
3,6500,-5,0.1606,K,F,A
3.5,6500,-5,0.1633,K,F,A
4,6500,-5,0.1657,K,F,A
4.5,6500,-5,0.1668,K,F,A
5,6500,-5,0.1671,K,F,A
0.5,6750,-5,0.1993,K,F,A
1,6750,-5,0.1883,K,F,A
1.5,6750,-5,0.1853,K,F,A
2,6750,-5,0.1863,K,F,A
2.5,6750,-5,0.1524,K,F,A
3,6750,-5,0.1533,K,F,A
3.5,6750,-5,0.1574,K,F,A
4,6750,-5,0.161,K,F,A
4.5,6750,-5,0.1635,K,F,A
5,6750,-5,0.1644,K,F,A
0.5,7000,-5,0.2007,K,F,A
1,7000,-5,0.1856,K,F,A
1.5,7000,-5,0.1794,K,F,A
2,7000,-5,0.179,K,F,A
2.5,7000,-5,0.1814,K,F,A
3,7000,-5,0.1496,K,F,A
3.5,7000,-5,0.1521,K,F,A
4,7000,-5,0.156,K,F,A
4.5,7000,-5,0.1594,K,F,A
5,7000,-5,0.1618,K,F,A
1,7250,-5,0.1844,K,F,A
1.5,7250,-5,0.1749,K,F,A
2,7250,-5,0.1719,K,F,A
2.5,7250,-5,0.1733,K,F,A
3,7250,-5,0.1766,K,F,A
3.5,7250,-5,0.1478,K,F,A
4,7250,-5,0.1509,K,F,A
4.5,7250,-5,0.1552,K,F,A
5,7250,-5,0.158,K,F,A
1,7500,-5,0.1837,K,F,A
1.5,7500,-5,0.1719,K,F,A
2,7500,-5,0.1663,K,F,A
2.5,7500,-5,0.1658,K,F,A
3,7500,-5,0.1684,K,F,A
3.5,7500,-5,0.1729,K,F,A
4,7500,-5,0.15,K,F,A
4.5,7500,-5,0.151,K,F,A
5,7500,-5,0.1538,K,F,A
1.5,7750,-5,0.1692,K,F,A
2,7750,-5,0.162,K,F,A
2.5,7750,-5,0.1593,K,F,A
3,7750,-5,0.1604,K,F,A
3.5,7750,-5,0.1645,K,F,A
4,7750,-5,0.1693,K,F,A
4.5,7750,-5,0.1478,K,F,A
5,7750,-5,0.15,K,F,A
1.5,8000,-5,0.1666,K,F,A
2,8000,-5,0.1581,K,F,A
2.5,8000,-5,0.1542,K,F,A
3,8000,-5,0.1534,K,F,A
3.5,8000,-5,0.1561,K,F,A
4,8000,-5,0.1612,K,F,A
4.5,8000,-5,0.1663,K,F,A
5,8000,-5,0.1466,K,F,A
2,8250,-5,0.1544,K,F,A
2.5,8250,-5,0.1497,K,F,A
3,8250,-5,0.148,K,F,A
3.5,8250,-5,0.1485,K,F,A
4,8250,-5,0.1527,K,F,A
4.5,8250,-5,0.1575,K,F,A
5,8250,-5,0.1458,K,F,A
1.5,8500,-5,0.1628,K,F,A
2,8500,-5,0.151,K,F,A
2.5,8500,-5,0.1454,K,F,A
3,8500,-5,0.1432,K,F,A
3.5,8500,-5,0.1431,K,F,A
4,8500,-5,0.1447,K,F,A
4.5,8500,-5,0.1499,K,F,A
5,8500,-5,0.1554,K,F,A
2,8750,-5,0.1481,K,F,A
2.5,8750,-5,0.1415,K,F,A
3,8750,-5,0.1388,K,F,A
3.5,8750,-5,0.1384,K,F,A
4,8750,-5,0.1392,K,F,A
4.5,8750,-5,0.142,K,F,A
5,8750,-5,0.1475,K,F,A
1.5,9000,-5,0.163,K,F,A
2,9000,-5,0.1461,K,F,A
2.5,9000,-5,0.1384,K,F,A
3,9000,-5,0.135,K,F,A
3.5,9000,-5,0.134,K,F,A
4,9000,-5,0.1345,K,F,A
4.5,9000,-5,0.1355,K,F,A
5,9000,-5,0.1371,K,F,A
2,9250,-5,0.1446,K,F,A
2.5,9250,-5,0.1358,K,F,A
3,9250,-5,0.1318,K,F,A
3.5,9250,-5,0.1304,K,F,A
4,9250,-5,0.1305,K,F,A
4.5,9250,-5,0.1314,K,F,A
5,9250,-5,0.1324,K,F,A
2,9500,-5,0.1435,K,F,A
2.5,9500,-5,0.1337,K,F,A
3,9500,-5,0.1291,K,F,A
3.5,9500,-5,0.1273,K,F,A
4,9500,-5,0.127,K,F,A
4.5,9500,-5,0.1276,K,F,A
5,9500,-5,0.1284,K,F,A
2,9750,-5,0.1426,K,F,A
2.5,9750,-5,0.1319,K,F,A
3,9750,-5,0.1269,K,F,A
3.5,9750,-5,0.1248,K,F,A
4,9750,-5,0.1242,K,F,A
4.5,9750,-5,0.1244,K,F,A
5,9750,-5,0.125,K,F,A
2,10000,-5,0.142,K,F,A
2.5,10000,-5,0.1305,K,F,A
3,10000,-5,0.1249,K,F,A
3.5,10000,-5,0.1225,K,F,A
4,10000,-5,0.1218,K,F,A
4.5,10000,-5,0.1217,K,F,A
5,10000,-5,0.122,K,F,A
2,10500,-5,0.1405,K,F,A
2.5,10500,-5,0.1278,K,F,A
3,10500,-5,0.1216,K,F,A
3.5,10500,-5,0.1187,K,F,A
4,10500,-5,0.1177,K,F,A
4.5,10500,-5,0.1175,K,F,A
5,10500,-5,0.1174,K,F,A
2.5,11000,-5,0.1255,K,F,A
3,11000,-5,0.1188,K,F,A
3.5,11000,-5,0.1155,K,F,A
4,11000,-5,0.1142,K,F,A
4.5,11000,-5,0.1139,K,F,A
5,11000,-5,0.1138,K,F,A
2.5,11500,-5,0.1236,K,F,A
3,11500,-5,0.1162,K,F,A
3.5,11500,-5,0.1127,K,F,A
4,11500,-5,0.1112,K,F,A
4.5,11500,-5,0.1108,K,F,A
5,11500,-5,0.1107,K,F,A
2.5,12000,-5,0.1218,K,F,A
3,12000,-5,0.1139,K,F,A
3.5,12000,-5,0.11,K,F,A
4,12000,-5,0.1085,K,F,A
4.5,12000,-5,0.1079,K,F,A
5,12000,-5,0.1078,K,F,A
2.5,12500,-5,0.1204,K,F,A
3,12500,-5,0.1119,K,F,A
3.5,12500,-5,0.1078,K,F,A
4,12500,-5,0.1058,K,F,A
4.5,12500,-5,0.1052,K,F,A
5,12500,-5,0.1052,K,F,A
2.5,13000,-5,0.1192,K,F,A
3,13000,-5,0.1099,K,F,A
3.5,13000,-5,0.1056,K,F,A
4,13000,-5,0.1036,K,F,A
4.5,13000,-5,0.1028,K,F,A
5,13000,-5,0.1026,K,F,A
2,14000,-5,0.1411,K,F,A
2.5,14000,-5,0.1175,K,F,A
3,14000,-5,0.1069,K,F,A
3.5,14000,-5,0.1018,K,F,A
4,14000,-5,0.0994,K,F,A
4.5,14000,-5,0.0985,K,F,A
5,14000,-5,0.0982,K,F,A
2.5,15000,-5,0.1168,K,F,A
3,15000,-5,0.1045,K,F,A
3.5,15000,-5,0.0987,K,F,A
4,15000,-5,0.0959,K,F,A
4.5,15000,-5,0.0948,K,F,A
5,15000,-5,0.0945,K,F,A
2.5,16000,-5,0.1169,K,F,A
3,16000,-5,0.1029,K,F,A
3.5,16000,-5,0.0961,K,F,A
4,16000,-5,0.093,K,F,A
4.5,16000,-5,0.0916,K,F,A
5,16000,-5,0.0913,K,F,A
2.5,17000,-5,0.1179,K,F,A
3,17000,-5,0.1018,K,F,A
3.5,17000,-5,0.0943,K,F,A
4,17000,-5,0.0907,K,F,A
4.5,17000,-5,0.089,K,F,A
5,17000,-5,0.0885,K,F,A
2.5,18000,-5,0.1196,K,F,A
3,18000,-5,0.1012,K,F,A
3.5,18000,-5,0.0928,K,F,A
4,18000,-5,0.0889,K,F,A
4.5,18000,-5,0.0869,K,F,A
5,18000,-5,0.0863,K,F,A
2.5,19000,-5,0.1224,K,F,A
3,19000,-5,0.1007,K,F,A
3.5,19000,-5,0.0916,K,F,A
4,19000,-5,0.0872,K,F,A
4.5,19000,-5,0.0851,K,F,A
5,19000,-5,0.0845,K,F,A
3,20000,-5,0.1009,K,F,A
3.5,20000,-5,0.0905,K,F,A
4,20000,-5,0.0859,K,F,A
4.5,20000,-5,0.0838,K,F,A
5,20000,-5,0.0829,K,F,A
3,21000,-5,0.102,K,F,A
3.5,21000,-5,0.0899,K,F,A
4,21000,-5,0.0848,K,F,A
4.5,21000,-5,0.0825,K,F,A
5,21000,-5,0.0818,K,F,A
3,22000,-5,0.1042,K,F,A
3.5,22000,-5,0.0902,K,F,A
4,22000,-5,0.0842,K,F,A
4.5,22000,-5,0.0816,K,F,A
5,22000,-5,0.0808,K,F,A
3,23000,-5,0.1074,K,F,A
3.5,23000,-5,0.0914,K,F,A
4,23000,-5,0.0844,K,F,A
4.5,23000,-5,0.0813,K,F,A
5,23000,-5,0.0803,K,F,A
3,24000,-5,0.1117,K,F,A
3.5,24000,-5,0.0934,K,F,A
4,24000,-5,0.0853,K,F,A
4.5,24000,-5,0.0817,K,F,A
5,24000,-5,0.0804,K,F,A
3,25000,-5,0.1171,K,F,A
3.5,25000,-5,0.0959,K,F,A
4,25000,-5,0.0868,K,F,A
4.5,25000,-5,0.0828,K,F,A
5,25000,-5,0.081,K,F,A
3,26000,-5,0.1217,K,F,A
3.5,26000,-5,0.0984,K,F,A
4,26000,-5,0.0887,K,F,A
4.5,26000,-5,0.0841,K,F,A
5,26000,-5,0.0821,K,F,A
3.5,27000,-5,0.1009,K,F,A
4,27000,-5,0.0904,K,F,A
4.5,27000,-5,0.0856,K,F,A
5,27000,-5,0.0831,K,F,A
3.5,28000,-5,0.101,K,F,A
4,28000,-5,0.0914,K,F,A
4.5,28000,-5,0.0866,K,F,A
5,28000,-5,0.084,K,F,A
3.5,29000,-5,0.0985,K,F,A
4,29000,-5,0.0912,K,F,A
4.5,29000,-5,0.0864,K,F,A
5,29000,-5,0.084,K,F,A
3.5,30000,-5,0.0935,K,F,A
4,30000,-5,0.0886,K,F,A
4.5,30000,-5,0.0851,K,F,A
5,30000,-5,0.0829,K,F,A
3.5,31000,-5,0.0892,K,F,A
4,31000,-5,0.0842,K,F,A
4.5,31000,-5,0.082,K,F,A
5,31000,-5,0.0804,K,F,A
4,32000,-5,0.0793,K,F,A
4.5,32000,-5,0.0776,K,F,A
5,32000,-5,0.0765,K,F,A
4,33000,-5,0.0748,K,F,A
4.5,33000,-5,0.0726,K,F,A
5,33000,-5,0.072,K,F,A
4,34000,-5,0.0709,K,F,A
4.5,34000,-5,0.0679,K,F,A
5,34000,-5,0.067,K,F,A
4,35000,-5,0.0678,K,F,A
4.5,35000,-5,0.0637,K,F,A
5,35000,-5,0.0626,K,F,A
4.5,37500,-5,0.0543,K,F,A
5,37500,-5,0.0531,K,F,A
4.5,40000,-5,0.0481,K,F,A
5,40000,-5,0.0445,K,F,A
5,42500,-5,0.0413,K,F,A
5,45000,-5,0.0406,K,F,A
5,47500,-5,0.0402,K,F,A
5,50000,-5,0.0399,K,F,A
0,3500,-4.5,0.2302,K,F,A
0.5,3500,-4.5,0.2192,K,F,A
1,3500,-4.5,0.1952,K,F,A
1.5,3500,-4.5,0.2132,K,F,A
2,3500,-4.5,0.1901,K,F,A
2.5,3500,-4.5,0.1157,K,F,A
3,3500,-4.5,0.053,K,F,A
0,3750,-4.5,0.2273,K,F,A
0.5,3750,-4.5,0.211,K,F,A
1,3750,-4.5,0.1942,K,F,A
1.5,3750,-4.5,0.1713,K,F,A
2,3750,-4.5,0.1507,K,F,A
2.5,3750,-4.5,0.1794,K,F,A
3,3750,-4.5,0.1753,K,F,A
3.5,3750,-4.5,0.0566,K,F,A
0,4000,-4.5,0.2301,K,F,A
0.5,4000,-4.5,0.2195,K,F,A
1,4000,-4.5,0.2043,K,F,A
1.5,4000,-4.5,0.1863,K,F,A
2,4000,-4.5,0.1673,K,F,A
2.5,4000,-4.5,0.1375,K,F,A
3,4000,-4.5,0.1321,K,F,A
3.5,4000,-4.5,0.1704,K,F,A
4,4000,-4.5,0.1582,K,F,A
0,4250,-4.5,0.2302,K,F,A
0.5,4250,-4.5,0.2245,K,F,A
1,4250,-4.5,0.2152,K,F,A
1.5,4250,-4.5,0.2018,K,F,A
2,4250,-4.5,0.1848,K,F,A
2.5,4250,-4.5,0.1677,K,F,A
3,4250,-4.5,0.1426,K,F,A
3.5,4250,-4.5,0.1144,K,F,A
4,4250,-4.5,0.0969,K,F,A
4.5,4250,-4.5,0.0887,K,F,A
0,4500,-4.5,0.2246,K,F,A
0.5,4500,-4.5,0.2231,K,F,A
1,4500,-4.5,0.2176,K,F,A
1.5,4500,-4.5,0.2094,K,F,A
2,4500,-4.5,0.1975,K,F,A
2.5,4500,-4.5,0.183,K,F,A
3,4500,-4.5,0.1663,K,F,A
3.5,4500,-4.5,0.1495,K,F,A
4,4500,-4.5,0.1255,K,F,A
4.5,4500,-4.5,0.1062,K,F,A
5,4500,-4.5,0.0936,K,F,A
0,4750,-4.5,0.2176,K,F,A
0.5,4750,-4.5,0.2172,K,F,A
1,4750,-4.5,0.2152,K,F,A
1.5,4750,-4.5,0.2112,K,F,A
2,4750,-4.5,0.2035,K,F,A
2.5,4750,-4.5,0.1931,K,F,A
3,4750,-4.5,0.1809,K,F,A
3.5,4750,-4.5,0.1668,K,F,A
4,4750,-4.5,0.1488,K,F,A
4.5,4750,-4.5,0.132,K,F,A
5,4750,-4.5,0.1149,K,F,A
0,5000,-4.5,0.2101,K,F,A
0.5,5000,-4.5,0.2106,K,F,A
1,5000,-4.5,0.2096,K,F,A
1.5,5000,-4.5,0.2068,K,F,A
2,5000,-4.5,0.2028,K,F,A
2.5,5000,-4.5,0.1958,K,F,A
3,5000,-4.5,0.1873,K,F,A
3.5,5000,-4.5,0.1774,K,F,A
4,5000,-4.5,0.1653,K,F,A
4.5,5000,-4.5,0.1505,K,F,A
5,5000,-4.5,0.1319,K,F,A
0,5250,-4.5,0.2011,K,F,A
0.5,5250,-4.5,0.2013,K,F,A
1,5250,-4.5,0.2019,K,F,A
1.5,5250,-4.5,0.2006,K,F,A
2,5250,-4.5,0.1974,K,F,A
2.5,5250,-4.5,0.1942,K,F,A
3,5250,-4.5,0.1884,K,F,A
3.5,5250,-4.5,0.1818,K,F,A
4,5250,-4.5,0.1739,K,F,A
4.5,5250,-4.5,0.1629,K,F,A
5,5250,-4.5,0.149,K,F,A
0,5500,-4.5,0.1912,K,F,A
0.5,5500,-4.5,0.1911,K,F,A
1,5500,-4.5,0.192,K,F,A
1.5,5500,-4.5,0.1924,K,F,A
2,5500,-4.5,0.1912,K,F,A
2.5,5500,-4.5,0.1887,K,F,A
3,5500,-4.5,0.1844,K,F,A
3.5,5500,-4.5,0.1804,K,F,A
4,5500,-4.5,0.1757,K,F,A
4.5,5500,-4.5,0.1687,K,F,A
5,5500,-4.5,0.1592,K,F,A
0,5750,-4.5,0.2142,K,F,A
0.5,5750,-4.5,0.1798,K,F,A
1,5750,-4.5,0.1803,K,F,A
1.5,5750,-4.5,0.1812,K,F,A
2,5750,-4.5,0.1818,K,F,A
2.5,5750,-4.5,0.181,K,F,A
3,5750,-4.5,0.1799,K,F,A
3.5,5750,-4.5,0.1784,K,F,A
4,5750,-4.5,0.176,K,F,A
4.5,5750,-4.5,0.1711,K,F,A
5,5750,-4.5,0.1646,K,F,A
0,6000,-4.5,0.2132,K,F,A
0.5,6000,-4.5,0.2055,K,F,A
1,6000,-4.5,0.1698,K,F,A
1.5,6000,-4.5,0.1703,K,F,A
2,6000,-4.5,0.1723,K,F,A
2.5,6000,-4.5,0.1735,K,F,A
3,6000,-4.5,0.174,K,F,A
3.5,6000,-4.5,0.173,K,F,A
4,6000,-4.5,0.1732,K,F,A
4.5,6000,-4.5,0.1718,K,F,A
5,6000,-4.5,0.1649,K,F,A
0.5,6250,-4.5,0.2018,K,F,A
1,6250,-4.5,0.1986,K,F,A
1.5,6250,-4.5,0.1661,K,F,A
2,6250,-4.5,0.1628,K,F,A
2.5,6250,-4.5,0.1656,K,F,A
3,6250,-4.5,0.1677,K,F,A
3.5,6250,-4.5,0.1688,K,F,A
4,6250,-4.5,0.1697,K,F,A
4.5,6250,-4.5,0.1697,K,F,A
5,6250,-4.5,0.1666,K,F,A
0.5,6500,-4.5,0.1996,K,F,A
1,6500,-4.5,0.1929,K,F,A
1.5,6500,-4.5,0.192,K,F,A
2,6500,-4.5,0.1581,K,F,A
2.5,6500,-4.5,0.1564,K,F,A
3,6500,-4.5,0.1603,K,F,A
3.5,6500,-4.5,0.1634,K,F,A
4,6500,-4.5,0.1658,K,F,A
4.5,6500,-4.5,0.1668,K,F,A
5,6500,-4.5,0.1672,K,F,A
0.5,6750,-4.5,0.1993,K,F,A
1,6750,-4.5,0.1883,K,F,A
1.5,6750,-4.5,0.1851,K,F,A
2,6750,-4.5,0.1864,K,F,A
2.5,6750,-4.5,0.1523,K,F,A
3,6750,-4.5,0.1533,K,F,A
3.5,6750,-4.5,0.1574,K,F,A
4,6750,-4.5,0.1607,K,F,A
4.5,6750,-4.5,0.1635,K,F,A
5,6750,-4.5,0.1644,K,F,A
0.5,7000,-4.5,0.2005,K,F,A
1,7000,-4.5,0.1857,K,F,A
1.5,7000,-4.5,0.1794,K,F,A
2,7000,-4.5,0.179,K,F,A
2.5,7000,-4.5,0.1813,K,F,A
3,7000,-4.5,0.1492,K,F,A
3.5,7000,-4.5,0.1521,K,F,A
4,7000,-4.5,0.156,K,F,A
4.5,7000,-4.5,0.1595,K,F,A
5,7000,-4.5,0.162,K,F,A
1,7250,-4.5,0.1843,K,F,A
1.5,7250,-4.5,0.175,K,F,A
2,7250,-4.5,0.1718,K,F,A
2.5,7250,-4.5,0.1733,K,F,A
3,7250,-4.5,0.1769,K,F,A
3.5,7250,-4.5,0.1472,K,F,A
4,7250,-4.5,0.1513,K,F,A
4.5,7250,-4.5,0.1552,K,F,A
5,7250,-4.5,0.158,K,F,A
1,7500,-4.5,0.1836,K,F,A
1.5,7500,-4.5,0.1718,K,F,A
2,7500,-4.5,0.1665,K,F,A
2.5,7500,-4.5,0.1657,K,F,A
3,7500,-4.5,0.1685,K,F,A
3.5,7500,-4.5,0.1728,K,F,A
4,7500,-4.5,0.1499,K,F,A
4.5,7500,-4.5,0.1508,K,F,A
5,7500,-4.5,0.1537,K,F,A
1.5,7750,-4.5,0.1691,K,F,A
2,7750,-4.5,0.1621,K,F,A
2.5,7750,-4.5,0.1591,K,F,A
3,7750,-4.5,0.1603,K,F,A
3.5,7750,-4.5,0.1643,K,F,A
4,7750,-4.5,0.1693,K,F,A
4.5,7750,-4.5,0.1477,K,F,A
5,7750,-4.5,0.1501,K,F,A
1.5,8000,-4.5,0.1666,K,F,A
2,8000,-4.5,0.1581,K,F,A
2.5,8000,-4.5,0.1542,K,F,A
3,8000,-4.5,0.1534,K,F,A
3.5,8000,-4.5,0.156,K,F,A
4,8000,-4.5,0.1612,K,F,A
4.5,8000,-4.5,0.1661,K,F,A
5,8000,-4.5,0.1466,K,F,A
2,8250,-4.5,0.1544,K,F,A
2.5,8250,-4.5,0.1496,K,F,A
3,8250,-4.5,0.1479,K,F,A
3.5,8250,-4.5,0.1486,K,F,A
4,8250,-4.5,0.1527,K,F,A
4.5,8250,-4.5,0.1575,K,F,A
5,8250,-4.5,0.1458,K,F,A
1.5,8500,-4.5,0.1631,K,F,A
2,8500,-4.5,0.1509,K,F,A
2.5,8500,-4.5,0.1454,K,F,A
3,8500,-4.5,0.1431,K,F,A
3.5,8500,-4.5,0.143,K,F,A
4,8500,-4.5,0.1447,K,F,A
4.5,8500,-4.5,0.1498,K,F,A
5,8500,-4.5,0.1553,K,F,A
2,8750,-4.5,0.1482,K,F,A
2.5,8750,-4.5,0.1416,K,F,A
3,8750,-4.5,0.1388,K,F,A
3.5,8750,-4.5,0.1383,K,F,A
4,8750,-4.5,0.1391,K,F,A
4.5,8750,-4.5,0.1419,K,F,A
5,8750,-4.5,0.1474,K,F,A
1.5,9000,-4.5,0.1631,K,F,A
2,9000,-4.5,0.1461,K,F,A
2.5,9000,-4.5,0.1384,K,F,A
3,9000,-4.5,0.1349,K,F,A
3.5,9000,-4.5,0.1341,K,F,A
4,9000,-4.5,0.1343,K,F,A
4.5,9000,-4.5,0.1354,K,F,A
5,9000,-4.5,0.1371,K,F,A
2,9250,-4.5,0.1447,K,F,A
2.5,9250,-4.5,0.1357,K,F,A
3,9250,-4.5,0.1318,K,F,A
3.5,9250,-4.5,0.1303,K,F,A
4,9250,-4.5,0.1303,K,F,A
4.5,9250,-4.5,0.1312,K,F,A
5,9250,-4.5,0.1323,K,F,A
2,9500,-4.5,0.1436,K,F,A
2.5,9500,-4.5,0.1337,K,F,A
3,9500,-4.5,0.1291,K,F,A
3.5,9500,-4.5,0.1273,K,F,A
4,9500,-4.5,0.127,K,F,A
4.5,9500,-4.5,0.1275,K,F,A
5,9500,-4.5,0.1283,K,F,A
2,9750,-4.5,0.1427,K,F,A
2.5,9750,-4.5,0.1319,K,F,A
3,9750,-4.5,0.1268,K,F,A
3.5,9750,-4.5,0.1248,K,F,A
4,9750,-4.5,0.1241,K,F,A
4.5,9750,-4.5,0.1244,K,F,A
5,9750,-4.5,0.1249,K,F,A
2,10000,-4.5,0.142,K,F,A
2.5,10000,-4.5,0.1305,K,F,A
3,10000,-4.5,0.1249,K,F,A
3.5,10000,-4.5,0.1225,K,F,A
4,10000,-4.5,0.1218,K,F,A
4.5,10000,-4.5,0.1217,K,F,A
5,10000,-4.5,0.122,K,F,A
2,10500,-4.5,0.1405,K,F,A
2.5,10500,-4.5,0.1278,K,F,A
3,10500,-4.5,0.1216,K,F,A
3.5,10500,-4.5,0.1188,K,F,A
4,10500,-4.5,0.1177,K,F,A
4.5,10500,-4.5,0.1173,K,F,A
5,10500,-4.5,0.1173,K,F,A
2.5,11000,-4.5,0.1256,K,F,A
3,11000,-4.5,0.1188,K,F,A
3.5,11000,-4.5,0.1155,K,F,A
4,11000,-4.5,0.1142,K,F,A
4.5,11000,-4.5,0.1139,K,F,A
5,11000,-4.5,0.1138,K,F,A
2.5,11500,-4.5,0.1235,K,F,A
3,11500,-4.5,0.1161,K,F,A
3.5,11500,-4.5,0.1127,K,F,A
4,11500,-4.5,0.1112,K,F,A
4.5,11500,-4.5,0.1107,K,F,A
5,11500,-4.5,0.1106,K,F,A
2.5,12000,-4.5,0.1218,K,F,A
3,12000,-4.5,0.1139,K,F,A
3.5,12000,-4.5,0.1101,K,F,A
4,12000,-4.5,0.1083,K,F,A
4.5,12000,-4.5,0.1078,K,F,A
5,12000,-4.5,0.1079,K,F,A
2.5,12500,-4.5,0.1203,K,F,A
3,12500,-4.5,0.1118,K,F,A
3.5,12500,-4.5,0.1078,K,F,A
4,12500,-4.5,0.1058,K,F,A
4.5,12500,-4.5,0.1052,K,F,A
5,12500,-4.5,0.1052,K,F,A
2.5,13000,-4.5,0.1191,K,F,A
3,13000,-4.5,0.1099,K,F,A
3.5,13000,-4.5,0.1056,K,F,A
4,13000,-4.5,0.1035,K,F,A
4.5,13000,-4.5,0.1028,K,F,A
5,13000,-4.5,0.1027,K,F,A
2,14000,-4.5,0.141,K,F,A
2.5,14000,-4.5,0.1174,K,F,A
3,14000,-4.5,0.1068,K,F,A
3.5,14000,-4.5,0.1018,K,F,A
4,14000,-4.5,0.0994,K,F,A
4.5,14000,-4.5,0.0984,K,F,A
5,14000,-4.5,0.0982,K,F,A
2.5,15000,-4.5,0.1167,K,F,A
3,15000,-4.5,0.1044,K,F,A
3.5,15000,-4.5,0.0987,K,F,A
4,15000,-4.5,0.0959,K,F,A
4.5,15000,-4.5,0.0948,K,F,A
5,15000,-4.5,0.0944,K,F,A
2.5,16000,-4.5,0.1169,K,F,A
3,16000,-4.5,0.1028,K,F,A
3.5,16000,-4.5,0.0961,K,F,A
4,16000,-4.5,0.093,K,F,A
4.5,16000,-4.5,0.0916,K,F,A
5,16000,-4.5,0.0912,K,F,A
2.5,17000,-4.5,0.1179,K,F,A
3,17000,-4.5,0.1018,K,F,A
3.5,17000,-4.5,0.0942,K,F,A
4,17000,-4.5,0.0906,K,F,A
4.5,17000,-4.5,0.089,K,F,A
5,17000,-4.5,0.0885,K,F,A
2.5,18000,-4.5,0.1195,K,F,A
3,18000,-4.5,0.1011,K,F,A
3.5,18000,-4.5,0.0928,K,F,A
4,18000,-4.5,0.0888,K,F,A
4.5,18000,-4.5,0.0869,K,F,A
5,18000,-4.5,0.0862,K,F,A
2.5,19000,-4.5,0.1223,K,F,A
3,19000,-4.5,0.1006,K,F,A
3.5,19000,-4.5,0.0915,K,F,A
4,19000,-4.5,0.0871,K,F,A
4.5,19000,-4.5,0.0851,K,F,A
5,19000,-4.5,0.0844,K,F,A
3,20000,-4.5,0.1007,K,F,A
3.5,20000,-4.5,0.0904,K,F,A
4,20000,-4.5,0.0858,K,F,A
4.5,20000,-4.5,0.0837,K,F,A
5,20000,-4.5,0.0829,K,F,A
3,21000,-4.5,0.1019,K,F,A
3.5,21000,-4.5,0.0899,K,F,A
4,21000,-4.5,0.0847,K,F,A
4.5,21000,-4.5,0.0825,K,F,A
5,21000,-4.5,0.0817,K,F,A
3,22000,-4.5,0.104,K,F,A
3.5,22000,-4.5,0.0901,K,F,A
4,22000,-4.5,0.0841,K,F,A
4.5,22000,-4.5,0.0815,K,F,A
5,22000,-4.5,0.0808,K,F,A
3,23000,-4.5,0.1072,K,F,A
3.5,23000,-4.5,0.0913,K,F,A
4,23000,-4.5,0.0843,K,F,A
4.5,23000,-4.5,0.0812,K,F,A
5,23000,-4.5,0.0803,K,F,A
3,24000,-4.5,0.1115,K,F,A
3.5,24000,-4.5,0.0932,K,F,A
4,24000,-4.5,0.0853,K,F,A
4.5,24000,-4.5,0.0816,K,F,A
5,24000,-4.5,0.0803,K,F,A
3,25000,-4.5,0.1169,K,F,A
3.5,25000,-4.5,0.0956,K,F,A
4,25000,-4.5,0.0867,K,F,A
4.5,25000,-4.5,0.0826,K,F,A
5,25000,-4.5,0.0809,K,F,A
3,26000,-4.5,0.1214,K,F,A
3.5,26000,-4.5,0.0983,K,F,A
4,26000,-4.5,0.0886,K,F,A
4.5,26000,-4.5,0.0841,K,F,A
5,26000,-4.5,0.082,K,F,A
3.5,27000,-4.5,0.1004,K,F,A
4,27000,-4.5,0.0903,K,F,A
4.5,27000,-4.5,0.0854,K,F,A
5,27000,-4.5,0.083,K,F,A
3.5,28000,-4.5,0.1012,K,F,A
4,28000,-4.5,0.0914,K,F,A
4.5,28000,-4.5,0.0863,K,F,A
5,28000,-4.5,0.0839,K,F,A
3.5,29000,-4.5,0.0984,K,F,A
4,29000,-4.5,0.091,K,F,A
4.5,29000,-4.5,0.0864,K,F,A
5,29000,-4.5,0.0841,K,F,A
3.5,30000,-4.5,0.0935,K,F,A
4,30000,-4.5,0.0885,K,F,A
4.5,30000,-4.5,0.0849,K,F,A
5,30000,-4.5,0.0829,K,F,A
3.5,31000,-4.5,0.0893,K,F,A
4,31000,-4.5,0.0842,K,F,A
4.5,31000,-4.5,0.0819,K,F,A
5,31000,-4.5,0.0804,K,F,A
4,32000,-4.5,0.0793,K,F,A
4.5,32000,-4.5,0.0774,K,F,A
5,32000,-4.5,0.0766,K,F,A
4,33000,-4.5,0.0747,K,F,A
4.5,33000,-4.5,0.0725,K,F,A
5,33000,-4.5,0.072,K,F,A
4,34000,-4.5,0.0708,K,F,A
4.5,34000,-4.5,0.0681,K,F,A
5,34000,-4.5,0.0673,K,F,A
4,35000,-4.5,0.0682,K,F,A
4.5,35000,-4.5,0.0637,K,F,A
5,35000,-4.5,0.0626,K,F,A
4.5,37500,-4.5,0.0545,K,F,A
5,37500,-4.5,0.0532,K,F,A
4.5,40000,-4.5,0.0482,K,F,A
5,40000,-4.5,0.0448,K,F,A
5,42500,-4.5,0.0414,K,F,A
5,45000,-4.5,0.0406,K,F,A
5,47500,-4.5,0.0401,K,F,A
5,50000,-4.5,0.0398,K,F,A
0,3500,-4,0.2437,K,F,A
0.5,3500,-4,0.2325,K,F,A
1,3500,-4,0.2064,K,F,A
1.5,3500,-4,0.1992,K,F,A
2,3500,-4,0.1969,K,F,A
2.5,3500,-4,0.1708,K,F,A
3,3500,-4,0.1034,K,F,A
0,3750,-4,0.2373,K,F,A
0.5,3750,-4,0.223,K,F,A
1,3750,-4,0.2065,K,F,A
1.5,3750,-4,0.1832,K,F,A
2,3750,-4,0.154,K,F,A
2.5,3750,-4,0.1682,K,F,A
3,3750,-4,0.1891,K,F,A
3.5,3750,-4,0.1513,K,F,A
0,4000,-4,0.2362,K,F,A
0.5,4000,-4,0.2262,K,F,A
1,4000,-4,0.2121,K,F,A
1.5,4000,-4,0.1948,K,F,A
2,4000,-4,0.1755,K,F,A
2.5,4000,-4,0.1463,K,F,A
3,4000,-4,0.1322,K,F,A
3.5,4000,-4,0.1519,K,F,A
4,4000,-4,0.1756,K,F,A
4.5,4000,-4,0.0449,K,F,A
0,4250,-4,0.2302,K,F,A
0.5,4250,-4,0.2253,K,F,A
1,4250,-4,0.2165,K,F,A
1.5,4250,-4,0.2036,K,F,A
2,4250,-4,0.1867,K,F,A
2.5,4250,-4,0.1693,K,F,A
3,4250,-4,0.1461,K,F,A
3.5,4250,-4,0.1186,K,F,A
4,4250,-4,0.1015,K,F,A
0,4500,-4,0.2247,K,F,A
0.5,4500,-4,0.2234,K,F,A
1,4500,-4,0.218,K,F,A
1.5,4500,-4,0.2101,K,F,A
2,4500,-4,0.1989,K,F,A
2.5,4500,-4,0.1844,K,F,A
3,4500,-4,0.1696,K,F,A
3.5,4500,-4,0.1504,K,F,A
4,4500,-4,0.1267,K,F,A
4.5,4500,-4,0.1074,K,F,A
5,4500,-4,0.0952,K,F,A
0,4750,-4,0.218,K,F,A
0.5,4750,-4,0.2175,K,F,A
1,4750,-4,0.2154,K,F,A
1.5,4750,-4,0.2104,K,F,A
2,4750,-4,0.2028,K,F,A
2.5,4750,-4,0.1929,K,F,A
3,4750,-4,0.1805,K,F,A
3.5,4750,-4,0.1671,K,F,A
4,4750,-4,0.1522,K,F,A
4.5,4750,-4,0.133,K,F,A
5,4750,-4,0.1155,K,F,A
0,5000,-4,0.2098,K,F,A
0.5,5000,-4,0.2102,K,F,A
1,5000,-4,0.2091,K,F,A
1.5,5000,-4,0.2062,K,F,A
2,5000,-4,0.202,K,F,A
2.5,5000,-4,0.1953,K,F,A
3,5000,-4,0.1868,K,F,A
3.5,5000,-4,0.1772,K,F,A
4,5000,-4,0.1651,K,F,A
4.5,5000,-4,0.1502,K,F,A
5,5000,-4,0.1363,K,F,A
0,5250,-4,0.2008,K,F,A
0.5,5250,-4,0.2012,K,F,A
1,5250,-4,0.2014,K,F,A
1.5,5250,-4,0.2,K,F,A
2,5250,-4,0.1968,K,F,A
2.5,5250,-4,0.1935,K,F,A
3,5250,-4,0.188,K,F,A
3.5,5250,-4,0.1813,K,F,A
4,5250,-4,0.1741,K,F,A
4.5,5250,-4,0.1635,K,F,A
5,5250,-4,0.1488,K,F,A
0,5500,-4,0.191,K,F,A
0.5,5500,-4,0.1906,K,F,A
1,5500,-4,0.192,K,F,A
1.5,5500,-4,0.1919,K,F,A
2,5500,-4,0.1907,K,F,A
2.5,5500,-4,0.1882,K,F,A
3,5500,-4,0.1856,K,F,A
3.5,5500,-4,0.1815,K,F,A
4,5500,-4,0.1766,K,F,A
4.5,5500,-4,0.1696,K,F,A
5,5500,-4,0.1599,K,F,A
0,5750,-4,0.2142,K,F,A
0.5,5750,-4,0.1797,K,F,A
1,5750,-4,0.1802,K,F,A
1.5,5750,-4,0.1819,K,F,A
2,5750,-4,0.1825,K,F,A
2.5,5750,-4,0.1821,K,F,A
3,5750,-4,0.1809,K,F,A
3.5,5750,-4,0.1791,K,F,A
4,5750,-4,0.1764,K,F,A
4.5,5750,-4,0.1722,K,F,A
5,5750,-4,0.1652,K,F,A
0,6000,-4,0.2129,K,F,A
0.5,6000,-4,0.2059,K,F,A
1,6000,-4,0.1759,K,F,A
1.5,6000,-4,0.1707,K,F,A
2,6000,-4,0.1728,K,F,A
2.5,6000,-4,0.1743,K,F,A
3,6000,-4,0.1748,K,F,A
3.5,6000,-4,0.1742,K,F,A
4,6000,-4,0.1753,K,F,A
4.5,6000,-4,0.173,K,F,A
5,6000,-4,0.1683,K,F,A
0.5,6250,-4,0.202,K,F,A
1,6250,-4,0.1989,K,F,A
1.5,6250,-4,0.1663,K,F,A
2,6250,-4,0.1633,K,F,A
2.5,6250,-4,0.1664,K,F,A
3,6250,-4,0.1679,K,F,A
3.5,6250,-4,0.17,K,F,A
4,6250,-4,0.1706,K,F,A
4.5,6250,-4,0.1715,K,F,A
5,6250,-4,0.1685,K,F,A
0.5,6500,-4,0.1996,K,F,A
1,6500,-4,0.193,K,F,A
1.5,6500,-4,0.1923,K,F,A
2,6500,-4,0.1587,K,F,A
2.5,6500,-4,0.157,K,F,A
3,6500,-4,0.1608,K,F,A
3.5,6500,-4,0.164,K,F,A
4,6500,-4,0.1662,K,F,A
4.5,6500,-4,0.1679,K,F,A
5,6500,-4,0.168,K,F,A
0.5,6750,-4,0.1992,K,F,A
1,6750,-4,0.1884,K,F,A
1.5,6750,-4,0.1852,K,F,A
2,6750,-4,0.1865,K,F,A
2.5,6750,-4,0.1526,K,F,A
3,6750,-4,0.1537,K,F,A
3.5,6750,-4,0.1577,K,F,A
4,6750,-4,0.1613,K,F,A
4.5,6750,-4,0.1644,K,F,A
5,6750,-4,0.1653,K,F,A
0.5,7000,-4,0.2006,K,F,A
1,7000,-4,0.1862,K,F,A
1.5,7000,-4,0.1794,K,F,A
2,7000,-4,0.1789,K,F,A
2.5,7000,-4,0.1814,K,F,A
3,7000,-4,0.1493,K,F,A
3.5,7000,-4,0.1522,K,F,A
4,7000,-4,0.156,K,F,A
4.5,7000,-4,0.1601,K,F,A
5,7000,-4,0.162,K,F,A
1,7250,-4,0.1843,K,F,A
1.5,7250,-4,0.1751,K,F,A
2,7250,-4,0.172,K,F,A
2.5,7250,-4,0.1735,K,F,A
3,7250,-4,0.1767,K,F,A
3.5,7250,-4,0.1474,K,F,A
4,7250,-4,0.1512,K,F,A
4.5,7250,-4,0.1555,K,F,A
5,7250,-4,0.1585,K,F,A
1,7500,-4,0.1836,K,F,A
1.5,7500,-4,0.1718,K,F,A
2,7500,-4,0.1663,K,F,A
2.5,7500,-4,0.1655,K,F,A
3,7500,-4,0.1682,K,F,A
3.5,7500,-4,0.1726,K,F,A
4,7500,-4,0.1501,K,F,A
4.5,7500,-4,0.1508,K,F,A
5,7500,-4,0.154,K,F,A
1.5,7750,-4,0.169,K,F,A
2,7750,-4,0.1619,K,F,A
2.5,7750,-4,0.1591,K,F,A
3,7750,-4,0.1603,K,F,A
3.5,7750,-4,0.1641,K,F,A
4,7750,-4,0.1691,K,F,A
4.5,7750,-4,0.1479,K,F,A
5,7750,-4,0.1504,K,F,A
1.5,8000,-4,0.1665,K,F,A
2,8000,-4,0.158,K,F,A
2.5,8000,-4,0.1543,K,F,A
3,8000,-4,0.1532,K,F,A
3.5,8000,-4,0.1558,K,F,A
4,8000,-4,0.161,K,F,A
4.5,8000,-4,0.1659,K,F,A
5,8000,-4,0.1468,K,F,A
2,8250,-4,0.1544,K,F,A
2.5,8250,-4,0.1497,K,F,A
3,8250,-4,0.1479,K,F,A
3.5,8250,-4,0.1485,K,F,A
4,8250,-4,0.1525,K,F,A
4.5,8250,-4,0.1574,K,F,A
5,8250,-4,0.1458,K,F,A
1.5,8500,-4,0.1629,K,F,A
2,8500,-4,0.1508,K,F,A
2.5,8500,-4,0.1452,K,F,A
3,8500,-4,0.1431,K,F,A
3.5,8500,-4,0.1429,K,F,A
4,8500,-4,0.1446,K,F,A
4.5,8500,-4,0.1496,K,F,A
5,8500,-4,0.1551,K,F,A
2,8750,-4,0.1481,K,F,A
2.5,8750,-4,0.1415,K,F,A
3,8750,-4,0.1388,K,F,A
3.5,8750,-4,0.1383,K,F,A
4,8750,-4,0.139,K,F,A
4.5,8750,-4,0.1419,K,F,A
5,8750,-4,0.1473,K,F,A
1.5,9000,-4,0.1632,K,F,A
2,9000,-4,0.1461,K,F,A
2.5,9000,-4,0.1383,K,F,A
3,9000,-4,0.1349,K,F,A
3.5,9000,-4,0.1339,K,F,A
4,9000,-4,0.1344,K,F,A
4.5,9000,-4,0.1354,K,F,A
5,9000,-4,0.137,K,F,A
2,9250,-4,0.1447,K,F,A
2.5,9250,-4,0.1358,K,F,A
3,9250,-4,0.1317,K,F,A
3.5,9250,-4,0.1303,K,F,A
4,9250,-4,0.1304,K,F,A
4.5,9250,-4,0.1312,K,F,A
5,9250,-4,0.1322,K,F,A
2,9500,-4,0.1436,K,F,A
2.5,9500,-4,0.1337,K,F,A
3,9500,-4,0.1291,K,F,A
3.5,9500,-4,0.1272,K,F,A
4,9500,-4,0.1269,K,F,A
4.5,9500,-4,0.1275,K,F,A
5,9500,-4,0.1284,K,F,A
2,9750,-4,0.1428,K,F,A
2.5,9750,-4,0.1319,K,F,A
3,9750,-4,0.1268,K,F,A
3.5,9750,-4,0.1246,K,F,A
4,9750,-4,0.1241,K,F,A
4.5,9750,-4,0.1243,K,F,A
5,9750,-4,0.1248,K,F,A
2,10000,-4,0.142,K,F,A
2.5,10000,-4,0.1305,K,F,A
3,10000,-4,0.1248,K,F,A
3.5,10000,-4,0.1224,K,F,A
4,10000,-4,0.1216,K,F,A
4.5,10000,-4,0.1216,K,F,A
5,10000,-4,0.1219,K,F,A
2,10500,-4,0.1406,K,F,A
2.5,10500,-4,0.1278,K,F,A
3,10500,-4,0.1215,K,F,A
3.5,10500,-4,0.1186,K,F,A
4,10500,-4,0.1176,K,F,A
4.5,10500,-4,0.1173,K,F,A
5,10500,-4,0.1173,K,F,A
2.5,11000,-4,0.1255,K,F,A
3,11000,-4,0.1187,K,F,A
3.5,11000,-4,0.1154,K,F,A
4,11000,-4,0.1141,K,F,A
4.5,11000,-4,0.1138,K,F,A
5,11000,-4,0.1137,K,F,A
2.5,11500,-4,0.1234,K,F,A
3,11500,-4,0.116,K,F,A
3.5,11500,-4,0.1126,K,F,A
4,11500,-4,0.1111,K,F,A
4.5,11500,-4,0.1107,K,F,A
5,11500,-4,0.1106,K,F,A
2.5,12000,-4,0.1217,K,F,A
3,12000,-4,0.1138,K,F,A
3.5,12000,-4,0.1099,K,F,A
4,12000,-4,0.1083,K,F,A
4.5,12000,-4,0.1078,K,F,A
5,12000,-4,0.1078,K,F,A
2.5,12500,-4,0.1201,K,F,A
3,12500,-4,0.1116,K,F,A
3.5,12500,-4,0.1076,K,F,A
4,12500,-4,0.1057,K,F,A
4.5,12500,-4,0.1051,K,F,A
5,12500,-4,0.1051,K,F,A
2.5,13000,-4,0.1189,K,F,A
3,13000,-4,0.1098,K,F,A
3.5,13000,-4,0.1054,K,F,A
4,13000,-4,0.1034,K,F,A
4.5,13000,-4,0.1027,K,F,A
5,13000,-4,0.1026,K,F,A
2,14000,-4,0.141,K,F,A
2.5,14000,-4,0.1173,K,F,A
3,14000,-4,0.1067,K,F,A
3.5,14000,-4,0.1017,K,F,A
4,14000,-4,0.0992,K,F,A
4.5,14000,-4,0.0984,K,F,A
5,14000,-4,0.0981,K,F,A
2.5,15000,-4,0.1166,K,F,A
3,15000,-4,0.1043,K,F,A
3.5,15000,-4,0.0985,K,F,A
4,15000,-4,0.0958,K,F,A
4.5,15000,-4,0.0947,K,F,A
5,15000,-4,0.0944,K,F,A
2.5,16000,-4,0.1168,K,F,A
3,16000,-4,0.1027,K,F,A
3.5,16000,-4,0.096,K,F,A
4,16000,-4,0.0929,K,F,A
4.5,16000,-4,0.0915,K,F,A
5,16000,-4,0.0912,K,F,A
2.5,17000,-4,0.1178,K,F,A
3,17000,-4,0.1016,K,F,A
3.5,17000,-4,0.0942,K,F,A
4,17000,-4,0.0906,K,F,A
4.5,17000,-4,0.0889,K,F,A
5,17000,-4,0.0884,K,F,A
2.5,18000,-4,0.1194,K,F,A
3,18000,-4,0.101,K,F,A
3.5,18000,-4,0.0927,K,F,A
4,18000,-4,0.0886,K,F,A
4.5,18000,-4,0.0868,K,F,A
5,18000,-4,0.0862,K,F,A
2.5,19000,-4,0.1222,K,F,A
3,19000,-4,0.1005,K,F,A
3.5,19000,-4,0.0914,K,F,A
4,19000,-4,0.087,K,F,A
4.5,19000,-4,0.085,K,F,A
5,19000,-4,0.0843,K,F,A
3,20000,-4,0.1006,K,F,A
3.5,20000,-4,0.0903,K,F,A
4,20000,-4,0.0857,K,F,A
4.5,20000,-4,0.0836,K,F,A
5,20000,-4,0.0829,K,F,A
3,21000,-4,0.1017,K,F,A
3.5,21000,-4,0.0897,K,F,A
4,21000,-4,0.0846,K,F,A
4.5,21000,-4,0.0823,K,F,A
5,21000,-4,0.0816,K,F,A
3,22000,-4,0.1038,K,F,A
3.5,22000,-4,0.09,K,F,A
4,22000,-4,0.0839,K,F,A
4.5,22000,-4,0.0814,K,F,A
5,22000,-4,0.0807,K,F,A
3,23000,-4,0.107,K,F,A
3.5,23000,-4,0.0911,K,F,A
4,23000,-4,0.0841,K,F,A
4.5,23000,-4,0.0811,K,F,A
5,23000,-4,0.0802,K,F,A
3,24000,-4,0.1112,K,F,A
3.5,24000,-4,0.093,K,F,A
4,24000,-4,0.085,K,F,A
4.5,24000,-4,0.0815,K,F,A
5,24000,-4,0.0802,K,F,A
3,25000,-4,0.1164,K,F,A
3.5,25000,-4,0.0954,K,F,A
4,25000,-4,0.0865,K,F,A
4.5,25000,-4,0.0825,K,F,A
5,25000,-4,0.0808,K,F,A
3,26000,-4,0.1211,K,F,A
3.5,26000,-4,0.098,K,F,A
4,26000,-4,0.0883,K,F,A
4.5,26000,-4,0.0838,K,F,A
5,26000,-4,0.0819,K,F,A
3.5,27000,-4,0.1001,K,F,A
4,27000,-4,0.09,K,F,A
4.5,27000,-4,0.0853,K,F,A
5,27000,-4,0.0829,K,F,A
3.5,28000,-4,0.1007,K,F,A
4,28000,-4,0.0911,K,F,A
4.5,28000,-4,0.0863,K,F,A
5,28000,-4,0.0837,K,F,A
3.5,29000,-4,0.098,K,F,A
4,29000,-4,0.0909,K,F,A
4.5,29000,-4,0.0862,K,F,A
5,29000,-4,0.0837,K,F,A
3.5,30000,-4,0.0937,K,F,A
4,30000,-4,0.0882,K,F,A
4.5,30000,-4,0.0848,K,F,A
5,30000,-4,0.0826,K,F,A
3.5,31000,-4,0.0894,K,F,A
4,31000,-4,0.0841,K,F,A
4.5,31000,-4,0.0818,K,F,A
5,31000,-4,0.0804,K,F,A
4,32000,-4,0.0793,K,F,A
4.5,32000,-4,0.0774,K,F,A
5,32000,-4,0.0766,K,F,A
4,33000,-4,0.0748,K,F,A
4.5,33000,-4,0.0726,K,F,A
5,33000,-4,0.072,K,F,A
4,34000,-4,0.0709,K,F,A
4.5,34000,-4,0.0683,K,F,A
5,34000,-4,0.0674,K,F,A
4,35000,-4,0.0683,K,F,A
4.5,35000,-4,0.0639,K,F,A
5,35000,-4,0.0628,K,F,A
4.5,37500,-4,0.0547,K,F,A
5,37500,-4,0.0532,K,F,A
4.5,40000,-4,0.0485,K,F,A
5,40000,-4,0.0449,K,F,A
5,42500,-4,0.0416,K,F,A
5,45000,-4,0.0408,K,F,A
5,47500,-4,0.0405,K,F,A
5,50000,-4,0.0402,K,F,A
0,3500,-3.5,0.2412,K,F,A
0.5,3500,-3.5,0.232,K,F,A
1,3500,-3.5,0.2136,K,F,A
1.5,3500,-3.5,0.1879,K,F,A
2,3500,-3.5,0.1927,K,F,A
2.5,3500,-3.5,0.1893,K,F,A
3,3500,-3.5,0.1721,K,F,A
3.5,3500,-3.5,0.1079,K,F,A
0,3750,-3.5,0.2357,K,F,A
0.5,3750,-3.5,0.2228,K,F,A
1,3750,-3.5,0.2085,K,F,A
1.5,3750,-3.5,0.1896,K,F,A
2,3750,-3.5,0.158,K,F,A
2.5,3750,-3.5,0.1511,K,F,A
3,3750,-3.5,0.1717,K,F,A
3.5,3750,-3.5,0.1762,K,F,A
4,3750,-3.5,0.1513,K,F,A
0,4000,-3.5,0.2335,K,F,A
0.5,4000,-3.5,0.2239,K,F,A
1,4000,-3.5,0.2109,K,F,A
1.5,4000,-3.5,0.1955,K,F,A
2,4000,-3.5,0.178,K,F,A
2.5,4000,-3.5,0.1517,K,F,A
3,4000,-3.5,0.1307,K,F,A
3.5,4000,-3.5,0.1382,K,F,A
4,4000,-3.5,0.1693,K,F,A
4.5,4000,-3.5,0.1596,K,F,A
0,4250,-3.5,0.2287,K,F,A
0.5,4250,-3.5,0.2243,K,F,A
1,4250,-3.5,0.2158,K,F,A
1.5,4250,-3.5,0.2035,K,F,A
2,4250,-3.5,0.1883,K,F,A
2.5,4250,-3.5,0.1727,K,F,A
3,4250,-3.5,0.1519,K,F,A
3.5,4250,-3.5,0.1276,K,F,A
4,4250,-3.5,0.1211,K,F,A
4.5,4250,-3.5,0.1435,K,F,A
0,4500,-3.5,0.2259,K,F,A
0.5,4500,-3.5,0.2241,K,F,A
1,4500,-3.5,0.2194,K,F,A
1.5,4500,-3.5,0.2115,K,F,A
2,4500,-3.5,0.2007,K,F,A
2.5,4500,-3.5,0.1869,K,F,A
3,4500,-3.5,0.1728,K,F,A
3.5,4500,-3.5,0.1548,K,F,A
4,4500,-3.5,0.1318,K,F,A
4.5,4500,-3.5,0.1135,K,F,A
5,4500,-3.5,0.1009,K,F,A
0,4750,-3.5,0.2186,K,F,A
0.5,4750,-3.5,0.2183,K,F,A
1,4750,-3.5,0.2161,K,F,A
1.5,4750,-3.5,0.2115,K,F,A
2,4750,-3.5,0.2041,K,F,A
2.5,4750,-3.5,0.1945,K,F,A
3,4750,-3.5,0.1825,K,F,A
3.5,4750,-3.5,0.169,K,F,A
4,4750,-3.5,0.1544,K,F,A
4.5,4750,-3.5,0.1352,K,F,A
5,4750,-3.5,0.1149,K,F,A
0,5000,-3.5,0.2102,K,F,A
0.5,5000,-3.5,0.2107,K,F,A
1,5000,-3.5,0.2095,K,F,A
1.5,5000,-3.5,0.2068,K,F,A
2,5000,-3.5,0.2027,K,F,A
2.5,5000,-3.5,0.1959,K,F,A
3,5000,-3.5,0.1876,K,F,A
3.5,5000,-3.5,0.1782,K,F,A
4,5000,-3.5,0.1663,K,F,A
4.5,5000,-3.5,0.1518,K,F,A
5,5000,-3.5,0.1348,K,F,A
0,5250,-3.5,0.201,K,F,A
0.5,5250,-3.5,0.2015,K,F,A
1,5250,-3.5,0.2015,K,F,A
1.5,5250,-3.5,0.2004,K,F,A
2,5250,-3.5,0.1976,K,F,A
2.5,5250,-3.5,0.1941,K,F,A
3,5250,-3.5,0.1884,K,F,A
3.5,5250,-3.5,0.182,K,F,A
4,5250,-3.5,0.1743,K,F,A
4.5,5250,-3.5,0.1638,K,F,A
5,5250,-3.5,0.1503,K,F,A
0,5500,-3.5,0.1908,K,F,A
0.5,5500,-3.5,0.191,K,F,A
1,5500,-3.5,0.1919,K,F,A
1.5,5500,-3.5,0.192,K,F,A
2,5500,-3.5,0.1912,K,F,A
2.5,5500,-3.5,0.1887,K,F,A
3,5500,-3.5,0.1864,K,F,A
3.5,5500,-3.5,0.1824,K,F,A
4,5500,-3.5,0.1772,K,F,A
4.5,5500,-3.5,0.1704,K,F,A
5,5500,-3.5,0.1611,K,F,A
0,5750,-3.5,0.2033,K,F,A
0.5,5750,-3.5,0.1788,K,F,A
1,5750,-3.5,0.1804,K,F,A
1.5,5750,-3.5,0.1823,K,F,A
2,5750,-3.5,0.183,K,F,A
2.5,5750,-3.5,0.1824,K,F,A
3,5750,-3.5,0.181,K,F,A
3.5,5750,-3.5,0.1801,K,F,A
4,5750,-3.5,0.1774,K,F,A
4.5,5750,-3.5,0.1729,K,F,A
5,5750,-3.5,0.1661,K,F,A
0,6000,-3.5,0.207,K,F,A
0.5,6000,-3.5,0.1935,K,F,A
1,6000,-3.5,0.1694,K,F,A
1.5,6000,-3.5,0.1709,K,F,A
2,6000,-3.5,0.173,K,F,A
2.5,6000,-3.5,0.1745,K,F,A
3,6000,-3.5,0.1757,K,F,A
3.5,6000,-3.5,0.1754,K,F,A
4,6000,-3.5,0.176,K,F,A
4.5,6000,-3.5,0.1737,K,F,A
5,6000,-3.5,0.1686,K,F,A
0.5,6250,-3.5,0.1947,K,F,A
1,6250,-3.5,0.1813,K,F,A
1.5,6250,-3.5,0.1588,K,F,A
2,6250,-3.5,0.1634,K,F,A
2.5,6250,-3.5,0.1663,K,F,A
3,6250,-3.5,0.1682,K,F,A
3.5,6250,-3.5,0.1703,K,F,A
4,6250,-3.5,0.1712,K,F,A
4.5,6250,-3.5,0.1721,K,F,A
5,6250,-3.5,0.1697,K,F,A
0.5,6500,-3.5,0.1984,K,F,A
1,6500,-3.5,0.1845,K,F,A
1.5,6500,-3.5,0.1714,K,F,A
2,6500,-3.5,0.1524,K,F,A
2.5,6500,-3.5,0.157,K,F,A
3,6500,-3.5,0.1609,K,F,A
3.5,6500,-3.5,0.1646,K,F,A
4,6500,-3.5,0.167,K,F,A
4.5,6500,-3.5,0.1685,K,F,A
5,6500,-3.5,0.1684,K,F,A
0.5,6750,-3.5,0.1992,K,F,A
1,6750,-3.5,0.1873,K,F,A
1.5,6750,-3.5,0.175,K,F,A
2,6750,-3.5,0.1619,K,F,A
2.5,6750,-3.5,0.1477,K,F,A
3,6750,-3.5,0.1538,K,F,A
3.5,6750,-3.5,0.1581,K,F,A
4,6750,-3.5,0.1619,K,F,A
4.5,6750,-3.5,0.1647,K,F,A
5,6750,-3.5,0.1655,K,F,A
0.5,7000,-3.5,0.2004,K,F,A
1,7000,-3.5,0.1857,K,F,A
1.5,7000,-3.5,0.1783,K,F,A
2,7000,-3.5,0.1672,K,F,A
2.5,7000,-3.5,0.1524,K,F,A
3,7000,-3.5,0.1454,K,F,A
3.5,7000,-3.5,0.1527,K,F,A
4,7000,-3.5,0.1566,K,F,A
4.5,7000,-3.5,0.1603,K,F,A
5,7000,-3.5,0.1626,K,F,A
0.5,7250,-3.5,0.2027,K,F,A
1,7250,-3.5,0.1842,K,F,A
1.5,7250,-3.5,0.175,K,F,A
2,7250,-3.5,0.1711,K,F,A
2.5,7250,-3.5,0.1603,K,F,A
3,7250,-3.5,0.1459,K,F,A
3.5,7250,-3.5,0.1448,K,F,A
4,7250,-3.5,0.1514,K,F,A
4.5,7250,-3.5,0.1557,K,F,A
5,7250,-3.5,0.1588,K,F,A
1,7500,-3.5,0.1834,K,F,A
1.5,7500,-3.5,0.1717,K,F,A
2,7500,-3.5,0.1663,K,F,A
2.5,7500,-3.5,0.1649,K,F,A
3,7500,-3.5,0.1543,K,F,A
3.5,7500,-3.5,0.1399,K,F,A
4,7500,-3.5,0.1478,K,F,A
4.5,7500,-3.5,0.151,K,F,A
5,7500,-3.5,0.1545,K,F,A
1.5,7750,-3.5,0.1689,K,F,A
2,7750,-3.5,0.162,K,F,A
2.5,7750,-3.5,0.1591,K,F,A
3,7750,-3.5,0.1596,K,F,A
3.5,7750,-3.5,0.1487,K,F,A
4,7750,-3.5,0.1422,K,F,A
4.5,7750,-3.5,0.1477,K,F,A
5,7750,-3.5,0.1503,K,F,A
1.5,8000,-3.5,0.1664,K,F,A
2,8000,-3.5,0.158,K,F,A
2.5,8000,-3.5,0.1542,K,F,A
3,8000,-3.5,0.1533,K,F,A
3.5,8000,-3.5,0.1553,K,F,A
4,8000,-3.5,0.1474,K,F,A
4.5,8000,-3.5,0.1411,K,F,A
5,8000,-3.5,0.1468,K,F,A
1.5,8250,-3.5,0.1643,K,F,A
2,8250,-3.5,0.1543,K,F,A
2.5,8250,-3.5,0.1496,K,F,A
3,8250,-3.5,0.1479,K,F,A
3.5,8250,-3.5,0.1485,K,F,A
4,8250,-3.5,0.151,K,F,A
4.5,8250,-3.5,0.1452,K,F,A
5,8250,-3.5,0.1416,K,F,A
1.5,8500,-3.5,0.163,K,F,A
2,8500,-3.5,0.1509,K,F,A
2.5,8500,-3.5,0.1453,K,F,A
3,8500,-3.5,0.1431,K,F,A
3.5,8500,-3.5,0.1429,K,F,A
4,8500,-3.5,0.1451,K,F,A
4.5,8500,-3.5,0.1481,K,F,A
5,8500,-3.5,0.1421,K,F,A
2,8750,-3.5,0.1481,K,F,A
2.5,8750,-3.5,0.1415,K,F,A
3,8750,-3.5,0.1387,K,F,A
3.5,8750,-3.5,0.1383,K,F,A
4,8750,-3.5,0.139,K,F,A
4.5,8750,-3.5,0.1429,K,F,A
5,8750,-3.5,0.1452,K,F,A
1.5,9000,-3.5,0.1633,K,F,A
2,9000,-3.5,0.1461,K,F,A
2.5,9000,-3.5,0.1384,K,F,A
3,9000,-3.5,0.135,K,F,A
3.5,9000,-3.5,0.1338,K,F,A
4,9000,-3.5,0.1343,K,F,A
4.5,9000,-3.5,0.1353,K,F,A
5,9000,-3.5,0.1369,K,F,A
2,9250,-3.5,0.1449,K,F,A
2.5,9250,-3.5,0.1358,K,F,A
3,9250,-3.5,0.1317,K,F,A
3.5,9250,-3.5,0.1303,K,F,A
4,9250,-3.5,0.1303,K,F,A
4.5,9250,-3.5,0.1312,K,F,A
5,9250,-3.5,0.1322,K,F,A
2,9500,-3.5,0.1438,K,F,A
2.5,9500,-3.5,0.1337,K,F,A
3,9500,-3.5,0.1291,K,F,A
3.5,9500,-3.5,0.1273,K,F,A
4,9500,-3.5,0.1269,K,F,A
4.5,9500,-3.5,0.1274,K,F,A
5,9500,-3.5,0.1283,K,F,A
2,9750,-3.5,0.1428,K,F,A
2.5,9750,-3.5,0.132,K,F,A
3,9750,-3.5,0.1269,K,F,A
3.5,9750,-3.5,0.1247,K,F,A
4,9750,-3.5,0.1241,K,F,A
4.5,9750,-3.5,0.1243,K,F,A
5,9750,-3.5,0.1247,K,F,A
2,10000,-3.5,0.1421,K,F,A
2.5,10000,-3.5,0.1306,K,F,A
3,10000,-3.5,0.1249,K,F,A
3.5,10000,-3.5,0.1224,K,F,A
4,10000,-3.5,0.1216,K,F,A
4.5,10000,-3.5,0.1215,K,F,A
5,10000,-3.5,0.1218,K,F,A
2,10500,-3.5,0.1406,K,F,A
2.5,10500,-3.5,0.1278,K,F,A
3,10500,-3.5,0.1215,K,F,A
3.5,10500,-3.5,0.1185,K,F,A
4,10500,-3.5,0.1175,K,F,A
4.5,10500,-3.5,0.1172,K,F,A
5,10500,-3.5,0.1172,K,F,A
2.5,11000,-3.5,0.1254,K,F,A
3,11000,-3.5,0.1187,K,F,A
3.5,11000,-3.5,0.1153,K,F,A
4,11000,-3.5,0.114,K,F,A
4.5,11000,-3.5,0.1137,K,F,A
5,11000,-3.5,0.1135,K,F,A
2.5,11500,-3.5,0.1233,K,F,A
3,11500,-3.5,0.116,K,F,A
3.5,11500,-3.5,0.1125,K,F,A
4,11500,-3.5,0.111,K,F,A
4.5,11500,-3.5,0.1106,K,F,A
5,11500,-3.5,0.1105,K,F,A
2.5,12000,-3.5,0.1215,K,F,A
3,12000,-3.5,0.1136,K,F,A
3.5,12000,-3.5,0.1099,K,F,A
4,12000,-3.5,0.1082,K,F,A
4.5,12000,-3.5,0.1077,K,F,A
5,12000,-3.5,0.1076,K,F,A
2.5,12500,-3.5,0.1199,K,F,A
3,12500,-3.5,0.1115,K,F,A
3.5,12500,-3.5,0.1075,K,F,A
4,12500,-3.5,0.1056,K,F,A
4.5,12500,-3.5,0.1049,K,F,A
5,12500,-3.5,0.105,K,F,A
2.5,13000,-3.5,0.1186,K,F,A
3,13000,-3.5,0.1096,K,F,A
3.5,13000,-3.5,0.1052,K,F,A
4,13000,-3.5,0.1032,K,F,A
4.5,13000,-3.5,0.1025,K,F,A
5,13000,-3.5,0.1024,K,F,A
2,14000,-3.5,0.1407,K,F,A
2.5,14000,-3.5,0.117,K,F,A
3,14000,-3.5,0.1064,K,F,A
3.5,14000,-3.5,0.1014,K,F,A
4,14000,-3.5,0.099,K,F,A
4.5,14000,-3.5,0.0982,K,F,A
5,14000,-3.5,0.098,K,F,A
2.5,15000,-3.5,0.1164,K,F,A
3,15000,-3.5,0.1041,K,F,A
3.5,15000,-3.5,0.0983,K,F,A
4,15000,-3.5,0.0956,K,F,A
4.5,15000,-3.5,0.0945,K,F,A
5,15000,-3.5,0.0942,K,F,A
2.5,16000,-3.5,0.1166,K,F,A
3,16000,-3.5,0.1025,K,F,A
3.5,16000,-3.5,0.0959,K,F,A
4,16000,-3.5,0.0927,K,F,A
4.5,16000,-3.5,0.0914,K,F,A
5,16000,-3.5,0.091,K,F,A
2.5,17000,-3.5,0.1177,K,F,A
3,17000,-3.5,0.1015,K,F,A
3.5,17000,-3.5,0.094,K,F,A
4,17000,-3.5,0.0903,K,F,A
4.5,17000,-3.5,0.0888,K,F,A
5,17000,-3.5,0.0883,K,F,A
2.5,18000,-3.5,0.1193,K,F,A
3,18000,-3.5,0.1009,K,F,A
3.5,18000,-3.5,0.0925,K,F,A
4,18000,-3.5,0.0885,K,F,A
4.5,18000,-3.5,0.0866,K,F,A
5,18000,-3.5,0.086,K,F,A
2.5,19000,-3.5,0.1221,K,F,A
3,19000,-3.5,0.1004,K,F,A
3.5,19000,-3.5,0.0913,K,F,A
4,19000,-3.5,0.0869,K,F,A
4.5,19000,-3.5,0.0848,K,F,A
5,19000,-3.5,0.0841,K,F,A
3,20000,-3.5,0.1005,K,F,A
3.5,20000,-3.5,0.0901,K,F,A
4,20000,-3.5,0.0856,K,F,A
4.5,20000,-3.5,0.0835,K,F,A
5,20000,-3.5,0.0827,K,F,A
3,21000,-3.5,0.1015,K,F,A
3.5,21000,-3.5,0.0895,K,F,A
4,21000,-3.5,0.0844,K,F,A
4.5,21000,-3.5,0.0822,K,F,A
5,21000,-3.5,0.0815,K,F,A
3,22000,-3.5,0.1036,K,F,A
3.5,22000,-3.5,0.0897,K,F,A
4,22000,-3.5,0.0837,K,F,A
4.5,22000,-3.5,0.0813,K,F,A
5,22000,-3.5,0.0806,K,F,A
3,23000,-3.5,0.1067,K,F,A
3.5,23000,-3.5,0.0908,K,F,A
4,23000,-3.5,0.0839,K,F,A
4.5,23000,-3.5,0.0809,K,F,A
5,23000,-3.5,0.08,K,F,A
3,24000,-3.5,0.1108,K,F,A
3.5,24000,-3.5,0.0926,K,F,A
4,24000,-3.5,0.0848,K,F,A
4.5,24000,-3.5,0.0813,K,F,A
5,24000,-3.5,0.08,K,F,A
3,25000,-3.5,0.116,K,F,A
3.5,25000,-3.5,0.095,K,F,A
4,25000,-3.5,0.0862,K,F,A
4.5,25000,-3.5,0.0822,K,F,A
5,25000,-3.5,0.0806,K,F,A
3,26000,-3.5,0.1207,K,F,A
3.5,26000,-3.5,0.0976,K,F,A
4,26000,-3.5,0.088,K,F,A
4.5,26000,-3.5,0.0836,K,F,A
5,26000,-3.5,0.0817,K,F,A
3.5,27000,-3.5,0.0997,K,F,A
4,27000,-3.5,0.0897,K,F,A
4.5,27000,-3.5,0.0849,K,F,A
5,27000,-3.5,0.0827,K,F,A
3.5,28000,-3.5,0.1005,K,F,A
4,28000,-3.5,0.0907,K,F,A
4.5,28000,-3.5,0.0857,K,F,A
5,28000,-3.5,0.0835,K,F,A
3.5,29000,-3.5,0.0979,K,F,A
4,29000,-3.5,0.0905,K,F,A
4.5,29000,-3.5,0.0858,K,F,A
5,29000,-3.5,0.0835,K,F,A
3.5,30000,-3.5,0.0937,K,F,A
4,30000,-3.5,0.088,K,F,A
4.5,30000,-3.5,0.0847,K,F,A
5,30000,-3.5,0.0825,K,F,A
3.5,31000,-3.5,0.0897,K,F,A
4,31000,-3.5,0.0841,K,F,A
4.5,31000,-3.5,0.0817,K,F,A
5,31000,-3.5,0.0802,K,F,A
4,32000,-3.5,0.0793,K,F,A
4.5,32000,-3.5,0.0777,K,F,A
5,32000,-3.5,0.0764,K,F,A
4,33000,-3.5,0.075,K,F,A
4.5,33000,-3.5,0.0728,K,F,A
5,33000,-3.5,0.0718,K,F,A
4,34000,-3.5,0.0712,K,F,A
4.5,34000,-3.5,0.0683,K,F,A
5,34000,-3.5,0.0673,K,F,A
4,35000,-3.5,0.0686,K,F,A
4.5,35000,-3.5,0.064,K,F,A
5,35000,-3.5,0.0629,K,F,A
4.5,37500,-3.5,0.055,K,F,A
5,37500,-3.5,0.0534,K,F,A
4.5,40000,-3.5,0.049,K,F,A
5,40000,-3.5,0.0453,K,F,A
5,42500,-3.5,0.0421,K,F,A
5,45000,-3.5,0.0415,K,F,A
5,47500,-3.5,0.0411,K,F,A
5,50000,-3.5,0.0408,K,F,A
0,3500,-3,0.2526,K,F,A
0.5,3500,-3,0.2449,K,F,A
1,3500,-3,0.2335,K,F,A
1.5,3500,-3,0.204,K,F,A
2,3500,-3,0.1815,K,F,A
2.5,3500,-3,0.1825,K,F,A
3,3500,-3,0.1883,K,F,A
3.5,3500,-3,0.1744,K,F,A
4,3500,-3,0.1365,K,F,A
0,3750,-3,0.2433,K,F,A
0.5,3750,-3,0.2342,K,F,A
1,3750,-3,0.223,K,F,A
1.5,3750,-3,0.2092,K,F,A
2,3750,-3,0.1853,K,F,A
2.5,3750,-3,0.1579,K,F,A
3,3750,-3,0.1547,K,F,A
3.5,3750,-3,0.1749,K,F,A
4,3750,-3,0.1836,K,F,A
4.5,3750,-3,0.0691,K,F,A
5,3750,-3,0.0497,K,F,A
0,4000,-3,0.2385,K,F,A
0.5,4000,-3,0.2309,K,F,A
1,4000,-3,0.2208,K,F,A
1.5,4000,-3,0.2082,K,F,A
2,4000,-3,0.1932,K,F,A
2.5,4000,-3,0.1727,K,F,A
3,4000,-3,0.1453,K,F,A
3.5,4000,-3,0.1342,K,F,A
4,4000,-3,0.1432,K,F,A
4.5,4000,-3,0.1611,K,F,A
5,4000,-3,0.1669,K,F,A
0,4250,-3,0.2315,K,F,A
0.5,4250,-3,0.2272,K,F,A
1,4250,-3,0.2197,K,F,A
1.5,4250,-3,0.2096,K,F,A
2,4250,-3,0.1962,K,F,A
2.5,4250,-3,0.1818,K,F,A
3,4250,-3,0.1644,K,F,A
3.5,4250,-3,0.1398,K,F,A
4,4250,-3,0.1244,K,F,A
4.5,4250,-3,0.1222,K,F,A
5,4250,-3,0.1395,K,F,A
0,4500,-3,0.2262,K,F,A
0.5,4500,-3,0.2246,K,F,A
1,4500,-3,0.22,K,F,A
1.5,4500,-3,0.2124,K,F,A
2,4500,-3,0.2028,K,F,A
2.5,4500,-3,0.1905,K,F,A
3,4500,-3,0.1769,K,F,A
3.5,4500,-3,0.1615,K,F,A
4,4500,-3,0.1397,K,F,A
4.5,4500,-3,0.1216,K,F,A
5,4500,-3,0.1096,K,F,A
0,4750,-3,0.2192,K,F,A
0.5,4750,-3,0.2186,K,F,A
1,4750,-3,0.2167,K,F,A
1.5,4750,-3,0.212,K,F,A
2,4750,-3,0.2047,K,F,A
2.5,4750,-3,0.196,K,F,A
3,4750,-3,0.1852,K,F,A
3.5,4750,-3,0.1728,K,F,A
4,4750,-3,0.1581,K,F,A
4.5,4750,-3,0.1411,K,F,A
5,4750,-3,0.1248,K,F,A
0,5000,-3,0.2107,K,F,A
0.5,5000,-3,0.2114,K,F,A
1.5,5000,-3,0.2074,K,F,A
2,5000,-3,0.2033,K,F,A
2.5,5000,-3,0.1967,K,F,A
3,5000,-3,0.189,K,F,A
3.5,5000,-3,0.1801,K,F,A
4,5000,-3,0.169,K,F,A
4.5,5000,-3,0.1552,K,F,A
5,5000,-3,0.1393,K,F,A
0,5250,-3,0.2017,K,F,A
0.5,5250,-3,0.2021,K,F,A
1,5250,-3,0.2023,K,F,A
1.5,5250,-3,0.201,K,F,A
2,5250,-3,0.1979,K,F,A
2.5,5250,-3,0.1946,K,F,A
3,5250,-3,0.189,K,F,A
3.5,5250,-3,0.1828,K,F,A
4,5250,-3,0.1756,K,F,A
4.5,5250,-3,0.1657,K,F,A
5,5250,-3,0.1539,K,F,A
0,5500,-3,0.1914,K,F,A
0.5,5500,-3,0.1917,K,F,A
1,5500,-3,0.1925,K,F,A
1.5,5500,-3,0.1929,K,F,A
2,5500,-3,0.1916,K,F,A
2.5,5500,-3,0.1889,K,F,A
3,5500,-3,0.1866,K,F,A
3.5,5500,-3,0.1825,K,F,A
4,5500,-3,0.1778,K,F,A
4.5,5500,-3,0.1709,K,F,A
5,5500,-3,0.1618,K,F,A
0,5750,-3,0.203,K,F,A
0.5,5750,-3,0.1797,K,F,A
1,5750,-3,0.1809,K,F,A
1.5,5750,-3,0.1829,K,F,A
2,5750,-3,0.1831,K,F,A
2.5,5750,-3,0.1825,K,F,A
3,5750,-3,0.1812,K,F,A
3.5,5750,-3,0.1801,K,F,A
4,5750,-3,0.1774,K,F,A
4.5,5750,-3,0.1732,K,F,A
5,5750,-3,0.1668,K,F,A
0,6000,-3,0.2067,K,F,A
0.5,6000,-3,0.1915,K,F,A
1,6000,-3,0.1704,K,F,A
1.5,6000,-3,0.1713,K,F,A
2,6000,-3,0.1734,K,F,A
2.5,6000,-3,0.1747,K,F,A
3,6000,-3,0.1755,K,F,A
3.5,6000,-3,0.1751,K,F,A
4,6000,-3,0.1752,K,F,A
4.5,6000,-3,0.1735,K,F,A
5,6000,-3,0.1689,K,F,A
0.5,6250,-3,0.1944,K,F,A
1,6250,-3,0.1814,K,F,A
1.5,6250,-3,0.1608,K,F,A
2,6250,-3,0.1636,K,F,A
2.5,6250,-3,0.1666,K,F,A
3,6250,-3,0.1687,K,F,A
3.5,6250,-3,0.17,K,F,A
4,6250,-3,0.1711,K,F,A
4.5,6250,-3,0.1713,K,F,A
5,6250,-3,0.1692,K,F,A
0.5,6500,-3,0.1983,K,F,A
1,6500,-3,0.184,K,F,A
1.5,6500,-3,0.1701,K,F,A
2,6500,-3,0.1546,K,F,A
2.5,6500,-3,0.1567,K,F,A
3,6500,-3,0.1608,K,F,A
3.5,6500,-3,0.164,K,F,A
4,6500,-3,0.1666,K,F,A
4.5,6500,-3,0.1682,K,F,A
5,6500,-3,0.1682,K,F,A
0.5,6750,-3,0.199,K,F,A
1,6750,-3,0.1875,K,F,A
1.5,6750,-3,0.175,K,F,A
2,6750,-3,0.1626,K,F,A
2.5,6750,-3,0.1485,K,F,A
3,6750,-3,0.1539,K,F,A
3.5,6750,-3,0.1577,K,F,A
4,6750,-3,0.1613,K,F,A
4.5,6750,-3,0.1646,K,F,A
5,6750,-3,0.1654,K,F,A
0.5,7000,-3,0.2004,K,F,A
1,7000,-3,0.1858,K,F,A
1.5,7000,-3,0.179,K,F,A
2,7000,-3,0.1672,K,F,A
2.5,7000,-3,0.1532,K,F,A
3,7000,-3,0.1462,K,F,A
3.5,7000,-3,0.1523,K,F,A
4,7000,-3,0.1561,K,F,A
4.5,7000,-3,0.1604,K,F,A
5,7000,-3,0.162,K,F,A
0.5,7250,-3,0.2024,K,F,A
1,7250,-3,0.1842,K,F,A
1.5,7250,-3,0.1751,K,F,A
2,7250,-3,0.1719,K,F,A
2.5,7250,-3,0.1604,K,F,A
3,7250,-3,0.1465,K,F,A
3.5,7250,-3,0.1454,K,F,A
4,7250,-3,0.1512,K,F,A
4.5,7250,-3,0.1557,K,F,A
5,7250,-3,0.1585,K,F,A
1,7500,-3,0.1833,K,F,A
1.5,7500,-3,0.1717,K,F,A
2,7500,-3,0.1665,K,F,A
2.5,7500,-3,0.1658,K,F,A
3,7500,-3,0.1546,K,F,A
3.5,7500,-3,0.1462,K,F,A
4,7500,-3,0.1482,K,F,A
4.5,7500,-3,0.1511,K,F,A
5,7500,-3,0.1543,K,F,A
1.5,7750,-3,0.1691,K,F,A
2,7750,-3,0.162,K,F,A
2.5,7750,-3,0.1593,K,F,A
3,7750,-3,0.1606,K,F,A
3.5,7750,-3,0.1511,K,F,A
4,7750,-3,0.1434,K,F,A
4.5,7750,-3,0.1478,K,F,A
5,7750,-3,0.1501,K,F,A
1.5,8000,-3,0.1664,K,F,A
2,8000,-3,0.158,K,F,A
2.5,8000,-3,0.1543,K,F,A
3,8000,-3,0.1533,K,F,A
3.5,8000,-3,0.1562,K,F,A
4,8000,-3,0.1482,K,F,A
4.5,8000,-3,0.1415,K,F,A
5,8000,-3,0.1465,K,F,A
1.5,8250,-3,0.1643,K,F,A
2,8250,-3,0.1544,K,F,A
2.5,8250,-3,0.1497,K,F,A
3,8250,-3,0.1479,K,F,A
3.5,8250,-3,0.1485,K,F,A
4,8250,-3,0.1524,K,F,A
4.5,8250,-3,0.1464,K,F,A
5,8250,-3,0.1418,K,F,A
1.5,8500,-3,0.163,K,F,A
2,8500,-3,0.151,K,F,A
2.5,8500,-3,0.1454,K,F,A
3,8500,-3,0.1431,K,F,A
3.5,8500,-3,0.143,K,F,A
4,8500,-3,0.1448,K,F,A
4.5,8500,-3,0.1491,K,F,A
5,8500,-3,0.1439,K,F,A
1.5,8750,-3,0.1628,K,F,A
2,8750,-3,0.1482,K,F,A
2.5,8750,-3,0.1415,K,F,A
3,8750,-3,0.1387,K,F,A
3.5,8750,-3,0.1381,K,F,A
4,8750,-3,0.1388,K,F,A
4.5,8750,-3,0.1426,K,F,A
5,8750,-3,0.1452,K,F,A
1.5,9000,-3,0.1635,K,F,A
2,9000,-3,0.1463,K,F,A
2.5,9000,-3,0.1384,K,F,A
3,9000,-3,0.1349,K,F,A
3.5,9000,-3,0.1338,K,F,A
4,9000,-3,0.1342,K,F,A
4.5,9000,-3,0.1352,K,F,A
5,9000,-3,0.1367,K,F,A
2,9250,-3,0.145,K,F,A
2.5,9250,-3,0.1359,K,F,A
3,9250,-3,0.1316,K,F,A
3.5,9250,-3,0.1301,K,F,A
4,9250,-3,0.1302,K,F,A
4.5,9250,-3,0.131,K,F,A
5,9250,-3,0.1321,K,F,A
2,9500,-3,0.1438,K,F,A
2.5,9500,-3,0.1338,K,F,A
3,9500,-3,0.1291,K,F,A
3.5,9500,-3,0.1271,K,F,A
4,9500,-3,0.1268,K,F,A
4.5,9500,-3,0.1273,K,F,A
5,9500,-3,0.1281,K,F,A
2,9750,-3,0.1431,K,F,A
2.5,9750,-3,0.132,K,F,A
3,9750,-3,0.1269,K,F,A
3.5,9750,-3,0.1246,K,F,A
4,9750,-3,0.124,K,F,A
4.5,9750,-3,0.1241,K,F,A
5,9750,-3,0.1246,K,F,A
2,10000,-3,0.1422,K,F,A
2.5,10000,-3,0.1306,K,F,A
3,10000,-3,0.1249,K,F,A
3.5,10000,-3,0.1224,K,F,A
4,10000,-3,0.1216,K,F,A
4.5,10000,-3,0.1214,K,F,A
5,10000,-3,0.1217,K,F,A
2,10500,-3,0.1406,K,F,A
2.5,10500,-3,0.1279,K,F,A
3,10500,-3,0.1216,K,F,A
3.5,10500,-3,0.1186,K,F,A
4,10500,-3,0.1174,K,F,A
4.5,10500,-3,0.1171,K,F,A
5,10500,-3,0.1171,K,F,A
2.5,11000,-3,0.1255,K,F,A
3,11000,-3,0.1187,K,F,A
3.5,11000,-3,0.1154,K,F,A
4,11000,-3,0.114,K,F,A
4.5,11000,-3,0.1135,K,F,A
5,11000,-3,0.1135,K,F,A
2.5,11500,-3,0.1233,K,F,A
3,11500,-3,0.116,K,F,A
3.5,11500,-3,0.1125,K,F,A
4,11500,-3,0.1109,K,F,A
4.5,11500,-3,0.1105,K,F,A
5,11500,-3,0.1103,K,F,A
2.5,12000,-3,0.1213,K,F,A
3,12000,-3,0.1135,K,F,A
3.5,12000,-3,0.1097,K,F,A
4,12000,-3,0.1081,K,F,A
4.5,12000,-3,0.1075,K,F,A
5,12000,-3,0.1074,K,F,A
2.5,12500,-3,0.1196,K,F,A
3,12500,-3,0.1112,K,F,A
3.5,12500,-3,0.1073,K,F,A
4,12500,-3,0.1054,K,F,A
4.5,12500,-3,0.1048,K,F,A
5,12500,-3,0.1048,K,F,A
2.5,13000,-3,0.1183,K,F,A
3,13000,-3,0.1092,K,F,A
3.5,13000,-3,0.1049,K,F,A
4,13000,-3,0.103,K,F,A
4.5,13000,-3,0.1023,K,F,A
5,13000,-3,0.1022,K,F,A
2,14000,-3,0.1403,K,F,A
2.5,14000,-3,0.1166,K,F,A
3,14000,-3,0.106,K,F,A
3.5,14000,-3,0.101,K,F,A
4,14000,-3,0.0987,K,F,A
4.5,14000,-3,0.0978,K,F,A
5,14000,-3,0.0977,K,F,A
2.5,15000,-3,0.1159,K,F,A
3,15000,-3,0.1036,K,F,A
3.5,15000,-3,0.0978,K,F,A
4,15000,-3,0.0952,K,F,A
4.5,15000,-3,0.0941,K,F,A
5,15000,-3,0.0939,K,F,A
2.5,16000,-3,0.1162,K,F,A
3,16000,-3,0.102,K,F,A
3.5,16000,-3,0.0954,K,F,A
4,16000,-3,0.0923,K,F,A
4.5,16000,-3,0.091,K,F,A
5,16000,-3,0.0906,K,F,A
2.5,17000,-3,0.1173,K,F,A
3,17000,-3,0.1011,K,F,A
3.5,17000,-3,0.0936,K,F,A
4,17000,-3,0.09,K,F,A
4.5,17000,-3,0.0884,K,F,A
5,17000,-3,0.088,K,F,A
2.5,18000,-3,0.119,K,F,A
3,18000,-3,0.1005,K,F,A
3.5,18000,-3,0.0921,K,F,A
4,18000,-3,0.0881,K,F,A
4.5,18000,-3,0.0863,K,F,A
5,18000,-3,0.0858,K,F,A
2.5,19000,-3,0.1219,K,F,A
3,19000,-3,0.1,K,F,A
3.5,19000,-3,0.0909,K,F,A
4,19000,-3,0.0866,K,F,A
4.5,19000,-3,0.0846,K,F,A
5,19000,-3,0.0839,K,F,A
3,20000,-3,0.1002,K,F,A
3.5,20000,-3,0.0898,K,F,A
4,20000,-3,0.0853,K,F,A
4.5,20000,-3,0.0832,K,F,A
5,20000,-3,0.0825,K,F,A
3,21000,-3,0.1013,K,F,A
3.5,21000,-3,0.0892,K,F,A
4,21000,-3,0.0842,K,F,A
4.5,21000,-3,0.082,K,F,A
5,21000,-3,0.0813,K,F,A
3,22000,-3,0.1034,K,F,A
3.5,22000,-3,0.0895,K,F,A
4,22000,-3,0.0835,K,F,A
4.5,22000,-3,0.081,K,F,A
5,22000,-3,0.0803,K,F,A
3,23000,-3,0.1063,K,F,A
3.5,23000,-3,0.0906,K,F,A
4,23000,-3,0.0836,K,F,A
4.5,23000,-3,0.0807,K,F,A
5,23000,-3,0.0798,K,F,A
3,24000,-3,0.1102,K,F,A
3.5,24000,-3,0.0924,K,F,A
4,24000,-3,0.0845,K,F,A
4.5,24000,-3,0.0811,K,F,A
5,24000,-3,0.0798,K,F,A
3,25000,-3,0.1152,K,F,A
3.5,25000,-3,0.0946,K,F,A
4,25000,-3,0.086,K,F,A
4.5,25000,-3,0.082,K,F,A
5,25000,-3,0.0804,K,F,A
3,26000,-3,0.1199,K,F,A
3.5,26000,-3,0.097,K,F,A
4,26000,-3,0.0876,K,F,A
4.5,26000,-3,0.0833,K,F,A
5,26000,-3,0.0813,K,F,A
3,27000,-3,0.1196,K,F,A
3.5,27000,-3,0.0989,K,F,A
4,27000,-3,0.0891,K,F,A
4.5,27000,-3,0.0846,K,F,A
5,27000,-3,0.0825,K,F,A
3.5,28000,-3,0.0999,K,F,A
4,28000,-3,0.0901,K,F,A
4.5,28000,-3,0.0853,K,F,A
5,28000,-3,0.0832,K,F,A
3.5,29000,-3,0.0977,K,F,A
4,29000,-3,0.0899,K,F,A
4.5,29000,-3,0.0854,K,F,A
5,29000,-3,0.083,K,F,A
3.5,30000,-3,0.0935,K,F,A
4,30000,-3,0.0879,K,F,A
4.5,30000,-3,0.0842,K,F,A
5,30000,-3,0.0822,K,F,A
3.5,31000,-3,0.0895,K,F,A
4,31000,-3,0.0839,K,F,A
4.5,31000,-3,0.0812,K,F,A
5,31000,-3,0.0799,K,F,A
4,32000,-3,0.0793,K,F,A
4.5,32000,-3,0.0774,K,F,A
5,32000,-3,0.0762,K,F,A
4,33000,-3,0.0752,K,F,A
4.5,33000,-3,0.0726,K,F,A
5,33000,-3,0.0719,K,F,A
4,34000,-3,0.0714,K,F,A
4.5,34000,-3,0.068,K,F,A
5,34000,-3,0.0672,K,F,A
4,35000,-3,0.0689,K,F,A
4.5,35000,-3,0.064,K,F,A
5,35000,-3,0.0627,K,F,A
4.5,37500,-3,0.0555,K,F,A
5,37500,-3,0.0537,K,F,A
4.5,40000,-3,0.0498,K,F,A
5,40000,-3,0.0459,K,F,A
5,42500,-3,0.0431,K,F,A
5,45000,-3,0.0425,K,F,A
5,47500,-3,0.0422,K,F,A
5,50000,-3,0.042,K,F,A
0,3500,-2.5,0.2676,K,F,A
0.5,3500,-2.5,0.2609,K,F,A
1,3500,-2.5,0.2549,K,F,A
1.5,3500,-2.5,0.236,K,F,A
2,3500,-2.5,0.1919,K,F,A
2.5,3500,-2.5,0.1664,K,F,A
3,3500,-2.5,0.1768,K,F,A
3.5,3500,-2.5,0.1871,K,F,A
4,3500,-2.5,0.1885,K,F,A
0,3750,-2.5,0.2535,K,F,A
0.5,3750,-2.5,0.2479,K,F,A
1,3750,-2.5,0.2404,K,F,A
1.5,3750,-2.5,0.23,K,F,A
2,3750,-2.5,0.2163,K,F,A
2.5,3750,-2.5,0.1878,K,F,A
3,3750,-2.5,0.1593,K,F,A
3.5,3750,-2.5,0.1539,K,F,A
4,3750,-2.5,0.1638,K,F,A
4.5,3750,-2.5,0.1767,K,F,A
0,4000,-2.5,0.2436,K,F,A
0.5,4000,-2.5,0.2389,K,F,A
1,4000,-2.5,0.2322,K,F,A
1.5,4000,-2.5,0.2238,K,F,A
2,4000,-2.5,0.2132,K,F,A
2.5,4000,-2.5,0.199,K,F,A
3,4000,-2.5,0.1759,K,F,A
3.5,4000,-2.5,0.1521,K,F,A
4,4000,-2.5,0.1395,K,F,A
4.5,4000,-2.5,0.1396,K,F,A
0,4250,-2.5,0.2362,K,F,A
0.5,4250,-2.5,0.2324,K,F,A
1,4250,-2.5,0.2269,K,F,A
1.5,4250,-2.5,0.2189,K,F,A
2,4250,-2.5,0.2097,K,F,A
2.5,4250,-2.5,0.1986,K,F,A
3,4250,-2.5,0.1845,K,F,A
3.5,4250,-2.5,0.1641,K,F,A
4,4250,-2.5,0.1439,K,F,A
4.5,4250,-2.5,0.1311,K,F,A
5,4250,-2.5,0.1311,K,F,A
0,4500,-2.5,0.2275,K,F,A
0.5,4500,-2.5,0.2268,K,F,A
1,4500,-2.5,0.2231,K,F,A
1.5,4500,-2.5,0.2168,K,F,A
2,4500,-2.5,0.2088,K,F,A
2.5,4500,-2.5,0.1988,K,F,A
3,4500,-2.5,0.1888,K,F,A
3.5,4500,-2.5,0.1758,K,F,A
4,4500,-2.5,0.1573,K,F,A
4.5,4500,-2.5,0.1394,K,F,A
5,4500,-2.5,0.1246,K,F,A
0,4750,-2.5,0.2191,K,F,A
0.5,4750,-2.5,0.219,K,F,A
1,4750,-2.5,0.2171,K,F,A
1.5,4750,-2.5,0.2133,K,F,A
2,4750,-2.5,0.2067,K,F,A
2.5,4750,-2.5,0.1989,K,F,A
3,4750,-2.5,0.1897,K,F,A
3.5,4750,-2.5,0.1798,K,F,A
4,4750,-2.5,0.1673,K,F,A
4.5,4750,-2.5,0.1515,K,F,A
5,4750,-2.5,0.1359,K,F,A
0,5000,-2.5,0.2105,K,F,A
0.5,5000,-2.5,0.2113,K,F,A
1,5000,-2.5,0.2102,K,F,A
1.5,5000,-2.5,0.2076,K,F,A
2,5000,-2.5,0.2039,K,F,A
2.5,5000,-2.5,0.1981,K,F,A
3,5000,-2.5,0.1917,K,F,A
3.5,5000,-2.5,0.1836,K,F,A
4,5000,-2.5,0.1739,K,F,A
4.5,5000,-2.5,0.1615,K,F,A
5,5000,-2.5,0.1468,K,F,A
0,5250,-2.5,0.2012,K,F,A
0.5,5250,-2.5,0.2018,K,F,A
1,5250,-2.5,0.2021,K,F,A
1.5,5250,-2.5,0.2008,K,F,A
2,5250,-2.5,0.1983,K,F,A
2.5,5250,-2.5,0.1952,K,F,A
3,5250,-2.5,0.1904,K,F,A
3.5,5250,-2.5,0.1847,K,F,A
4,5250,-2.5,0.1779,K,F,A
4.5,5250,-2.5,0.169,K,F,A
5,5250,-2.5,0.1567,K,F,A
0,5500,-2.5,0.1907,K,F,A
0.5,5500,-2.5,0.1907,K,F,A
1,5500,-2.5,0.1916,K,F,A
1.5,5500,-2.5,0.1922,K,F,A
2,5500,-2.5,0.1916,K,F,A
2.5,5500,-2.5,0.1893,K,F,A
3,5500,-2.5,0.1876,K,F,A
3.5,5500,-2.5,0.1836,K,F,A
4,5500,-2.5,0.1795,K,F,A
4.5,5500,-2.5,0.1727,K,F,A
5,5500,-2.5,0.1642,K,F,A
0,5750,-2.5,0.2025,K,F,A
0.5,5750,-2.5,0.1789,K,F,A
1,5750,-2.5,0.1803,K,F,A
1.5,5750,-2.5,0.1823,K,F,A
2,5750,-2.5,0.1833,K,F,A
2.5,5750,-2.5,0.183,K,F,A
3,5750,-2.5,0.1817,K,F,A
3.5,5750,-2.5,0.1814,K,F,A
4,5750,-2.5,0.1793,K,F,A
4.5,5750,-2.5,0.1742,K,F,A
5,5750,-2.5,0.1682,K,F,A
0,6000,-2.5,0.2069,K,F,A
0.5,6000,-2.5,0.1932,K,F,A
1,6000,-2.5,0.1723,K,F,A
1.5,6000,-2.5,0.1711,K,F,A
2,6000,-2.5,0.1735,K,F,A
2.5,6000,-2.5,0.1749,K,F,A
3,6000,-2.5,0.1761,K,F,A
3.5,6000,-2.5,0.1753,K,F,A
4,6000,-2.5,0.1757,K,F,A
4.5,6000,-2.5,0.1741,K,F,A
5,6000,-2.5,0.1704,K,F,A
0.5,6250,-2.5,0.1942,K,F,A
1,6250,-2.5,0.1813,K,F,A
1.5,6250,-2.5,0.1633,K,F,A
2,6250,-2.5,0.1634,K,F,A
2.5,6250,-2.5,0.1665,K,F,A
3,6250,-2.5,0.1689,K,F,A
3.5,6250,-2.5,0.171,K,F,A
4,6250,-2.5,0.1723,K,F,A
4.5,6250,-2.5,0.1715,K,F,A
5,6250,-2.5,0.1698,K,F,A
0.5,6500,-2.5,0.198,K,F,A
1,6500,-2.5,0.1839,K,F,A
1.5,6500,-2.5,0.1706,K,F,A
2,6500,-2.5,0.1546,K,F,A
2.5,6500,-2.5,0.1572,K,F,A
3,6500,-2.5,0.1612,K,F,A
3.5,6500,-2.5,0.165,K,F,A
4,6500,-2.5,0.1675,K,F,A
4.5,6500,-2.5,0.1687,K,F,A
5,6500,-2.5,0.1686,K,F,A
0.5,6750,-2.5,0.1987,K,F,A
1,6750,-2.5,0.1873,K,F,A
1.5,6750,-2.5,0.1753,K,F,A
2,6750,-2.5,0.1622,K,F,A
2.5,6750,-2.5,0.1485,K,F,A
3,6750,-2.5,0.154,K,F,A
3.5,6750,-2.5,0.158,K,F,A
4,6750,-2.5,0.1615,K,F,A
4.5,6750,-2.5,0.1652,K,F,A
5,6750,-2.5,0.1659,K,F,A
0.5,7000,-2.5,0.1998,K,F,A
1,7000,-2.5,0.1853,K,F,A
1.5,7000,-2.5,0.1788,K,F,A
2,7000,-2.5,0.1673,K,F,A
2.5,7000,-2.5,0.1532,K,F,A
3,7000,-2.5,0.1475,K,F,A
3.5,7000,-2.5,0.1524,K,F,A
4,7000,-2.5,0.1562,K,F,A
4.5,7000,-2.5,0.1604,K,F,A
5,7000,-2.5,0.1626,K,F,A
0.5,7250,-2.5,0.2019,K,F,A
1,7250,-2.5,0.1838,K,F,A
1.5,7250,-2.5,0.1748,K,F,A
2,7250,-2.5,0.1718,K,F,A
2.5,7250,-2.5,0.1607,K,F,A
3,7250,-2.5,0.1467,K,F,A
3.5,7250,-2.5,0.1458,K,F,A
4,7250,-2.5,0.1515,K,F,A
4.5,7250,-2.5,0.1555,K,F,A
5,7250,-2.5,0.1586,K,F,A
0.5,7500,-2.5,0.2061,K,F,A
1,7500,-2.5,0.1829,K,F,A
1.5,7500,-2.5,0.1717,K,F,A
2,7500,-2.5,0.1662,K,F,A
2.5,7500,-2.5,0.1657,K,F,A
3,7500,-2.5,0.1548,K,F,A
3.5,7500,-2.5,0.1457,K,F,A
4,7500,-2.5,0.1479,K,F,A
4.5,7500,-2.5,0.151,K,F,A
5,7500,-2.5,0.1545,K,F,A
1,7750,-2.5,0.1829,K,F,A
1.5,7750,-2.5,0.169,K,F,A
2,7750,-2.5,0.1619,K,F,A
2.5,7750,-2.5,0.1591,K,F,A
3,7750,-2.5,0.1604,K,F,A
3.5,7750,-2.5,0.1509,K,F,A
4,7750,-2.5,0.1441,K,F,A
4.5,7750,-2.5,0.148,K,F,A
5,7750,-2.5,0.1504,K,F,A
1.5,8000,-2.5,0.1667,K,F,A
2,8000,-2.5,0.1583,K,F,A
2.5,8000,-2.5,0.1541,K,F,A
3,8000,-2.5,0.1531,K,F,A
3.5,8000,-2.5,0.1561,K,F,A
4,8000,-2.5,0.1485,K,F,A
4.5,8000,-2.5,0.1421,K,F,A
5,8000,-2.5,0.1468,K,F,A
1.5,8250,-2.5,0.1644,K,F,A
2,8250,-2.5,0.1546,K,F,A
2.5,8250,-2.5,0.1499,K,F,A
3,8250,-2.5,0.1481,K,F,A
3.5,8250,-2.5,0.1482,K,F,A
4,8250,-2.5,0.1525,K,F,A
4.5,8250,-2.5,0.1465,K,F,A
5,8250,-2.5,0.1419,K,F,A
1.5,8500,-2.5,0.1632,K,F,A
2,8500,-2.5,0.1511,K,F,A
2.5,8500,-2.5,0.1457,K,F,A
3,8500,-2.5,0.1433,K,F,A
3.5,8500,-2.5,0.143,K,F,A
4,8500,-2.5,0.1446,K,F,A
4.5,8500,-2.5,0.1492,K,F,A
5,8500,-2.5,0.1437,K,F,A
2,8750,-2.5,0.1484,K,F,A
2.5,8750,-2.5,0.1417,K,F,A
3,8750,-2.5,0.139,K,F,A
3.5,8750,-2.5,0.1383,K,F,A
4,8750,-2.5,0.1388,K,F,A
4.5,8750,-2.5,0.1423,K,F,A
5,8750,-2.5,0.1452,K,F,A
2,9000,-2.5,0.1464,K,F,A
2.5,9000,-2.5,0.1385,K,F,A
3,9000,-2.5,0.1351,K,F,A
3.5,9000,-2.5,0.134,K,F,A
4,9000,-2.5,0.1342,K,F,A
4.5,9000,-2.5,0.1351,K,F,A
5,9000,-2.5,0.1366,K,F,A
2,9250,-2.5,0.1451,K,F,A
2.5,9250,-2.5,0.1359,K,F,A
3,9250,-2.5,0.1317,K,F,A
3.5,9250,-2.5,0.1302,K,F,A
4,9250,-2.5,0.1302,K,F,A
4.5,9250,-2.5,0.131,K,F,A
5,9250,-2.5,0.1319,K,F,A
2,9500,-2.5,0.1441,K,F,A
2.5,9500,-2.5,0.134,K,F,A
3,9500,-2.5,0.1291,K,F,A
3.5,9500,-2.5,0.1271,K,F,A
4,9500,-2.5,0.1268,K,F,A
4.5,9500,-2.5,0.1272,K,F,A
5,9500,-2.5,0.1279,K,F,A
2,9750,-2.5,0.1433,K,F,A
2.5,9750,-2.5,0.1323,K,F,A
3,9750,-2.5,0.1269,K,F,A
3.5,9750,-2.5,0.1245,K,F,A
4,9750,-2.5,0.1238,K,F,A
4.5,9750,-2.5,0.124,K,F,A
5,9750,-2.5,0.1245,K,F,A
2,10000,-2.5,0.1425,K,F,A
2.5,10000,-2.5,0.1308,K,F,A
3,10000,-2.5,0.125,K,F,A
3.5,10000,-2.5,0.1224,K,F,A
4,10000,-2.5,0.1213,K,F,A
4.5,10000,-2.5,0.1212,K,F,A
5,10000,-2.5,0.1215,K,F,A
2,10500,-2.5,0.1409,K,F,A
2.5,10500,-2.5,0.1282,K,F,A
3,10500,-2.5,0.1217,K,F,A
3.5,10500,-2.5,0.1186,K,F,A
4,10500,-2.5,0.1173,K,F,A
4.5,10500,-2.5,0.1169,K,F,A
5,10500,-2.5,0.1169,K,F,A
2.5,11000,-2.5,0.1256,K,F,A
3,11000,-2.5,0.1188,K,F,A
3.5,11000,-2.5,0.1153,K,F,A
4,11000,-2.5,0.1139,K,F,A
4.5,11000,-2.5,0.1134,K,F,A
5,11000,-2.5,0.1133,K,F,A
2.5,11500,-2.5,0.1233,K,F,A
3,11500,-2.5,0.1159,K,F,A
3.5,11500,-2.5,0.1124,K,F,A
4,11500,-2.5,0.1108,K,F,A
4.5,11500,-2.5,0.1103,K,F,A
5,11500,-2.5,0.1102,K,F,A
2.5,12000,-2.5,0.1212,K,F,A
3,12000,-2.5,0.1133,K,F,A
3.5,12000,-2.5,0.1096,K,F,A
4,12000,-2.5,0.1079,K,F,A
4.5,12000,-2.5,0.1074,K,F,A
5,12000,-2.5,0.1074,K,F,A
2.5,12500,-2.5,0.1194,K,F,A
3,12500,-2.5,0.1109,K,F,A
3.5,12500,-2.5,0.107,K,F,A
4,12500,-2.5,0.1052,K,F,A
4.5,12500,-2.5,0.1046,K,F,A
5,12500,-2.5,0.1046,K,F,A
2.5,13000,-2.5,0.118,K,F,A
3,13000,-2.5,0.1088,K,F,A
3.5,13000,-2.5,0.1046,K,F,A
4,13000,-2.5,0.1028,K,F,A
4.5,13000,-2.5,0.102,K,F,A
5,13000,-2.5,0.102,K,F,A
2,14000,-2.5,0.1399,K,F,A
2.5,14000,-2.5,0.1161,K,F,A
3,14000,-2.5,0.1054,K,F,A
3.5,14000,-2.5,0.1005,K,F,A
4,14000,-2.5,0.0982,K,F,A
4.5,14000,-2.5,0.0974,K,F,A
5,14000,-2.5,0.0973,K,F,A
2.5,15000,-2.5,0.1153,K,F,A
3,15000,-2.5,0.1029,K,F,A
3.5,15000,-2.5,0.0972,K,F,A
4,15000,-2.5,0.0945,K,F,A
4.5,15000,-2.5,0.0936,K,F,A
5,15000,-2.5,0.0934,K,F,A
2.5,16000,-2.5,0.1155,K,F,A
3,16000,-2.5,0.1013,K,F,A
3.5,16000,-2.5,0.0946,K,F,A
4,16000,-2.5,0.0915,K,F,A
4.5,16000,-2.5,0.0903,K,F,A
5,16000,-2.5,0.0901,K,F,A
2.5,17000,-2.5,0.1166,K,F,A
3,17000,-2.5,0.1003,K,F,A
3.5,17000,-2.5,0.0929,K,F,A
4,17000,-2.5,0.0892,K,F,A
4.5,17000,-2.5,0.0877,K,F,A
5,17000,-2.5,0.0873,K,F,A
2.5,18000,-2.5,0.1184,K,F,A
3,18000,-2.5,0.0997,K,F,A
3.5,18000,-2.5,0.0914,K,F,A
4,18000,-2.5,0.0874,K,F,A
4.5,18000,-2.5,0.0857,K,F,A
5,18000,-2.5,0.0852,K,F,A
2.5,19000,-2.5,0.1214,K,F,A
3,19000,-2.5,0.0993,K,F,A
3.5,19000,-2.5,0.0901,K,F,A
4,19000,-2.5,0.0859,K,F,A
4.5,19000,-2.5,0.084,K,F,A
5,19000,-2.5,0.0834,K,F,A
3,20000,-2.5,0.0996,K,F,A
3.5,20000,-2.5,0.0892,K,F,A
4,20000,-2.5,0.0847,K,F,A
4.5,20000,-2.5,0.0826,K,F,A
5,20000,-2.5,0.082,K,F,A
3,21000,-2.5,0.1007,K,F,A
3.5,21000,-2.5,0.0887,K,F,A
4,21000,-2.5,0.0836,K,F,A
4.5,21000,-2.5,0.0815,K,F,A
5,21000,-2.5,0.0809,K,F,A
3,22000,-2.5,0.1029,K,F,A
3.5,22000,-2.5,0.089,K,F,A
4,22000,-2.5,0.083,K,F,A
4.5,22000,-2.5,0.0806,K,F,A
5,22000,-2.5,0.08,K,F,A
3,23000,-2.5,0.1058,K,F,A
3.5,23000,-2.5,0.0902,K,F,A
4,23000,-2.5,0.0833,K,F,A
4.5,23000,-2.5,0.0804,K,F,A
5,23000,-2.5,0.0795,K,F,A
3,24000,-2.5,0.1096,K,F,A
3.5,24000,-2.5,0.0919,K,F,A
4,24000,-2.5,0.0842,K,F,A
4.5,24000,-2.5,0.0807,K,F,A
5,24000,-2.5,0.0795,K,F,A
3,25000,-2.5,0.1142,K,F,A
3.5,25000,-2.5,0.0939,K,F,A
4,25000,-2.5,0.0855,K,F,A
4.5,25000,-2.5,0.0816,K,F,A
5,25000,-2.5,0.0801,K,F,A
3,26000,-2.5,0.1187,K,F,A
3.5,26000,-2.5,0.0961,K,F,A
4,26000,-2.5,0.0871,K,F,A
4.5,26000,-2.5,0.0831,K,F,A
5,26000,-2.5,0.0811,K,F,A
3.5,27000,-2.5,0.0981,K,F,A
4,27000,-2.5,0.0885,K,F,A
4.5,27000,-2.5,0.0841,K,F,A
5,27000,-2.5,0.082,K,F,A
3.5,28000,-2.5,0.0989,K,F,A
4,28000,-2.5,0.0894,K,F,A
4.5,28000,-2.5,0.0848,K,F,A
5,28000,-2.5,0.0827,K,F,A
3.5,29000,-2.5,0.0972,K,F,A
4,29000,-2.5,0.0891,K,F,A
4.5,29000,-2.5,0.0847,K,F,A
5,29000,-2.5,0.0827,K,F,A
3.5,30000,-2.5,0.0933,K,F,A
4,30000,-2.5,0.0873,K,F,A
4.5,30000,-2.5,0.0836,K,F,A
5,30000,-2.5,0.0817,K,F,A
3.5,31000,-2.5,0.0897,K,F,A
4,31000,-2.5,0.0836,K,F,A
4.5,31000,-2.5,0.0812,K,F,A
5,31000,-2.5,0.0793,K,F,A
4,32000,-2.5,0.0794,K,F,A
4.5,32000,-2.5,0.077,K,F,A
5,32000,-2.5,0.0761,K,F,A
4,33000,-2.5,0.075,K,F,A
4.5,33000,-2.5,0.0725,K,F,A
5,33000,-2.5,0.0717,K,F,A
4,34000,-2.5,0.0717,K,F,A
4.5,34000,-2.5,0.0682,K,F,A
5,34000,-2.5,0.0673,K,F,A
4,35000,-2.5,0.0692,K,F,A
4.5,35000,-2.5,0.0642,K,F,A
5,35000,-2.5,0.0629,K,F,A
4.5,37500,-2.5,0.0562,K,F,A
5,37500,-2.5,0.0543,K,F,A
4.5,40000,-2.5,0.0505,K,F,A
5,40000,-2.5,0.047,K,F,A
5,42500,-2.5,0.0439,K,F,A
5,45000,-2.5,0.0433,K,F,A
5,47500,-2.5,0.0429,K,F,A
5,50000,-2.5,0.0427,K,F,A
0,3500,-2,0.2834,K,F,A
0.5,3500,-2,0.2778,K,F,A
1,3500,-2,0.2726,K,F,A
1.5,3500,-2,0.2654,K,F,A
2,3500,-2,0.2314,K,F,A
2.5,3500,-2,0.1683,K,F,A
3,3500,-2,0.1487,K,F,A
3.5,3500,-2,0.1466,K,F,A
4,3500,-2,0.155,K,F,A
4.5,3500,-2,0.1815,K,F,A
5,3500,-2,0.1685,K,F,A
0,3750,-2,0.2667,K,F,A
0.5,3750,-2,0.2627,K,F,A
1,3750,-2,0.2574,K,F,A
1.5,3750,-2,0.2506,K,F,A
2,3750,-2,0.2433,K,F,A
2.5,3750,-2,0.227,K,F,A
3,3750,-2,0.187,K,F,A
3.5,3750,-2,0.1508,K,F,A
4,3750,-2,0.1406,K,F,A
4.5,3750,-2,0.1419,K,F,A
5,3750,-2,0.1407,K,F,A
0,4000,-2,0.2516,K,F,A
0.5,4000,-2,0.2495,K,F,A
1,4000,-2,0.2448,K,F,A
1.5,4000,-2,0.2393,K,F,A
2,4000,-2,0.2331,K,F,A
2.5,4000,-2,0.2246,K,F,A
3,4000,-2,0.2114,K,F,A
3.5,4000,-2,0.186,K,F,A
4,4000,-2,0.1567,K,F,A
4.5,4000,-2,0.1355,K,F,A
5,4000,-2,0.1395,K,F,A
0,4250,-2,0.2407,K,F,A
0.5,4250,-2,0.2386,K,F,A
1,4250,-2,0.2351,K,F,A
1.5,4250,-2,0.2301,K,F,A
2,4250,-2,0.2245,K,F,A
2.5,4250,-2,0.2175,K,F,A
3,4250,-2,0.2087,K,F,A
3.5,4250,-2,0.1952,K,F,A
4,4250,-2,0.1755,K,F,A
4.5,4250,-2,0.1535,K,F,A
5,4250,-2,0.1387,K,F,A
0,4500,-2,0.2322,K,F,A
0.5,4500,-2,0.2319,K,F,A
1,4500,-2,0.2293,K,F,A
1.5,4500,-2,0.2247,K,F,A
2,4500,-2,0.2189,K,F,A
2.5,4500,-2,0.2123,K,F,A
3,4500,-2,0.2052,K,F,A
3.5,4500,-2,0.1963,K,F,A
4,4500,-2,0.1836,K,F,A
4.5,4500,-2,0.1667,K,F,A
5,4500,-2,0.1487,K,F,A
0,4750,-2,0.2204,K,F,A
0.5,4750,-2,0.2207,K,F,A
1,4750,-2,0.2196,K,F,A
1.5,4750,-2,0.2165,K,F,A
2,4750,-2,0.2115,K,F,A
2.5,4750,-2,0.2055,K,F,A
3,4750,-2,0.199,K,F,A
3.5,4750,-2,0.1921,K,F,A
4,4750,-2,0.1828,K,F,A
4.5,4750,-2,0.1708,K,F,A
5,4750,-2,0.1565,K,F,A
0,5000,-2,0.2109,K,F,A
0.5,5000,-2,0.2117,K,F,A
1,5000,-2,0.2109,K,F,A
1.5,5000,-2,0.2086,K,F,A
2,5000,-2,0.2053,K,F,A
2.5,5000,-2,0.2004,K,F,A
3,5000,-2,0.1947,K,F,A
3.5,5000,-2,0.1887,K,F,A
4,5000,-2,0.1817,K,F,A
4.5,5000,-2,0.1727,K,F,A
5,5000,-2,0.1613,K,F,A
0,5250,-2,0.2012,K,F,A
0.5,5250,-2,0.2019,K,F,A
1,5250,-2,0.2023,K,F,A
1.5,5250,-2,0.2013,K,F,A
2,5250,-2,0.1989,K,F,A
2.5,5250,-2,0.1959,K,F,A
3,5250,-2,0.1916,K,F,A
3.5,5250,-2,0.1871,K,F,A
4,5250,-2,0.1816,K,F,A
4.5,5250,-2,0.1749,K,F,A
5,5250,-2,0.1649,K,F,A
0,5500,-2,0.1912,K,F,A
0.5,5500,-2,0.191,K,F,A
1,5500,-2,0.1918,K,F,A
1.5,5500,-2,0.1924,K,F,A
2,5500,-2,0.1918,K,F,A
2.5,5500,-2,0.1898,K,F,A
3,5500,-2,0.1879,K,F,A
3.5,5500,-2,0.1842,K,F,A
4,5500,-2,0.1808,K,F,A
4.5,5500,-2,0.1755,K,F,A
5,5500,-2,0.1681,K,F,A
0,5750,-2,0.2023,K,F,A
0.5,5750,-2,0.1826,K,F,A
1,5750,-2,0.1804,K,F,A
1.5,5750,-2,0.1823,K,F,A
2,5750,-2,0.183,K,F,A
2.5,5750,-2,0.1831,K,F,A
3,5750,-2,0.1816,K,F,A
3.5,5750,-2,0.1801,K,F,A
4,5750,-2,0.1799,K,F,A
4.5,5750,-2,0.1754,K,F,A
5,5750,-2,0.1702,K,F,A
0,6000,-2,0.2063,K,F,A
0.5,6000,-2,0.1934,K,F,A
1,6000,-2,0.1721,K,F,A
1.5,6000,-2,0.171,K,F,A
2,6000,-2,0.1732,K,F,A
2.5,6000,-2,0.175,K,F,A
3,6000,-2,0.176,K,F,A
3.5,6000,-2,0.1763,K,F,A
4,6000,-2,0.1753,K,F,A
4.5,6000,-2,0.1755,K,F,A
5,6000,-2,0.1711,K,F,A
0.5,6250,-2,0.1937,K,F,A
1,6250,-2,0.1805,K,F,A
1.5,6250,-2,0.1629,K,F,A
2,6250,-2,0.1632,K,F,A
2.5,6250,-2,0.1665,K,F,A
3,6250,-2,0.1689,K,F,A
3.5,6250,-2,0.1705,K,F,A
4,6250,-2,0.1715,K,F,A
4.5,6250,-2,0.1718,K,F,A
5,6250,-2,0.1707,K,F,A
0.5,6500,-2,0.1973,K,F,A
1,6500,-2,0.1837,K,F,A
1.5,6500,-2,0.1729,K,F,A
2,6500,-2,0.1529,K,F,A
2.5,6500,-2,0.157,K,F,A
3,6500,-2,0.161,K,F,A
3.5,6500,-2,0.1647,K,F,A
4,6500,-2,0.1675,K,F,A
4.5,6500,-2,0.1689,K,F,A
5,6500,-2,0.1687,K,F,A
0.5,6750,-2,0.1982,K,F,A
1,6750,-2,0.1871,K,F,A
1.5,6750,-2,0.1752,K,F,A
2,6750,-2,0.161,K,F,A
2.5,6750,-2,0.148,K,F,A
3,6750,-2,0.1537,K,F,A
3.5,6750,-2,0.1582,K,F,A
4,6750,-2,0.1621,K,F,A
4.5,6750,-2,0.1651,K,F,A
5,6750,-2,0.1657,K,F,A
0.5,7000,-2,0.1995,K,F,A
1,7000,-2,0.185,K,F,A
1.5,7000,-2,0.1787,K,F,A
2,7000,-2,0.1676,K,F,A
2.5,7000,-2,0.1537,K,F,A
3,7000,-2,0.1478,K,F,A
3.5,7000,-2,0.1525,K,F,A
4,7000,-2,0.156,K,F,A
4.5,7000,-2,0.1604,K,F,A
5,7000,-2,0.1624,K,F,A
0.5,7250,-2,0.2002,K,F,A
1,7250,-2,0.1824,K,F,A
1.5,7250,-2,0.1734,K,F,A
2,7250,-2,0.1703,K,F,A
2.5,7250,-2,0.1595,K,F,A
3,7250,-2,0.1457,K,F,A
3.5,7250,-2,0.1449,K,F,A
4,7250,-2,0.1498,K,F,A
4.5,7250,-2,0.1541,K,F,A
5,7250,-2,0.1571,K,F,A
0.5,7500,-2,0.2044,K,F,A
1,7500,-2,0.1817,K,F,A
1.5,7500,-2,0.1704,K,F,A
2,7500,-2,0.165,K,F,A
2.5,7500,-2,0.1644,K,F,A
3,7500,-2,0.1539,K,F,A
3.5,7500,-2,0.1435,K,F,A
4,7500,-2,0.1459,K,F,A
4.5,7500,-2,0.1494,K,F,A
5,7500,-2,0.1526,K,F,A
1,7750,-2,0.1816,K,F,A
1.5,7750,-2,0.1678,K,F,A
2,7750,-2,0.1609,K,F,A
2.5,7750,-2,0.1579,K,F,A
3,7750,-2,0.1585,K,F,A
3.5,7750,-2,0.1491,K,F,A
4,7750,-2,0.1424,K,F,A
4.5,7750,-2,0.1464,K,F,A
5,7750,-2,0.149,K,F,A
1,8000,-2,0.1828,K,F,A
1.5,8000,-2,0.1657,K,F,A
2,8000,-2,0.1572,K,F,A
2.5,8000,-2,0.1532,K,F,A
3,8000,-2,0.1522,K,F,A
3.5,8000,-2,0.1541,K,F,A
4,8000,-2,0.1458,K,F,A
4.5,8000,-2,0.1411,K,F,A
5,8000,-2,0.1453,K,F,A
1.5,8250,-2,0.164,K,F,A
2,8250,-2,0.1541,K,F,A
2.5,8250,-2,0.1492,K,F,A
3,8250,-2,0.1471,K,F,A
3.5,8250,-2,0.1473,K,F,A
4,8250,-2,0.1504,K,F,A
4.5,8250,-2,0.1438,K,F,A
5,8250,-2,0.1398,K,F,A
1.5,8500,-2,0.1631,K,F,A
2,8500,-2,0.1509,K,F,A
2.5,8500,-2,0.1453,K,F,A
3,8500,-2,0.1427,K,F,A
3.5,8500,-2,0.1421,K,F,A
4,8500,-2,0.1435,K,F,A
4.5,8500,-2,0.1467,K,F,A
5,8500,-2,0.1422,K,F,A
2,8750,-2,0.1483,K,F,A
2.5,8750,-2,0.1415,K,F,A
3,8750,-2,0.1386,K,F,A
3.5,8750,-2,0.1376,K,F,A
4,8750,-2,0.1379,K,F,A
4.5,8750,-2,0.141,K,F,A
5,8750,-2,0.1438,K,F,A
2,9000,-2,0.1469,K,F,A
2.5,9000,-2,0.139,K,F,A
3,9000,-2,0.1354,K,F,A
3.5,9000,-2,0.1341,K,F,A
4,9000,-2,0.1343,K,F,A
4.5,9000,-2,0.1352,K,F,A
5,9000,-2,0.1366,K,F,A
2,9250,-2,0.1455,K,F,A
2.5,9250,-2,0.1363,K,F,A
3,9250,-2,0.132,K,F,A
3.5,9250,-2,0.1303,K,F,A
4,9250,-2,0.1303,K,F,A
4.5,9250,-2,0.131,K,F,A
5,9250,-2,0.132,K,F,A
2,9500,-2,0.1447,K,F,A
2.5,9500,-2,0.1342,K,F,A
3,9500,-2,0.1292,K,F,A
3.5,9500,-2,0.1271,K,F,A
4,9500,-2,0.1268,K,F,A
4.5,9500,-2,0.1273,K,F,A
5,9500,-2,0.1279,K,F,A
2,9750,-2,0.1439,K,F,A
2.5,9750,-2,0.1325,K,F,A
3,9750,-2,0.1271,K,F,A
3.5,9750,-2,0.1246,K,F,A
4,9750,-2,0.1237,K,F,A
4.5,9750,-2,0.1239,K,F,A
5,9750,-2,0.1244,K,F,A
2,10000,-2,0.1431,K,F,A
2.5,10000,-2,0.1312,K,F,A
3,10000,-2,0.1252,K,F,A
3.5,10000,-2,0.1223,K,F,A
4,10000,-2,0.1213,K,F,A
4.5,10000,-2,0.1211,K,F,A
5,10000,-2,0.1216,K,F,A
2,10500,-2,0.1413,K,F,A
2.5,10500,-2,0.1286,K,F,A
3,10500,-2,0.122,K,F,A
3.5,10500,-2,0.1186,K,F,A
4,10500,-2,0.1172,K,F,A
4.5,10500,-2,0.1167,K,F,A
5,10500,-2,0.1166,K,F,A
2.5,11000,-2,0.1257,K,F,A
3,11000,-2,0.119,K,F,A
3.5,11000,-2,0.1154,K,F,A
4,11000,-2,0.1138,K,F,A
4.5,11000,-2,0.1131,K,F,A
5,11000,-2,0.1129,K,F,A
2.5,11500,-2,0.1234,K,F,A
3,11500,-2,0.116,K,F,A
3.5,11500,-2,0.1124,K,F,A
4,11500,-2,0.1107,K,F,A
4.5,11500,-2,0.1101,K,F,A
5,11500,-2,0.1098,K,F,A
2.5,12000,-2,0.121,K,F,A
3,12000,-2,0.1133,K,F,A
3.5,12000,-2,0.1095,K,F,A
4,12000,-2,0.1078,K,F,A
4.5,12000,-2,0.1072,K,F,A
5,12000,-2,0.107,K,F,A
2.5,12500,-2,0.1192,K,F,A
3,12500,-2,0.1107,K,F,A
3.5,12500,-2,0.1068,K,F,A
4,12500,-2,0.105,K,F,A
4.5,12500,-2,0.1044,K,F,A
5,12500,-2,0.1044,K,F,A
2.5,13000,-2,0.1176,K,F,A
3,13000,-2,0.1085,K,F,A
3.5,13000,-2,0.1042,K,F,A
4,13000,-2,0.1024,K,F,A
4.5,13000,-2,0.1017,K,F,A
5,13000,-2,0.1016,K,F,A
2,14000,-2,0.1397,K,F,A
2.5,14000,-2,0.1157,K,F,A
3,14000,-2,0.105,K,F,A
3.5,14000,-2,0.0999,K,F,A
4,14000,-2,0.0977,K,F,A
4.5,14000,-2,0.0969,K,F,A
5,14000,-2,0.0969,K,F,A
2.5,15000,-2,0.1148,K,F,A
3,15000,-2,0.1023,K,F,A
3.5,15000,-2,0.0965,K,F,A
4,15000,-2,0.0938,K,F,A
4.5,15000,-2,0.0929,K,F,A
5,15000,-2,0.0928,K,F,A
2.5,16000,-2,0.1148,K,F,A
3,16000,-2,0.1006,K,F,A
3.5,16000,-2,0.0938,K,F,A
4,16000,-2,0.0906,K,F,A
4.5,16000,-2,0.0894,K,F,A
5,16000,-2,0.0892,K,F,A
2.5,17000,-2,0.1158,K,F,A
3,17000,-2,0.0994,K,F,A
3.5,17000,-2,0.0918,K,F,A
4,17000,-2,0.0882,K,F,A
4.5,17000,-2,0.0867,K,F,A
5,17000,-2,0.0864,K,F,A
2.5,18000,-2,0.1176,K,F,A
3,18000,-2,0.0987,K,F,A
3.5,18000,-2,0.0903,K,F,A
4,18000,-2,0.0863,K,F,A
4.5,18000,-2,0.0846,K,F,A
5,18000,-2,0.0842,K,F,A
2.5,19000,-2,0.1209,K,F,A
3,19000,-2,0.0983,K,F,A
3.5,19000,-2,0.0891,K,F,A
4,19000,-2,0.0848,K,F,A
4.5,19000,-2,0.0829,K,F,A
5,19000,-2,0.0824,K,F,A
3,20000,-2,0.0987,K,F,A
3.5,20000,-2,0.0881,K,F,A
4,20000,-2,0.0837,K,F,A
4.5,20000,-2,0.0816,K,F,A
5,20000,-2,0.081,K,F,A
3,21000,-2,0.0999,K,F,A
3.5,21000,-2,0.0877,K,F,A
4,21000,-2,0.0826,K,F,A
4.5,21000,-2,0.0805,K,F,A
5,21000,-2,0.08,K,F,A
3,22000,-2,0.1021,K,F,A
3.5,22000,-2,0.0882,K,F,A
4,22000,-2,0.0822,K,F,A
4.5,22000,-2,0.0797,K,F,A
5,22000,-2,0.0792,K,F,A
3,23000,-2,0.105,K,F,A
3.5,23000,-2,0.0894,K,F,A
4,23000,-2,0.0825,K,F,A
4.5,23000,-2,0.0797,K,F,A
5,23000,-2,0.0788,K,F,A
3,24000,-2,0.1085,K,F,A
3.5,24000,-2,0.091,K,F,A
4,24000,-2,0.0835,K,F,A
4.5,24000,-2,0.0801,K,F,A
5,24000,-2,0.079,K,F,A
3,25000,-2,0.1129,K,F,A
3.5,25000,-2,0.0931,K,F,A
4,25000,-2,0.0848,K,F,A
4.5,25000,-2,0.0812,K,F,A
5,25000,-2,0.0797,K,F,A
3,26000,-2,0.1176,K,F,A
3.5,26000,-2,0.0952,K,F,A
4,26000,-2,0.0864,K,F,A
4.5,26000,-2,0.0825,K,F,A
5,26000,-2,0.0807,K,F,A
3.5,27000,-2,0.0969,K,F,A
4,27000,-2,0.0877,K,F,A
4.5,27000,-2,0.0834,K,F,A
5,27000,-2,0.0816,K,F,A
3.5,28000,-2,0.0977,K,F,A
4,28000,-2,0.0883,K,F,A
4.5,28000,-2,0.0842,K,F,A
5,28000,-2,0.0821,K,F,A
3.5,29000,-2,0.0965,K,F,A
4,29000,-2,0.0881,K,F,A
4.5,29000,-2,0.0839,K,F,A
5,29000,-2,0.082,K,F,A
4,30000,-2,0.0864,K,F,A
4.5,30000,-2,0.0826,K,F,A
5,30000,-2,0.081,K,F,A
4,31000,-2,0.0832,K,F,A
4.5,31000,-2,0.0805,K,F,A
5,31000,-2,0.0786,K,F,A
4,32000,-2,0.0795,K,F,A
4.5,32000,-2,0.0767,K,F,A
5,32000,-2,0.0756,K,F,A
4.5,33000,-2,0.0724,K,F,A
5,33000,-2,0.0715,K,F,A
4.5,34000,-2,0.0683,K,F,A
5,34000,-2,0.0672,K,F,A
4.5,35000,-2,0.0647,K,F,A
5,35000,-2,0.0631,K,F,A
4.5,37500,-2,0.0572,K,F,A
5,37500,-2,0.055,K,F,A
4.5,40000,-2,0.0512,K,F,A
5,40000,-2,0.0477,K,F,A
5,42500,-2,0.0446,K,F,A
5,45000,-2,0.0438,K,F,A
5,47500,-2,0.0434,K,F,A
5,50000,-2,0.043,K,F,A
0,3500,-1.5,0.2998,K,F,A
0.5,3500,-1.5,0.2958,K,F,A
1,3500,-1.5,0.2912,K,F,A
1.5,3500,-1.5,0.2865,K,F,A
2,3500,-1.5,0.2749,K,F,A
2.5,3500,-1.5,0.2096,K,F,A
3,3500,-1.5,0.1528,K,F,A
3.5,3500,-1.5,0.1346,K,F,A
4,3500,-1.5,0.1304,K,F,A
4.5,3500,-1.5,0.1312,K,F,A
5,3500,-1.5,0.1344,K,F,A
0,3750,-1.5,0.2819,K,F,A
0.5,3750,-1.5,0.279,K,F,A
1,3750,-1.5,0.2758,K,F,A
1.5,3750,-1.5,0.2715,K,F,A
2,3750,-1.5,0.2666,K,F,A
2.5,3750,-1.5,0.2603,K,F,A
3,3750,-1.5,0.2318,K,F,A
3.5,3750,-1.5,0.1748,K,F,A
4,3750,-1.5,0.1421,K,F,A
4.5,3750,-1.5,0.1305,K,F,A
5,3750,-1.5,0.1283,K,F,A
0,4000,-1.5,0.2652,K,F,A
0.5,4000,-1.5,0.2633,K,F,A
1,4000,-1.5,0.2612,K,F,A
1.5,4000,-1.5,0.2583,K,F,A
2,4000,-1.5,0.2541,K,F,A
2.5,4000,-1.5,0.2493,K,F,A
3,4000,-1.5,0.2434,K,F,A
3.5,4000,-1.5,0.2271,K,F,A
4,4000,-1.5,0.1901,K,F,A
4.5,4000,-1.5,0.1529,K,F,A
5,4000,-1.5,0.1348,K,F,A
0,4250,-1.5,0.2496,K,F,A
0.5,4250,-1.5,0.2492,K,F,A
1,4250,-1.5,0.2478,K,F,A
1.5,4250,-1.5,0.2448,K,F,A
2,4250,-1.5,0.2413,K,F,A
2.5,4250,-1.5,0.2382,K,F,A
3,4250,-1.5,0.234,K,F,A
3.5,4250,-1.5,0.2269,K,F,A
4,4250,-1.5,0.2142,K,F,A
4.5,4250,-1.5,0.1892,K,F,A
5,4250,-1.5,0.1591,K,F,A
0,4500,-1.5,0.237,K,F,A
0.5,4500,-1.5,0.2369,K,F,A
1,4500,-1.5,0.236,K,F,A
1.5,4500,-1.5,0.2333,K,F,A
2,4500,-1.5,0.2299,K,F,A
2.5,4500,-1.5,0.2273,K,F,A
3,4500,-1.5,0.2235,K,F,A
3.5,4500,-1.5,0.219,K,F,A
4,4500,-1.5,0.2112,K,F,A
4.5,4500,-1.5,0.199,K,F,A
5,4500,-1.5,0.1809,K,F,A
0,4750,-1.5,0.2245,K,F,A
0.5,4750,-1.5,0.2253,K,F,A
1,4750,-1.5,0.2249,K,F,A
1.5,4750,-1.5,0.223,K,F,A
2,4750,-1.5,0.2196,K,F,A
2.5,4750,-1.5,0.2167,K,F,A
3,4750,-1.5,0.2129,K,F,A
3.5,4750,-1.5,0.2091,K,F,A
4,4750,-1.5,0.2037,K,F,A
4.5,4750,-1.5,0.1956,K,F,A
5,4750,-1.5,0.1855,K,F,A
0,5000,-1.5,0.2117,K,F,A
0.5,5000,-1.5,0.2128,K,F,A
1,5000,-1.5,0.2129,K,F,A
1.5,5000,-1.5,0.2114,K,F,A
2,5000,-1.5,0.2095,K,F,A
2.5,5000,-1.5,0.2061,K,F,A
3,5000,-1.5,0.2026,K,F,A
3.5,5000,-1.5,0.1995,K,F,A
4,5000,-1.5,0.1959,K,F,A
4.5,5000,-1.5,0.1899,K,F,A
5,5000,-1.5,0.182,K,F,A
0,5250,-1.5,0.2015,K,F,A
0.5,5250,-1.5,0.2021,K,F,A
1,5250,-1.5,0.2027,K,F,A
1.5,5250,-1.5,0.2024,K,F,A
2,5250,-1.5,0.2004,K,F,A
2.5,5250,-1.5,0.1978,K,F,A
3,5250,-1.5,0.195,K,F,A
3.5,5250,-1.5,0.1919,K,F,A
4,5250,-1.5,0.1891,K,F,A
4.5,5250,-1.5,0.1853,K,F,A
5,5250,-1.5,0.1788,K,F,A
0,5500,-1.5,0.1899,K,F,A
0.5,5500,-1.5,0.1906,K,F,A
1,5500,-1.5,0.1916,K,F,A
1.5,5500,-1.5,0.1926,K,F,A
2,5500,-1.5,0.1922,K,F,A
2.5,5500,-1.5,0.1908,K,F,A
3,5500,-1.5,0.1885,K,F,A
3.5,5500,-1.5,0.1862,K,F,A
4,5500,-1.5,0.1844,K,F,A
4.5,5500,-1.5,0.1813,K,F,A
5,5500,-1.5,0.177,K,F,A
0,5750,-1.5,0.2023,K,F,A
0.5,5750,-1.5,0.1815,K,F,A
1,5750,-1.5,0.1796,K,F,A
1.5,5750,-1.5,0.182,K,F,A
2,5750,-1.5,0.1828,K,F,A
2.5,5750,-1.5,0.1831,K,F,A
3,5750,-1.5,0.1828,K,F,A
3.5,5750,-1.5,0.1807,K,F,A
4,5750,-1.5,0.1807,K,F,A
4.5,5750,-1.5,0.1786,K,F,A
5,5750,-1.5,0.1748,K,F,A
0,6000,-1.5,0.2059,K,F,A
0.5,6000,-1.5,0.1923,K,F,A
1,6000,-1.5,0.1715,K,F,A
1.5,6000,-1.5,0.1698,K,F,A
2,6000,-1.5,0.1727,K,F,A
2.5,6000,-1.5,0.1742,K,F,A
3,6000,-1.5,0.1758,K,F,A
3.5,6000,-1.5,0.1768,K,F,A
4,6000,-1.5,0.1759,K,F,A
4.5,6000,-1.5,0.1759,K,F,A
5,6000,-1.5,0.1734,K,F,A
0.5,6250,-1.5,0.1939,K,F,A
1,6250,-1.5,0.1808,K,F,A
1.5,6250,-1.5,0.1629,K,F,A
2,6250,-1.5,0.1626,K,F,A
2.5,6250,-1.5,0.166,K,F,A
3,6250,-1.5,0.1686,K,F,A
3.5,6250,-1.5,0.1703,K,F,A
4,6250,-1.5,0.1712,K,F,A
4.5,6250,-1.5,0.1724,K,F,A
5,6250,-1.5,0.1718,K,F,A
0.5,6500,-1.5,0.1974,K,F,A
1,6500,-1.5,0.1841,K,F,A
1.5,6500,-1.5,0.173,K,F,A
2,6500,-1.5,0.1554,K,F,A
2.5,6500,-1.5,0.1567,K,F,A
3,6500,-1.5,0.1603,K,F,A
3.5,6500,-1.5,0.1641,K,F,A
4,6500,-1.5,0.1666,K,F,A
4.5,6500,-1.5,0.1688,K,F,A
5,6500,-1.5,0.1687,K,F,A
0.5,6750,-1.5,0.1976,K,F,A
1,6750,-1.5,0.1869,K,F,A
1.5,6750,-1.5,0.1751,K,F,A
2,6750,-1.5,0.1626,K,F,A
2.5,6750,-1.5,0.1475,K,F,A
3,6750,-1.5,0.154,K,F,A
3.5,6750,-1.5,0.158,K,F,A
4,6750,-1.5,0.1614,K,F,A
4.5,6750,-1.5,0.1645,K,F,A
5,6750,-1.5,0.1664,K,F,A
0.5,7000,-1.5,0.1984,K,F,A
1,7000,-1.5,0.1844,K,F,A
1.5,7000,-1.5,0.1783,K,F,A
2,7000,-1.5,0.168,K,F,A
2.5,7000,-1.5,0.1539,K,F,A
3,7000,-1.5,0.1449,K,F,A
3.5,7000,-1.5,0.1528,K,F,A
4,7000,-1.5,0.1566,K,F,A
4.5,7000,-1.5,0.1604,K,F,A
5,7000,-1.5,0.1628,K,F,A
0.5,7250,-1.5,0.1991,K,F,A
1,7250,-1.5,0.1814,K,F,A
1.5,7250,-1.5,0.1729,K,F,A
2,7250,-1.5,0.1696,K,F,A
2.5,7250,-1.5,0.1598,K,F,A
3,7250,-1.5,0.1454,K,F,A
3.5,7250,-1.5,0.1425,K,F,A
4,7250,-1.5,0.1495,K,F,A
4.5,7250,-1.5,0.1535,K,F,A
5,7250,-1.5,0.1569,K,F,A
0.5,7500,-1.5,0.2032,K,F,A
1,7500,-1.5,0.1808,K,F,A
1.5,7500,-1.5,0.1697,K,F,A
2,7500,-1.5,0.1645,K,F,A
2.5,7500,-1.5,0.1633,K,F,A
3,7500,-1.5,0.1537,K,F,A
3.5,7500,-1.5,0.1433,K,F,A
4,7500,-1.5,0.1427,K,F,A
4.5,7500,-1.5,0.1489,K,F,A
5,7500,-1.5,0.1525,K,F,A
1,7750,-1.5,0.1808,K,F,A
1.5,7750,-1.5,0.1672,K,F,A
2,7750,-1.5,0.1603,K,F,A
2.5,7750,-1.5,0.1575,K,F,A
3,7750,-1.5,0.1582,K,F,A
3.5,7750,-1.5,0.1499,K,F,A
4,7750,-1.5,0.1401,K,F,A
4.5,7750,-1.5,0.146,K,F,A
5,7750,-1.5,0.1484,K,F,A
1,8000,-1.5,0.1823,K,F,A
1.5,8000,-1.5,0.1653,K,F,A
2,8000,-1.5,0.1569,K,F,A
2.5,8000,-1.5,0.1528,K,F,A
3,8000,-1.5,0.1517,K,F,A
3.5,8000,-1.5,0.1536,K,F,A
4,8000,-1.5,0.1456,K,F,A
4.5,8000,-1.5,0.1426,K,F,A
5,8000,-1.5,0.145,K,F,A
1.5,8250,-1.5,0.1641,K,F,A
2,8250,-1.5,0.154,K,F,A
2.5,8250,-1.5,0.1489,K,F,A
3,8250,-1.5,0.1467,K,F,A
3.5,8250,-1.5,0.1468,K,F,A
4,8250,-1.5,0.1501,K,F,A
4.5,8250,-1.5,0.1442,K,F,A
5,8250,-1.5,0.1415,K,F,A
1.5,8500,-1.5,0.1634,K,F,A
2,8500,-1.5,0.1514,K,F,A
2.5,8500,-1.5,0.1455,K,F,A
3,8500,-1.5,0.1426,K,F,A
3.5,8500,-1.5,0.1417,K,F,A
4,8500,-1.5,0.1428,K,F,A
4.5,8500,-1.5,0.1463,K,F,A
5,8500,-1.5,0.1413,K,F,A
2,8750,-1.5,0.149,K,F,A
2.5,8750,-1.5,0.1422,K,F,A
3,8750,-1.5,0.139,K,F,A
3.5,8750,-1.5,0.1377,K,F,A
4,8750,-1.5,0.1376,K,F,A
4.5,8750,-1.5,0.1402,K,F,A
5,8750,-1.5,0.1434,K,F,A
2,9000,-1.5,0.1478,K,F,A
2.5,9000,-1.5,0.1398,K,F,A
3,9000,-1.5,0.1362,K,F,A
3.5,9000,-1.5,0.135,K,F,A
4,9000,-1.5,0.1346,K,F,A
4.5,9000,-1.5,0.1352,K,F,A
5,9000,-1.5,0.1362,K,F,A
2,9250,-1.5,0.1466,K,F,A
2.5,9250,-1.5,0.137,K,F,A
3,9250,-1.5,0.1326,K,F,A
3.5,9250,-1.5,0.1311,K,F,A
4,9250,-1.5,0.1311,K,F,A
4.5,9250,-1.5,0.1312,K,F,A
5,9250,-1.5,0.1318,K,F,A
2,9500,-1.5,0.1457,K,F,A
2.5,9500,-1.5,0.135,K,F,A
3,9500,-1.5,0.1297,K,F,A
3.5,9500,-1.5,0.1276,K,F,A
4,9500,-1.5,0.1273,K,F,A
4.5,9500,-1.5,0.1277,K,F,A
5,9500,-1.5,0.128,K,F,A
2,9750,-1.5,0.145,K,F,A
2.5,9750,-1.5,0.1333,K,F,A
3,9750,-1.5,0.1275,K,F,A
3.5,9750,-1.5,0.1247,K,F,A
4,9750,-1.5,0.1239,K,F,A
4.5,9750,-1.5,0.1242,K,F,A
5,9750,-1.5,0.1248,K,F,A
2,10000,-1.5,0.144,K,F,A
2.5,10000,-1.5,0.1319,K,F,A
3,10000,-1.5,0.1257,K,F,A
3.5,10000,-1.5,0.1223,K,F,A
4,10000,-1.5,0.1212,K,F,A
4.5,10000,-1.5,0.1211,K,F,A
5,10000,-1.5,0.1216,K,F,A
2,10500,-1.5,0.1421,K,F,A
2.5,10500,-1.5,0.1291,K,F,A
3,10500,-1.5,0.1224,K,F,A
3.5,10500,-1.5,0.1188,K,F,A
4,10500,-1.5,0.1171,K,F,A
4.5,10500,-1.5,0.1163,K,F,A
5,10500,-1.5,0.1163,K,F,A
2.5,11000,-1.5,0.1264,K,F,A
3,11000,-1.5,0.1193,K,F,A
3.5,11000,-1.5,0.1156,K,F,A
4,11000,-1.5,0.1138,K,F,A
4.5,11000,-1.5,0.1128,K,F,A
5,11000,-1.5,0.1125,K,F,A
2.5,11500,-1.5,0.1235,K,F,A
3,11500,-1.5,0.1162,K,F,A
3.5,11500,-1.5,0.1125,K,F,A
4,11500,-1.5,0.1107,K,F,A
4.5,11500,-1.5,0.1099,K,F,A
5,11500,-1.5,0.1094,K,F,A
2.5,12000,-1.5,0.1211,K,F,A
3,12000,-1.5,0.1132,K,F,A
3.5,12000,-1.5,0.1095,K,F,A
4,12000,-1.5,0.1076,K,F,A
4.5,12000,-1.5,0.107,K,F,A
5,12000,-1.5,0.1067,K,F,A
2.5,12500,-1.5,0.119,K,F,A
3,12500,-1.5,0.1105,K,F,A
3.5,12500,-1.5,0.1066,K,F,A
4,12500,-1.5,0.1048,K,F,A
4.5,12500,-1.5,0.1041,K,F,A
5,12500,-1.5,0.104,K,F,A
2.5,13000,-1.5,0.1174,K,F,A
3,13000,-1.5,0.1082,K,F,A
3.5,13000,-1.5,0.1039,K,F,A
4,13000,-1.5,0.102,K,F,A
4.5,13000,-1.5,0.1015,K,F,A
5,13000,-1.5,0.1014,K,F,A
2,14000,-1.5,0.1399,K,F,A
2.5,14000,-1.5,0.1153,K,F,A
3,14000,-1.5,0.1045,K,F,A
3.5,14000,-1.5,0.0994,K,F,A
4,14000,-1.5,0.0972,K,F,A
4.5,14000,-1.5,0.0965,K,F,A
5,14000,-1.5,0.0964,K,F,A
2.5,15000,-1.5,0.1145,K,F,A
3,15000,-1.5,0.1018,K,F,A
3.5,15000,-1.5,0.0958,K,F,A
4,15000,-1.5,0.0931,K,F,A
4.5,15000,-1.5,0.0922,K,F,A
5,15000,-1.5,0.0922,K,F,A
2.5,16000,-1.5,0.1145,K,F,A
3,16000,-1.5,0.0999,K,F,A
3.5,16000,-1.5,0.093,K,F,A
4,16000,-1.5,0.0899,K,F,A
4.5,16000,-1.5,0.0886,K,F,A
5,16000,-1.5,0.0884,K,F,A
2.5,17000,-1.5,0.1155,K,F,A
3,17000,-1.5,0.0986,K,F,A
3.5,17000,-1.5,0.0909,K,F,A
4,17000,-1.5,0.0873,K,F,A
4.5,17000,-1.5,0.0857,K,F,A
5,17000,-1.5,0.0855,K,F,A
2.5,18000,-1.5,0.1173,K,F,A
3,18000,-1.5,0.0979,K,F,A
3.5,18000,-1.5,0.0893,K,F,A
4,18000,-1.5,0.0853,K,F,A
4.5,18000,-1.5,0.0835,K,F,A
5,18000,-1.5,0.083,K,F,A
2.5,19000,-1.5,0.1209,K,F,A
3,19000,-1.5,0.0974,K,F,A
3.5,19000,-1.5,0.0878,K,F,A
4,19000,-1.5,0.0835,K,F,A
4.5,19000,-1.5,0.0815,K,F,A
5,19000,-1.5,0.0811,K,F,A
3,20000,-1.5,0.098,K,F,A
3.5,20000,-1.5,0.087,K,F,A
4,20000,-1.5,0.0823,K,F,A
4.5,20000,-1.5,0.0802,K,F,A
5,20000,-1.5,0.0796,K,F,A
3,21000,-1.5,0.0993,K,F,A
3.5,21000,-1.5,0.0867,K,F,A
4,21000,-1.5,0.0813,K,F,A
4.5,21000,-1.5,0.0791,K,F,A
5,21000,-1.5,0.0786,K,F,A
3,22000,-1.5,0.1016,K,F,A
3.5,22000,-1.5,0.0873,K,F,A
4,22000,-1.5,0.0811,K,F,A
4.5,22000,-1.5,0.0785,K,F,A
5,22000,-1.5,0.0779,K,F,A
3,23000,-1.5,0.1044,K,F,A
3.5,23000,-1.5,0.0886,K,F,A
4,23000,-1.5,0.0816,K,F,A
4.5,23000,-1.5,0.0786,K,F,A
5,23000,-1.5,0.0778,K,F,A
3,24000,-1.5,0.1076,K,F,A
3.5,24000,-1.5,0.0902,K,F,A
4,24000,-1.5,0.0826,K,F,A
4.5,24000,-1.5,0.0792,K,F,A
5,24000,-1.5,0.078,K,F,A
3,25000,-1.5,0.1119,K,F,A
3.5,25000,-1.5,0.092,K,F,A
4,25000,-1.5,0.084,K,F,A
4.5,25000,-1.5,0.0803,K,F,A
5,25000,-1.5,0.0788,K,F,A
3,26000,-1.5,0.1168,K,F,A
3.5,26000,-1.5,0.0941,K,F,A
4,26000,-1.5,0.0854,K,F,A
4.5,26000,-1.5,0.0815,K,F,A
5,26000,-1.5,0.0799,K,F,A
3.5,27000,-1.5,0.0957,K,F,A
4,27000,-1.5,0.0865,K,F,A
4.5,27000,-1.5,0.0825,K,F,A
5,27000,-1.5,0.0809,K,F,A
3.5,28000,-1.5,0.0969,K,F,A
4,28000,-1.5,0.0872,K,F,A
4.5,28000,-1.5,0.0829,K,F,A
5,28000,-1.5,0.0813,K,F,A
3.5,29000,-1.5,0.0959,K,F,A
4,29000,-1.5,0.087,K,F,A
4.5,29000,-1.5,0.0829,K,F,A
5,29000,-1.5,0.081,K,F,A
3.5,30000,-1.5,0.0935,K,F,A
4,30000,-1.5,0.0858,K,F,A
4.5,30000,-1.5,0.0817,K,F,A
5,30000,-1.5,0.08,K,F,A
3.5,31000,-1.5,0.0909,K,F,A
4,31000,-1.5,0.0829,K,F,A
4.5,31000,-1.5,0.0795,K,F,A
5,31000,-1.5,0.0779,K,F,A
4,32000,-1.5,0.0795,K,F,A
4.5,32000,-1.5,0.0764,K,F,A
5,32000,-1.5,0.075,K,F,A
4,33000,-1.5,0.0762,K,F,A
4.5,33000,-1.5,0.0727,K,F,A
5,33000,-1.5,0.0712,K,F,A
4,34000,-1.5,0.0736,K,F,A
4.5,34000,-1.5,0.0688,K,F,A
5,34000,-1.5,0.0674,K,F,A
4,35000,-1.5,0.0713,K,F,A
4.5,35000,-1.5,0.0658,K,F,A
5,35000,-1.5,0.0635,K,F,A
4.5,37500,-1.5,0.059,K,F,A
5,37500,-1.5,0.0565,K,F,A
4.5,40000,-1.5,0.0528,K,F,A
5,40000,-1.5,0.049,K,F,A
5,42500,-1.5,0.0459,K,F,A
5,45000,-1.5,0.0449,K,F,A
5,47500,-1.5,0.0442,K,F,A
5,50000,-1.5,0.0437,K,F,A
0,3500,-1,0.3116,K,F,A
0.5,3500,-1,0.3063,K,F,A
1,3500,-1,0.3025,K,F,A
1.5,3500,-1,0.3011,K,F,A
2,3500,-1,0.2975,K,F,A
2.5,3500,-1,0.2746,K,F,A
3,3500,-1,0.1912,K,F,A
3.5,3500,-1,0.1487,K,F,A
4,3500,-1,0.1356,K,F,A
4.5,3500,-1,0.1327,K,F,A
5,3500,-1,0.1342,K,F,A
0,3750,-1,0.2937,K,F,A
0.5,3750,-1,0.2921,K,F,A
1,3750,-1,0.2876,K,F,A
1.5,3750,-1,0.2835,K,F,A
2,3750,-1,0.2812,K,F,A
2.5,3750,-1,0.2808,K,F,A
3,3750,-1,0.2691,K,F,A
3.5,3750,-1,0.217,K,F,A
4,3750,-1,0.1619,K,F,A
4.5,3750,-1,0.1392,K,F,A
5,3750,-1,0.1319,K,F,A
0,4000,-1,0.276,K,F,A
0.5,4000,-1,0.2755,K,F,A
1,4000,-1,0.273,K,F,A
1.5,4000,-1,0.2691,K,F,A
2,4000,-1,0.2668,K,F,A
2.5,4000,-1,0.2647,K,F,A
3,4000,-1,0.2628,K,F,A
3.5,4000,-1,0.2573,K,F,A
4,4000,-1,0.228,K,F,A
4.5,4000,-1,0.1783,K,F,A
5,4000,-1,0.1468,K,F,A
0,4250,-1,0.2594,K,F,A
0.5,4250,-1,0.2599,K,F,A
1,4250,-1,0.2578,K,F,A
1.5,4250,-1,0.2558,K,F,A
2,4250,-1,0.2531,K,F,A
2.5,4250,-1,0.2512,K,F,A
3,4250,-1,0.2503,K,F,A
3.5,4250,-1,0.2477,K,F,A
4,4250,-1,0.2426,K,F,A
4.5,4250,-1,0.2248,K,F,A
5,4250,-1,0.188,K,F,A
0,4500,-1,0.2429,K,F,A
0.5,4500,-1,0.2432,K,F,A
1,4500,-1,0.2432,K,F,A
1.5,4500,-1,0.2421,K,F,A
2,4500,-1,0.2408,K,F,A
2.5,4500,-1,0.2384,K,F,A
3,4500,-1,0.2374,K,F,A
3.5,4500,-1,0.236,K,F,A
4,4500,-1,0.2332,K,F,A
4.5,4500,-1,0.2273,K,F,A
5,4500,-1,0.2149,K,F,A
0,4750,-1,0.2293,K,F,A
0.5,4750,-1,0.23,K,F,A
1,4750,-1,0.2299,K,F,A
1.5,4750,-1,0.2295,K,F,A
2,4750,-1,0.2285,K,F,A
2.5,4750,-1,0.2267,K,F,A
3,4750,-1,0.2253,K,F,A
3.5,4750,-1,0.2241,K,F,A
4,4750,-1,0.2224,K,F,A
4.5,4750,-1,0.2195,K,F,A
5,4750,-1,0.2141,K,F,A
0,5000,-1,0.2148,K,F,A
0.5,5000,-1,0.2161,K,F,A
1,5000,-1,0.2174,K,F,A
1.5,5000,-1,0.217,K,F,A
2,5000,-1,0.2162,K,F,A
2.5,5000,-1,0.2152,K,F,A
3,5000,-1,0.214,K,F,A
3.5,5000,-1,0.2125,K,F,A
4,5000,-1,0.211,K,F,A
4.5,5000,-1,0.2092,K,F,A
5,5000,-1,0.2058,K,F,A
0,5250,-1,0.2019,K,F,A
0.5,5250,-1,0.2028,K,F,A
1,5250,-1,0.2042,K,F,A
1.5,5250,-1,0.2042,K,F,A
2,5250,-1,0.2036,K,F,A
2.5,5250,-1,0.2021,K,F,A
3,5250,-1,0.2018,K,F,A
3.5,5250,-1,0.2008,K,F,A
4,5250,-1,0.2001,K,F,A
4.5,5250,-1,0.1984,K,F,A
5,5250,-1,0.1962,K,F,A
0,5500,-1,0.2182,K,F,A
0.5,5500,-1,0.1904,K,F,A
1,5500,-1,0.1914,K,F,A
1.5,5500,-1,0.1926,K,F,A
2,5500,-1,0.1928,K,F,A
2.5,5500,-1,0.1918,K,F,A
3,5500,-1,0.191,K,F,A
3.5,5500,-1,0.1912,K,F,A
4,5500,-1,0.1906,K,F,A
4.5,5500,-1,0.189,K,F,A
5,5500,-1,0.1866,K,F,A
0,5750,-1,0.2127,K,F,A
0.5,5750,-1,0.2105,K,F,A
1,5750,-1,0.1792,K,F,A
1.5,5750,-1,0.1814,K,F,A
2,5750,-1,0.1825,K,F,A
2.5,5750,-1,0.183,K,F,A
3,5750,-1,0.1831,K,F,A
3.5,5750,-1,0.1839,K,F,A
4,5750,-1,0.1846,K,F,A
4.5,5750,-1,0.1837,K,F,A
5,5750,-1,0.1821,K,F,A
0,6000,-1,0.2108,K,F,A
0.5,6000,-1,0.2039,K,F,A
1,6000,-1,0.2039,K,F,A
1.5,6000,-1,0.1691,K,F,A
2,6000,-1,0.1719,K,F,A
2.5,6000,-1,0.1739,K,F,A
3,6000,-1,0.1761,K,F,A
3.5,6000,-1,0.1776,K,F,A
4,6000,-1,0.1777,K,F,A
4.5,6000,-1,0.1787,K,F,A
5,6000,-1,0.1772,K,F,A
0.5,6250,-1,0.1996,K,F,A
1,6250,-1,0.1964,K,F,A
1.5,6250,-1,0.1978,K,F,A
2,6250,-1,0.1618,K,F,A
2.5,6250,-1,0.1652,K,F,A
3,6250,-1,0.1683,K,F,A
3.5,6250,-1,0.1711,K,F,A
4,6250,-1,0.1727,K,F,A
4.5,6250,-1,0.174,K,F,A
5,6250,-1,0.1741,K,F,A
0.5,6500,-1,0.197,K,F,A
1,6500,-1,0.1908,K,F,A
1.5,6500,-1,0.1903,K,F,A
2,6500,-1,0.1925,K,F,A
2.5,6500,-1,0.1557,K,F,A
3,6500,-1,0.16,K,F,A
3.5,6500,-1,0.1638,K,F,A
4,6500,-1,0.1671,K,F,A
4.5,6500,-1,0.1694,K,F,A
5,6500,-1,0.1694,K,F,A
0.5,6750,-1,0.1965,K,F,A
1,6750,-1,0.1863,K,F,A
1.5,6750,-1,0.1835,K,F,A
2,6750,-1,0.1843,K,F,A
2.5,6750,-1,0.1873,K,F,A
3,6750,-1,0.153,K,F,A
3.5,6750,-1,0.1569,K,F,A
4,6750,-1,0.1609,K,F,A
4.5,6750,-1,0.1639,K,F,A
5,6750,-1,0.1655,K,F,A
0.5,7000,-1,0.1975,K,F,A
1,7000,-1,0.1835,K,F,A
1.5,7000,-1,0.1778,K,F,A
2,7000,-1,0.1772,K,F,A
2.5,7000,-1,0.1792,K,F,A
3,7000,-1,0.1825,K,F,A
3.5,7000,-1,0.1518,K,F,A
4,7000,-1,0.1552,K,F,A
4.5,7000,-1,0.1588,K,F,A
5,7000,-1,0.1616,K,F,A
0.5,7250,-1,0.1996,K,F,A
1,7250,-1,0.1822,K,F,A
1.5,7250,-1,0.1737,K,F,A
2,7250,-1,0.1707,K,F,A
2.5,7250,-1,0.1717,K,F,A
3,7250,-1,0.1742,K,F,A
3.5,7250,-1,0.1491,K,F,A
4,7250,-1,0.1504,K,F,A
4.5,7250,-1,0.154,K,F,A
5,7250,-1,0.1571,K,F,A
0.5,7500,-1,0.2034,K,F,A
1,7500,-1,0.1814,K,F,A
1.5,7500,-1,0.1709,K,F,A
2,7500,-1,0.1655,K,F,A
2.5,7500,-1,0.1645,K,F,A
3,7500,-1,0.1663,K,F,A
3.5,7500,-1,0.1697,K,F,A
4,7500,-1,0.1477,K,F,A
4.5,7500,-1,0.1499,K,F,A
5,7500,-1,0.1527,K,F,A
1,7750,-1,0.1813,K,F,A
1.5,7750,-1,0.168,K,F,A
2,7750,-1,0.1614,K,F,A
2.5,7750,-1,0.1586,K,F,A
3,7750,-1,0.1588,K,F,A
3.5,7750,-1,0.1618,K,F,A
4,7750,-1,0.1657,K,F,A
4.5,7750,-1,0.1488,K,F,A
5,7750,-1,0.1492,K,F,A
1,8000,-1,0.1831,K,F,A
1.5,8000,-1,0.166,K,F,A
2,8000,-1,0.1577,K,F,A
2.5,8000,-1,0.1538,K,F,A
3,8000,-1,0.1527,K,F,A
3.5,8000,-1,0.1542,K,F,A
4,8000,-1,0.1582,K,F,A
4.5,8000,-1,0.1623,K,F,A
5,8000,-1,0.1461,K,F,A
1,8250,-1,0.188,K,F,A
1.5,8250,-1,0.165,K,F,A
2,8250,-1,0.1549,K,F,A
2.5,8250,-1,0.1497,K,F,A
3,8250,-1,0.1477,K,F,A
3.5,8250,-1,0.1475,K,F,A
4,8250,-1,0.1504,K,F,A
4.5,8250,-1,0.1552,K,F,A
5,8250,-1,0.1597,K,F,A
1.5,8500,-1,0.165,K,F,A
2,8500,-1,0.1527,K,F,A
2.5,8500,-1,0.1464,K,F,A
3,8500,-1,0.1436,K,F,A
3.5,8500,-1,0.1425,K,F,A
4,8500,-1,0.1432,K,F,A
4.5,8500,-1,0.1477,K,F,A
5,8500,-1,0.1516,K,F,A
1.5,8750,-1,0.1658,K,F,A
2,8750,-1,0.1511,K,F,A
2.5,8750,-1,0.1438,K,F,A
3,8750,-1,0.1402,K,F,A
3.5,8750,-1,0.1386,K,F,A
4,8750,-1,0.1382,K,F,A
4.5,8750,-1,0.1397,K,F,A
5,8750,-1,0.1447,K,F,A
1.5,9000,-1,0.1672,K,F,A
2,9000,-1,0.1496,K,F,A
2.5,9000,-1,0.1413,K,F,A
3,9000,-1,0.1373,K,F,A
3.5,9000,-1,0.1353,K,F,A
4,9000,-1,0.1344,K,F,A
4.5,9000,-1,0.1344,K,F,A
5,9000,-1,0.1354,K,F,A
2,9250,-1,0.1484,K,F,A
2.5,9250,-1,0.139,K,F,A
3,9250,-1,0.1343,K,F,A
3.5,9250,-1,0.1322,K,F,A
4,9250,-1,0.1315,K,F,A
4.5,9250,-1,0.131,K,F,A
5,9250,-1,0.1313,K,F,A
2,9500,-1,0.1474,K,F,A
2.5,9500,-1,0.1366,K,F,A
3,9500,-1,0.1317,K,F,A
3.5,9500,-1,0.1292,K,F,A
4,9500,-1,0.1283,K,F,A
4.5,9500,-1,0.128,K,F,A
5,9500,-1,0.1278,K,F,A
2,9750,-1,0.1466,K,F,A
2.5,9750,-1,0.1348,K,F,A
3,9750,-1,0.1289,K,F,A
3.5,9750,-1,0.1263,K,F,A
4,9750,-1,0.1252,K,F,A
4.5,9750,-1,0.125,K,F,A
5,9750,-1,0.1247,K,F,A
2,10000,-1,0.1457,K,F,A
2.5,10000,-1,0.1332,K,F,A
3,10000,-1,0.1267,K,F,A
3.5,10000,-1,0.1236,K,F,A
4,10000,-1,0.1224,K,F,A
4.5,10000,-1,0.1221,K,F,A
5,10000,-1,0.1222,K,F,A
2,10500,-1,0.1436,K,F,A
2.5,10500,-1,0.1303,K,F,A
3,10500,-1,0.1233,K,F,A
3.5,10500,-1,0.1193,K,F,A
4,10500,-1,0.1174,K,F,A
4.5,10500,-1,0.1168,K,F,A
5,10500,-1,0.1167,K,F,A
2.5,11000,-1,0.1273,K,F,A
3,11000,-1,0.1199,K,F,A
3.5,11000,-1,0.116,K,F,A
4,11000,-1,0.1138,K,F,A
4.5,11000,-1,0.1128,K,F,A
5,11000,-1,0.1126,K,F,A
2.5,11500,-1,0.1242,K,F,A
3,11500,-1,0.1167,K,F,A
3.5,11500,-1,0.1128,K,F,A
4,11500,-1,0.1108,K,F,A
4.5,11500,-1,0.1096,K,F,A
5,11500,-1,0.1091,K,F,A
2.5,12000,-1,0.1216,K,F,A
3,12000,-1,0.1136,K,F,A
3.5,12000,-1,0.1097,K,F,A
4,12000,-1,0.1077,K,F,A
4.5,12000,-1,0.1067,K,F,A
5,12000,-1,0.1063,K,F,A
2.5,12500,-1,0.1192,K,F,A
3,12500,-1,0.1107,K,F,A
3.5,12500,-1,0.1066,K,F,A
4,12500,-1,0.1047,K,F,A
4.5,12500,-1,0.104,K,F,A
5,12500,-1,0.1037,K,F,A
2.5,13000,-1,0.1176,K,F,A
3,13000,-1,0.1081,K,F,A
3.5,13000,-1,0.1037,K,F,A
4,13000,-1,0.1019,K,F,A
4.5,13000,-1,0.1011,K,F,A
5,13000,-1,0.101,K,F,A
2,14000,-1,0.1405,K,F,A
2.5,14000,-1,0.1154,K,F,A
3,14000,-1,0.1043,K,F,A
3.5,14000,-1,0.0991,K,F,A
4,14000,-1,0.0968,K,F,A
4.5,14000,-1,0.096,K,F,A
5,14000,-1,0.096,K,F,A
2.5,15000,-1,0.1146,K,F,A
3,15000,-1,0.1015,K,F,A
3.5,15000,-1,0.0954,K,F,A
4,15000,-1,0.0925,K,F,A
4.5,15000,-1,0.0915,K,F,A
5,15000,-1,0.0915,K,F,A
2.5,16000,-1,0.1148,K,F,A
3,16000,-1,0.0997,K,F,A
3.5,16000,-1,0.0926,K,F,A
4,16000,-1,0.0892,K,F,A
4.5,16000,-1,0.0878,K,F,A
5,16000,-1,0.0876,K,F,A
2.5,17000,-1,0.116,K,F,A
3,17000,-1,0.0985,K,F,A
3.5,17000,-1,0.0905,K,F,A
4,17000,-1,0.0867,K,F,A
4.5,17000,-1,0.085,K,F,A
5,17000,-1,0.0846,K,F,A
2.5,18000,-1,0.1183,K,F,A
3,18000,-1,0.0977,K,F,A
3.5,18000,-1,0.0887,K,F,A
4,18000,-1,0.0845,K,F,A
4.5,18000,-1,0.0825,K,F,A
5,18000,-1,0.082,K,F,A
2.5,19000,-1,0.1224,K,F,A
3,19000,-1,0.0975,K,F,A
3.5,19000,-1,0.0873,K,F,A
4,19000,-1,0.0827,K,F,A
4.5,19000,-1,0.0806,K,F,A
5,19000,-1,0.0799,K,F,A
3,20000,-1,0.0982,K,F,A
3.5,20000,-1,0.0865,K,F,A
4,20000,-1,0.0814,K,F,A
4.5,20000,-1,0.0792,K,F,A
5,20000,-1,0.0783,K,F,A
3,21000,-1,0.0999,K,F,A
3.5,21000,-1,0.0863,K,F,A
4,21000,-1,0.0804,K,F,A
4.5,21000,-1,0.0779,K,F,A
5,21000,-1,0.0773,K,F,A
3,22000,-1,0.1023,K,F,A
3.5,22000,-1,0.0871,K,F,A
4,22000,-1,0.0803,K,F,A
4.5,22000,-1,0.0774,K,F,A
5,22000,-1,0.0766,K,F,A
3,23000,-1,0.105,K,F,A
3.5,23000,-1,0.0885,K,F,A
4,23000,-1,0.081,K,F,A
4.5,23000,-1,0.0776,K,F,A
5,23000,-1,0.0765,K,F,A
3,24000,-1,0.1081,K,F,A
3.5,24000,-1,0.09,K,F,A
4,24000,-1,0.0821,K,F,A
4.5,24000,-1,0.0784,K,F,A
5,24000,-1,0.077,K,F,A
3,25000,-1,0.1121,K,F,A
3.5,25000,-1,0.0916,K,F,A
4,25000,-1,0.0834,K,F,A
4.5,25000,-1,0.0795,K,F,A
5,25000,-1,0.078,K,F,A
3,26000,-1,0.1175,K,F,A
3.5,26000,-1,0.0934,K,F,A
4,26000,-1,0.0847,K,F,A
4.5,26000,-1,0.0808,K,F,A
5,26000,-1,0.0791,K,F,A
3.5,27000,-1,0.095,K,F,A
4,27000,-1,0.0856,K,F,A
4.5,27000,-1,0.0817,K,F,A
5,27000,-1,0.08,K,F,A
3.5,28000,-1,0.0966,K,F,A
4,28000,-1,0.0861,K,F,A
4.5,28000,-1,0.0819,K,F,A
5,28000,-1,0.0803,K,F,A
3.5,29000,-1,0.0963,K,F,A
4,29000,-1,0.0865,K,F,A
4.5,29000,-1,0.0819,K,F,A
5,29000,-1,0.0801,K,F,A
3.5,30000,-1,0.0945,K,F,A
4,30000,-1,0.0859,K,F,A
4.5,30000,-1,0.0811,K,F,A
5,30000,-1,0.0791,K,F,A
3.5,31000,-1,0.0927,K,F,A
4,31000,-1,0.0833,K,F,A
4.5,31000,-1,0.0792,K,F,A
5,31000,-1,0.0773,K,F,A
4,32000,-1,0.0803,K,F,A
4.5,32000,-1,0.0766,K,F,A
5,32000,-1,0.0748,K,F,A
4,33000,-1,0.0776,K,F,A
4.5,33000,-1,0.0734,K,F,A
5,33000,-1,0.0717,K,F,A
4,34000,-1,0.0753,K,F,A
4.5,34000,-1,0.0701,K,F,A
5,34000,-1,0.0679,K,F,A
4,35000,-1,0.0729,K,F,A
4.5,35000,-1,0.0672,K,F,A
5,35000,-1,0.0647,K,F,A
4.5,37500,-1,0.0614,K,F,A
5,37500,-1,0.0583,K,F,A
4.5,40000,-1,0.0558,K,F,A
5,40000,-1,0.0517,K,F,A
5,42500,-1,0.0482,K,F,A
5,45000,-1,0.047,K,F,A
5,47500,-1,0.0464,K,F,A
5,50000,-1,0.0459,K,F,A
0,3500,-0.5,0.3165,K,F,A
0.5,3500,-0.5,0.3149,K,F,A
1,3500,-0.5,0.3132,K,F,A
1.5,3500,-0.5,0.3113,K,F,A
2,3500,-0.5,0.3088,K,F,A
2.5,3500,-0.5,0.3039,K,F,A
3,3500,-0.5,0.2668,K,F,A
3.5,3500,-0.5,0.1865,K,F,A
4,3500,-0.5,0.1497,K,F,A
4.5,3500,-0.5,0.1387,K,F,A
5,3500,-0.5,0.1353,K,F,A
0,3750,-0.5,0.3004,K,F,A
0.5,3750,-0.5,0.2998,K,F,A
1,3750,-0.5,0.2991,K,F,A
1.5,3750,-0.5,0.2981,K,F,A
2,3750,-0.5,0.2971,K,F,A
2.5,3750,-0.5,0.2955,K,F,A
3,3750,-0.5,0.2911,K,F,A
3.5,3750,-0.5,0.2669,K,F,A
4,3750,-0.5,0.202,K,F,A
4.5,3750,-0.5,0.1572,K,F,A
5,3750,-0.5,0.1399,K,F,A
0,4000,-0.5,0.2834,K,F,A
0.5,4000,-0.5,0.284,K,F,A
1,4000,-0.5,0.2835,K,F,A
1.5,4000,-0.5,0.2825,K,F,A
2,4000,-0.5,0.2827,K,F,A
2.5,4000,-0.5,0.2824,K,F,A
3,4000,-0.5,0.2813,K,F,A
3.5,4000,-0.5,0.2779,K,F,A
4,4000,-0.5,0.2615,K,F,A
4.5,4000,-0.5,0.2151,K,F,A
5,4000,-0.5,0.1673,K,F,A
0,4250,-0.5,0.2666,K,F,A
0.5,4250,-0.5,0.2666,K,F,A
1,4250,-0.5,0.2665,K,F,A
1.5,4250,-0.5,0.2673,K,F,A
2,4250,-0.5,0.2668,K,F,A
2.5,4250,-0.5,0.2673,K,F,A
3,4250,-0.5,0.2678,K,F,A
3.5,4250,-0.5,0.2672,K,F,A
4,4250,-0.5,0.2645,K,F,A
4.5,4250,-0.5,0.2527,K,F,A
5,4250,-0.5,0.2205,K,F,A
0,4500,-0.5,0.2503,K,F,A
0.5,4500,-0.5,0.2505,K,F,A
1,4500,-0.5,0.2512,K,F,A
1.5,4500,-0.5,0.2521,K,F,A
2,4500,-0.5,0.2519,K,F,A
2.5,4500,-0.5,0.2523,K,F,A
3,4500,-0.5,0.2535,K,F,A
3.5,4500,-0.5,0.2543,K,F,A
4,4500,-0.5,0.2541,K,F,A
4.5,4500,-0.5,0.2513,K,F,A
5,4500,-0.5,0.2423,K,F,A
0,4750,-0.5,0.2349,K,F,A
0.5,4750,-0.5,0.2354,K,F,A
1,4750,-0.5,0.2363,K,F,A
1.5,4750,-0.5,0.2372,K,F,A
2,4750,-0.5,0.238,K,F,A
2.5,4750,-0.5,0.2382,K,F,A
3,4750,-0.5,0.2391,K,F,A
3.5,4750,-0.5,0.2415,K,F,A
4,4750,-0.5,0.242,K,F,A
4.5,4750,-0.5,0.2412,K,F,A
5,4750,-0.5,0.2381,K,F,A
0,5000,-0.5,0.2203,K,F,A
0.5,5000,-0.5,0.2214,K,F,A
1,5000,-0.5,0.2227,K,F,A
1.5,5000,-0.5,0.2241,K,F,A
2,5000,-0.5,0.2245,K,F,A
2.5,5000,-0.5,0.2249,K,F,A
3,5000,-0.5,0.226,K,F,A
3.5,5000,-0.5,0.2278,K,F,A
4,5000,-0.5,0.2292,K,F,A
4.5,5000,-0.5,0.2289,K,F,A
5,5000,-0.5,0.2276,K,F,A
0,5250,-0.5,0.2043,K,F,A
0.5,5250,-0.5,0.2057,K,F,A
1,5250,-0.5,0.2078,K,F,A
1.5,5250,-0.5,0.2092,K,F,A
2,5250,-0.5,0.2098,K,F,A
2.5,5250,-0.5,0.2109,K,F,A
3,5250,-0.5,0.2127,K,F,A
3.5,5250,-0.5,0.2145,K,F,A
4,5250,-0.5,0.2161,K,F,A
4.5,5250,-0.5,0.2163,K,F,A
5,5250,-0.5,0.2156,K,F,A
0,5500,-0.5,0.1912,K,F,A
0.5,5500,-0.5,0.1904,K,F,A
1,5500,-0.5,0.1924,K,F,A
1.5,5500,-0.5,0.1945,K,F,A
2,5500,-0.5,0.196,K,F,A
2.5,5500,-0.5,0.1979,K,F,A
3,5500,-0.5,0.1986,K,F,A
3.5,5500,-0.5,0.201,K,F,A
4,5500,-0.5,0.2034,K,F,A
4.5,5500,-0.5,0.2044,K,F,A
5,5500,-0.5,0.2043,K,F,A
0,5750,-0.5,0.2028,K,F,A
0.5,5750,-0.5,0.1811,K,F,A
1,5750,-0.5,0.1785,K,F,A
1.5,5750,-0.5,0.1811,K,F,A
2,5750,-0.5,0.1837,K,F,A
2.5,5750,-0.5,0.1853,K,F,A
3,5750,-0.5,0.1872,K,F,A
3.5,5750,-0.5,0.1891,K,F,A
4,5750,-0.5,0.1919,K,F,A
4.5,5750,-0.5,0.1939,K,F,A
5,5750,-0.5,0.1944,K,F,A
0,6000,-0.5,0.2051,K,F,A
0.5,6000,-0.5,0.193,K,F,A
1,6000,-0.5,0.1759,K,F,A
1.5,6000,-0.5,0.1692,K,F,A
2,6000,-0.5,0.1728,K,F,A
2.5,6000,-0.5,0.1757,K,F,A
3,6000,-0.5,0.1775,K,F,A
3.5,6000,-0.5,0.1795,K,F,A
4,6000,-0.5,0.1823,K,F,A
4.5,6000,-0.5,0.1842,K,F,A
5,6000,-0.5,0.1854,K,F,A
0.5,6250,-0.5,0.1928,K,F,A
1,6250,-0.5,0.1813,K,F,A
1.5,6250,-0.5,0.1656,K,F,A
2,6250,-0.5,0.1604,K,F,A
2.5,6250,-0.5,0.1646,K,F,A
3,6250,-0.5,0.1677,K,F,A
3.5,6250,-0.5,0.1713,K,F,A
4,6250,-0.5,0.1748,K,F,A
4.5,6250,-0.5,0.1767,K,F,A
5,6250,-0.5,0.1782,K,F,A
0.5,6500,-0.5,0.1958,K,F,A
1,6500,-0.5,0.1831,K,F,A
1.5,6500,-0.5,0.1717,K,F,A
2,6500,-0.5,0.1561,K,F,A
2.5,6500,-0.5,0.1545,K,F,A
3,6500,-0.5,0.1591,K,F,A
3.5,6500,-0.5,0.164,K,F,A
4,6500,-0.5,0.1681,K,F,A
4.5,6500,-0.5,0.1702,K,F,A
5,6500,-0.5,0.1721,K,F,A
0.5,6750,-0.5,0.1953,K,F,A
1,6750,-0.5,0.1853,K,F,A
1.5,6750,-0.5,0.1756,K,F,A
2,6750,-0.5,0.1639,K,F,A
2.5,6750,-0.5,0.1496,K,F,A
3,6750,-0.5,0.1524,K,F,A
3.5,6750,-0.5,0.1568,K,F,A
4,6750,-0.5,0.1614,K,F,A
4.5,6750,-0.5,0.1645,K,F,A
5,6750,-0.5,0.1673,K,F,A
0.5,7000,-0.5,0.1966,K,F,A
1,7000,-0.5,0.1828,K,F,A
1.5,7000,-0.5,0.1774,K,F,A
2,7000,-0.5,0.1691,K,F,A
2.5,7000,-0.5,0.1558,K,F,A
3,7000,-0.5,0.1436,K,F,A
3.5,7000,-0.5,0.1519,K,F,A
4,7000,-0.5,0.1555,K,F,A
4.5,7000,-0.5,0.159,K,F,A
5,7000,-0.5,0.1622,K,F,A
0.5,7250,-0.5,0.1968,K,F,A
1,7250,-0.5,0.1797,K,F,A
1.5,7250,-0.5,0.1715,K,F,A
2,7250,-0.5,0.1689,K,F,A
2.5,7250,-0.5,0.1614,K,F,A
3,7250,-0.5,0.1483,K,F,A
3.5,7250,-0.5,0.1447,K,F,A
4,7250,-0.5,0.1484,K,F,A
4.5,7250,-0.5,0.1515,K,F,A
5,7250,-0.5,0.1553,K,F,A
0.5,7500,-0.5,0.2012,K,F,A
1,7500,-0.5,0.1788,K,F,A
1.5,7500,-0.5,0.1686,K,F,A
2,7500,-0.5,0.1637,K,F,A
2.5,7500,-0.5,0.163,K,F,A
3,7500,-0.5,0.1561,K,F,A
3.5,7500,-0.5,0.1457,K,F,A
4,7500,-0.5,0.1443,K,F,A
4.5,7500,-0.5,0.1471,K,F,A
5,7500,-0.5,0.1503,K,F,A
1,7750,-0.5,0.179,K,F,A
1.5,7750,-0.5,0.1659,K,F,A
2,7750,-0.5,0.1595,K,F,A
2.5,7750,-0.5,0.1568,K,F,A
3,7750,-0.5,0.1576,K,F,A
3.5,7750,-0.5,0.1523,K,F,A
4,7750,-0.5,0.1428,K,F,A
4.5,7750,-0.5,0.1432,K,F,A
5,7750,-0.5,0.1469,K,F,A
1,8000,-0.5,0.1813,K,F,A
1.5,8000,-0.5,0.164,K,F,A
2,8000,-0.5,0.1558,K,F,A
2.5,8000,-0.5,0.152,K,F,A
3,8000,-0.5,0.1507,K,F,A
3.5,8000,-0.5,0.1528,K,F,A
4,8000,-0.5,0.1484,K,F,A
4.5,8000,-0.5,0.1433,K,F,A
5,8000,-0.5,0.144,K,F,A
1,8250,-0.5,0.1875,K,F,A
1.5,8250,-0.5,0.1634,K,F,A
2,8250,-0.5,0.1531,K,F,A
2.5,8250,-0.5,0.1478,K,F,A
3,8250,-0.5,0.1455,K,F,A
3.5,8250,-0.5,0.1453,K,F,A
4,8250,-0.5,0.1489,K,F,A
4.5,8250,-0.5,0.1466,K,F,A
5,8250,-0.5,0.1399,K,F,A
1,8500,-0.5,0.1974,K,F,A
1.5,8500,-0.5,0.1641,K,F,A
2,8500,-0.5,0.1513,K,F,A
2.5,8500,-0.5,0.1448,K,F,A
3,8500,-0.5,0.1416,K,F,A
3.5,8500,-0.5,0.1404,K,F,A
4,8500,-0.5,0.1409,K,F,A
4.5,8500,-0.5,0.1458,K,F,A
5,8500,-0.5,0.1432,K,F,A
1.5,8750,-0.5,0.166,K,F,A
2,8750,-0.5,0.1502,K,F,A
2.5,8750,-0.5,0.1425,K,F,A
3,8750,-0.5,0.1384,K,F,A
3.5,8750,-0.5,0.1365,K,F,A
4,8750,-0.5,0.136,K,F,A
4.5,8750,-0.5,0.1373,K,F,A
5,8750,-0.5,0.1431,K,F,A
1.5,9000,-0.5,0.1699,K,F,A
2,9000,-0.5,0.1512,K,F,A
2.5,9000,-0.5,0.1421,K,F,A
3,9000,-0.5,0.1375,K,F,A
3.5,9000,-0.5,0.1349,K,F,A
4,9000,-0.5,0.1339,K,F,A
4.5,9000,-0.5,0.1335,K,F,A
5,9000,-0.5,0.1344,K,F,A
2,9250,-0.5,0.1508,K,F,A
2.5,9250,-0.5,0.1407,K,F,A
3,9250,-0.5,0.1352,K,F,A
3.5,9250,-0.5,0.1323,K,F,A
4,9250,-0.5,0.1308,K,F,A
4.5,9250,-0.5,0.1302,K,F,A
5,9250,-0.5,0.13,K,F,A
2,9500,-0.5,0.1506,K,F,A
2.5,9500,-0.5,0.1392,K,F,A
3,9500,-0.5,0.1333,K,F,A
3.5,9500,-0.5,0.1301,K,F,A
4,9500,-0.5,0.1282,K,F,A
4.5,9500,-0.5,0.1275,K,F,A
5,9500,-0.5,0.1269,K,F,A
2,9750,-0.5,0.15,K,F,A
2.5,9750,-0.5,0.1379,K,F,A
3,9750,-0.5,0.1314,K,F,A
3.5,9750,-0.5,0.1279,K,F,A
4,9750,-0.5,0.1261,K,F,A
4.5,9750,-0.5,0.1249,K,F,A
5,9750,-0.5,0.1242,K,F,A
2,10000,-0.5,0.149,K,F,A
2.5,10000,-0.5,0.1366,K,F,A
3,10000,-0.5,0.1295,K,F,A
3.5,10000,-0.5,0.1257,K,F,A
4,10000,-0.5,0.1238,K,F,A
4.5,10000,-0.5,0.1227,K,F,A
5,10000,-0.5,0.1221,K,F,A
2,10500,-0.5,0.1462,K,F,A
2.5,10500,-0.5,0.133,K,F,A
3,10500,-0.5,0.1259,K,F,A
3.5,10500,-0.5,0.1217,K,F,A
4,10500,-0.5,0.1196,K,F,A
4.5,10500,-0.5,0.1185,K,F,A
5,10500,-0.5,0.1176,K,F,A
2.5,11000,-0.5,0.1293,K,F,A
3,11000,-0.5,0.122,K,F,A
3.5,11000,-0.5,0.118,K,F,A
4,11000,-0.5,0.1156,K,F,A
4.5,11000,-0.5,0.1142,K,F,A
5,11000,-0.5,0.1136,K,F,A
2.5,11500,-0.5,0.1256,K,F,A
3,11500,-0.5,0.1182,K,F,A
3.5,11500,-0.5,0.1142,K,F,A
4,11500,-0.5,0.112,K,F,A
4.5,11500,-0.5,0.1106,K,F,A
5,11500,-0.5,0.1097,K,F,A
2.5,12000,-0.5,0.1225,K,F,A
3,12000,-0.5,0.1144,K,F,A
3.5,12000,-0.5,0.1105,K,F,A
4,12000,-0.5,0.1084,K,F,A
4.5,12000,-0.5,0.1074,K,F,A
5,12000,-0.5,0.1065,K,F,A
2.5,12500,-0.5,0.12,K,F,A
3,12500,-0.5,0.1111,K,F,A
3.5,12500,-0.5,0.107,K,F,A
4,12500,-0.5,0.1051,K,F,A
4.5,12500,-0.5,0.1042,K,F,A
5,12500,-0.5,0.1037,K,F,A
2.5,13000,-0.5,0.1183,K,F,A
3,13000,-0.5,0.1086,K,F,A
3.5,13000,-0.5,0.1039,K,F,A
4,13000,-0.5,0.1019,K,F,A
4.5,13000,-0.5,0.1012,K,F,A
5,13000,-0.5,0.1009,K,F,A
2,14000,-0.5,0.1424,K,F,A
2.5,14000,-0.5,0.1161,K,F,A
3,14000,-0.5,0.1045,K,F,A
3.5,14000,-0.5,0.099,K,F,A
4,14000,-0.5,0.0966,K,F,A
4.5,14000,-0.5,0.0957,K,F,A
5,14000,-0.5,0.0956,K,F,A
2.5,15000,-0.5,0.1154,K,F,A
3,15000,-0.5,0.1018,K,F,A
3.5,15000,-0.5,0.0952,K,F,A
4,15000,-0.5,0.0922,K,F,A
4.5,15000,-0.5,0.0911,K,F,A
5,15000,-0.5,0.091,K,F,A
2.5,16000,-0.5,0.1159,K,F,A
3,16000,-0.5,0.1,K,F,A
3.5,16000,-0.5,0.0925,K,F,A
4,16000,-0.5,0.0889,K,F,A
4.5,16000,-0.5,0.0874,K,F,A
5,16000,-0.5,0.0871,K,F,A
2.5,17000,-0.5,0.1177,K,F,A
3,17000,-0.5,0.099,K,F,A
3.5,17000,-0.5,0.0904,K,F,A
4,17000,-0.5,0.0863,K,F,A
4.5,17000,-0.5,0.0844,K,F,A
5,17000,-0.5,0.0839,K,F,A
2.5,18000,-0.5,0.1211,K,F,A
3,18000,-0.5,0.0987,K,F,A
3.5,18000,-0.5,0.0889,K,F,A
4,18000,-0.5,0.0842,K,F,A
4.5,18000,-0.5,0.082,K,F,A
5,18000,-0.5,0.0814,K,F,A
2.5,19000,-0.5,0.1264,K,F,A
3,19000,-0.5,0.0991,K,F,A
3.5,19000,-0.5,0.0879,K,F,A
4,19000,-0.5,0.0827,K,F,A
4.5,19000,-0.5,0.0801,K,F,A
5,19000,-0.5,0.0792,K,F,A
3,20000,-0.5,0.1005,K,F,A
3.5,20000,-0.5,0.0875,K,F,A
4,20000,-0.5,0.0816,K,F,A
4.5,20000,-0.5,0.0787,K,F,A
5,20000,-0.5,0.0777,K,F,A
3,21000,-0.5,0.1027,K,F,A
3.5,21000,-0.5,0.0878,K,F,A
4,21000,-0.5,0.0808,K,F,A
4.5,21000,-0.5,0.0776,K,F,A
5,21000,-0.5,0.0765,K,F,A
3,22000,-0.5,0.1054,K,F,A
3.5,22000,-0.5,0.0889,K,F,A
4,22000,-0.5,0.081,K,F,A
4.5,22000,-0.5,0.0774,K,F,A
5,22000,-0.5,0.076,K,F,A
3,23000,-0.5,0.1077,K,F,A
3.5,23000,-0.5,0.0903,K,F,A
4,23000,-0.5,0.0819,K,F,A
4.5,23000,-0.5,0.0778,K,F,A
5,23000,-0.5,0.076,K,F,A
3,24000,-0.5,0.1104,K,F,A
3.5,24000,-0.5,0.0917,K,F,A
4,24000,-0.5,0.0831,K,F,A
4.5,24000,-0.5,0.0786,K,F,A
5,24000,-0.5,0.0766,K,F,A
3,25000,-0.5,0.1147,K,F,A
3.5,25000,-0.5,0.093,K,F,A
4,25000,-0.5,0.0843,K,F,A
4.5,25000,-0.5,0.0799,K,F,A
5,25000,-0.5,0.0777,K,F,A
3,26000,-0.5,0.1201,K,F,A
3.5,26000,-0.5,0.0943,K,F,A
4,26000,-0.5,0.085,K,F,A
4.5,26000,-0.5,0.0809,K,F,A
5,26000,-0.5,0.0788,K,F,A
3.5,27000,-0.5,0.0961,K,F,A
4,27000,-0.5,0.0856,K,F,A
4.5,27000,-0.5,0.0815,K,F,A
5,27000,-0.5,0.0798,K,F,A
3.5,28000,-0.5,0.0976,K,F,A
4,28000,-0.5,0.0864,K,F,A
4.5,28000,-0.5,0.0816,K,F,A
5,28000,-0.5,0.08,K,F,A
3.5,29000,-0.5,0.098,K,F,A
4,29000,-0.5,0.0866,K,F,A
4.5,29000,-0.5,0.0816,K,F,A
5,29000,-0.5,0.0796,K,F,A
3.5,30000,-0.5,0.097,K,F,A
4,30000,-0.5,0.0864,K,F,A
4.5,30000,-0.5,0.0814,K,F,A
5,30000,-0.5,0.0787,K,F,A
3.5,31000,-0.5,0.0962,K,F,A
4,31000,-0.5,0.0845,K,F,A
4.5,31000,-0.5,0.0798,K,F,A
5,31000,-0.5,0.0772,K,F,A
4,32000,-0.5,0.0822,K,F,A
4.5,32000,-0.5,0.0775,K,F,A
5,32000,-0.5,0.0752,K,F,A
4,33000,-0.5,0.0803,K,F,A
4.5,33000,-0.5,0.0748,K,F,A
5,33000,-0.5,0.0724,K,F,A
4,34000,-0.5,0.0786,K,F,A
4.5,34000,-0.5,0.0721,K,F,A
5,34000,-0.5,0.0694,K,F,A
4,35000,-0.5,0.0768,K,F,A
4.5,35000,-0.5,0.0697,K,F,A
5,35000,-0.5,0.0665,K,F,A
4.5,37500,-0.5,0.0653,K,F,A
5,37500,-0.5,0.0609,K,F,A
4.5,40000,-0.5,0.0606,K,F,A
5,40000,-0.5,0.0557,K,F,A
5,42500,-0.5,0.0529,K,F,A
5,45000,-0.5,0.0518,K,F,A
5,47500,-0.5,0.0511,K,F,A
5,50000,-0.5,0.0509,K,F,A
0,3500,-0.3,0.3191,K,F,A
0.5,3500,-0.3,0.3183,K,F,A
1,3500,-0.3,0.3159,K,F,A
1.5,3500,-0.3,0.3122,K,F,A
2,3500,-0.3,0.3101,K,F,A
2.5,3500,-0.3,0.3078,K,F,A
3,3500,-0.3,0.2891,K,F,A
3.5,3500,-0.3,0.213,K,F,A
4,3500,-0.3,0.1605,K,F,A
4.5,3500,-0.3,0.1417,K,F,A
5,3500,-0.3,0.1358,K,F,A
0,3750,-0.3,0.3053,K,F,A
0.5,3750,-0.3,0.3043,K,F,A
1,3750,-0.3,0.3036,K,F,A
1.5,3750,-0.3,0.3007,K,F,A
2,3750,-0.3,0.2995,K,F,A
2.5,3750,-0.3,0.2983,K,F,A
3,3750,-0.3,0.2954,K,F,A
3.5,3750,-0.3,0.2808,K,F,A
4,3750,-0.3,0.223,K,F,A
4.5,3750,-0.3,0.1692,K,F,A
5,3750,-0.3,0.1447,K,F,A
0,4000,-0.3,0.2882,K,F,A
0.5,4000,-0.3,0.2879,K,F,A
1,4000,-0.3,0.2879,K,F,A
1.5,4000,-0.3,0.288,K,F,A
2,4000,-0.3,0.2858,K,F,A
2.5,4000,-0.3,0.2854,K,F,A
3,4000,-0.3,0.2852,K,F,A
3.5,4000,-0.3,0.2827,K,F,A
4,4000,-0.3,0.2714,K,F,A
4.5,4000,-0.3,0.2305,K,F,A
5,4000,-0.3,0.1794,K,F,A
0,4250,-0.3,0.2715,K,F,A
0.5,4250,-0.3,0.2712,K,F,A
1,4250,-0.3,0.2718,K,F,A
1.5,4250,-0.3,0.2709,K,F,A
2,4250,-0.3,0.2711,K,F,A
2.5,4250,-0.3,0.2715,K,F,A
3,4250,-0.3,0.2724,K,F,A
3.5,4250,-0.3,0.2719,K,F,A
4,4250,-0.3,0.2704,K,F,A
4.5,4250,-0.3,0.2615,K,F,A
5,4250,-0.3,0.2327,K,F,A
0,4500,-0.3,0.2541,K,F,A
0.5,4500,-0.3,0.2548,K,F,A
1,4500,-0.3,0.2542,K,F,A
1.5,4500,-0.3,0.2553,K,F,A
2,4500,-0.3,0.2561,K,F,A
2.5,4500,-0.3,0.2567,K,F,A
3,4500,-0.3,0.2581,K,F,A
3.5,4500,-0.3,0.2591,K,F,A
4,4500,-0.3,0.259,K,F,A
4.5,4500,-0.3,0.2577,K,F,A
5,4500,-0.3,0.251,K,F,A
0,4750,-0.3,0.2382,K,F,A
0.5,4750,-0.3,0.2383,K,F,A
1,4750,-0.3,0.2393,K,F,A
1.5,4750,-0.3,0.24,K,F,A
2,4750,-0.3,0.2408,K,F,A
2.5,4750,-0.3,0.2424,K,F,A
3,4750,-0.3,0.2439,K,F,A
3.5,4750,-0.3,0.2456,K,F,A
4,4750,-0.3,0.2474,K,F,A
4.5,4750,-0.3,0.2475,K,F,A
5,4750,-0.3,0.2455,K,F,A
0,5000,-0.3,0.2222,K,F,A
0.5,5000,-0.3,0.2231,K,F,A
1,5000,-0.3,0.2248,K,F,A
1.5,5000,-0.3,0.2262,K,F,A
2,5000,-0.3,0.227,K,F,A
2.5,5000,-0.3,0.2285,K,F,A
3,5000,-0.3,0.2305,K,F,A
3.5,5000,-0.3,0.2329,K,F,A
4,5000,-0.3,0.2346,K,F,A
4.5,5000,-0.3,0.2355,K,F,A
5,5000,-0.3,0.235,K,F,A
0,5250,-0.3,0.2064,K,F,A
0.5,5250,-0.3,0.2079,K,F,A
1,5250,-0.3,0.2103,K,F,A
1.5,5250,-0.3,0.212,K,F,A
2,5250,-0.3,0.2143,K,F,A
2.5,5250,-0.3,0.2153,K,F,A
3,5250,-0.3,0.2169,K,F,A
3.5,5250,-0.3,0.2193,K,F,A
4,5250,-0.3,0.2218,K,F,A
4.5,5250,-0.3,0.2231,K,F,A
5,5250,-0.3,0.223,K,F,A
0,5500,-0.3,0.2193,K,F,A
0.5,5500,-0.3,0.1912,K,F,A
1,5500,-0.3,0.1932,K,F,A
1.5,5500,-0.3,0.196,K,F,A
2,5500,-0.3,0.1978,K,F,A
2.5,5500,-0.3,0.2,K,F,A
3,5500,-0.3,0.2028,K,F,A
3.5,5500,-0.3,0.2051,K,F,A
4,5500,-0.3,0.2085,K,F,A
4.5,5500,-0.3,0.2107,K,F,A
5,5500,-0.3,0.2108,K,F,A
0,5750,-0.3,0.2117,K,F,A
0.5,5750,-0.3,0.2096,K,F,A
1,5750,-0.3,0.1778,K,F,A
1.5,5750,-0.3,0.1812,K,F,A
2,5750,-0.3,0.1849,K,F,A
2.5,5750,-0.3,0.1869,K,F,A
3,5750,-0.3,0.1898,K,F,A
3.5,5750,-0.3,0.1925,K,F,A
4,5750,-0.3,0.1963,K,F,A
4.5,5750,-0.3,0.1987,K,F,A
5,5750,-0.3,0.2003,K,F,A
0,6000,-0.3,0.2092,K,F,A
0.5,6000,-0.3,0.202,K,F,A
1,6000,-0.3,0.2018,K,F,A
1.5,6000,-0.3,0.1682,K,F,A
2,6000,-0.3,0.1721,K,F,A
2.5,6000,-0.3,0.1747,K,F,A
3,6000,-0.3,0.178,K,F,A
3.5,6000,-0.3,0.1815,K,F,A
4,6000,-0.3,0.1858,K,F,A
4.5,6000,-0.3,0.1879,K,F,A
5,6000,-0.3,0.1904,K,F,A
0.5,6250,-0.3,0.1976,K,F,A
1,6250,-0.3,0.1944,K,F,A
1.5,6250,-0.3,0.1962,K,F,A
2,6250,-0.3,0.1605,K,F,A
2.5,6250,-0.3,0.1642,K,F,A
3,6250,-0.3,0.1679,K,F,A
3.5,6250,-0.3,0.1725,K,F,A
4,6250,-0.3,0.1765,K,F,A
4.5,6250,-0.3,0.179,K,F,A
5,6250,-0.3,0.1812,K,F,A
0.5,6500,-0.3,0.1948,K,F,A
1,6500,-0.3,0.1889,K,F,A
1.5,6500,-0.3,0.1884,K,F,A
2,6500,-0.3,0.1904,K,F,A
2.5,6500,-0.3,0.1556,K,F,A
3,6500,-0.3,0.1598,K,F,A
3.5,6500,-0.3,0.164,K,F,A
4,6500,-0.3,0.168,K,F,A
4.5,6500,-0.3,0.171,K,F,A
5,6500,-0.3,0.1738,K,F,A
0.5,6750,-0.3,0.1947,K,F,A
1,6750,-0.3,0.1844,K,F,A
1.5,6750,-0.3,0.1818,K,F,A
2,6750,-0.3,0.1829,K,F,A
2.5,6750,-0.3,0.186,K,F,A
3,6750,-0.3,0.1531,K,F,A
3.5,6750,-0.3,0.1566,K,F,A
4,6750,-0.3,0.1609,K,F,A
4.5,6750,-0.3,0.1644,K,F,A
5,6750,-0.3,0.1676,K,F,A
0.5,7000,-0.3,0.196,K,F,A
1,7000,-0.3,0.1824,K,F,A
1.5,7000,-0.3,0.1777,K,F,A
2,7000,-0.3,0.1759,K,F,A
2.5,7000,-0.3,0.1778,K,F,A
3,7000,-0.3,0.1808,K,F,A
3.5,7000,-0.3,0.1515,K,F,A
4,7000,-0.3,0.1548,K,F,A
4.5,7000,-0.3,0.1582,K,F,A
5,7000,-0.3,0.1621,K,F,A
0.5,7250,-0.3,0.1983,K,F,A
1,7250,-0.3,0.1811,K,F,A
1.5,7250,-0.3,0.1732,K,F,A
2,7250,-0.3,0.17,K,F,A
2.5,7250,-0.3,0.1708,K,F,A
3,7250,-0.3,0.1734,K,F,A
3.5,7250,-0.3,0.1766,K,F,A
4,7250,-0.3,0.1499,K,F,A
4.5,7250,-0.3,0.1525,K,F,A
5,7250,-0.3,0.1564,K,F,A
0.5,7500,-0.3,0.2023,K,F,A
1,7500,-0.3,0.1805,K,F,A
1.5,7500,-0.3,0.17,K,F,A
2,7500,-0.3,0.1655,K,F,A
2.5,7500,-0.3,0.1643,K,F,A
3,7500,-0.3,0.1659,K,F,A
3.5,7500,-0.3,0.1687,K,F,A
4,7500,-0.3,0.1499,K,F,A
4.5,7500,-0.3,0.1484,K,F,A
5,7500,-0.3,0.1513,K,F,A
1,7750,-0.3,0.1802,K,F,A
1.5,7750,-0.3,0.1677,K,F,A
2,7750,-0.3,0.161,K,F,A
2.5,7750,-0.3,0.1585,K,F,A
3,7750,-0.3,0.159,K,F,A
3.5,7750,-0.3,0.1611,K,F,A
4,7750,-0.3,0.1639,K,F,A
4.5,7750,-0.3,0.1478,K,F,A
5,7750,-0.3,0.1483,K,F,A
1,8000,-0.3,0.1829,K,F,A
1.5,8000,-0.3,0.1653,K,F,A
2,8000,-0.3,0.1577,K,F,A
2.5,8000,-0.3,0.1536,K,F,A
3,8000,-0.3,0.1525,K,F,A
3.5,8000,-0.3,0.1537,K,F,A
4,8000,-0.3,0.1569,K,F,A
4.5,8000,-0.3,0.1609,K,F,A
5,8000,-0.3,0.1464,K,F,A
1,8250,-0.3,0.1898,K,F,A
1.5,8250,-0.3,0.165,K,F,A
2,8250,-0.3,0.1545,K,F,A
2.5,8250,-0.3,0.1495,K,F,A
3,8250,-0.3,0.147,K,F,A
3.5,8250,-0.3,0.1472,K,F,A
4,8250,-0.3,0.149,K,F,A
4.5,8250,-0.3,0.1534,K,F,A
5,8250,-0.3,0.1568,K,F,A
1,8500,-0.3,0.1999,K,F,A
1.5,8500,-0.3,0.166,K,F,A
2,8500,-0.3,0.1528,K,F,A
2.5,8500,-0.3,0.1465,K,F,A
3,8500,-0.3,0.1428,K,F,A
3.5,8500,-0.3,0.1416,K,F,A
4,8500,-0.3,0.1422,K,F,A
4.5,8500,-0.3,0.1452,K,F,A
5,8500,-0.3,0.1496,K,F,A
1.5,8750,-0.3,0.1681,K,F,A
2,8750,-0.3,0.1522,K,F,A
2.5,8750,-0.3,0.1442,K,F,A
3,8750,-0.3,0.14,K,F,A
3.5,8750,-0.3,0.1378,K,F,A
4,8750,-0.3,0.1371,K,F,A
4.5,8750,-0.3,0.1383,K,F,A
5,8750,-0.3,0.1427,K,F,A
1.5,9000,-0.3,0.1709,K,F,A
2,9000,-0.3,0.1519,K,F,A
2.5,9000,-0.3,0.1427,K,F,A
3,9000,-0.3,0.1376,K,F,A
3.5,9000,-0.3,0.1348,K,F,A
4,9000,-0.3,0.1333,K,F,A
4.5,9000,-0.3,0.1331,K,F,A
5,9000,-0.3,0.1343,K,F,A
2,9250,-0.3,0.1519,K,F,A
2.5,9250,-0.3,0.1413,K,F,A
3,9250,-0.3,0.1355,K,F,A
3.5,9250,-0.3,0.1323,K,F,A
4,9250,-0.3,0.1306,K,F,A
4.5,9250,-0.3,0.1297,K,F,A
5,9250,-0.3,0.1297,K,F,A
2,9500,-0.3,0.152,K,F,A
2.5,9500,-0.3,0.1402,K,F,A
3,9500,-0.3,0.1339,K,F,A
3.5,9500,-0.3,0.1302,K,F,A
4,9500,-0.3,0.1281,K,F,A
4.5,9500,-0.3,0.1269,K,F,A
5,9500,-0.3,0.1262,K,F,A
2,9750,-0.3,0.1513,K,F,A
2.5,9750,-0.3,0.1391,K,F,A
3,9750,-0.3,0.1323,K,F,A
3.5,9750,-0.3,0.1284,K,F,A
4,9750,-0.3,0.1261,K,F,A
4.5,9750,-0.3,0.1247,K,F,A
5,9750,-0.3,0.1238,K,F,A
2,10000,-0.3,0.1503,K,F,A
2.5,10000,-0.3,0.138,K,F,A
3,10000,-0.3,0.1308,K,F,A
3.5,10000,-0.3,0.1266,K,F,A
4,10000,-0.3,0.1242,K,F,A
4.5,10000,-0.3,0.1228,K,F,A
5,10000,-0.3,0.1216,K,F,A
2,10500,-0.3,0.1476,K,F,A
2.5,10500,-0.3,0.1345,K,F,A
3,10500,-0.3,0.1274,K,F,A
3.5,10500,-0.3,0.123,K,F,A
4,10500,-0.3,0.1205,K,F,A
4.5,10500,-0.3,0.1188,K,F,A
5,10500,-0.3,0.1179,K,F,A
2.5,11000,-0.3,0.1306,K,F,A
3,11000,-0.3,0.1234,K,F,A
3.5,11000,-0.3,0.1192,K,F,A
4,11000,-0.3,0.1167,K,F,A
4.5,11000,-0.3,0.1152,K,F,A
5,11000,-0.3,0.1143,K,F,A
2.5,11500,-0.3,0.1266,K,F,A
3,11500,-0.3,0.1192,K,F,A
3.5,11500,-0.3,0.1154,K,F,A
4,11500,-0.3,0.1128,K,F,A
4.5,11500,-0.3,0.1115,K,F,A
5,11500,-0.3,0.1106,K,F,A
2.5,12000,-0.3,0.1234,K,F,A
3,12000,-0.3,0.1153,K,F,A
3.5,12000,-0.3,0.1113,K,F,A
4,12000,-0.3,0.1093,K,F,A
4.5,12000,-0.3,0.1081,K,F,A
5,12000,-0.3,0.1073,K,F,A
2.5,12500,-0.3,0.1209,K,F,A
3,12500,-0.3,0.1119,K,F,A
3.5,12500,-0.3,0.1076,K,F,A
4,12500,-0.3,0.1057,K,F,A
4.5,12500,-0.3,0.1048,K,F,A
5,12500,-0.3,0.1041,K,F,A
2.5,13000,-0.3,0.119,K,F,A
3,13000,-0.3,0.1092,K,F,A
3.5,13000,-0.3,0.1044,K,F,A
4,13000,-0.3,0.1024,K,F,A
4.5,13000,-0.3,0.1016,K,F,A
5,13000,-0.3,0.1013,K,F,A
2,14000,-0.3,0.1435,K,F,A
2.5,14000,-0.3,0.1169,K,F,A
3,14000,-0.3,0.1051,K,F,A
3.5,14000,-0.3,0.0994,K,F,A
4,14000,-0.3,0.0968,K,F,A
4.5,14000,-0.3,0.0959,K,F,A
5,14000,-0.3,0.0958,K,F,A
2.5,15000,-0.3,0.1161,K,F,A
3,15000,-0.3,0.1023,K,F,A
3.5,15000,-0.3,0.0955,K,F,A
4,15000,-0.3,0.0923,K,F,A
4.5,15000,-0.3,0.0911,K,F,A
5,15000,-0.3,0.091,K,F,A
2.5,16000,-0.3,0.1169,K,F,A
3,16000,-0.3,0.1006,K,F,A
3.5,16000,-0.3,0.0929,K,F,A
4,16000,-0.3,0.0891,K,F,A
4.5,16000,-0.3,0.0874,K,F,A
5,16000,-0.3,0.087,K,F,A
2.5,17000,-0.3,0.1189,K,F,A
3,17000,-0.3,0.0997,K,F,A
3.5,17000,-0.3,0.0909,K,F,A
4,17000,-0.3,0.0865,K,F,A
4.5,17000,-0.3,0.0845,K,F,A
5,17000,-0.3,0.0838,K,F,A
2.5,18000,-0.3,0.1228,K,F,A
3,18000,-0.3,0.0995,K,F,A
3.5,18000,-0.3,0.0894,K,F,A
4,18000,-0.3,0.0845,K,F,A
4.5,18000,-0.3,0.0821,K,F,A
5,18000,-0.3,0.0813,K,F,A
2.5,19000,-0.3,0.1288,K,F,A
3,19000,-0.3,0.1003,K,F,A
3.5,19000,-0.3,0.0885,K,F,A
4,19000,-0.3,0.0829,K,F,A
4.5,19000,-0.3,0.0803,K,F,A
5,19000,-0.3,0.0793,K,F,A
3,20000,-0.3,0.102,K,F,A
3.5,20000,-0.3,0.0884,K,F,A
4,20000,-0.3,0.0819,K,F,A
4.5,20000,-0.3,0.0789,K,F,A
5,20000,-0.3,0.0777,K,F,A
3,21000,-0.3,0.1048,K,F,A
3.5,21000,-0.3,0.0889,K,F,A
4,21000,-0.3,0.0815,K,F,A
4.5,21000,-0.3,0.0779,K,F,A
5,21000,-0.3,0.0766,K,F,A
3,22000,-0.3,0.1074,K,F,A
3.5,22000,-0.3,0.0902,K,F,A
4,22000,-0.3,0.0819,K,F,A
4.5,22000,-0.3,0.0779,K,F,A
5,22000,-0.3,0.0761,K,F,A
3,23000,-0.3,0.1095,K,F,A
3.5,23000,-0.3,0.0918,K,F,A
4,23000,-0.3,0.083,K,F,A
4.5,23000,-0.3,0.0783,K,F,A
5,23000,-0.3,0.0763,K,F,A
3,24000,-0.3,0.1123,K,F,A
3.5,24000,-0.3,0.0931,K,F,A
4,24000,-0.3,0.0841,K,F,A
4.5,24000,-0.3,0.0792,K,F,A
5,24000,-0.3,0.077,K,F,A
3,25000,-0.3,0.1166,K,F,A
3.5,25000,-0.3,0.0942,K,F,A
4,25000,-0.3,0.0854,K,F,A
4.5,25000,-0.3,0.0805,K,F,A
5,25000,-0.3,0.0782,K,F,A
3,26000,-0.3,0.1222,K,F,A
3.5,26000,-0.3,0.0953,K,F,A
4,26000,-0.3,0.086,K,F,A
4.5,26000,-0.3,0.0817,K,F,A
5,26000,-0.3,0.0791,K,F,A
3.5,27000,-0.3,0.0971,K,F,A
4,27000,-0.3,0.0863,K,F,A
4.5,27000,-0.3,0.0818,K,F,A
5,27000,-0.3,0.0801,K,F,A
3.5,28000,-0.3,0.0986,K,F,A
4,28000,-0.3,0.087,K,F,A
4.5,28000,-0.3,0.0822,K,F,A
5,28000,-0.3,0.0801,K,F,A
3.5,29000,-0.3,0.0992,K,F,A
4,29000,-0.3,0.0873,K,F,A
4.5,29000,-0.3,0.0819,K,F,A
5,29000,-0.3,0.0797,K,F,A
3.5,30000,-0.3,0.0987,K,F,A
4,30000,-0.3,0.087,K,F,A
4.5,30000,-0.3,0.0814,K,F,A
5,30000,-0.3,0.0789,K,F,A
3.5,31000,-0.3,0.0983,K,F,A
4,31000,-0.3,0.0855,K,F,A
4.5,31000,-0.3,0.0803,K,F,A
5,31000,-0.3,0.0775,K,F,A
4,32000,-0.3,0.0837,K,F,A
4.5,32000,-0.3,0.0783,K,F,A
5,32000,-0.3,0.0755,K,F,A
4,33000,-0.3,0.0818,K,F,A
4.5,33000,-0.3,0.0757,K,F,A
5,33000,-0.3,0.073,K,F,A
4,34000,-0.3,0.0805,K,F,A
4.5,34000,-0.3,0.0733,K,F,A
5,34000,-0.3,0.0702,K,F,A
4,35000,-0.3,0.0785,K,F,A
4.5,35000,-0.3,0.0711,K,F,A
5,35000,-0.3,0.0677,K,F,A
4.5,37500,-0.3,0.0671,K,F,A
5,37500,-0.3,0.0626,K,F,A
4.5,40000,-0.3,0.0629,K,F,A
5,40000,-0.3,0.0578,K,F,A
5,42500,-0.3,0.0552,K,F,A
5,45000,-0.3,0.0544,K,F,A
5,47500,-0.3,0.0538,K,F,A
5,50000,-0.3,0.0531,K,F,A
0,3500,-0.2,0.3199,K,F,A
0.5,3500,-0.2,0.3183,K,F,A
1,3500,-0.2,0.3168,K,F,A
1.5,3500,-0.2,0.3152,K,F,A
2,3500,-0.2,0.3118,K,F,A
2.5,3500,-0.2,0.3084,K,F,A
3,3500,-0.2,0.2957,K,F,A
3.5,3500,-0.2,0.229,K,F,A
4,3500,-0.2,0.1681,K,F,A
4.5,3500,-0.2,0.1445,K,F,A
5,3500,-0.2,0.1369,K,F,A
0,3750,-0.2,0.306,K,F,A
0.5,3750,-0.2,0.3053,K,F,A
1,3750,-0.2,0.3048,K,F,A
1.5,3750,-0.2,0.3038,K,F,A
2,3750,-0.2,0.3015,K,F,A
2.5,3750,-0.2,0.3002,K,F,A
3,3750,-0.2,0.2972,K,F,A
3.5,3750,-0.2,0.2859,K,F,A
4,3750,-0.2,0.235,K,F,A
4.5,3750,-0.2,0.1766,K,F,A
5,3750,-0.2,0.1483,K,F,A
0,4000,-0.2,0.2896,K,F,A
0.5,4000,-0.2,0.2889,K,F,A
1,4000,-0.2,0.2897,K,F,A
1.5,4000,-0.2,0.288,K,F,A
2,4000,-0.2,0.288,K,F,A
2.5,4000,-0.2,0.288,K,F,A
3,4000,-0.2,0.2874,K,F,A
3.5,4000,-0.2,0.2859,K,F,A
4,4000,-0.2,0.2758,K,F,A
4.5,4000,-0.2,0.2385,K,F,A
5,4000,-0.2,0.1863,K,F,A
0,4250,-0.2,0.2731,K,F,A
0.5,4250,-0.2,0.2731,K,F,A
1,4250,-0.2,0.2723,K,F,A
1.5,4250,-0.2,0.2724,K,F,A
2,4250,-0.2,0.2731,K,F,A
2.5,4250,-0.2,0.2736,K,F,A
3,4250,-0.2,0.2745,K,F,A
3.5,4250,-0.2,0.2749,K,F,A
4,4250,-0.2,0.2732,K,F,A
4.5,4250,-0.2,0.2652,K,F,A
5,4250,-0.2,0.2384,K,F,A
0,4500,-0.2,0.2561,K,F,A
0.5,4500,-0.2,0.2563,K,F,A
1,4500,-0.2,0.2559,K,F,A
1.5,4500,-0.2,0.2568,K,F,A
2,4500,-0.2,0.2581,K,F,A
2.5,4500,-0.2,0.2588,K,F,A
3,4500,-0.2,0.2605,K,F,A
3.5,4500,-0.2,0.2618,K,F,A
4,4500,-0.2,0.2623,K,F,A
4.5,4500,-0.2,0.2611,K,F,A
5,4500,-0.2,0.2549,K,F,A
0,4750,-0.2,0.2396,K,F,A
0.5,4750,-0.2,0.2399,K,F,A
1,4750,-0.2,0.2403,K,F,A
1.5,4750,-0.2,0.2417,K,F,A
2,4750,-0.2,0.2426,K,F,A
2.5,4750,-0.2,0.2443,K,F,A
3,4750,-0.2,0.2465,K,F,A
3.5,4750,-0.2,0.2483,K,F,A
4,4750,-0.2,0.2505,K,F,A
4.5,4750,-0.2,0.2504,K,F,A
5,4750,-0.2,0.2491,K,F,A
0,5000,-0.2,0.2235,K,F,A
0.5,5000,-0.2,0.224,K,F,A
1,5000,-0.2,0.2259,K,F,A
1.5,5000,-0.2,0.2274,K,F,A
2,5000,-0.2,0.2286,K,F,A
2.5,5000,-0.2,0.2303,K,F,A
3,5000,-0.2,0.2332,K,F,A
3.5,5000,-0.2,0.2354,K,F,A
4,5000,-0.2,0.2375,K,F,A
4.5,5000,-0.2,0.2388,K,F,A
5,5000,-0.2,0.2388,K,F,A
0,5250,-0.2,0.2076,K,F,A
0.5,5250,-0.2,0.2091,K,F,A
1,5250,-0.2,0.2111,K,F,A
1.5,5250,-0.2,0.2136,K,F,A
2,5250,-0.2,0.2156,K,F,A
2.5,5250,-0.2,0.2169,K,F,A
3,5250,-0.2,0.2191,K,F,A
3.5,5250,-0.2,0.222,K,F,A
4,5250,-0.2,0.2244,K,F,A
4.5,5250,-0.2,0.2266,K,F,A
5,5250,-0.2,0.2267,K,F,A
0,5500,-0.2,0.2201,K,F,A
0.5,5500,-0.2,0.1918,K,F,A
1,5500,-0.2,0.1942,K,F,A
1.5,5500,-0.2,0.1973,K,F,A
2,5500,-0.2,0.199,K,F,A
2.5,5500,-0.2,0.2016,K,F,A
3,5500,-0.2,0.205,K,F,A
3.5,5500,-0.2,0.2082,K,F,A
4,5500,-0.2,0.2112,K,F,A
4.5,5500,-0.2,0.2139,K,F,A
5,5500,-0.2,0.2144,K,F,A
0,5750,-0.2,0.2118,K,F,A
0.5,5750,-0.2,0.2091,K,F,A
1,5750,-0.2,0.1786,K,F,A
1.5,5750,-0.2,0.1815,K,F,A
2,5750,-0.2,0.1846,K,F,A
2.5,5750,-0.2,0.1883,K,F,A
3,5750,-0.2,0.1912,K,F,A
3.5,5750,-0.2,0.1946,K,F,A
4,5750,-0.2,0.1986,K,F,A
4.5,5750,-0.2,0.2019,K,F,A
5,5750,-0.2,0.2033,K,F,A
0,6000,-0.2,0.2085,K,F,A
0.5,6000,-0.2,0.2018,K,F,A
1,6000,-0.2,0.2015,K,F,A
1.5,6000,-0.2,0.1679,K,F,A
2,6000,-0.2,0.1721,K,F,A
2.5,6000,-0.2,0.1753,K,F,A
3,6000,-0.2,0.179,K,F,A
3.5,6000,-0.2,0.1829,K,F,A
4,6000,-0.2,0.1871,K,F,A
4.5,6000,-0.2,0.1902,K,F,A
5,6000,-0.2,0.1926,K,F,A
0.5,6250,-0.2,0.1971,K,F,A
1,6250,-0.2,0.1941,K,F,A
1.5,6250,-0.2,0.195,K,F,A
2,6250,-0.2,0.1606,K,F,A
2.5,6250,-0.2,0.1643,K,F,A
3,6250,-0.2,0.1683,K,F,A
3.5,6250,-0.2,0.1731,K,F,A
4,6250,-0.2,0.1776,K,F,A
4.5,6250,-0.2,0.1807,K,F,A
5,6250,-0.2,0.183,K,F,A
0.5,6500,-0.2,0.1947,K,F,A
1,6500,-0.2,0.1885,K,F,A
1.5,6500,-0.2,0.1879,K,F,A
2,6500,-0.2,0.1901,K,F,A
2.5,6500,-0.2,0.1557,K,F,A
3,6500,-0.2,0.1594,K,F,A
3.5,6500,-0.2,0.1641,K,F,A
4,6500,-0.2,0.1689,K,F,A
4.5,6500,-0.2,0.1721,K,F,A
5,6500,-0.2,0.1751,K,F,A
0.5,6750,-0.2,0.1943,K,F,A
1,6750,-0.2,0.1841,K,F,A
1.5,6750,-0.2,0.1816,K,F,A
2,6750,-0.2,0.1824,K,F,A
2.5,6750,-0.2,0.185,K,F,A
3,6750,-0.2,0.1534,K,F,A
3.5,6750,-0.2,0.1566,K,F,A
4,6750,-0.2,0.1607,K,F,A
4.5,6750,-0.2,0.1645,K,F,A
5,6750,-0.2,0.1681,K,F,A
0.5,7000,-0.2,0.1958,K,F,A
1,7000,-0.2,0.1822,K,F,A
1.5,7000,-0.2,0.1763,K,F,A
2,7000,-0.2,0.1758,K,F,A
2.5,7000,-0.2,0.1775,K,F,A
3,7000,-0.2,0.1805,K,F,A
3.5,7000,-0.2,0.1518,K,F,A
4,7000,-0.2,0.1549,K,F,A
4.5,7000,-0.2,0.1581,K,F,A
5,7000,-0.2,0.162,K,F,A
0.5,7250,-0.2,0.1978,K,F,A
1,7250,-0.2,0.1812,K,F,A
1.5,7250,-0.2,0.1728,K,F,A
2,7250,-0.2,0.1698,K,F,A
2.5,7250,-0.2,0.1709,K,F,A
3,7250,-0.2,0.1729,K,F,A
3.5,7250,-0.2,0.1762,K,F,A
4,7250,-0.2,0.1499,K,F,A
4.5,7250,-0.2,0.1525,K,F,A
5,7250,-0.2,0.1565,K,F,A
0.5,7500,-0.2,0.2028,K,F,A
1,7500,-0.2,0.1803,K,F,A
1.5,7500,-0.2,0.1701,K,F,A
2,7500,-0.2,0.1653,K,F,A
2.5,7500,-0.2,0.1642,K,F,A
3,7500,-0.2,0.1656,K,F,A
3.5,7500,-0.2,0.1685,K,F,A
4,7500,-0.2,0.1715,K,F,A
4.5,7500,-0.2,0.1484,K,F,A
5,7500,-0.2,0.1514,K,F,A
1,7750,-0.2,0.1804,K,F,A
1.5,7750,-0.2,0.1675,K,F,A
2,7750,-0.2,0.1611,K,F,A
2.5,7750,-0.2,0.159,K,F,A
3,7750,-0.2,0.1588,K,F,A
3.5,7750,-0.2,0.161,K,F,A
4,7750,-0.2,0.1638,K,F,A
4.5,7750,-0.2,0.1477,K,F,A
5,7750,-0.2,0.148,K,F,A
1,8000,-0.2,0.183,K,F,A
1.5,8000,-0.2,0.1655,K,F,A
2,8000,-0.2,0.1577,K,F,A
2.5,8000,-0.2,0.1537,K,F,A
3,8000,-0.2,0.1527,K,F,A
3.5,8000,-0.2,0.1538,K,F,A
4,8000,-0.2,0.157,K,F,A
4.5,8000,-0.2,0.1602,K,F,A
5,8000,-0.2,0.1463,K,F,A
1,8250,-0.2,0.1899,K,F,A
1.5,8250,-0.2,0.165,K,F,A
2,8250,-0.2,0.1544,K,F,A
2.5,8250,-0.2,0.1496,K,F,A
3,8250,-0.2,0.1472,K,F,A
3.5,8250,-0.2,0.147,K,F,A
4,8250,-0.2,0.1492,K,F,A
4.5,8250,-0.2,0.1533,K,F,A
5,8250,-0.2,0.1567,K,F,A
1,8500,-0.2,0.2007,K,F,A
1.5,8500,-0.2,0.1662,K,F,A
2,8500,-0.2,0.1529,K,F,A
2.5,8500,-0.2,0.1462,K,F,A
3,8500,-0.2,0.1429,K,F,A
3.5,8500,-0.2,0.1417,K,F,A
4,8500,-0.2,0.1421,K,F,A
4.5,8500,-0.2,0.1452,K,F,A
5,8500,-0.2,0.1496,K,F,A
1.5,8750,-0.2,0.1687,K,F,A
2,8750,-0.2,0.1524,K,F,A
2.5,8750,-0.2,0.1441,K,F,A
3,8750,-0.2,0.1397,K,F,A
3.5,8750,-0.2,0.1376,K,F,A
4,8750,-0.2,0.137,K,F,A
4.5,8750,-0.2,0.1382,K,F,A
5,8750,-0.2,0.1425,K,F,A
1.5,9000,-0.2,0.1714,K,F,A
2,9000,-0.2,0.1523,K,F,A
2.5,9000,-0.2,0.1429,K,F,A
3,9000,-0.2,0.1374,K,F,A
3.5,9000,-0.2,0.1347,K,F,A
4,9000,-0.2,0.1333,K,F,A
4.5,9000,-0.2,0.1332,K,F,A
5,9000,-0.2,0.1338,K,F,A
2,9250,-0.2,0.1524,K,F,A
2.5,9250,-0.2,0.1417,K,F,A
3,9250,-0.2,0.1357,K,F,A
3.5,9250,-0.2,0.1322,K,F,A
4,9250,-0.2,0.1305,K,F,A
4.5,9250,-0.2,0.1294,K,F,A
5,9250,-0.2,0.1296,K,F,A
2,9500,-0.2,0.1524,K,F,A
2.5,9500,-0.2,0.1407,K,F,A
3,9500,-0.2,0.1341,K,F,A
3.5,9500,-0.2,0.1305,K,F,A
4,9500,-0.2,0.1281,K,F,A
4.5,9500,-0.2,0.1268,K,F,A
5,9500,-0.2,0.1261,K,F,A
2,9750,-0.2,0.152,K,F,A
2.5,9750,-0.2,0.1398,K,F,A
3,9750,-0.2,0.1328,K,F,A
3.5,9750,-0.2,0.1287,K,F,A
4,9750,-0.2,0.1261,K,F,A
4.5,9750,-0.2,0.1246,K,F,A
5,9750,-0.2,0.1235,K,F,A
2,10000,-0.2,0.1512,K,F,A
2.5,10000,-0.2,0.1386,K,F,A
3,10000,-0.2,0.1314,K,F,A
3.5,10000,-0.2,0.1269,K,F,A
4,10000,-0.2,0.1244,K,F,A
4.5,10000,-0.2,0.1227,K,F,A
5,10000,-0.2,0.1214,K,F,A
2,10500,-0.2,0.1482,K,F,A
2.5,10500,-0.2,0.1353,K,F,A
3,10500,-0.2,0.1282,K,F,A
3.5,10500,-0.2,0.1238,K,F,A
4,10500,-0.2,0.121,K,F,A
4.5,10500,-0.2,0.119,K,F,A
5,10500,-0.2,0.118,K,F,A
2.5,11000,-0.2,0.1313,K,F,A
3,11000,-0.2,0.1242,K,F,A
3.5,11000,-0.2,0.12,K,F,A
4,11000,-0.2,0.1173,K,F,A
4.5,11000,-0.2,0.1157,K,F,A
5,11000,-0.2,0.1145,K,F,A
2.5,11500,-0.2,0.1273,K,F,A
3,11500,-0.2,0.1199,K,F,A
3.5,11500,-0.2,0.1159,K,F,A
4,11500,-0.2,0.1136,K,F,A
4.5,11500,-0.2,0.1121,K,F,A
5,11500,-0.2,0.1111,K,F,A
2.5,12000,-0.2,0.124,K,F,A
3,12000,-0.2,0.1159,K,F,A
3.5,12000,-0.2,0.112,K,F,A
4,12000,-0.2,0.1099,K,F,A
4.5,12000,-0.2,0.1085,K,F,A
5,12000,-0.2,0.1077,K,F,A
2.5,12500,-0.2,0.1213,K,F,A
3,12500,-0.2,0.1123,K,F,A
3.5,12500,-0.2,0.1082,K,F,A
4,12500,-0.2,0.1062,K,F,A
4.5,12500,-0.2,0.1052,K,F,A
5,12500,-0.2,0.1045,K,F,A
2.5,13000,-0.2,0.1196,K,F,A
3,13000,-0.2,0.1096,K,F,A
3.5,13000,-0.2,0.1048,K,F,A
4,13000,-0.2,0.1028,K,F,A
4.5,13000,-0.2,0.1019,K,F,A
5,13000,-0.2,0.1016,K,F,A
2,14000,-0.2,0.1442,K,F,A
2.5,14000,-0.2,0.1172,K,F,A
3,14000,-0.2,0.1055,K,F,A
3.5,14000,-0.2,0.0996,K,F,A
4,14000,-0.2,0.097,K,F,A
4.5,14000,-0.2,0.0961,K,F,A
5,14000,-0.2,0.096,K,F,A
2.5,15000,-0.2,0.1166,K,F,A
3,15000,-0.2,0.1025,K,F,A
3.5,15000,-0.2,0.0956,K,F,A
4,15000,-0.2,0.0926,K,F,A
4.5,15000,-0.2,0.0912,K,F,A
5,15000,-0.2,0.091,K,F,A
2.5,16000,-0.2,0.1176,K,F,A
3,16000,-0.2,0.101,K,F,A
3.5,16000,-0.2,0.0929,K,F,A
4,16000,-0.2,0.0892,K,F,A
4.5,16000,-0.2,0.0874,K,F,A
5,16000,-0.2,0.0871,K,F,A
2.5,17000,-0.2,0.1197,K,F,A
3,17000,-0.2,0.1002,K,F,A
3.5,17000,-0.2,0.0912,K,F,A
4,17000,-0.2,0.0867,K,F,A
4.5,17000,-0.2,0.0846,K,F,A
5,17000,-0.2,0.0838,K,F,A
2.5,18000,-0.2,0.1239,K,F,A
3,18000,-0.2,0.1001,K,F,A
3.5,18000,-0.2,0.0897,K,F,A
4,18000,-0.2,0.0847,K,F,A
4.5,18000,-0.2,0.0823,K,F,A
5,18000,-0.2,0.0814,K,F,A
2.5,19000,-0.2,0.1304,K,F,A
3,19000,-0.2,0.101,K,F,A
3.5,19000,-0.2,0.089,K,F,A
4,19000,-0.2,0.0833,K,F,A
4.5,19000,-0.2,0.0805,K,F,A
5,19000,-0.2,0.0794,K,F,A
3,20000,-0.2,0.1031,K,F,A
3.5,20000,-0.2,0.0888,K,F,A
4,20000,-0.2,0.0823,K,F,A
4.5,20000,-0.2,0.0791,K,F,A
5,20000,-0.2,0.0779,K,F,A
3,21000,-0.2,0.1058,K,F,A
3.5,21000,-0.2,0.0896,K,F,A
4,21000,-0.2,0.0818,K,F,A
4.5,21000,-0.2,0.0783,K,F,A
5,21000,-0.2,0.0767,K,F,A
3,22000,-0.2,0.1085,K,F,A
3.5,22000,-0.2,0.0911,K,F,A
4,22000,-0.2,0.0825,K,F,A
4.5,22000,-0.2,0.0781,K,F,A
5,22000,-0.2,0.0763,K,F,A
3,23000,-0.2,0.1107,K,F,A
3.5,23000,-0.2,0.0927,K,F,A
4,23000,-0.2,0.0836,K,F,A
4.5,23000,-0.2,0.0788,K,F,A
5,23000,-0.2,0.0765,K,F,A
3,24000,-0.2,0.1135,K,F,A
3.5,24000,-0.2,0.0938,K,F,A
4,24000,-0.2,0.0848,K,F,A
4.5,24000,-0.2,0.0799,K,F,A
5,24000,-0.2,0.0774,K,F,A
3,25000,-0.2,0.118,K,F,A
3.5,25000,-0.2,0.0949,K,F,A
4,25000,-0.2,0.086,K,F,A
4.5,25000,-0.2,0.0811,K,F,A
5,25000,-0.2,0.0784,K,F,A
3,26000,-0.2,0.1233,K,F,A
3.5,26000,-0.2,0.0962,K,F,A
4,26000,-0.2,0.0865,K,F,A
4.5,26000,-0.2,0.082,K,F,A
5,26000,-0.2,0.0797,K,F,A
3.5,27000,-0.2,0.0978,K,F,A
4,27000,-0.2,0.0869,K,F,A
4.5,27000,-0.2,0.0822,K,F,A
5,27000,-0.2,0.0801,K,F,A
3.5,28000,-0.2,0.0994,K,F,A
4,28000,-0.2,0.0875,K,F,A
4.5,28000,-0.2,0.0824,K,F,A
5,28000,-0.2,0.0802,K,F,A
3.5,29000,-0.2,0.0997,K,F,A
4,29000,-0.2,0.0879,K,F,A
4.5,29000,-0.2,0.0821,K,F,A
5,29000,-0.2,0.0798,K,F,A
3.5,30000,-0.2,0.0995,K,F,A
4,30000,-0.2,0.0873,K,F,A
4.5,30000,-0.2,0.082,K,F,A
5,30000,-0.2,0.0789,K,F,A
3.5,31000,-0.2,0.0997,K,F,A
4,31000,-0.2,0.0861,K,F,A
4.5,31000,-0.2,0.0806,K,F,A
5,31000,-0.2,0.0778,K,F,A
4,32000,-0.2,0.0843,K,F,A
4.5,32000,-0.2,0.0787,K,F,A
5,32000,-0.2,0.076,K,F,A
4,33000,-0.2,0.0827,K,F,A
4.5,33000,-0.2,0.0764,K,F,A
5,33000,-0.2,0.0734,K,F,A
4,34000,-0.2,0.0815,K,F,A
4.5,34000,-0.2,0.0741,K,F,A
5,34000,-0.2,0.0708,K,F,A
4,35000,-0.2,0.0799,K,F,A
4.5,35000,-0.2,0.0722,K,F,A
5,35000,-0.2,0.0683,K,F,A
4.5,37500,-0.2,0.0681,K,F,A
5,37500,-0.2,0.0633,K,F,A
4.5,40000,-0.2,0.0642,K,F,A
5,40000,-0.2,0.0589,K,F,A
5,42500,-0.2,0.0564,K,F,A
5,45000,-0.2,0.0555,K,F,A
5,47500,-0.2,0.0549,K,F,A
5,50000,-0.2,0.0544,K,F,A
0,3500,-0.1,0.3178,K,F,A
0.5,3500,-0.1,0.3165,K,F,A
1,3500,-0.1,0.315,K,F,A
1.5,3500,-0.1,0.314,K,F,A
2,3500,-0.1,0.3128,K,F,A
2.5,3500,-0.1,0.3103,K,F,A
3,3500,-0.1,0.3001,K,F,A
3.5,3500,-0.1,0.2457,K,F,A
4,3500,-0.1,0.1777,K,F,A
4.5,3500,-0.1,0.1485,K,F,A
5,3500,-0.1,0.1385,K,F,A
0,3750,-0.1,0.3046,K,F,A
0.5,3750,-0.1,0.3039,K,F,A
1,3750,-0.1,0.3034,K,F,A
1.5,3750,-0.1,0.3029,K,F,A
2,3750,-0.1,0.3029,K,F,A
2.5,3750,-0.1,0.3021,K,F,A
3,3750,-0.1,0.3,K,F,A
3.5,3750,-0.1,0.2905,K,F,A
4,3750,-0.1,0.2466,K,F,A
4.5,3750,-0.1,0.1859,K,F,A
5,3750,-0.1,0.1528,K,F,A
0,4000,-0.1,0.2893,K,F,A
0.5,4000,-0.1,0.2888,K,F,A
1,4000,-0.1,0.2887,K,F,A
1.5,4000,-0.1,0.2893,K,F,A
2,4000,-0.1,0.29,K,F,A
2.5,4000,-0.1,0.2902,K,F,A
3,4000,-0.1,0.2903,K,F,A
3.5,4000,-0.1,0.2887,K,F,A
4,4000,-0.1,0.2797,K,F,A
4.5,4000,-0.1,0.246,K,F,A
5,4000,-0.1,0.194,K,F,A
0,4250,-0.1,0.2728,K,F,A
0.5,4250,-0.1,0.2729,K,F,A
1,4250,-0.1,0.2732,K,F,A
1.5,4250,-0.1,0.2739,K,F,A
2,4250,-0.1,0.2751,K,F,A
2.5,4250,-0.1,0.2761,K,F,A
3,4250,-0.1,0.2775,K,F,A
3.5,4250,-0.1,0.2777,K,F,A
4,4250,-0.1,0.2766,K,F,A
4.5,4250,-0.1,0.2693,K,F,A
5,4250,-0.1,0.2435,K,F,A
0,4500,-0.1,0.2569,K,F,A
0.5,4500,-0.1,0.2571,K,F,A
1,4500,-0.1,0.2573,K,F,A
1.5,4500,-0.1,0.2582,K,F,A
2,4500,-0.1,0.2595,K,F,A
2.5,4500,-0.1,0.2613,K,F,A
3,4500,-0.1,0.2631,K,F,A
3.5,4500,-0.1,0.2648,K,F,A
4,4500,-0.1,0.2653,K,F,A
4.5,4500,-0.1,0.2648,K,F,A
5,4500,-0.1,0.2586,K,F,A
0,4750,-0.1,0.2403,K,F,A
0.5,4750,-0.1,0.2405,K,F,A
1,4750,-0.1,0.2419,K,F,A
1.5,4750,-0.1,0.243,K,F,A
2,4750,-0.1,0.2443,K,F,A
2.5,4750,-0.1,0.2464,K,F,A
3,4750,-0.1,0.2485,K,F,A
3.5,4750,-0.1,0.2512,K,F,A
4,4750,-0.1,0.2528,K,F,A
4.5,4750,-0.1,0.2536,K,F,A
5,4750,-0.1,0.2523,K,F,A
0,5000,-0.1,0.2246,K,F,A
0.5,5000,-0.1,0.2254,K,F,A
1,5000,-0.1,0.2272,K,F,A
1.5,5000,-0.1,0.2285,K,F,A
2,5000,-0.1,0.2299,K,F,A
2.5,5000,-0.1,0.2324,K,F,A
3,5000,-0.1,0.2348,K,F,A
3.5,5000,-0.1,0.2378,K,F,A
4,5000,-0.1,0.2403,K,F,A
4.5,5000,-0.1,0.2414,K,F,A
5,5000,-0.1,0.2414,K,F,A
0,5250,-0.1,0.2088,K,F,A
0.5,5250,-0.1,0.2099,K,F,A
1,5250,-0.1,0.2116,K,F,A
1.5,5250,-0.1,0.2142,K,F,A
2,5250,-0.1,0.2163,K,F,A
2.5,5250,-0.1,0.2188,K,F,A
3,5250,-0.1,0.2212,K,F,A
3.5,5250,-0.1,0.2244,K,F,A
4,5250,-0.1,0.2273,K,F,A
4.5,5250,-0.1,0.229,K,F,A
5,5250,-0.1,0.2294,K,F,A
0,5500,-0.1,0.1992,K,F,A
0.5,5500,-0.1,0.1927,K,F,A
1,5500,-0.1,0.1954,K,F,A
1.5,5500,-0.1,0.1987,K,F,A
2,5500,-0.1,0.2011,K,F,A
2.5,5500,-0.1,0.2039,K,F,A
3,5500,-0.1,0.207,K,F,A
3.5,5500,-0.1,0.2105,K,F,A
4,5500,-0.1,0.214,K,F,A
4.5,5500,-0.1,0.2166,K,F,A
5,5500,-0.1,0.2176,K,F,A
0,5750,-0.1,0.2049,K,F,A
0.5,5750,-0.1,0.1907,K,F,A
1,5750,-0.1,0.1786,K,F,A
1.5,5750,-0.1,0.1826,K,F,A
2,5750,-0.1,0.1858,K,F,A
2.5,5750,-0.1,0.1892,K,F,A
3,5750,-0.1,0.1931,K,F,A
3.5,5750,-0.1,0.197,K,F,A
4,5750,-0.1,0.2007,K,F,A
4.5,5750,-0.1,0.2041,K,F,A
5,5750,-0.1,0.2057,K,F,A
0,6000,-0.1,0.2057,K,F,A
0.5,6000,-0.1,0.1931,K,F,A
1,6000,-0.1,0.1813,K,F,A
1.5,6000,-0.1,0.1679,K,F,A
2,6000,-0.1,0.1722,K,F,A
2.5,6000,-0.1,0.1766,K,F,A
3,6000,-0.1,0.1806,K,F,A
3.5,6000,-0.1,0.1844,K,F,A
4,6000,-0.1,0.1886,K,F,A
4.5,6000,-0.1,0.1923,K,F,A
5,6000,-0.1,0.1948,K,F,A
0.5,6250,-0.1,0.1931,K,F,A
1,6250,-0.1,0.1826,K,F,A
1.5,6250,-0.1,0.1702,K,F,A
2,6250,-0.1,0.1599,K,F,A
2.5,6250,-0.1,0.1645,K,F,A
3,6250,-0.1,0.1691,K,F,A
3.5,6250,-0.1,0.1735,K,F,A
4,6250,-0.1,0.1783,K,F,A
4.5,6250,-0.1,0.1821,K,F,A
5,6250,-0.1,0.1845,K,F,A
0.5,6500,-0.1,0.1943,K,F,A
1,6500,-0.1,0.1837,K,F,A
1.5,6500,-0.1,0.1732,K,F,A
2,6500,-0.1,0.1593,K,F,A
2.5,6500,-0.1,0.1548,K,F,A
3,6500,-0.1,0.1592,K,F,A
3.5,6500,-0.1,0.1643,K,F,A
4,6500,-0.1,0.1697,K,F,A
4.5,6500,-0.1,0.1736,K,F,A
5,6500,-0.1,0.1762,K,F,A
0.5,6750,-0.1,0.1941,K,F,A
1,6750,-0.1,0.1842,K,F,A
1.5,6750,-0.1,0.1761,K,F,A
2,6750,-0.1,0.165,K,F,A
2.5,6750,-0.1,0.1513,K,F,A
3,6750,-0.1,0.1523,K,F,A
3.5,6750,-0.1,0.1567,K,F,A
4,6750,-0.1,0.1618,K,F,A
4.5,6750,-0.1,0.1657,K,F,A
5,6750,-0.1,0.1691,K,F,A
0.5,7000,-0.1,0.1955,K,F,A
1,7000,-0.1,0.1818,K,F,A
1.5,7000,-0.1,0.1764,K,F,A
2,7000,-0.1,0.17,K,F,A
2.5,7000,-0.1,0.1572,K,F,A
3,7000,-0.1,0.1465,K,F,A
3.5,7000,-0.1,0.1514,K,F,A
4,7000,-0.1,0.1551,K,F,A
4.5,7000,-0.1,0.1588,K,F,A
5,7000,-0.1,0.1628,K,F,A
0.5,7250,-0.1,0.1976,K,F,A
1,7250,-0.1,0.1808,K,F,A
1.5,7250,-0.1,0.1727,K,F,A
2,7250,-0.1,0.17,K,F,A
2.5,7250,-0.1,0.1643,K,F,A
3,7250,-0.1,0.1509,K,F,A
3.5,7250,-0.1,0.142,K,F,A
4,7250,-0.1,0.1503,K,F,A
4.5,7250,-0.1,0.1526,K,F,A
5,7250,-0.1,0.1568,K,F,A
0.5,7500,-0.1,0.2028,K,F,A
1,7500,-0.1,0.1799,K,F,A
1.5,7500,-0.1,0.1701,K,F,A
2,7500,-0.1,0.1653,K,F,A
2.5,7500,-0.1,0.1643,K,F,A
3,7500,-0.1,0.1593,K,F,A
3.5,7500,-0.1,0.1476,K,F,A
4,7500,-0.1,0.1456,K,F,A
4.5,7500,-0.1,0.1485,K,F,A
5,7500,-0.1,0.1515,K,F,A
1,7750,-0.1,0.1806,K,F,A
1.5,7750,-0.1,0.1672,K,F,A
2,7750,-0.1,0.1614,K,F,A
2.5,7750,-0.1,0.159,K,F,A
3,7750,-0.1,0.1591,K,F,A
3.5,7750,-0.1,0.1554,K,F,A
4,7750,-0.1,0.1441,K,F,A
4.5,7750,-0.1,0.1428,K,F,A
5,7750,-0.1,0.148,K,F,A
1,8000,-0.1,0.183,K,F,A
1.5,8000,-0.1,0.1658,K,F,A
2,8000,-0.1,0.1576,K,F,A
2.5,8000,-0.1,0.1541,K,F,A
3,8000,-0.1,0.1531,K,F,A
3.5,8000,-0.1,0.1545,K,F,A
4,8000,-0.1,0.1507,K,F,A
4.5,8000,-0.1,0.1435,K,F,A
5,8000,-0.1,0.1448,K,F,A
1,8250,-0.1,0.1903,K,F,A
1.5,8250,-0.1,0.1651,K,F,A
2,8250,-0.1,0.1548,K,F,A
2.5,8250,-0.1,0.1495,K,F,A
3,8250,-0.1,0.1473,K,F,A
3.5,8250,-0.1,0.1474,K,F,A
4,8250,-0.1,0.1501,K,F,A
4.5,8250,-0.1,0.1481,K,F,A
5,8250,-0.1,0.1416,K,F,A
1,8500,-0.1,0.2014,K,F,A
1.5,8500,-0.1,0.1663,K,F,A
2,8500,-0.1,0.1531,K,F,A
2.5,8500,-0.1,0.1463,K,F,A
3,8500,-0.1,0.1429,K,F,A
3.5,8500,-0.1,0.142,K,F,A
4,8500,-0.1,0.1425,K,F,A
4.5,8500,-0.1,0.1462,K,F,A
5,8500,-0.1,0.1447,K,F,A
1.5,8750,-0.1,0.1691,K,F,A
2,8750,-0.1,0.1524,K,F,A
2.5,8750,-0.1,0.1442,K,F,A
3,8750,-0.1,0.1399,K,F,A
3.5,8750,-0.1,0.1376,K,F,A
4,8750,-0.1,0.1373,K,F,A
4.5,8750,-0.1,0.1383,K,F,A
5,8750,-0.1,0.143,K,F,A
1.5,9000,-0.1,0.172,K,F,A
2,9000,-0.1,0.1526,K,F,A
2.5,9000,-0.1,0.1429,K,F,A
3,9000,-0.1,0.1375,K,F,A
3.5,9000,-0.1,0.1346,K,F,A
4,9000,-0.1,0.1332,K,F,A
4.5,9000,-0.1,0.1332,K,F,A
5,9000,-0.1,0.134,K,F,A
2,9250,-0.1,0.1529,K,F,A
2.5,9250,-0.1,0.142,K,F,A
3,9250,-0.1,0.1358,K,F,A
3.5,9250,-0.1,0.1323,K,F,A
4,9250,-0.1,0.1302,K,F,A
4.5,9250,-0.1,0.1294,K,F,A
5,9250,-0.1,0.1295,K,F,A
2,9500,-0.1,0.1531,K,F,A
2.5,9500,-0.1,0.1413,K,F,A
3,9500,-0.1,0.1346,K,F,A
3.5,9500,-0.1,0.1303,K,F,A
4,9500,-0.1,0.1281,K,F,A
4.5,9500,-0.1,0.1265,K,F,A
5,9500,-0.1,0.1261,K,F,A
2,9750,-0.1,0.1527,K,F,A
2.5,9750,-0.1,0.1403,K,F,A
3,9750,-0.1,0.1332,K,F,A
3.5,9750,-0.1,0.1289,K,F,A
4,9750,-0.1,0.1262,K,F,A
4.5,9750,-0.1,0.1243,K,F,A
5,9750,-0.1,0.1234,K,F,A
2,10000,-0.1,0.152,K,F,A
2.5,10000,-0.1,0.1392,K,F,A
3,10000,-0.1,0.132,K,F,A
3.5,10000,-0.1,0.1274,K,F,A
4,10000,-0.1,0.1246,K,F,A
4.5,10000,-0.1,0.1225,K,F,A
5,10000,-0.1,0.1214,K,F,A
2,10500,-0.1,0.1492,K,F,A
2.5,10500,-0.1,0.1362,K,F,A
3,10500,-0.1,0.1289,K,F,A
3.5,10500,-0.1,0.1244,K,F,A
4,10500,-0.1,0.1213,K,F,A
4.5,10500,-0.1,0.1194,K,F,A
5,10500,-0.1,0.1179,K,F,A
2.5,11000,-0.1,0.1321,K,F,A
3,11000,-0.1,0.125,K,F,A
3.5,11000,-0.1,0.1208,K,F,A
4,11000,-0.1,0.1181,K,F,A
4.5,11000,-0.1,0.1162,K,F,A
5,11000,-0.1,0.1147,K,F,A
2.5,11500,-0.1,0.1279,K,F,A
3,11500,-0.1,0.1206,K,F,A
3.5,11500,-0.1,0.1168,K,F,A
4,11500,-0.1,0.1144,K,F,A
4.5,11500,-0.1,0.1128,K,F,A
5,11500,-0.1,0.1116,K,F,A
2.5,12000,-0.1,0.1244,K,F,A
3,12000,-0.1,0.1165,K,F,A
3.5,12000,-0.1,0.1125,K,F,A
4,12000,-0.1,0.1105,K,F,A
4.5,12000,-0.1,0.1092,K,F,A
5,12000,-0.1,0.1083,K,F,A
2.5,12500,-0.1,0.1219,K,F,A
3,12500,-0.1,0.1128,K,F,A
3.5,12500,-0.1,0.1086,K,F,A
4,12500,-0.1,0.1068,K,F,A
4.5,12500,-0.1,0.1057,K,F,A
5,12500,-0.1,0.105,K,F,A
2.5,13000,-0.1,0.1201,K,F,A
3,13000,-0.1,0.1101,K,F,A
3.5,13000,-0.1,0.1054,K,F,A
4,13000,-0.1,0.1032,K,F,A
4.5,13000,-0.1,0.1024,K,F,A
5,13000,-0.1,0.1018,K,F,A
2,14000,-0.1,0.1452,K,F,A
2.5,14000,-0.1,0.1178,K,F,A
3,14000,-0.1,0.1058,K,F,A
3.5,14000,-0.1,0.1,K,F,A
4,14000,-0.1,0.0974,K,F,A
4.5,14000,-0.1,0.0964,K,F,A
5,14000,-0.1,0.0962,K,F,A
2.5,15000,-0.1,0.1172,K,F,A
3,15000,-0.1,0.103,K,F,A
3.5,15000,-0.1,0.096,K,F,A
4,15000,-0.1,0.0926,K,F,A
4.5,15000,-0.1,0.0914,K,F,A
5,15000,-0.1,0.0913,K,F,A
2.5,16000,-0.1,0.1182,K,F,A
3,16000,-0.1,0.1014,K,F,A
3.5,16000,-0.1,0.0933,K,F,A
4,16000,-0.1,0.0893,K,F,A
4.5,16000,-0.1,0.0875,K,F,A
5,16000,-0.1,0.0872,K,F,A
2.5,17000,-0.1,0.1206,K,F,A
3,17000,-0.1,0.1007,K,F,A
3.5,17000,-0.1,0.0914,K,F,A
4,17000,-0.1,0.0869,K,F,A
4.5,17000,-0.1,0.0847,K,F,A
5,17000,-0.1,0.0839,K,F,A
2.5,18000,-0.1,0.1251,K,F,A
3,18000,-0.1,0.1007,K,F,A
3.5,18000,-0.1,0.0902,K,F,A
4,18000,-0.1,0.0851,K,F,A
4.5,18000,-0.1,0.0824,K,F,A
5,18000,-0.1,0.0815,K,F,A
2.5,19000,-0.1,0.132,K,F,A
3,19000,-0.1,0.1018,K,F,A
3.5,19000,-0.1,0.0895,K,F,A
4,19000,-0.1,0.0837,K,F,A
4.5,19000,-0.1,0.0808,K,F,A
5,19000,-0.1,0.0795,K,F,A
3,20000,-0.1,0.1042,K,F,A
3.5,20000,-0.1,0.0895,K,F,A
4,20000,-0.1,0.0827,K,F,A
4.5,20000,-0.1,0.0795,K,F,A
5,20000,-0.1,0.0781,K,F,A
3,21000,-0.1,0.1071,K,F,A
3.5,21000,-0.1,0.0906,K,F,A
4,21000,-0.1,0.0825,K,F,A
4.5,21000,-0.1,0.0786,K,F,A
5,21000,-0.1,0.077,K,F,A
3,22000,-0.1,0.1098,K,F,A
3.5,22000,-0.1,0.0922,K,F,A
4,22000,-0.1,0.0833,K,F,A
4.5,22000,-0.1,0.0787,K,F,A
5,22000,-0.1,0.0766,K,F,A
3,23000,-0.1,0.1118,K,F,A
3.5,23000,-0.1,0.0937,K,F,A
4,23000,-0.1,0.0845,K,F,A
4.5,23000,-0.1,0.0794,K,F,A
5,23000,-0.1,0.0769,K,F,A
3,24000,-0.1,0.1148,K,F,A
3.5,24000,-0.1,0.0947,K,F,A
4,24000,-0.1,0.0857,K,F,A
4.5,24000,-0.1,0.0805,K,F,A
5,24000,-0.1,0.0777,K,F,A
3,25000,-0.1,0.1193,K,F,A
3.5,25000,-0.1,0.0958,K,F,A
4,25000,-0.1,0.0865,K,F,A
4.5,25000,-0.1,0.0817,K,F,A
5,25000,-0.1,0.079,K,F,A
3,26000,-0.1,0.1248,K,F,A
3.5,26000,-0.1,0.097,K,F,A
4,26000,-0.1,0.0871,K,F,A
4.5,26000,-0.1,0.0825,K,F,A
5,26000,-0.1,0.08,K,F,A
3.5,27000,-0.1,0.0987,K,F,A
4,27000,-0.1,0.0877,K,F,A
4.5,27000,-0.1,0.0827,K,F,A
5,27000,-0.1,0.0806,K,F,A
3.5,28000,-0.1,0.1003,K,F,A
4,28000,-0.1,0.088,K,F,A
4.5,28000,-0.1,0.0828,K,F,A
5,28000,-0.1,0.0806,K,F,A
3.5,29000,-0.1,0.1008,K,F,A
4,29000,-0.1,0.0883,K,F,A
4.5,29000,-0.1,0.0826,K,F,A
5,29000,-0.1,0.0803,K,F,A
3.5,30000,-0.1,0.1006,K,F,A
4,30000,-0.1,0.0879,K,F,A
4.5,30000,-0.1,0.0822,K,F,A
5,30000,-0.1,0.0792,K,F,A
3.5,31000,-0.1,0.1011,K,F,A
4,31000,-0.1,0.0866,K,F,A
4.5,31000,-0.1,0.081,K,F,A
5,31000,-0.1,0.078,K,F,A
4,32000,-0.1,0.0849,K,F,A
4.5,32000,-0.1,0.0793,K,F,A
5,32000,-0.1,0.0763,K,F,A
4,33000,-0.1,0.0838,K,F,A
4.5,33000,-0.1,0.077,K,F,A
5,33000,-0.1,0.0738,K,F,A
4,34000,-0.1,0.0826,K,F,A
4.5,34000,-0.1,0.0749,K,F,A
5,34000,-0.1,0.0713,K,F,A
4,35000,-0.1,0.0812,K,F,A
4.5,35000,-0.1,0.073,K,F,A
5,35000,-0.1,0.0693,K,F,A
4.5,37500,-0.1,0.0692,K,F,A
5,37500,-0.1,0.064,K,F,A
4.5,40000,-0.1,0.0655,K,F,A
5,40000,-0.1,0.0601,K,F,A
5,42500,-0.1,0.0578,K,F,A
5,45000,-0.1,0.0569,K,F,A
5,47500,-0.1,0.0563,K,F,A
5,50000,-0.1,0.0558,K,F,A
0,3500,0,0.3196,K,F,A
0.5,3500,0,0.3175,K,F,A
1,3500,0,0.3155,K,F,A
1.5,3500,0,0.3142,K,F,A
2,3500,0,0.3132,K,F,A
2.5,3500,0,0.3107,K,F,A
3,3500,0,0.3022,K,F,A
3.5,3500,0,0.2562,K,F,A
4,3500,0,0.1853,K,F,A
4.5,3500,0,0.1505,K,F,A
5,3500,0,0.1382,K,F,A
0,3750,0,0.3067,K,F,A
0.5,3750,0,0.3056,K,F,A
1,3750,0,0.3048,K,F,A
1.5,3750,0,0.3044,K,F,A
2,3750,0,0.304,K,F,A
2.5,3750,0,0.3031,K,F,A
3,3750,0,0.301,K,F,A
3.5,3750,0,0.2925,K,F,A
4,3750,0,0.254,K,F,A
4.5,3750,0,0.1928,K,F,A
5,3750,0,0.1556,K,F,A
0,4000,0,0.2918,K,F,A
0.5,4000,0,0.2911,K,F,A
1,4000,0,0.2908,K,F,A
1.5,4000,0,0.2913,K,F,A
2,4000,0,0.2917,K,F,A
2.5,4000,0,0.2918,K,F,A
3,4000,0,0.292,K,F,A
3.5,4000,0,0.2905,K,F,A
4,4000,0,0.282,K,F,A
4.5,4000,0,0.2502,K,F,A
5,4000,0,0.1992,K,F,A
0,4250,0,0.2753,K,F,A
0.5,4250,0,0.2752,K,F,A
1,4250,0,0.2752,K,F,A
1.5,4250,0,0.2759,K,F,A
2,4250,0,0.2766,K,F,A
2.5,4250,0,0.278,K,F,A
3,4250,0,0.2794,K,F,A
3.5,4250,0,0.28,K,F,A
4,4250,0,0.2786,K,F,A
4.5,4250,0,0.2715,K,F,A
5,4250,0,0.2464,K,F,A
0,4500,0,0.2589,K,F,A
0.5,4500,0,0.2593,K,F,A
1,4500,0,0.2593,K,F,A
1.5,4500,0,0.2608,K,F,A
2,4500,0,0.2615,K,F,A
2.5,4500,0,0.2637,K,F,A
3,4500,0,0.2655,K,F,A
3.5,4500,0,0.2672,K,F,A
4,4500,0,0.2676,K,F,A
4.5,4500,0,0.2672,K,F,A
5,4500,0,0.2609,K,F,A
0,4750,0,0.2427,K,F,A
0.5,4750,0,0.2433,K,F,A
1,4750,0,0.2444,K,F,A
1.5,4750,0,0.2457,K,F,A
2,4750,0,0.2471,K,F,A
2.5,4750,0,0.2491,K,F,A
3,4750,0,0.2512,K,F,A
3.5,4750,0,0.2539,K,F,A
4,4750,0,0.255,K,F,A
4.5,4750,0,0.2561,K,F,A
5,4750,0,0.2553,K,F,A
0,5000,0,0.2269,K,F,A
0.5,5000,0,0.2276,K,F,A
1,5000,0,0.2292,K,F,A
1.5,5000,0,0.2306,K,F,A
2,5000,0,0.232,K,F,A
2.5,5000,0,0.2349,K,F,A
3,5000,0,0.2374,K,F,A
3.5,5000,0,0.2403,K,F,A
4,5000,0,0.2428,K,F,A
4.5,5000,0,0.2447,K,F,A
5,5000,0,0.2446,K,F,A
0,5250,0,0.211,K,F,A
0.5,5250,0,0.2113,K,F,A
1,5250,0,0.2134,K,F,A
1.5,5250,0,0.2167,K,F,A
2,5250,0,0.2188,K,F,A
2.5,5250,0,0.2211,K,F,A
3,5250,0,0.2237,K,F,A
3.5,5250,0,0.2273,K,F,A
4,5250,0,0.2306,K,F,A
4.5,5250,0,0.2326,K,F,A
5,5250,0,0.2334,K,F,A
0,5500,0,0.199,K,F,A
0.5,5500,0,0.196,K,F,A
1,5500,0,0.1981,K,F,A
1.5,5500,0,0.2017,K,F,A
2,5500,0,0.2038,K,F,A
2.5,5500,0,0.2074,K,F,A
3,5500,0,0.21,K,F,A
3.5,5500,0,0.2142,K,F,A
4,5500,0,0.218,K,F,A
4.5,5500,0,0.2204,K,F,A
5,5500,0,0.2215,K,F,A
0,5750,0,0.2071,K,F,A
0.5,5750,0,0.1912,K,F,A
1,5750,0,0.1821,K,F,A
1.5,5750,0,0.1854,K,F,A
2,5750,0,0.1886,K,F,A
2.5,5750,0,0.193,K,F,A
3,5750,0,0.1966,K,F,A
3.5,5750,0,0.2006,K,F,A
4,5750,0,0.2045,K,F,A
4.5,5750,0,0.2086,K,F,A
5,5750,0,0.2101,K,F,A
0,6000,0,0.2068,K,F,A
0.5,6000,0,0.1939,K,F,A
1,6000,0,0.1792,K,F,A
1.5,6000,0,0.1707,K,F,A
2,6000,0,0.1752,K,F,A
2.5,6000,0,0.1794,K,F,A
3,6000,0,0.1837,K,F,A
3.5,6000,0,0.1873,K,F,A
4,6000,0,0.1925,K,F,A
4.5,6000,0,0.1966,K,F,A
5,6000,0,0.1985,K,F,A
0.5,6250,0,0.1945,K,F,A
1,6250,0,0.185,K,F,A
1.5,6250,0,0.1747,K,F,A
2,6250,0,0.1623,K,F,A
2.5,6250,0,0.1667,K,F,A
3,6250,0,0.1711,K,F,A
3.5,6250,0,0.1762,K,F,A
4,6250,0,0.1813,K,F,A
4.5,6250,0,0.1853,K,F,A
5,6250,0,0.1881,K,F,A
0.5,6500,0,0.1963,K,F,A
1,6500,0,0.1849,K,F,A
1.5,6500,0,0.1754,K,F,A
2,6500,0,0.1624,K,F,A
2.5,6500,0,0.1568,K,F,A
3,6500,0,0.1612,K,F,A
3.5,6500,0,0.1665,K,F,A
4,6500,0,0.1723,K,F,A
4.5,6500,0,0.1755,K,F,A
5,6500,0,0.179,K,F,A
0.5,6750,0,0.1958,K,F,A
1,6750,0,0.1861,K,F,A
1.5,6750,0,0.178,K,F,A
2,6750,0,0.1663,K,F,A
2.5,6750,0,0.1538,K,F,A
3,6750,0,0.1542,K,F,A
3.5,6750,0,0.1589,K,F,A
4,6750,0,0.1636,K,F,A
4.5,6750,0,0.1671,K,F,A
5,6750,0,0.1714,K,F,A
0.5,7000,0,0.197,K,F,A
1,7000,0,0.1836,K,F,A
1.5,7000,0,0.1787,K,F,A
2,7000,0,0.1715,K,F,A
2.5,7000,0,0.1588,K,F,A
3,7000,0,0.1474,K,F,A
3.5,7000,0,0.1533,K,F,A
4,7000,0,0.1565,K,F,A
4.5,7000,0,0.1603,K,F,A
5,7000,0,0.1647,K,F,A
0.5,7250,0,0.1991,K,F,A
1,7250,0,0.1824,K,F,A
1.5,7250,0,0.1747,K,F,A
2,7250,0,0.1723,K,F,A
2.5,7250,0,0.1665,K,F,A
3,7250,0,0.1529,K,F,A
3.5,7250,0,0.144,K,F,A
4,7250,0,0.152,K,F,A
4.5,7250,0,0.1542,K,F,A
5,7250,0,0.1589,K,F,A
0.5,7500,0,0.2035,K,F,A
1,7500,0,0.1817,K,F,A
1.5,7500,0,0.1718,K,F,A
2,7500,0,0.1673,K,F,A
2.5,7500,0,0.1668,K,F,A
3,7500,0,0.162,K,F,A
3.5,7500,0,0.1494,K,F,A
4,7500,0,0.1477,K,F,A
4.5,7500,0,0.1504,K,F,A
5,7500,0,0.1534,K,F,A
1,7750,0,0.1816,K,F,A
1.5,7750,0,0.1689,K,F,A
2,7750,0,0.1634,K,F,A
2.5,7750,0,0.161,K,F,A
3,7750,0,0.1614,K,F,A
3.5,7750,0,0.1574,K,F,A
4,7750,0,0.1476,K,F,A
4.5,7750,0,0.1484,K,F,A
5,7750,0,0.1499,K,F,A
1,8000,0,0.1835,K,F,A
1.5,8000,0,0.167,K,F,A
2,8000,0,0.1593,K,F,A
2.5,8000,0,0.1561,K,F,A
3,8000,0,0.1552,K,F,A
3.5,8000,0,0.157,K,F,A
4,8000,0,0.1533,K,F,A
4.5,8000,0,0.1474,K,F,A
5,8000,0,0.1466,K,F,A
1,8250,0,0.1903,K,F,A
1.5,8250,0,0.1659,K,F,A
2,8250,0,0.1562,K,F,A
2.5,8250,0,0.1513,K,F,A
3,8250,0,0.1496,K,F,A
3.5,8250,0,0.1499,K,F,A
4,8250,0,0.1527,K,F,A
4.5,8250,0,0.1506,K,F,A
5,8250,0,0.1457,K,F,A
1.5,8500,0,0.1669,K,F,A
2,8500,0,0.1537,K,F,A
2.5,8500,0,0.1477,K,F,A
3,8500,0,0.1447,K,F,A
3.5,8500,0,0.1439,K,F,A
4,8500,0,0.1449,K,F,A
4.5,8500,0,0.1491,K,F,A
5,8500,0,0.1475,K,F,A
1.5,8750,0,0.1695,K,F,A
2,8750,0,0.1532,K,F,A
2.5,8750,0,0.1451,K,F,A
3,8750,0,0.1414,K,F,A
3.5,8750,0,0.1394,K,F,A
4,8750,0,0.139,K,F,A
4.5,8750,0,0.1406,K,F,A
5,8750,0,0.1463,K,F,A
1.5,9000,0,0.172,K,F,A
2,9000,0,0.1533,K,F,A
2.5,9000,0,0.1437,K,F,A
3,9000,0,0.1385,K,F,A
3.5,9000,0,0.1359,K,F,A
4,9000,0,0.1348,K,F,A
4.5,9000,0,0.1349,K,F,A
5,9000,0,0.1362,K,F,A
2,9250,0,0.1532,K,F,A
2.5,9250,0,0.1428,K,F,A
3,9250,0,0.137,K,F,A
3.5,9250,0,0.1335,K,F,A
4,9250,0,0.1318,K,F,A
4.5,9250,0,0.1312,K,F,A
5,9250,0,0.1314,K,F,A
2,9500,0,0.1533,K,F,A
2.5,9500,0,0.1418,K,F,A
3,9500,0,0.1354,K,F,A
3.5,9500,0,0.1317,K,F,A
4,9500,0,0.1294,K,F,A
4.5,9500,0,0.1282,K,F,A
5,9500,0,0.1278,K,F,A
2,9750,0,0.1529,K,F,A
2.5,9750,0,0.1407,K,F,A
3,9750,0,0.1342,K,F,A
3.5,9750,0,0.1302,K,F,A
4,9750,0,0.1274,K,F,A
4.5,9750,0,0.1259,K,F,A
5,9750,0,0.125,K,F,A
2,10000,0,0.1521,K,F,A
2.5,10000,0,0.1397,K,F,A
3,10000,0,0.1326,K,F,A
3.5,10000,0,0.1285,K,F,A
4,10000,0,0.1259,K,F,A
4.5,10000,0,0.124,K,F,A
5,10000,0,0.1231,K,F,A
2,10250,0,0.1509,K,F,A
2.5,10250,0,0.1384,K,F,A
3,10250,0,0.1313,K,F,A
3.5,10250,0,0.1269,K,F,A
4,10250,0,0.1243,K,F,A
4.5,10250,0,0.1227,K,F,A
5,10250,0,0.1212,K,F,A
2,10500,0,0.1494,K,F,A
2.5,10500,0,0.1367,K,F,A
3,10500,0,0.1296,K,F,A
3.5,10500,0,0.1254,K,F,A
4,10500,0,0.1225,K,F,A
4.5,10500,0,0.1209,K,F,A
5,10500,0,0.1195,K,F,A
2,10750,0,0.148,K,F,A
2.5,10750,0,0.1348,K,F,A
3,10750,0,0.1279,K,F,A
3.5,10750,0,0.1236,K,F,A
4,10750,0,0.1211,K,F,A
4.5,10750,0,0.1192,K,F,A
5,10750,0,0.1182,K,F,A
2,11000,0,0.1465,K,F,A
2.5,11000,0,0.1329,K,F,A
3,11000,0,0.1258,K,F,A
3.5,11000,0,0.1217,K,F,A
4,11000,0,0.1194,K,F,A
4.5,11000,0,0.1175,K,F,A
5,11000,0,0.1163,K,F,A
2,11250,0,0.1452,K,F,A
2.5,11250,0,0.131,K,F,A
3,11250,0,0.1239,K,F,A
3.5,11250,0,0.1199,K,F,A
4,11250,0,0.1175,K,F,A
4.5,11250,0,0.116,K,F,A
5,11250,0,0.1148,K,F,A
2,11500,0,0.1441,K,F,A
2.5,11500,0,0.1289,K,F,A
3,11500,0,0.1217,K,F,A
3.5,11500,0,0.1178,K,F,A
4,11500,0,0.1156,K,F,A
4.5,11500,0,0.1142,K,F,A
5,11500,0,0.1133,K,F,A
2,11750,0,0.1433,K,F,A
2.5,11750,0,0.1272,K,F,A
3,11750,0,0.1197,K,F,A
3.5,11750,0,0.116,K,F,A
4,11750,0,0.1139,K,F,A
4.5,11750,0,0.1125,K,F,A
5,11750,0,0.1115,K,F,A
2,12000,0,0.1428,K,F,A
2.5,12000,0,0.1256,K,F,A
3,12000,0,0.1176,K,F,A
3.5,12000,0,0.1138,K,F,A
4,12000,0,0.1119,K,F,A
4.5,12000,0,0.1107,K,F,A
5,12000,0,0.1098,K,F,A
2,12250,0,0.1424,K,F,A
2.5,12250,0,0.1241,K,F,A
3,12250,0,0.1158,K,F,A
3.5,12250,0,0.1119,K,F,A
4,12250,0,0.1101,K,F,A
4.5,12250,0,0.1091,K,F,A
5,12250,0,0.1082,K,F,A
2,12500,0,0.1424,K,F,A
2.5,12500,0,0.1228,K,F,A
3,12500,0,0.114,K,F,A
3.5,12500,0,0.1101,K,F,A
4,12500,0,0.1081,K,F,A
4.5,12500,0,0.1072,K,F,A
5,12500,0,0.1065,K,F,A
2,12750,0,0.1424,K,F,A
2.5,12750,0,0.1218,K,F,A
3,12750,0,0.1126,K,F,A
3.5,12750,0,0.1083,K,F,A
4,12750,0,0.1063,K,F,A
4.5,12750,0,0.1055,K,F,A
5,12750,0,0.1052,K,F,A
2,13000,0,0.1427,K,F,A
2.5,13000,0,0.121,K,F,A
3,13000,0,0.1112,K,F,A
3.5,13000,0,0.1067,K,F,A
4,13000,0,0.1046,K,F,A
4.5,13000,0,0.1039,K,F,A
5,13000,0,0.1036,K,F,A
2,14000,0,0.1458,K,F,A
2.5,14000,0,0.1188,K,F,A
3,14000,0,0.1069,K,F,A
3.5,14000,0,0.1014,K,F,A
4,14000,0,0.0989,K,F,A
4.5,14000,0,0.098,K,F,A
5,14000,0,0.0979,K,F,A
2,15000,0,0.1518,K,F,A
2.5,15000,0,0.1182,K,F,A
3,15000,0,0.1041,K,F,A
3.5,15000,0,0.0973,K,F,A
4,15000,0,0.0942,K,F,A
4.5,15000,0,0.093,K,F,A
5,15000,0,0.093,K,F,A
2,16000,0,0.1638,K,F,A
2.5,16000,0,0.1191,K,F,A
3,16000,0,0.1027,K,F,A
3.5,16000,0,0.0947,K,F,A
4,16000,0,0.0909,K,F,A
4.5,16000,0,0.0893,K,F,A
5,16000,0,0.089,K,F,A
2.5,17000,0,0.1213,K,F,A
3,17000,0,0.1018,K,F,A
3.5,17000,0,0.0928,K,F,A
4,17000,0,0.0884,K,F,A
4.5,17000,0,0.0863,K,F,A
5,17000,0,0.0857,K,F,A
2.5,18000,0,0.1265,K,F,A
3,18000,0,0.1026,K,F,A
3.5,18000,0,0.0923,K,F,A
4,18000,0,0.0874,K,F,A
4.5,18000,0,0.0849,K,F,A
5,18000,0,0.084,K,F,A
2.5,19000,0,0.1325,K,F,A
3,19000,0,0.1029,K,F,A
3.5,19000,0,0.0908,K,F,A
4,19000,0,0.0852,K,F,A
4.5,19000,0,0.0823,K,F,A
5,19000,0,0.0811,K,F,A
3,20000,0,0.1051,K,F,A
3.5,20000,0,0.0909,K,F,A
4,20000,0,0.0843,K,F,A
4.5,20000,0,0.0811,K,F,A
5,20000,0,0.0797,K,F,A
3,21000,0,0.1082,K,F,A
3.5,21000,0,0.0919,K,F,A
4,21000,0,0.0841,K,F,A
4.5,21000,0,0.0803,K,F,A
5,21000,0,0.0788,K,F,A
3,22000,0,0.1111,K,F,A
3.5,22000,0,0.0936,K,F,A
4,22000,0,0.0848,K,F,A
4.5,22000,0,0.0804,K,F,A
5,22000,0,0.0784,K,F,A
3,23000,0,0.1133,K,F,A
3.5,23000,0,0.0951,K,F,A
4,23000,0,0.0862,K,F,A
4.5,23000,0,0.0811,K,F,A
5,23000,0,0.0787,K,F,A
3,24000,0,0.1164,K,F,A
3.5,24000,0,0.0963,K,F,A
4,24000,0,0.0873,K,F,A
4.5,24000,0,0.0822,K,F,A
5,24000,0,0.0795,K,F,A
3,25000,0,0.1209,K,F,A
3.5,25000,0,0.0975,K,F,A
4,25000,0,0.0882,K,F,A
4.5,25000,0,0.0834,K,F,A
5,25000,0,0.0809,K,F,A
3,26000,0,0.1263,K,F,A
3.5,26000,0,0.0987,K,F,A
4,26000,0,0.089,K,F,A
4.5,26000,0,0.0843,K,F,A
5,26000,0,0.0818,K,F,A
3.5,27000,0,0.1003,K,F,A
4,27000,0,0.0895,K,F,A
4.5,27000,0,0.0846,K,F,A
5,27000,0,0.0821,K,F,A
3.5,28000,0,0.1015,K,F,A
4,28000,0,0.0899,K,F,A
4.5,28000,0,0.0844,K,F,A
5,28000,0,0.0823,K,F,A
3.5,29000,0,0.1021,K,F,A
4,29000,0,0.09,K,F,A
4.5,29000,0,0.0842,K,F,A
5,29000,0,0.0819,K,F,A
3.5,30000,0,0.102,K,F,A
4,30000,0,0.0895,K,F,A
4.5,30000,0,0.0835,K,F,A
5,30000,0,0.0811,K,F,A
3.5,31000,0,0.1024,K,F,A
4,31000,0,0.0878,K,F,A
4.5,31000,0,0.0825,K,F,A
5,31000,0,0.0796,K,F,A
4,32000,0,0.0866,K,F,A
4.5,32000,0,0.0806,K,F,A
5,32000,0,0.0778,K,F,A
4,33000,0,0.0852,K,F,A
4.5,33000,0,0.0783,K,F,A
5,33000,0,0.0754,K,F,A
4,34000,0,0.0842,K,F,A
4.5,34000,0,0.0762,K,F,A
5,34000,0,0.0728,K,F,A
4,35000,0,0.0828,K,F,A
4.5,35000,0,0.0744,K,F,A
5,35000,0,0.0703,K,F,A
4,36000,0,0.0809,K,F,A
4.5,36000,0,0.0727,K,F,A
5,36000,0,0.0684,K,F,A
4,37000,0,0.0793,K,F,A
4.5,37000,0,0.0705,K,F,A
5,37000,0,0.0662,K,F,A
4,38000,0,0.0787,K,F,A
4.5,38000,0,0.0685,K,F,A
5,38000,0,0.0639,K,F,A
4,39000,0,0.0787,K,F,A
4.5,39000,0,0.0669,K,F,A
5,39000,0,0.0621,K,F,A
4,40000,0,0.0795,K,F,A
4.5,40000,0,0.066,K,F,A
5,40000,0,0.0602,K,F,A
4.5,41000,0,0.0655,K,F,A
5,41000,0,0.0591,K,F,A
4.5,42000,0,0.0655,K,F,A
5,42000,0,0.0585,K,F,A
4.5,43000,0,0.0655,K,F,A
5,43000,0,0.0582,K,F,A
4.5,44000,0,0.0655,K,F,A
5,44000,0,0.0579,K,F,A
4.5,45000,0,0.0657,K,F,A
5,45000,0,0.0575,K,F,A
4.5,46000,0,0.0658,K,F,A
5,46000,0,0.0574,K,F,A
4.5,47000,0,0.066,K,F,A
5,47000,0,0.0573,K,F,A
4.5,48000,0,0.0662,K,F,A
5,48000,0,0.0571,K,F,A
4.5,49000,0,0.0663,K,F,A
5,49000,0,0.0569,K,F,A
4.5,50000,0,0.0665,K,F,A
5,50000,0,0.0568,K,F,A
0,3500,0,0.319,K,F,A
0.5,3500,0,0.3168,K,F,A
1,3500,0,0.3154,K,F,A
1.5,3500,0,0.3138,K,F,A
2,3500,0,0.313,K,F,A
2.5,3500,0,0.3106,K,F,A
3,3500,0,0.3021,K,F,A
3.5,3500,0,0.257,K,F,A
4,3500,0,0.1858,K,F,A
4.5,3500,0,0.1508,K,F,A
5,3500,0,0.1384,K,F,A
0,3750,0,0.3062,K,F,A
0.5,3750,0,0.3049,K,F,A
1,3750,0,0.3044,K,F,A
1.5,3750,0,0.3039,K,F,A
2,3750,0,0.3038,K,F,A
2.5,3750,0,0.303,K,F,A
3,3750,0,0.3005,K,F,A
3.5,3750,0,0.2923,K,F,A
4,3750,0,0.2546,K,F,A
4.5,3750,0,0.1933,K,F,A
5,3750,0,0.1556,K,F,A
0,4000,0,0.2909,K,F,A
0.5,4000,0,0.29,K,F,A
1,4000,0,0.2903,K,F,A
1.5,4000,0,0.2908,K,F,A
2,4000,0,0.2914,K,F,A
2.5,4000,0,0.2919,K,F,A
3,4000,0,0.2915,K,F,A
3.5,4000,0,0.2901,K,F,A
4,4000,0,0.282,K,F,A
4.5,4000,0,0.2508,K,F,A
5,4000,0,0.1998,K,F,A
0,4250,0,0.2748,K,F,A
0.5,4250,0,0.2741,K,F,A
1,4250,0,0.2749,K,F,A
1.5,4250,0,0.2754,K,F,A
2,4250,0,0.277,K,F,A
2.5,4250,0,0.2782,K,F,A
3,4250,0,0.2792,K,F,A
3.5,4250,0,0.2793,K,F,A
4,4250,0,0.2784,K,F,A
4.5,4250,0,0.2715,K,F,A
5,4250,0,0.2468,K,F,A
0,4500,0,0.2588,K,F,A
0.5,4500,0,0.2586,K,F,A
1,4500,0,0.2591,K,F,A
1.5,4500,0,0.26,K,F,A
2,4500,0,0.2613,K,F,A
2.5,4500,0,0.2635,K,F,A
3,4500,0,0.2653,K,F,A
3.5,4500,0,0.2665,K,F,A
4,4500,0,0.2673,K,F,A
4.5,4500,0,0.2668,K,F,A
5,4500,0,0.261,K,F,A
0,4750,0,0.2422,K,F,A
0.5,4750,0,0.2426,K,F,A
1,4750,0,0.2436,K,F,A
1.5,4750,0,0.2449,K,F,A
2,4750,0,0.2464,K,F,A
2.5,4750,0,0.2485,K,F,A
3,4750,0,0.2508,K,F,A
3.5,4750,0,0.2533,K,F,A
4,4750,0,0.2549,K,F,A
4.5,4750,0,0.2557,K,F,A
5,4750,0,0.2552,K,F,A
0,5000,0,0.2264,K,F,A
0.5,5000,0,0.2272,K,F,A
1,5000,0,0.2284,K,F,A
1.5,5000,0,0.2302,K,F,A
2,5000,0,0.2322,K,F,A
2.5,5000,0,0.2342,K,F,A
3,5000,0,0.2371,K,F,A
3.5,5000,0,0.2404,K,F,A
4,5000,0,0.2424,K,F,A
4.5,5000,0,0.2441,K,F,A
5,5000,0,0.2443,K,F,A
0,5250,0,0.2104,K,F,A
0.5,5250,0,0.2112,K,F,A
1,5250,0,0.2132,K,F,A
1.5,5250,0,0.2159,K,F,A
2,5250,0,0.2182,K,F,A
2.5,5250,0,0.2209,K,F,A
3,5250,0,0.2239,K,F,A
3.5,5250,0,0.2272,K,F,A
4,5250,0,0.23,K,F,A
4.5,5250,0,0.2322,K,F,A
5,5250,0,0.2329,K,F,A
0,5500,0,0.2026,K,F,A
0.5,5500,0,0.1953,K,F,A
1,5500,0,0.1975,K,F,A
1.5,5500,0,0.2006,K,F,A
2,5500,0,0.2038,K,F,A
2.5,5500,0,0.2068,K,F,A
3,5500,0,0.21,K,F,A
3.5,5500,0,0.2139,K,F,A
4,5500,0,0.2175,K,F,A
4.5,5500,0,0.2198,K,F,A
5,5500,0,0.2212,K,F,A
0,5750,0,0.2067,K,F,A
0.5,5750,0,0.1911,K,F,A
1,5750,0,0.1814,K,F,A
1.5,5750,0,0.1855,K,F,A
2,5750,0,0.189,K,F,A
2.5,5750,0,0.1922,K,F,A
3,5750,0,0.1959,K,F,A
3.5,5750,0,0.2002,K,F,A
4,5750,0,0.2041,K,F,A
4.5,5750,0,0.2078,K,F,A
5,5750,0,0.2093,K,F,A
0,6000,0,0.207,K,F,A
0.5,6000,0,0.1947,K,F,A
1,6000,0,0.1832,K,F,A
1.5,6000,0,0.17,K,F,A
2,6000,0,0.1744,K,F,A
2.5,6000,0,0.1789,K,F,A
3,6000,0,0.1833,K,F,A
3.5,6000,0,0.1873,K,F,A
4,6000,0,0.1919,K,F,A
4.5,6000,0,0.1962,K,F,A
5,6000,0,0.1984,K,F,A
0.5,6250,0,0.1943,K,F,A
1,6250,0,0.1847,K,F,A
1.5,6250,0,0.1721,K,F,A
2,6250,0,0.1618,K,F,A
2.5,6250,0,0.1666,K,F,A
3,6250,0,0.171,K,F,A
3.5,6250,0,0.1763,K,F,A
4,6250,0,0.1809,K,F,A
4.5,6250,0,0.1851,K,F,A
5,6250,0,0.1877,K,F,A
0.5,6500,0,0.1956,K,F,A
1,6500,0,0.1851,K,F,A
1.5,6500,0,0.1745,K,F,A
2,6500,0,0.1602,K,F,A
2.5,6500,0,0.1565,K,F,A
3,6500,0,0.1612,K,F,A
3.5,6500,0,0.1663,K,F,A
4,6500,0,0.1719,K,F,A
4.5,6500,0,0.1756,K,F,A
5,6500,0,0.1788,K,F,A
0.5,6750,0,0.1955,K,F,A
1,6750,0,0.1854,K,F,A
1.5,6750,0,0.1774,K,F,A
2,6750,0,0.1662,K,F,A
2.5,6750,0,0.1522,K,F,A
3,6750,0,0.1537,K,F,A
3.5,6750,0,0.1586,K,F,A
4,6750,0,0.1637,K,F,A
4.5,6750,0,0.1675,K,F,A
5,6750,0,0.1711,K,F,A
0.5,7000,0,0.1966,K,F,A
1,7000,0,0.1834,K,F,A
1.5,7000,0,0.1781,K,F,A
2,7000,0,0.1712,K,F,A
2.5,7000,0,0.1585,K,F,A
3,7000,0,0.1492,K,F,A
3.5,7000,0,0.1527,K,F,A
4,7000,0,0.1566,K,F,A
4.5,7000,0,0.1603,K,F,A
5,7000,0,0.1645,K,F,A
0.5,7250,0,0.199,K,F,A
1,7250,0,0.1821,K,F,A
1.5,7250,0,0.1744,K,F,A
2,7250,0,0.1721,K,F,A
2.5,7250,0,0.166,K,F,A
3,7250,0,0.1527,K,F,A
3.5,7250,0,0.1435,K,F,A
4,7250,0,0.1513,K,F,A
4.5,7250,0,0.154,K,F,A
5,7250,0,0.1587,K,F,A
0.5,7500,0,0.2034,K,F,A
1,7500,0,0.1815,K,F,A
1.5,7500,0,0.1714,K,F,A
2,7500,0,0.1668,K,F,A
2.5,7500,0,0.1663,K,F,A
3,7500,0,0.161,K,F,A
3.5,7500,0,0.1492,K,F,A
4,7500,0,0.1481,K,F,A
4.5,7500,0,0.1498,K,F,A
5,7500,0,0.1533,K,F,A
1,7750,0,0.1814,K,F,A
1.5,7750,0,0.1688,K,F,A
2,7750,0,0.1631,K,F,A
2.5,7750,0,0.1608,K,F,A
3,7750,0,0.1612,K,F,A
3.5,7750,0,0.1571,K,F,A
4,7750,0,0.1461,K,F,A
4.5,7750,0,0.1476,K,F,A
5,7750,0,0.1495,K,F,A
1,8000,0,0.1836,K,F,A
1.5,8000,0,0.167,K,F,A
2,8000,0,0.1591,K,F,A
2.5,8000,0,0.1559,K,F,A
3,8000,0,0.1549,K,F,A
3.5,8000,0,0.1566,K,F,A
4,8000,0,0.1526,K,F,A
4.5,8000,0,0.1447,K,F,A
5,8000,0,0.1461,K,F,A
1,8250,0,0.1905,K,F,A
1.5,8250,0,0.1658,K,F,A
2,8250,0,0.1561,K,F,A
2.5,8250,0,0.1511,K,F,A
3,8250,0,0.1494,K,F,A
3.5,8250,0,0.1497,K,F,A
4,8250,0,0.1522,K,F,A
4.5,8250,0,0.1497,K,F,A
5,8250,0,0.145,K,F,A
1.5,8500,0,0.1669,K,F,A
2,8500,0,0.1538,K,F,A
2.5,8500,0,0.1478,K,F,A
3,8500,0,0.1445,K,F,A
3.5,8500,0,0.1438,K,F,A
4,8500,0,0.1447,K,F,A
4.5,8500,0,0.1483,K,F,A
5,8500,0,0.1468,K,F,A
1,8750,0,0.2134,K,F,A
1.5,8750,0,0.1696,K,F,A
2,8750,0,0.1531,K,F,A
2.5,8750,0,0.1452,K,F,A
3,8750,0,0.1413,K,F,A
3.5,8750,0,0.1392,K,F,A
4,8750,0,0.1389,K,F,A
4.5,8750,0,0.1404,K,F,A
5,8750,0,0.1453,K,F,A
1.5,9000,0,0.1726,K,F,A
2,9000,0,0.1535,K,F,A
2.5,9000,0,0.1437,K,F,A
3,9000,0,0.1386,K,F,A
3.5,9000,0,0.136,K,F,A
4,9000,0,0.1348,K,F,A
4.5,9000,0,0.1348,K,F,A
5,9000,0,0.1359,K,F,A
2,9250,0,0.1536,K,F,A
2.5,9250,0,0.1432,K,F,A
3,9250,0,0.1368,K,F,A
3.5,9250,0,0.1334,K,F,A
4,9250,0,0.1318,K,F,A
4.5,9250,0,0.1311,K,F,A
5,9250,0,0.1312,K,F,A
2,9500,0,0.1536,K,F,A
2.5,9500,0,0.1421,K,F,A
3,9500,0,0.1358,K,F,A
3.5,9500,0,0.1315,K,F,A
4,9500,0,0.1294,K,F,A
4.5,9500,0,0.1281,K,F,A
5,9500,0,0.1277,K,F,A
2,9750,0,0.1534,K,F,A
2.5,9750,0,0.141,K,F,A
3,9750,0,0.1343,K,F,A
3.5,9750,0,0.1303,K,F,A
4,9750,0,0.1275,K,F,A
4.5,9750,0,0.1259,K,F,A
5,9750,0,0.125,K,F,A
2,10000,0,0.1525,K,F,A
2.5,10000,0,0.14,K,F,A
3,10000,0,0.1329,K,F,A
3.5,10000,0,0.1288,K,F,A
4,10000,0,0.1259,K,F,A
4.5,10000,0,0.1239,K,F,A
5,10000,0,0.1228,K,F,A
2,10250,0,0.1514,K,F,A
2.5,10250,0,0.1387,K,F,A
3,10250,0,0.1316,K,F,A
3.5,10250,0,0.1272,K,F,A
4,10250,0,0.1245,K,F,A
4.5,10250,0,0.1226,K,F,A
5,10250,0,0.1211,K,F,A
2,10500,0,0.1497,K,F,A
2.5,10500,0,0.137,K,F,A
3,10500,0,0.1298,K,F,A
3.5,10500,0,0.1256,K,F,A
4,10500,0,0.1227,K,F,A
4.5,10500,0,0.121,K,F,A
5,10500,0,0.1193,K,F,A
2,10750,0,0.1483,K,F,A
2.5,10750,0,0.1352,K,F,A
3,10750,0,0.1281,K,F,A
3.5,10750,0,0.1239,K,F,A
4,10750,0,0.1213,K,F,A
4.5,10750,0,0.1193,K,F,A
5,10750,0,0.1182,K,F,A
2,11000,0,0.1467,K,F,A
2.5,11000,0,0.1331,K,F,A
3,11000,0,0.126,K,F,A
3.5,11000,0,0.122,K,F,A
4,11000,0,0.1196,K,F,A
4.5,11000,0,0.1178,K,F,A
5,11000,0,0.1164,K,F,A
2,11250,0,0.1453,K,F,A
2.5,11250,0,0.1311,K,F,A
3,11250,0,0.124,K,F,A
3.5,11250,0,0.12,K,F,A
4,11250,0,0.1177,K,F,A
4.5,11250,0,0.1162,K,F,A
5,11250,0,0.1148,K,F,A
2,11500,0,0.1443,K,F,A
2.5,11500,0,0.129,K,F,A
3,11500,0,0.1218,K,F,A
3.5,11500,0,0.1179,K,F,A
4,11500,0,0.1159,K,F,A
4.5,11500,0,0.1144,K,F,A
5,11500,0,0.1133,K,F,A
2,11750,0,0.1436,K,F,A
2.5,11750,0,0.1272,K,F,A
3,11750,0,0.1199,K,F,A
3.5,11750,0,0.1161,K,F,A
4,11750,0,0.1141,K,F,A
4.5,11750,0,0.1126,K,F,A
5,11750,0,0.1117,K,F,A
2,12000,0,0.143,K,F,A
2.5,12000,0,0.1256,K,F,A
3,12000,0,0.1176,K,F,A
3.5,12000,0,0.1139,K,F,A
4,12000,0,0.112,K,F,A
4.5,12000,0,0.1108,K,F,A
5,12000,0,0.1099,K,F,A
2,12250,0,0.1427,K,F,A
2.5,12250,0,0.1242,K,F,A
3,12250,0,0.1159,K,F,A
3.5,12250,0,0.1121,K,F,A
4,12250,0,0.1102,K,F,A
4.5,12250,0,0.1092,K,F,A
5,12250,0,0.1082,K,F,A
2,12500,0,0.1425,K,F,A
2.5,12500,0,0.1229,K,F,A
3,12500,0,0.1142,K,F,A
3.5,12500,0,0.11,K,F,A
4,12500,0,0.1081,K,F,A
4.5,12500,0,0.1073,K,F,A
5,12500,0,0.1068,K,F,A
2,12750,0,0.1427,K,F,A
2.5,12750,0,0.1219,K,F,A
3,12750,0,0.1126,K,F,A
3.5,12750,0,0.1083,K,F,A
4,12750,0,0.1064,K,F,A
4.5,12750,0,0.1056,K,F,A
5,12750,0,0.1051,K,F,A
2,13000,0,0.1429,K,F,A
2.5,13000,0,0.1211,K,F,A
3,13000,0,0.1112,K,F,A
3.5,13000,0,0.1067,K,F,A
4,13000,0,0.1047,K,F,A
4.5,13000,0,0.1038,K,F,A
5,13000,0,0.1036,K,F,A
2,14000,0,0.146,K,F,A
2.5,14000,0,0.1189,K,F,A
3,14000,0,0.1069,K,F,A
3.5,14000,0,0.1014,K,F,A
4,14000,0,0.0988,K,F,A
4.5,14000,0,0.0978,K,F,A
5,14000,0,0.0979,K,F,A
2,15000,0,0.1522,K,F,A
2.5,15000,0,0.1184,K,F,A
3,15000,0,0.1042,K,F,A
3.5,15000,0,0.0972,K,F,A
4,15000,0,0.0941,K,F,A
4.5,15000,0,0.093,K,F,A
5,15000,0,0.0929,K,F,A
2,16000,0,0.1645,K,F,A
2.5,16000,0,0.1192,K,F,A
3,16000,0,0.1027,K,F,A
3.5,16000,0,0.0946,K,F,A
4,16000,0,0.0907,K,F,A
4.5,16000,0,0.0891,K,F,A
5,16000,0,0.0888,K,F,A
2.5,17000,0,0.1215,K,F,A
3,17000,0,0.1018,K,F,A
3.5,17000,0,0.0928,K,F,A
4,17000,0,0.0883,K,F,A
4.5,17000,0,0.0861,K,F,A
5,17000,0,0.0856,K,F,A
2.5,18000,0,0.1261,K,F,A
3,18000,0,0.1018,K,F,A
3.5,18000,0,0.0914,K,F,A
4,18000,0,0.0863,K,F,A
4.5,18000,0,0.0839,K,F,A
5,18000,0,0.0829,K,F,A
2.5,19000,0,0.133,K,F,A
3,19000,0,0.1031,K,F,A
3.5,19000,0,0.0908,K,F,A
4,19000,0,0.0851,K,F,A
4.5,19000,0,0.0821,K,F,A
5,19000,0,0.0809,K,F,A
3,20000,0,0.1054,K,F,A
3.5,20000,0,0.091,K,F,A
4,20000,0,0.0842,K,F,A
4.5,20000,0,0.081,K,F,A
5,20000,0,0.0796,K,F,A
3,21000,0,0.1085,K,F,A
3.5,21000,0,0.092,K,F,A
4,21000,0,0.0841,K,F,A
4.5,21000,0,0.0802,K,F,A
5,21000,0,0.0786,K,F,A
3,22000,0,0.1113,K,F,A
3.5,22000,0,0.0937,K,F,A
4,22000,0,0.0848,K,F,A
4.5,22000,0,0.0803,K,F,A
5,22000,0,0.0782,K,F,A
3,23000,0,0.1134,K,F,A
3.5,23000,0,0.0953,K,F,A
4,23000,0,0.0861,K,F,A
4.5,23000,0,0.081,K,F,A
5,23000,0,0.0785,K,F,A
3,24000,0,0.1166,K,F,A
3.5,24000,0,0.0965,K,F,A
4,24000,0,0.0872,K,F,A
4.5,24000,0,0.0822,K,F,A
5,24000,0,0.0793,K,F,A
3,25000,0,0.121,K,F,A
3.5,25000,0,0.0975,K,F,A
4,25000,0,0.0883,K,F,A
4.5,25000,0,0.0833,K,F,A
5,25000,0,0.0807,K,F,A
3,26000,0,0.1265,K,F,A
3.5,26000,0,0.0987,K,F,A
4,26000,0,0.0887,K,F,A
4.5,26000,0,0.0842,K,F,A
5,26000,0,0.0816,K,F,A
3.5,27000,0,0.1003,K,F,A
4,27000,0,0.0894,K,F,A
4.5,27000,0,0.0844,K,F,A
5,27000,0,0.0821,K,F,A
3.5,28000,0,0.1017,K,F,A
4,28000,0,0.0897,K,F,A
4.5,28000,0,0.0844,K,F,A
5,28000,0,0.0821,K,F,A
3.5,29000,0,0.1022,K,F,A
4,29000,0,0.09,K,F,A
4.5,29000,0,0.084,K,F,A
5,29000,0,0.0816,K,F,A
3.5,30000,0,0.1022,K,F,A
4,30000,0,0.0894,K,F,A
4.5,30000,0,0.0837,K,F,A
5,30000,0,0.0807,K,F,A
3.5,31000,0,0.1025,K,F,A
4,31000,0,0.0883,K,F,A
4.5,31000,0,0.0825,K,F,A
5,31000,0,0.0796,K,F,A
4,32000,0,0.0866,K,F,A
4.5,32000,0,0.0806,K,F,A
5,32000,0,0.0777,K,F,A
4,33000,0,0.0852,K,F,A
4.5,33000,0,0.0784,K,F,A
5,33000,0,0.0754,K,F,A
4,34000,0,0.0843,K,F,A
4.5,34000,0,0.0765,K,F,A
5,34000,0,0.0728,K,F,A
4,35000,0,0.0829,K,F,A
4.5,35000,0,0.0747,K,F,A
5,35000,0,0.0705,K,F,A
4,36000,0,0.0809,K,F,A
4.5,36000,0,0.0726,K,F,A
5,36000,0,0.0682,K,F,A
4,37000,0,0.0796,K,F,A
4.5,37000,0,0.0708,K,F,A
5,37000,0,0.0665,K,F,A
4,38000,0,0.079,K,F,A
4.5,38000,0,0.0688,K,F,A
5,38000,0,0.0642,K,F,A
4,39000,0,0.0789,K,F,A
4.5,39000,0,0.067,K,F,A
5,39000,0,0.0624,K,F,A
4.5,40000,0,0.066,K,F,A
5,40000,0,0.0605,K,F,A
4.5,41000,0,0.0657,K,F,A
5,41000,0,0.0595,K,F,A
4.5,42000,0,0.0656,K,F,A
5,42000,0,0.0587,K,F,A
4.5,43000,0,0.0656,K,F,A
5,43000,0,0.0584,K,F,A
4.5,44000,0,0.0657,K,F,A
5,44000,0,0.0581,K,F,A
4.5,45000,0,0.0659,K,F,A
5,45000,0,0.0576,K,F,A
4.5,46000,0,0.0659,K,F,A
5,46000,0,0.0575,K,F,A
4.5,47000,0,0.0662,K,F,A
5,47000,0,0.0574,K,F,A
4.5,48000,0,0.0663,K,F,A
5,48000,0,0.0572,K,F,A
4.5,49000,0,0.0664,K,F,A
5,49000,0,0.057,K,F,A
4.5,50000,0,0.0666,K,F,A
5,50000,0,0.057,K,F,A
0,3500,0,0.3181,K,F,A
0.5,3500,0,0.3162,K,F,A
1,3500,0,0.315,K,F,A
1.5,3500,0,0.3139,K,F,A
2,3500,0,0.313,K,F,A
2.5,3500,0,0.3107,K,F,A
3,3500,0,0.3026,K,F,A
3.5,3500,0,0.2592,K,F,A
4,3500,0,0.1875,K,F,A
4.5,3500,0,0.1518,K,F,A
5,3500,0,0.1389,K,F,A
0,3750,0,0.3057,K,F,A
0.5,3750,0,0.3049,K,F,A
1,3750,0,0.304,K,F,A
1.5,3750,0,0.3042,K,F,A
2,3750,0,0.3037,K,F,A
2.5,3750,0,0.303,K,F,A
3,3750,0,0.3013,K,F,A
3.5,3750,0,0.2928,K,F,A
4,3750,0,0.256,K,F,A
4.5,3750,0,0.1946,K,F,A
5,3750,0,0.1564,K,F,A
0,4000,0,0.2913,K,F,A
0.5,4000,0,0.2907,K,F,A
1,4000,0,0.2903,K,F,A
1.5,4000,0,0.2909,K,F,A
2,4000,0,0.2913,K,F,A
2.5,4000,0,0.2918,K,F,A
3,4000,0,0.2923,K,F,A
3.5,4000,0,0.2908,K,F,A
4,4000,0,0.2825,K,F,A
4.5,4000,0,0.2519,K,F,A
5,4000,0,0.2012,K,F,A
0,4250,0,0.2754,K,F,A
0.5,4250,0,0.2743,K,F,A
1,4250,0,0.2749,K,F,A
1.5,4250,0,0.2758,K,F,A
2,4250,0,0.2766,K,F,A
2.5,4250,0,0.2782,K,F,A
3,4250,0,0.2796,K,F,A
3.5,4250,0,0.2805,K,F,A
4,4250,0,0.2789,K,F,A
4.5,4250,0,0.2723,K,F,A
5,4250,0,0.2478,K,F,A
0,4500,0,0.2588,K,F,A
0.5,4500,0,0.2585,K,F,A
1,4500,0,0.259,K,F,A
1.5,4500,0,0.2597,K,F,A
2,4500,0,0.2612,K,F,A
2.5,4500,0,0.2636,K,F,A
3,4500,0,0.2656,K,F,A
3.5,4500,0,0.2674,K,F,A
4,4500,0,0.2681,K,F,A
4.5,4500,0,0.2675,K,F,A
5,4500,0,0.2621,K,F,A
0,4750,0,0.2423,K,F,A
0.5,4750,0,0.2429,K,F,A
1,4750,0,0.2434,K,F,A
1.5,4750,0,0.2449,K,F,A
2,4750,0,0.2468,K,F,A
2.5,4750,0,0.2488,K,F,A
3,4750,0,0.2511,K,F,A
3.5,4750,0,0.2539,K,F,A
4,4750,0,0.2553,K,F,A
4.5,4750,0,0.2564,K,F,A
5,4750,0,0.2561,K,F,A
0,5000,0,0.2266,K,F,A
0.5,5000,0,0.2269,K,F,A
1,5000,0,0.2283,K,F,A
1.5,5000,0,0.2306,K,F,A
2,5000,0,0.2323,K,F,A
2.5,5000,0,0.2345,K,F,A
3,5000,0,0.2371,K,F,A
3.5,5000,0,0.2402,K,F,A
4,5000,0,0.2427,K,F,A
4.5,5000,0,0.245,K,F,A
5,5000,0,0.2449,K,F,A
0,5250,0,0.2105,K,F,A
0.5,5250,0,0.2112,K,F,A
1,5250,0,0.2132,K,F,A
1.5,5250,0,0.2167,K,F,A
2,5250,0,0.2186,K,F,A
2.5,5250,0,0.2215,K,F,A
3,5250,0,0.2238,K,F,A
3.5,5250,0,0.2271,K,F,A
4,5250,0,0.2306,K,F,A
4.5,5250,0,0.2325,K,F,A
5,5250,0,0.2334,K,F,A
0,5500,0,0.2049,K,F,A
0.5,5500,0,0.1942,K,F,A
1,5500,0,0.1969,K,F,A
1.5,5500,0,0.1995,K,F,A
2,5500,0,0.2035,K,F,A
2.5,5500,0,0.2064,K,F,A
3,5500,0,0.2095,K,F,A
3.5,5500,0,0.2137,K,F,A
4,5500,0,0.2174,K,F,A
4.5,5500,0,0.22,K,F,A
5,5500,0,0.2212,K,F,A
0,5750,0,0.2059,K,F,A
0.5,5750,0,0.1931,K,F,A
1,5750,0,0.1804,K,F,A
1.5,5750,0,0.1847,K,F,A
2,5750,0,0.1879,K,F,A
2.5,5750,0,0.1911,K,F,A
3,5750,0,0.1951,K,F,A
3.5,5750,0,0.1994,K,F,A
4,5750,0,0.2033,K,F,A
4.5,5750,0,0.2072,K,F,A
5,5750,0,0.209,K,F,A
0,6000,0,0.2062,K,F,A
0.5,6000,0,0.1944,K,F,A
1,6000,0,0.1847,K,F,A
1.5,6000,0,0.1691,K,F,A
2,6000,0,0.1736,K,F,A
2.5,6000,0,0.178,K,F,A
3,6000,0,0.182,K,F,A
3.5,6000,0,0.186,K,F,A
4,6000,0,0.191,K,F,A
4.5,6000,0,0.1953,K,F,A
5,6000,0,0.1971,K,F,A
0.5,6250,0,0.1935,K,F,A
1,6250,0,0.1835,K,F,A
1.5,6250,0,0.171,K,F,A
2,6250,0,0.161,K,F,A
2.5,6250,0,0.1652,K,F,A
3,6250,0,0.1699,K,F,A
3.5,6250,0,0.1747,K,F,A
4,6250,0,0.1803,K,F,A
4.5,6250,0,0.1844,K,F,A
5,6250,0,0.1871,K,F,A
0.5,6500,0,0.1946,K,F,A
1,6500,0,0.1842,K,F,A
1.5,6500,0,0.1749,K,F,A
2,6500,0,0.1596,K,F,A
2.5,6500,0,0.1554,K,F,A
3,6500,0,0.1599,K,F,A
3.5,6500,0,0.1656,K,F,A
4,6500,0,0.1712,K,F,A
4.5,6500,0,0.1754,K,F,A
5,6500,0,0.1783,K,F,A
0.5,6750,0,0.1948,K,F,A
1,6750,0,0.1845,K,F,A
1.5,6750,0,0.1773,K,F,A
2,6750,0,0.1667,K,F,A
2.5,6750,0,0.1515,K,F,A
3,6750,0,0.1533,K,F,A
3.5,6750,0,0.1579,K,F,A
4,6750,0,0.1631,K,F,A
4.5,6750,0,0.1671,K,F,A
5,6750,0,0.1708,K,F,A
0.5,7000,0,0.1962,K,F,A
1,7000,0,0.1827,K,F,A
1.5,7000,0,0.1772,K,F,A
2,7000,0,0.1712,K,F,A
2.5,7000,0,0.1592,K,F,A
3,7000,0,0.1472,K,F,A
3.5,7000,0,0.1521,K,F,A
4,7000,0,0.1564,K,F,A
4.5,7000,0,0.1601,K,F,A
5,7000,0,0.164,K,F,A
0.5,7250,0,0.1983,K,F,A
1,7250,0,0.1816,K,F,A
1.5,7250,0,0.1738,K,F,A
2,7250,0,0.1712,K,F,A
2.5,7250,0,0.1657,K,F,A
3,7250,0,0.1525,K,F,A
3.5,7250,0,0.1462,K,F,A
4,7250,0,0.1496,K,F,A
4.5,7250,0,0.1538,K,F,A
5,7250,0,0.1583,K,F,A
0.5,7500,0,0.2037,K,F,A
1,7500,0,0.1808,K,F,A
1.5,7500,0,0.1708,K,F,A
2,7500,0,0.1665,K,F,A
2.5,7500,0,0.1656,K,F,A
3,7500,0,0.1612,K,F,A
3.5,7500,0,0.149,K,F,A
4,7500,0,0.1446,K,F,A
4.5,7500,0,0.1492,K,F,A
5,7500,0,0.1527,K,F,A
1,7750,0,0.1814,K,F,A
1.5,7750,0,0.1686,K,F,A
2,7750,0,0.1627,K,F,A
2.5,7750,0,0.1603,K,F,A
3,7750,0,0.1605,K,F,A
3.5,7750,0,0.1572,K,F,A
4,7750,0,0.1455,K,F,A
4.5,7750,0,0.1469,K,F,A
5,7750,0,0.1489,K,F,A
1,8000,0,0.1839,K,F,A
1.5,8000,0,0.1667,K,F,A
2,8000,0,0.1588,K,F,A
2.5,8000,0,0.1557,K,F,A
3,8000,0,0.1545,K,F,A
3.5,8000,0,0.1559,K,F,A
4,8000,0,0.1526,K,F,A
4.5,8000,0,0.1458,K,F,A
5,8000,0,0.1457,K,F,A
1,8250,0,0.1911,K,F,A
1.5,8250,0,0.1659,K,F,A
2,8250,0,0.1559,K,F,A
2.5,8250,0,0.1509,K,F,A
3,8250,0,0.1493,K,F,A
3.5,8250,0,0.1493,K,F,A
4,8250,0,0.1516,K,F,A
4.5,8250,0,0.1497,K,F,A
5,8250,0,0.1419,K,F,A
1.5,8500,0,0.1674,K,F,A
2,8500,0,0.154,K,F,A
2.5,8500,0,0.1477,K,F,A
3,8500,0,0.1446,K,F,A
3.5,8500,0,0.1435,K,F,A
4,8500,0,0.1444,K,F,A
4.5,8500,0,0.1479,K,F,A
5,8500,0,0.1467,K,F,A
1.5,8750,0,0.1558,K,F,A
2,8750,0,0.1535,K,F,A
2.5,8750,0,0.1454,K,F,A
3,8750,0,0.1412,K,F,A
3.5,8750,0,0.1392,K,F,A
4,8750,0,0.1388,K,F,A
4.5,8750,0,0.14,K,F,A
5,8750,0,0.1449,K,F,A
1.5,9000,0,0.1734,K,F,A
2,9000,0,0.1538,K,F,A
2.5,9000,0,0.1439,K,F,A
3,9000,0,0.1389,K,F,A
3.5,9000,0,0.1359,K,F,A
4,9000,0,0.1347,K,F,A
4.5,9000,0,0.1346,K,F,A
5,9000,0,0.1356,K,F,A
2,9250,0,0.1544,K,F,A
2.5,9250,0,0.1435,K,F,A
3,9250,0,0.1371,K,F,A
3.5,9250,0,0.1337,K,F,A
4,9250,0,0.1318,K,F,A
4.5,9250,0,0.1311,K,F,A
5,9250,0,0.131,K,F,A
2,9500,0,0.1547,K,F,A
2.5,9500,0,0.1427,K,F,A
3,9500,0,0.136,K,F,A
3.5,9500,0,0.1317,K,F,A
4,9500,0,0.1294,K,F,A
4.5,9500,0,0.128,K,F,A
5,9500,0,0.1276,K,F,A
2,9750,0,0.1543,K,F,A
2.5,9750,0,0.1419,K,F,A
3,9750,0,0.1348,K,F,A
3.5,9750,0,0.1304,K,F,A
4,9750,0,0.1275,K,F,A
4.5,9750,0,0.1259,K,F,A
5,9750,0,0.1249,K,F,A
2,10000,0,0.1534,K,F,A
2.5,10000,0,0.141,K,F,A
3,10000,0,0.1335,K,F,A
3.5,10000,0,0.1292,K,F,A
4,10000,0,0.1261,K,F,A
4.5,10000,0,0.124,K,F,A
5,10000,0,0.1228,K,F,A
2,10250,0,0.1522,K,F,A
2.5,10250,0,0.1395,K,F,A
3,10250,0,0.1322,K,F,A
3.5,10250,0,0.1277,K,F,A
4,10250,0,0.1246,K,F,A
4.5,10250,0,0.1226,K,F,A
5,10250,0,0.121,K,F,A
2,10500,0,0.1506,K,F,A
2.5,10500,0,0.1378,K,F,A
3,10500,0,0.1306,K,F,A
3.5,10500,0,0.1261,K,F,A
4,10500,0,0.1231,K,F,A
4.5,10500,0,0.121,K,F,A
5,10500,0,0.1194,K,F,A
2,10750,0,0.1489,K,F,A
2.5,10750,0,0.1358,K,F,A
3,10750,0,0.1287,K,F,A
3.5,10750,0,0.1245,K,F,A
4,10750,0,0.1217,K,F,A
4.5,10750,0,0.1195,K,F,A
5,10750,0,0.118,K,F,A
2,11000,0,0.1473,K,F,A
2.5,11000,0,0.1337,K,F,A
3,11000,0,0.1266,K,F,A
3.5,11000,0,0.1227,K,F,A
4,11000,0,0.12,K,F,A
4.5,11000,0,0.118,K,F,A
5,11000,0,0.1165,K,F,A
2,11250,0,0.1459,K,F,A
2.5,11250,0,0.1315,K,F,A
3,11250,0,0.1246,K,F,A
3.5,11250,0,0.1206,K,F,A
4,11250,0,0.1182,K,F,A
4.5,11250,0,0.1165,K,F,A
5,11250,0,0.115,K,F,A
2,11500,0,0.1448,K,F,A
2.5,11500,0,0.1293,K,F,A
3,11500,0,0.1223,K,F,A
3.5,11500,0,0.1186,K,F,A
4,11500,0,0.1164,K,F,A
4.5,11500,0,0.1148,K,F,A
5,11500,0,0.1135,K,F,A
2,11750,0,0.144,K,F,A
2.5,11750,0,0.1275,K,F,A
3,11750,0,0.1202,K,F,A
3.5,11750,0,0.1166,K,F,A
4,11750,0,0.1145,K,F,A
4.5,11750,0,0.113,K,F,A
5,11750,0,0.1119,K,F,A
2.5,12000,0,0.1258,K,F,A
3,12000,0,0.118,K,F,A
3.5,12000,0,0.1143,K,F,A
4,12000,0,0.1124,K,F,A
4.5,12000,0,0.1112,K,F,A
5,12000,0,0.1101,K,F,A
2.5,12250,0,0.1245,K,F,A
3,12250,0,0.1161,K,F,A
3.5,12250,0,0.1123,K,F,A
4,12250,0,0.1104,K,F,A
4.5,12250,0,0.1094,K,F,A
5,12250,0,0.1085,K,F,A
2.5,12500,0,0.1232,K,F,A
3,12500,0,0.1143,K,F,A
3.5,12500,0,0.1103,K,F,A
4,12500,0,0.1084,K,F,A
4.5,12500,0,0.1075,K,F,A
5,12500,0,0.1069,K,F,A
2.5,12750,0,0.1222,K,F,A
3,12750,0,0.1128,K,F,A
3.5,12750,0,0.1085,K,F,A
4,12750,0,0.1065,K,F,A
4.5,12750,0,0.1058,K,F,A
5,12750,0,0.1052,K,F,A
2.5,13000,0,0.1213,K,F,A
3,13000,0,0.1114,K,F,A
3.5,13000,0,0.1068,K,F,A
4,13000,0,0.1048,K,F,A
4.5,13000,0,0.104,K,F,A
5,13000,0,0.1037,K,F,A
2,14000,0,0.1467,K,F,A
2.5,14000,0,0.1191,K,F,A
3,14000,0,0.107,K,F,A
3.5,14000,0,0.1011,K,F,A
4,14000,0,0.0987,K,F,A
4.5,14000,0,0.0979,K,F,A
5,14000,0,0.0977,K,F,A
2.5,15000,0,0.1185,K,F,A
3,15000,0,0.1041,K,F,A
3.5,15000,0,0.0973,K,F,A
4,15000,0,0.094,K,F,A
4.5,15000,0,0.0927,K,F,A
5,15000,0,0.0925,K,F,A
2.5,16000,0,0.1196,K,F,A
3,16000,0,0.1025,K,F,A
3.5,16000,0,0.0945,K,F,A
4,16000,0,0.0906,K,F,A
4.5,16000,0,0.0889,K,F,A
5,16000,0,0.0885,K,F,A
2.5,17000,0,0.122,K,F,A
3,17000,0,0.1019,K,F,A
3.5,17000,0,0.0926,K,F,A
4,17000,0,0.088,K,F,A
4.5,17000,0,0.0858,K,F,A
5,17000,0,0.0851,K,F,A
2.5,18000,0,0.127,K,F,A
3,18000,0,0.102,K,F,A
3.5,18000,0,0.0914,K,F,A
4,18000,0,0.086,K,F,A
4.5,18000,0,0.0835,K,F,A
5,18000,0,0.0825,K,F,A
2.5,19000,0,0.1344,K,F,A
3,19000,0,0.1035,K,F,A
3.5,19000,0,0.0909,K,F,A
4,19000,0,0.0849,K,F,A
4.5,19000,0,0.0818,K,F,A
5,19000,0,0.0805,K,F,A
3,20000,0,0.106,K,F,A
3.5,20000,0,0.091,K,F,A
4,20000,0,0.0839,K,F,A
4.5,20000,0,0.0807,K,F,A
5,20000,0,0.0792,K,F,A
3,21000,0,0.1091,K,F,A
3.5,21000,0,0.0922,K,F,A
4,21000,0,0.084,K,F,A
4.5,21000,0,0.0798,K,F,A
5,21000,0,0.0782,K,F,A
3,22000,0,0.1118,K,F,A
3.5,22000,0,0.0939,K,F,A
4,22000,0,0.0848,K,F,A
4.5,22000,0,0.08,K,F,A
5,22000,0,0.0778,K,F,A
3,23000,0,0.1137,K,F,A
3.5,23000,0,0.0954,K,F,A
4,23000,0,0.0861,K,F,A
4.5,23000,0,0.0808,K,F,A
5,23000,0,0.0782,K,F,A
3,24000,0,0.1168,K,F,A
3.5,24000,0,0.0965,K,F,A
4,24000,0,0.0872,K,F,A
4.5,24000,0,0.082,K,F,A
5,24000,0,0.0791,K,F,A
3,25000,0,0.1212,K,F,A
3.5,25000,0,0.0973,K,F,A
4,25000,0,0.088,K,F,A
4.5,25000,0,0.0831,K,F,A
5,25000,0,0.0804,K,F,A
3,26000,0,0.127,K,F,A
3.5,26000,0,0.0984,K,F,A
4,26000,0,0.0885,K,F,A
4.5,26000,0,0.0838,K,F,A
5,26000,0,0.0814,K,F,A
3.5,27000,0,0.1,K,F,A
4,27000,0,0.089,K,F,A
4.5,27000,0,0.084,K,F,A
5,27000,0,0.0819,K,F,A
3.5,28000,0,0.1018,K,F,A
4,28000,0,0.0894,K,F,A
4.5,28000,0,0.084,K,F,A
5,28000,0,0.0817,K,F,A
3.5,29000,0,0.1025,K,F,A
4,29000,0,0.0899,K,F,A
4.5,29000,0,0.0838,K,F,A
5,29000,0,0.0813,K,F,A
3.5,30000,0,0.1026,K,F,A
4,30000,0,0.0893,K,F,A
4.5,30000,0,0.0834,K,F,A
5,30000,0,0.0805,K,F,A
3.5,31000,0,0.1032,K,F,A
4,31000,0,0.0881,K,F,A
4.5,31000,0,0.0823,K,F,A
5,31000,0,0.0794,K,F,A
4,32000,0,0.087,K,F,A
4.5,32000,0,0.0808,K,F,A
5,32000,0,0.0774,K,F,A
4,33000,0,0.0856,K,F,A
4.5,33000,0,0.0784,K,F,A
5,33000,0,0.0753,K,F,A
4,34000,0,0.0845,K,F,A
4.5,34000,0,0.0765,K,F,A
5,34000,0,0.073,K,F,A
4,35000,0,0.0832,K,F,A
4.5,35000,0,0.0748,K,F,A
5,35000,0,0.0704,K,F,A
4,36000,0,0.0813,K,F,A
4.5,36000,0,0.073,K,F,A
5,36000,0,0.0685,K,F,A
4,37000,0,0.0801,K,F,A
4.5,37000,0,0.0709,K,F,A
5,37000,0,0.0666,K,F,A
4,38000,0,0.0794,K,F,A
4.5,38000,0,0.0691,K,F,A
5,38000,0,0.0645,K,F,A
4,39000,0,0.0793,K,F,A
4.5,39000,0,0.0674,K,F,A
5,39000,0,0.0626,K,F,A
4.5,40000,0,0.0665,K,F,A
5,40000,0,0.0608,K,F,A
4.5,41000,0,0.066,K,F,A
5,41000,0,0.0595,K,F,A
4.5,42000,0,0.0659,K,F,A
5,42000,0,0.0589,K,F,A
4.5,43000,0,0.0658,K,F,A
5,43000,0,0.0587,K,F,A
4.5,44000,0,0.066,K,F,A
5,44000,0,0.0583,K,F,A
4.5,45000,0,0.0662,K,F,A
5,45000,0,0.0578,K,F,A
4.5,46000,0,0.0662,K,F,A
5,46000,0,0.0577,K,F,A
4.5,47000,0,0.0664,K,F,A
5,47000,0,0.0575,K,F,A
4.5,48000,0,0.0665,K,F,A
5,48000,0,0.0573,K,F,A
4.5,49000,0,0.0666,K,F,A
5,49000,0,0.057,K,F,A
5,50000,0,0.057,K,F,A
0,3500,0,0.316,K,F,A
0.5,3500,0,0.3144,K,F,A
1,3500,0,0.3138,K,F,A
1.5,3500,0,0.3131,K,F,A
2,3500,0,0.3126,K,F,A
2.5,3500,0,0.3105,K,F,A
3,3500,0,0.3026,K,F,A
3.5,3500,0,0.2616,K,F,A
4,3500,0,0.1905,K,F,A
4.5,3500,0,0.1534,K,F,A
5,3500,0,0.1405,K,F,A
0,3750,0,0.3039,K,F,A
0.5,3750,0,0.303,K,F,A
1,3750,0,0.3031,K,F,A
1.5,3750,0,0.3028,K,F,A
2,3750,0,0.303,K,F,A
2.5,3750,0,0.3025,K,F,A
3,3750,0,0.301,K,F,A
3.5,3750,0,0.2931,K,F,A
4,3750,0,0.2582,K,F,A
4.5,3750,0,0.1976,K,F,A
5,3750,0,0.1584,K,F,A
0,4000,0,0.2898,K,F,A
0.5,4000,0,0.289,K,F,A
1,4000,0,0.2898,K,F,A
1.5,4000,0,0.2903,K,F,A
2,4000,0,0.291,K,F,A
2.5,4000,0,0.2918,K,F,A
3,4000,0,0.2919,K,F,A
3.5,4000,0,0.2908,K,F,A
4,4000,0,0.2835,K,F,A
4.5,4000,0,0.2546,K,F,A
5,4000,0,0.2037,K,F,A
0,4250,0,0.2746,K,F,A
0.5,4250,0,0.2744,K,F,A
1,4250,0,0.2748,K,F,A
1.5,4250,0,0.2757,K,F,A
2,4250,0,0.2773,K,F,A
2.5,4250,0,0.2783,K,F,A
3,4250,0,0.2798,K,F,A
3.5,4250,0,0.2805,K,F,A
4,4250,0,0.2802,K,F,A
4.5,4250,0,0.2739,K,F,A
5,4250,0,0.2503,K,F,A
0,4500,0,0.2598,K,F,A
0.5,4500,0,0.2594,K,F,A
1,4500,0,0.2598,K,F,A
1.5,4500,0,0.261,K,F,A
2,4500,0,0.2618,K,F,A
2.5,4500,0,0.2643,K,F,A
3,4500,0,0.2663,K,F,A
3.5,4500,0,0.2681,K,F,A
4,4500,0,0.2692,K,F,A
4.5,4500,0,0.2689,K,F,A
5,4500,0,0.2633,K,F,A
0,4750,0,0.2435,K,F,A
0.5,4750,0,0.2433,K,F,A
1,4750,0,0.2443,K,F,A
1.5,4750,0,0.2458,K,F,A
2,4750,0,0.2473,K,F,A
2.5,4750,0,0.2495,K,F,A
3,4750,0,0.2518,K,F,A
3.5,4750,0,0.2548,K,F,A
4,4750,0,0.2567,K,F,A
4.5,4750,0,0.2576,K,F,A
5,4750,0,0.2565,K,F,A
0,5000,0,0.2284,K,F,A
0.5,5000,0,0.2286,K,F,A
1,5000,0,0.2302,K,F,A
1.5,5000,0,0.2319,K,F,A
2,5000,0,0.2335,K,F,A
2.5,5000,0,0.2356,K,F,A
3,5000,0,0.2383,K,F,A
3.5,5000,0,0.2417,K,F,A
4,5000,0,0.2436,K,F,A
4.5,5000,0,0.2452,K,F,A
5,5000,0,0.2451,K,F,A
0,5250,0,0.2114,K,F,A
0.5,5250,0,0.2123,K,F,A
1,5250,0,0.2146,K,F,A
1.5,5250,0,0.2171,K,F,A
2,5250,0,0.2193,K,F,A
2.5,5250,0,0.222,K,F,A
3,5250,0,0.2245,K,F,A
3.5,5250,0,0.2277,K,F,A
4,5250,0,0.2305,K,F,A
4.5,5250,0,0.2324,K,F,A
5,5250,0,0.2329,K,F,A
0,5500,0,0.207,K,F,A
0.5,5500,0,0.1929,K,F,A
1,5500,0,0.1963,K,F,A
1.5,5500,0,0.2,K,F,A
2,5500,0,0.2033,K,F,A
2.5,5500,0,0.2062,K,F,A
3,5500,0,0.209,K,F,A
3.5,5500,0,0.2131,K,F,A
4,5500,0,0.2167,K,F,A
4.5,5500,0,0.2191,K,F,A
5,5500,0,0.2203,K,F,A
0,5750,0,0.2053,K,F,A
0.5,5750,0,0.1955,K,F,A
1,5750,0,0.1785,K,F,A
1.5,5750,0,0.1829,K,F,A
2,5750,0,0.1865,K,F,A
2.5,5750,0,0.19,K,F,A
3,5750,0,0.1942,K,F,A
3.5,5750,0,0.1986,K,F,A
4,5750,0,0.2026,K,F,A
4.5,5750,0,0.2062,K,F,A
5,5750,0,0.2082,K,F,A
0,6000,0,0.2062,K,F,A
0.5,6000,0,0.1938,K,F,A
1,6000,0,0.1819,K,F,A
1.5,6000,0,0.1672,K,F,A
2,6000,0,0.1717,K,F,A
2.5,6000,0,0.1763,K,F,A
3,6000,0,0.1809,K,F,A
3.5,6000,0,0.1854,K,F,A
4,6000,0,0.19,K,F,A
4.5,6000,0,0.194,K,F,A
5,6000,0,0.1964,K,F,A
0.5,6250,0,0.1939,K,F,A
1,6250,0,0.1839,K,F,A
1.5,6250,0,0.1722,K,F,A
2,6250,0,0.1597,K,F,A
2.5,6250,0,0.1645,K,F,A
3,6250,0,0.1691,K,F,A
3.5,6250,0,0.1739,K,F,A
4,6250,0,0.1788,K,F,A
4.5,6250,0,0.1836,K,F,A
5,6250,0,0.1863,K,F,A
0.5,6500,0,0.1937,K,F,A
1,6500,0,0.1842,K,F,A
1.5,6500,0,0.1753,K,F,A
2,6500,0,0.1642,K,F,A
2.5,6500,0,0.1541,K,F,A
3,6500,0,0.1596,K,F,A
3.5,6500,0,0.1646,K,F,A
4,6500,0,0.1698,K,F,A
4.5,6500,0,0.1742,K,F,A
5,6500,0,0.1773,K,F,A
0.5,6750,0,0.1937,K,F,A
1,6750,0,0.1833,K,F,A
1.5,6750,0,0.1772,K,F,A
2,6750,0,0.1669,K,F,A
2.5,6750,0,0.1536,K,F,A
3,6750,0,0.152,K,F,A
3.5,6750,0,0.1569,K,F,A
4,6750,0,0.1622,K,F,A
4.5,6750,0,0.1661,K,F,A
5,6750,0,0.1698,K,F,A
0.5,7000,0,0.1954,K,F,A
1,7000,0,0.1816,K,F,A
1.5,7000,0,0.176,K,F,A
2,7000,0,0.1714,K,F,A
2.5,7000,0,0.1599,K,F,A
3,7000,0,0.1457,K,F,A
3.5,7000,0,0.1513,K,F,A
4,7000,0,0.1554,K,F,A
4.5,7000,0,0.1589,K,F,A
5,7000,0,0.163,K,F,A
0.5,7250,0,0.1979,K,F,A
1,7250,0,0.1806,K,F,A
1.5,7250,0,0.1727,K,F,A
2,7250,0,0.1701,K,F,A
2.5,7250,0,0.1665,K,F,A
3,7250,0,0.1544,K,F,A
3.5,7250,0,0.1455,K,F,A
4,7250,0,0.1505,K,F,A
4.5,7250,0,0.1531,K,F,A
5,7250,0,0.157,K,F,A
0.5,7500,0,0.2041,K,F,A
1,7500,0,0.1804,K,F,A
1.5,7500,0,0.1703,K,F,A
2,7500,0,0.1657,K,F,A
2.5,7500,0,0.1645,K,F,A
3,7500,0,0.1617,K,F,A
3.5,7500,0,0.1487,K,F,A
4,7500,0,0.1428,K,F,A
4.5,7500,0,0.1486,K,F,A
5,7500,0,0.1517,K,F,A
1,7750,0,0.1811,K,F,A
1.5,7750,0,0.1682,K,F,A
2,7750,0,0.162,K,F,A
2.5,7750,0,0.1597,K,F,A
3,7750,0,0.1595,K,F,A
3.5,7750,0,0.1575,K,F,A
4,7750,0,0.1477,K,F,A
4.5,7750,0,0.1442,K,F,A
5,7750,0,0.148,K,F,A
1,8000,0,0.1845,K,F,A
1.5,8000,0,0.1667,K,F,A
2,8000,0,0.1585,K,F,A
2.5,8000,0,0.1553,K,F,A
3,8000,0,0.1538,K,F,A
3.5,8000,0,0.1547,K,F,A
4,8000,0,0.1535,K,F,A
4.5,8000,0,0.1458,K,F,A
5,8000,0,0.1442,K,F,A
1,8250,0,0.193,K,F,A
1.5,8250,0,0.1665,K,F,A
2,8250,0,0.156,K,F,A
2.5,8250,0,0.151,K,F,A
3,8250,0,0.1489,K,F,A
3.5,8250,0,0.1486,K,F,A
4,8250,0,0.1503,K,F,A
4.5,8250,0,0.1494,K,F,A
5,8250,0,0.1451,K,F,A
1.5,8500,0,0.1685,K,F,A
2,8500,0,0.1546,K,F,A
2.5,8500,0,0.1478,K,F,A
3,8500,0,0.1447,K,F,A
3.5,8500,0,0.1433,K,F,A
4,8500,0,0.1437,K,F,A
4.5,8500,0,0.1466,K,F,A
5,8500,0,0.1458,K,F,A
1.5,8750,0,0.1716,K,F,A
2,8750,0,0.1544,K,F,A
2.5,8750,0,0.146,K,F,A
3,8750,0,0.1413,K,F,A
3.5,8750,0,0.1392,K,F,A
4,8750,0,0.1384,K,F,A
4.5,8750,0,0.1394,K,F,A
5,8750,0,0.1436,K,F,A
1.5,9000,0,0.1754,K,F,A
2,9000,0,0.1549,K,F,A
2.5,9000,0,0.1448,K,F,A
3,9000,0,0.1393,K,F,A
3.5,9000,0,0.1361,K,F,A
4,9000,0,0.1348,K,F,A
4.5,9000,0,0.1343,K,F,A
5,9000,0,0.135,K,F,A
2,9250,0,0.1559,K,F,A
2.5,9250,0,0.1442,K,F,A
3,9250,0,0.1377,K,F,A
3.5,9250,0,0.1341,K,F,A
4,9250,0,0.1319,K,F,A
4.5,9250,0,0.1309,K,F,A
5,9250,0,0.1306,K,F,A
2,9500,0,0.1564,K,F,A
2.5,9500,0,0.1438,K,F,A
3,9500,0,0.1365,K,F,A
3.5,9500,0,0.1323,K,F,A
4,9500,0,0.1298,K,F,A
4.5,9500,0,0.1282,K,F,A
5,9500,0,0.1274,K,F,A
2,9750,0,0.1563,K,F,A
2.5,9750,0,0.1433,K,F,A
3,9750,0,0.1359,K,F,A
3.5,9750,0,0.131,K,F,A
4,9750,0,0.1279,K,F,A
4.5,9750,0,0.126,K,F,A
5,9750,0,0.125,K,F,A
2,10000,0,0.1554,K,F,A
2.5,10000,0,0.1424,K,F,A
3,10000,0,0.1348,K,F,A
3.5,10000,0,0.1298,K,F,A
4,10000,0,0.1264,K,F,A
4.5,10000,0,0.1243,K,F,A
5,10000,0,0.1228,K,F,A
2,10250,0,0.1539,K,F,A
2.5,10250,0,0.1412,K,F,A
3,10250,0,0.1337,K,F,A
3.5,10250,0,0.1286,K,F,A
4,10250,0,0.1252,K,F,A
4.5,10250,0,0.1228,K,F,A
5,10250,0,0.121,K,F,A
2,10500,0,0.152,K,F,A
2.5,10500,0,0.1392,K,F,A
3,10500,0,0.1319,K,F,A
3.5,10500,0,0.1272,K,F,A
4,10500,0,0.1237,K,F,A
4.5,10500,0,0.1214,K,F,A
5,10500,0,0.1195,K,F,A
2,10750,0,0.1503,K,F,A
2.5,10750,0,0.1372,K,F,A
3,10750,0,0.1302,K,F,A
3.5,10750,0,0.1255,K,F,A
4,10750,0,0.1223,K,F,A
4.5,10750,0,0.12,K,F,A
5,10750,0,0.1181,K,F,A
2,11000,0,0.1486,K,F,A
2.5,11000,0,0.1348,K,F,A
3,11000,0,0.128,K,F,A
3.5,11000,0,0.1238,K,F,A
4,11000,0,0.1207,K,F,A
4.5,11000,0,0.1182,K,F,A
5,11000,0,0.1166,K,F,A
2,11250,0,0.147,K,F,A
2.5,11250,0,0.1325,K,F,A
3,11250,0,0.1257,K,F,A
3.5,11250,0,0.1219,K,F,A
4,11250,0,0.119,K,F,A
4.5,11250,0,0.1169,K,F,A
5,11250,0,0.1152,K,F,A
2.5,11500,0,0.1303,K,F,A
3,11500,0,0.1232,K,F,A
3.5,11500,0,0.1195,K,F,A
4,11500,0,0.1171,K,F,A
4.5,11500,0,0.1151,K,F,A
5,11500,0,0.1136,K,F,A
2.5,11750,0,0.1283,K,F,A
3,11750,0,0.1209,K,F,A
3.5,11750,0,0.1173,K,F,A
4,11750,0,0.1152,K,F,A
4.5,11750,0,0.1135,K,F,A
5,11750,0,0.1121,K,F,A
2.5,12000,0,0.1266,K,F,A
3,12000,0,0.1186,K,F,A
3.5,12000,0,0.1149,K,F,A
4,12000,0,0.113,K,F,A
4.5,12000,0,0.1117,K,F,A
5,12000,0,0.1102,K,F,A
2.5,12250,0,0.1252,K,F,A
3,12250,0,0.1166,K,F,A
3.5,12250,0,0.1127,K,F,A
4,12250,0,0.1111,K,F,A
4.5,12250,0,0.1099,K,F,A
5,12250,0,0.1088,K,F,A
2.5,12500,0,0.1239,K,F,A
3,12500,0,0.1147,K,F,A
3.5,12500,0,0.1107,K,F,A
4,12500,0,0.109,K,F,A
4.5,12500,0,0.108,K,F,A
5,12500,0,0.1072,K,F,A
2.5,12750,0,0.1228,K,F,A
3,12750,0,0.1132,K,F,A
3.5,12750,0,0.1087,K,F,A
4,12750,0,0.107,K,F,A
4.5,12750,0,0.1062,K,F,A
5,12750,0,0.1056,K,F,A
2.5,13000,0,0.1219,K,F,A
3,13000,0,0.1117,K,F,A
3.5,13000,0,0.107,K,F,A
4,13000,0,0.1051,K,F,A
4.5,13000,0,0.1043,K,F,A
5,13000,0,0.1038,K,F,A
2.5,14000,0,0.1197,K,F,A
3,14000,0,0.1074,K,F,A
3.5,14000,0,0.1014,K,F,A
4,14000,0,0.0988,K,F,A
4.5,14000,0,0.0978,K,F,A
5,14000,0,0.0978,K,F,A
2.5,15000,0,0.1193,K,F,A
3,15000,0,0.1045,K,F,A
3.5,15000,0,0.0973,K,F,A
4,15000,0,0.0939,K,F,A
4.5,15000,0,0.0925,K,F,A
5,15000,0,0.0922,K,F,A
2.5,16000,0,0.1207,K,F,A
3,16000,0,0.1031,K,F,A
3.5,16000,0,0.0946,K,F,A
4,16000,0,0.0904,K,F,A
4.5,16000,0,0.0885,K,F,A
5,16000,0,0.0881,K,F,A
2.5,17000,0,0.1238,K,F,A
3,17000,0,0.1027,K,F,A
3.5,17000,0,0.0927,K,F,A
4,17000,0,0.088,K,F,A
4.5,17000,0,0.0855,K,F,A
5,17000,0,0.0846,K,F,A
2.5,18000,0,0.1296,K,F,A
3,18000,0,0.1029,K,F,A
3.5,18000,0,0.0916,K,F,A
4,18000,0,0.0861,K,F,A
4.5,18000,0,0.0832,K,F,A
5,18000,0,0.082,K,F,A
3,19000,0,0.1047,K,F,A
3.5,19000,0,0.0912,K,F,A
4,19000,0,0.0848,K,F,A
4.5,19000,0,0.0815,K,F,A
5,19000,0,0.08,K,F,A
3,20000,0,0.1074,K,F,A
3.5,20000,0,0.0915,K,F,A
4,20000,0,0.0839,K,F,A
4.5,20000,0,0.0802,K,F,A
5,20000,0,0.0785,K,F,A
3,21000,0,0.1108,K,F,A
3.5,21000,0,0.0929,K,F,A
4,21000,0,0.084,K,F,A
4.5,21000,0,0.0795,K,F,A
5,21000,0,0.0775,K,F,A
3,22000,0,0.113,K,F,A
3.5,22000,0,0.0946,K,F,A
4,22000,0,0.085,K,F,A
4.5,22000,0,0.0797,K,F,A
5,22000,0,0.0772,K,F,A
3,23000,0,0.1145,K,F,A
3.5,23000,0,0.0958,K,F,A
4,23000,0,0.0862,K,F,A
4.5,23000,0,0.0805,K,F,A
5,23000,0,0.0776,K,F,A
3,24000,0,0.1174,K,F,A
3.5,24000,0,0.0965,K,F,A
4,24000,0,0.0872,K,F,A
4.5,24000,0,0.0817,K,F,A
5,24000,0,0.0785,K,F,A
3,25000,0,0.1224,K,F,A
3.5,25000,0,0.097,K,F,A
4,25000,0,0.0878,K,F,A
4.5,25000,0,0.0828,K,F,A
5,25000,0,0.0798,K,F,A
3.5,26000,0,0.0982,K,F,A
4,26000,0,0.088,K,F,A
4.5,26000,0,0.0832,K,F,A
5,26000,0,0.0807,K,F,A
3.5,27000,0,0.1,K,F,A
4,27000,0,0.0883,K,F,A
4.5,27000,0,0.0833,K,F,A
5,27000,0,0.0809,K,F,A
3.5,28000,0,0.1021,K,F,A
4,28000,0,0.0889,K,F,A
4.5,28000,0,0.0833,K,F,A
5,28000,0,0.0808,K,F,A
3.5,29000,0,0.1032,K,F,A
4,29000,0,0.0896,K,F,A
4.5,29000,0,0.0834,K,F,A
5,29000,0,0.0805,K,F,A
3.5,30000,0,0.1036,K,F,A
4,30000,0,0.0894,K,F,A
4.5,30000,0,0.083,K,F,A
5,30000,0,0.0798,K,F,A
4,31000,0,0.0885,K,F,A
4.5,31000,0,0.0822,K,F,A
5,31000,0,0.0785,K,F,A
4,32000,0,0.0875,K,F,A
4.5,32000,0,0.0807,K,F,A
5,32000,0,0.0774,K,F,A
4,33000,0,0.0865,K,F,A
4.5,33000,0,0.0788,K,F,A
5,33000,0,0.0755,K,F,A
4,34000,0,0.0854,K,F,A
4.5,34000,0,0.0771,K,F,A
5,34000,0,0.0733,K,F,A
4,35000,0,0.0842,K,F,A
4.5,35000,0,0.0755,K,F,A
5,35000,0,0.0709,K,F,A
4,36000,0,0.0823,K,F,A
4.5,36000,0,0.0736,K,F,A
5,36000,0,0.0689,K,F,A
4,37000,0,0.081,K,F,A
4.5,37000,0,0.0715,K,F,A
5,37000,0,0.0669,K,F,A
4.5,38000,0,0.0696,K,F,A
5,38000,0,0.0649,K,F,A
4.5,39000,0,0.0681,K,F,A
5,39000,0,0.0632,K,F,A
4.5,40000,0,0.067,K,F,A
5,40000,0,0.0614,K,F,A
4.5,41000,0,0.0665,K,F,A
5,41000,0,0.0603,K,F,A
4.5,42000,0,0.0666,K,F,A
5,42000,0,0.0596,K,F,A
4.5,43000,0,0.0665,K,F,A
5,43000,0,0.0592,K,F,A
4.5,44000,0,0.0667,K,F,A
5,44000,0,0.0588,K,F,A
4.5,45000,0,0.0667,K,F,A
5,45000,0,0.0584,K,F,A
4.5,46000,0,0.0667,K,F,A
5,46000,0,0.0581,K,F,A
5,47000,0,0.0579,K,F,A
5,48000,0,0.0576,K,F,A
5,49000,0,0.0573,K,F,A
5,50000,0,0.0571,K,F,A
0,3500,0,0.314,K,F,A
0.5,3500,0,0.3131,K,F,A
1,3500,0,0.3129,K,F,A
1.5,3500,0,0.3126,K,F,A
2,3500,0,0.3123,K,F,A
2.5,3500,0,0.3108,K,F,A
3,3500,0,0.3037,K,F,A
3.5,3500,0,0.266,K,F,A
4,3500,0,0.1953,K,F,A
4.5,3500,0,0.1565,K,F,A
5,3500,0,0.1433,K,F,A
0,3750,0,0.3028,K,F,A
0.5,3750,0,0.3023,K,F,A
1,3750,0,0.3023,K,F,A
1.5,3750,0,0.3027,K,F,A
2,3750,0,0.303,K,F,A
2.5,3750,0,0.303,K,F,A
3,3750,0,0.3018,K,F,A
3.5,3750,0,0.2952,K,F,A
4,3750,0,0.2629,K,F,A
4.5,3750,0,0.2023,K,F,A
5,3750,0,0.1614,K,F,A
0,4000,0,0.2899,K,F,A
0.5,4000,0,0.2893,K,F,A
1,4000,0,0.2901,K,F,A
1.5,4000,0,0.2907,K,F,A
2,4000,0,0.2919,K,F,A
2.5,4000,0,0.2929,K,F,A
3,4000,0,0.2934,K,F,A
3.5,4000,0,0.2929,K,F,A
4,4000,0,0.2867,K,F,A
4.5,4000,0,0.2591,K,F,A
5,4000,0,0.2081,K,F,A
0,4250,0,0.276,K,F,A
0.5,4250,0,0.2756,K,F,A
1,4250,0,0.2766,K,F,A
1.5,4250,0,0.2772,K,F,A
2,4250,0,0.2789,K,F,A
2.5,4250,0,0.2803,K,F,A
3,4250,0,0.282,K,F,A
3.5,4250,0,0.2833,K,F,A
4,4250,0,0.2832,K,F,A
4.5,4250,0,0.2773,K,F,A
5,4250,0,0.2545,K,F,A
0,4500,0,0.262,K,F,A
0.5,4500,0,0.2613,K,F,A
1,4500,0,0.2618,K,F,A
1.5,4500,0,0.263,K,F,A
2,4500,0,0.264,K,F,A
2.5,4500,0,0.2665,K,F,A
3,4500,0,0.2688,K,F,A
3.5,4500,0,0.2709,K,F,A
4,4500,0,0.2721,K,F,A
4.5,4500,0,0.2714,K,F,A
5,4500,0,0.266,K,F,A
0,4750,0,0.2465,K,F,A
0.5,4750,0,0.2462,K,F,A
1,4750,0,0.2472,K,F,A
1.5,4750,0,0.248,K,F,A
2,4750,0,0.2498,K,F,A
2.5,4750,0,0.2523,K,F,A
3,4750,0,0.2547,K,F,A
3.5,4750,0,0.2575,K,F,A
4,4750,0,0.2592,K,F,A
4.5,4750,0,0.2596,K,F,A
5,4750,0,0.258,K,F,A
0,5000,0,0.2322,K,F,A
0.5,5000,0,0.2322,K,F,A
1,5000,0,0.2334,K,F,A
1.5,5000,0,0.2351,K,F,A
2,5000,0,0.2365,K,F,A
2.5,5000,0,0.2386,K,F,A
3,5000,0,0.2408,K,F,A
3.5,5000,0,0.2434,K,F,A
4,5000,0,0.2452,K,F,A
4.5,5000,0,0.2462,K,F,A
5,5000,0,0.2456,K,F,A
0,5250,0,0.2121,K,F,A
0.5,5250,0,0.2134,K,F,A
1,5250,0,0.2161,K,F,A
1.5,5250,0,0.2186,K,F,A
2,5250,0,0.2207,K,F,A
2.5,5250,0,0.2233,K,F,A
3,5250,0,0.2255,K,F,A
3.5,5250,0,0.2281,K,F,A
4,5250,0,0.2305,K,F,A
4.5,5250,0,0.232,K,F,A
5,5250,0,0.2324,K,F,A
0,5500,0,0.2092,K,F,A
0.5,5500,0,0.191,K,F,A
1,5500,0,0.1946,K,F,A
1.5,5500,0,0.1985,K,F,A
2,5500,0,0.202,K,F,A
2.5,5500,0,0.2052,K,F,A
3,5500,0,0.208,K,F,A
3.5,5500,0,0.2121,K,F,A
4,5500,0,0.2155,K,F,A
4.5,5500,0,0.2178,K,F,A
5,5500,0,0.219,K,F,A
0,5750,0,0.2051,K,F,A
0.5,5750,0,0.1945,K,F,A
1,5750,0,0.1838,K,F,A
1.5,5750,0,0.1808,K,F,A
2,5750,0,0.1848,K,F,A
2.5,5750,0,0.1884,K,F,A
3,5750,0,0.1925,K,F,A
3.5,5750,0,0.1968,K,F,A
4,5750,0,0.2011,K,F,A
4.5,5750,0,0.2044,K,F,A
5,5750,0,0.2066,K,F,A
0,6000,0,0.2057,K,F,A
0.5,6000,0,0.1925,K,F,A
1,6000,0,0.1848,K,F,A
1.5,6000,0,0.1723,K,F,A
2,6000,0,0.1698,K,F,A
2.5,6000,0,0.1745,K,F,A
3,6000,0,0.1792,K,F,A
3.5,6000,0,0.1837,K,F,A
4,6000,0,0.1881,K,F,A
4.5,6000,0,0.1925,K,F,A
5,6000,0,0.1951,K,F,A
0.5,6250,0,0.193,K,F,A
1,6250,0,0.1829,K,F,A
1.5,6250,0,0.1724,K,F,A
2,6250,0,0.1632,K,F,A
2.5,6250,0,0.1622,K,F,A
3,6250,0,0.1677,K,F,A
3.5,6250,0,0.1723,K,F,A
4,6250,0,0.1773,K,F,A
4.5,6250,0,0.1821,K,F,A
5,6250,0,0.1847,K,F,A
0.5,6500,0,0.1923,K,F,A
1,6500,0,0.1838,K,F,A
1.5,6500,0,0.1747,K,F,A
2,6500,0,0.1618,K,F,A
2.5,6500,0,0.1561,K,F,A
3,6500,0,0.1578,K,F,A
3.5,6500,0,0.163,K,F,A
4,6500,0,0.1682,K,F,A
4.5,6500,0,0.1729,K,F,A
5,6500,0,0.1759,K,F,A
0.5,6750,0,0.1926,K,F,A
1,6750,0,0.1818,K,F,A
1.5,6750,0,0.1772,K,F,A
2,6750,0,0.1676,K,F,A
2.5,6750,0,0.1534,K,F,A
3,6750,0,0.1521,K,F,A
3.5,6750,0,0.1554,K,F,A
4,6750,0,0.1605,K,F,A
4.5,6750,0,0.1649,K,F,A
5,6750,0,0.1681,K,F,A
0.5,7000,0,0.1943,K,F,A
1,7000,0,0.1804,K,F,A
1.5,7000,0,0.1745,K,F,A
2,7000,0,0.172,K,F,A
2.5,7000,0,0.1611,K,F,A
3,7000,0,0.1485,K,F,A
3.5,7000,0,0.1504,K,F,A
4,7000,0,0.154,K,F,A
4.5,7000,0,0.1575,K,F,A
5,7000,0,0.1616,K,F,A
0.5,7250,0,0.1978,K,F,A
1,7250,0,0.1796,K,F,A
1.5,7250,0,0.1719,K,F,A
2,7250,0,0.1687,K,F,A
2.5,7250,0,0.1672,K,F,A
3,7250,0,0.1554,K,F,A
3.5,7250,0,0.145,K,F,A
4,7250,0,0.1494,K,F,A
4.5,7250,0,0.1515,K,F,A
5,7250,0,0.1555,K,F,A
0.5,7500,0,0.2059,K,F,A
1,7500,0,0.1801,K,F,A
1.5,7500,0,0.1694,K,F,A
2,7500,0,0.1648,K,F,A
2.5,7500,0,0.1636,K,F,A
3,7500,0,0.1628,K,F,A
3.5,7500,0,0.1514,K,F,A
4,7500,0,0.1456,K,F,A
4.5,7500,0,0.1478,K,F,A
5,7500,0,0.1503,K,F,A
1,7750,0,0.1815,K,F,A
1.5,7750,0,0.1676,K,F,A
2,7750,0,0.1614,K,F,A
2.5,7750,0,0.159,K,F,A
3,7750,0,0.1587,K,F,A
3.5,7750,0,0.1582,K,F,A
4,7750,0,0.1474,K,F,A
4.5,7750,0,0.1421,K,F,A
5,7750,0,0.147,K,F,A
1,8000,0,0.1866,K,F,A
1.5,8000,0,0.1668,K,F,A
2,8000,0,0.1586,K,F,A
2.5,8000,0,0.1548,K,F,A
3,8000,0,0.1531,K,F,A
3.5,8000,0,0.1537,K,F,A
4,8000,0,0.1537,K,F,A
4.5,8000,0,0.1467,K,F,A
5,8000,0,0.1449,K,F,A
1,8250,0,0.197,K,F,A
1.5,8250,0,0.168,K,F,A
2,8250,0,0.1564,K,F,A
2.5,8250,0,0.151,K,F,A
3,8250,0,0.1486,K,F,A
3.5,8250,0,0.1479,K,F,A
4,8250,0,0.149,K,F,A
4.5,8250,0,0.15,K,F,A
5,8250,0,0.1427,K,F,A
1.5,8500,0,0.1708,K,F,A
2,8500,0,0.1561,K,F,A
2.5,8500,0,0.1484,K,F,A
3,8500,0,0.1447,K,F,A
3.5,8500,0,0.1432,K,F,A
4,8500,0,0.143,K,F,A
4.5,8500,0,0.1449,K,F,A
5,8500,0,0.146,K,F,A
1.5,8750,0,0.1749,K,F,A
2,8750,0,0.1565,K,F,A
2.5,8750,0,0.1472,K,F,A
3,8750,0,0.142,K,F,A
3.5,8750,0,0.1393,K,F,A
4,8750,0,0.1383,K,F,A
4.5,8750,0,0.1387,K,F,A
5,8750,0,0.142,K,F,A
1.5,9000,0,0.1794,K,F,A
2,9000,0,0.1575,K,F,A
2.5,9000,0,0.1467,K,F,A
3,9000,0,0.1402,K,F,A
3.5,9000,0,0.1367,K,F,A
4,9000,0,0.1346,K,F,A
4.5,9000,0,0.134,K,F,A
5,9000,0,0.1344,K,F,A
2,9250,0,0.1589,K,F,A
2.5,9250,0,0.1464,K,F,A
3,9250,0,0.1393,K,F,A
3.5,9250,0,0.1348,K,F,A
4,9250,0,0.1323,K,F,A
4.5,9250,0,0.1307,K,F,A
5,9250,0,0.1301,K,F,A
2,9500,0,0.1596,K,F,A
2.5,9500,0,0.1464,K,F,A
3,9500,0,0.1383,K,F,A
3.5,9500,0,0.1336,K,F,A
4,9500,0,0.1302,K,F,A
4.5,9500,0,0.1284,K,F,A
5,9500,0,0.1271,K,F,A
2,9750,0,0.1593,K,F,A
2.5,9750,0,0.146,K,F,A
3,9750,0,0.1379,K,F,A
3.5,9750,0,0.1321,K,F,A
4,9750,0,0.1289,K,F,A
4.5,9750,0,0.1262,K,F,A
5,9750,0,0.125,K,F,A
2,10000,0,0.1582,K,F,A
2.5,10000,0,0.1451,K,F,A
3,10000,0,0.1369,K,F,A
3.5,10000,0,0.1315,K,F,A
4,10000,0,0.1273,K,F,A
4.5,10000,0,0.1248,K,F,A
5,10000,0,0.1229,K,F,A
2,10250,0,0.1564,K,F,A
2.5,10250,0,0.1434,K,F,A
3,10250,0,0.1359,K,F,A
3.5,10250,0,0.1303,K,F,A
4,10250,0,0.1263,K,F,A
4.5,10250,0,0.1235,K,F,A
5,10250,0,0.1214,K,F,A
2,10500,0,0.154,K,F,A
2.5,10500,0,0.1412,K,F,A
3,10500,0,0.1341,K,F,A
3.5,10500,0,0.1288,K,F,A
4,10500,0,0.125,K,F,A
4.5,10500,0,0.1219,K,F,A
5,10500,0,0.1198,K,F,A
2,10750,0,0.1518,K,F,A
2.5,10750,0,0.1388,K,F,A
3,10750,0,0.132,K,F,A
3.5,10750,0,0.1272,K,F,A
4,10750,0,0.1236,K,F,A
4.5,10750,0,0.1208,K,F,A
5,10750,0,0.1186,K,F,A
2.5,11000,0,0.1361,K,F,A
3,11000,0,0.1294,K,F,A
3.5,11000,0,0.1252,K,F,A
4,11000,0,0.122,K,F,A
4.5,11000,0,0.1194,K,F,A
5,11000,0,0.1171,K,F,A
2.5,11250,0,0.1335,K,F,A
3,11250,0,0.1268,K,F,A
3.5,11250,0,0.1229,K,F,A
4,11250,0,0.1202,K,F,A
4.5,11250,0,0.1179,K,F,A
5,11250,0,0.1157,K,F,A
2.5,11500,0,0.1311,K,F,A
3,11500,0,0.1241,K,F,A
3.5,11500,0,0.1206,K,F,A
4,11500,0,0.118,K,F,A
4.5,11500,0,0.1161,K,F,A
5,11500,0,0.1141,K,F,A
2.5,11750,0,0.1289,K,F,A
3,11750,0,0.1215,K,F,A
3.5,11750,0,0.1181,K,F,A
4,11750,0,0.1161,K,F,A
4.5,11750,0,0.1143,K,F,A
5,11750,0,0.1128,K,F,A
2.5,12000,0,0.1273,K,F,A
3,12000,0,0.1192,K,F,A
3.5,12000,0,0.1158,K,F,A
4,12000,0,0.1138,K,F,A
4.5,12000,0,0.1124,K,F,A
5,12000,0,0.111,K,F,A
2.5,12250,0,0.1259,K,F,A
3,12250,0,0.117,K,F,A
3.5,12250,0,0.1134,K,F,A
4,12250,0,0.1116,K,F,A
4.5,12250,0,0.1105,K,F,A
5,12250,0,0.1094,K,F,A
2.5,12500,0,0.1248,K,F,A
3,12500,0,0.1152,K,F,A
3.5,12500,0,0.1112,K,F,A
4,12500,0,0.1094,K,F,A
4.5,12500,0,0.1084,K,F,A
5,12500,0,0.1076,K,F,A
2.5,12750,0,0.1238,K,F,A
3,12750,0,0.1137,K,F,A
3.5,12750,0,0.1092,K,F,A
4,12750,0,0.1074,K,F,A
4.5,12750,0,0.1065,K,F,A
5,12750,0,0.1059,K,F,A
2.5,13000,0,0.123,K,F,A
3,13000,0,0.1122,K,F,A
3.5,13000,0,0.1074,K,F,A
4,13000,0,0.1054,K,F,A
4.5,13000,0,0.1047,K,F,A
5,13000,0,0.1041,K,F,A
2.5,14000,0,0.1211,K,F,A
3,14000,0,0.1079,K,F,A
3.5,14000,0,0.1017,K,F,A
4,14000,0,0.0987,K,F,A
4.5,14000,0,0.0977,K,F,A
5,14000,0,0.0976,K,F,A
2.5,15000,0,0.121,K,F,A
3,15000,0,0.1053,K,F,A
3.5,15000,0,0.0976,K,F,A
4,15000,0,0.0938,K,F,A
4.5,15000,0,0.0922,K,F,A
5,15000,0,0.0919,K,F,A
2.5,16000,0,0.123,K,F,A
3,16000,0,0.1041,K,F,A
3.5,16000,0,0.0951,K,F,A
4,16000,0,0.0905,K,F,A
4.5,16000,0,0.088,K,F,A
5,16000,0,0.0875,K,F,A
2.5,17000,0,0.1274,K,F,A
3,17000,0,0.1039,K,F,A
3.5,17000,0,0.0932,K,F,A
4,17000,0,0.0878,K,F,A
4.5,17000,0,0.0851,K,F,A
5,17000,0,0.0839,K,F,A
3,18000,0,0.1049,K,F,A
3.5,18000,0,0.0923,K,F,A
4,18000,0,0.086,K,F,A
4.5,18000,0,0.0828,K,F,A
5,18000,0,0.0812,K,F,A
3,19000,0,0.1072,K,F,A
3.5,19000,0,0.092,K,F,A
4,19000,0,0.0848,K,F,A
4.5,19000,0,0.081,K,F,A
5,19000,0,0.0793,K,F,A
3,20000,0,0.1107,K,F,A
3.5,20000,0,0.0927,K,F,A
4,20000,0,0.0839,K,F,A
4.5,20000,0,0.0795,K,F,A
5,20000,0,0.0774,K,F,A
3,21000,0,0.1134,K,F,A
3.5,21000,0,0.0945,K,F,A
4,21000,0,0.0844,K,F,A
4.5,21000,0,0.079,K,F,A
5,21000,0,0.0764,K,F,A
3,22000,0,0.1145,K,F,A
3.5,22000,0,0.0961,K,F,A
4,22000,0,0.0855,K,F,A
4.5,22000,0,0.0793,K,F,A
5,22000,0,0.0763,K,F,A
3,23000,0,0.1162,K,F,A
3.5,23000,0,0.0965,K,F,A
4,23000,0,0.0866,K,F,A
4.5,23000,0,0.0803,K,F,A
5,23000,0,0.0766,K,F,A
3,24000,0,0.1197,K,F,A
3.5,24000,0,0.0968,K,F,A
4,24000,0,0.0872,K,F,A
4.5,24000,0,0.0815,K,F,A
5,24000,0,0.0778,K,F,A
3.5,25000,0,0.0973,K,F,A
4,25000,0,0.0875,K,F,A
4.5,25000,0,0.0824,K,F,A
5,25000,0,0.0791,K,F,A
3.5,26000,0,0.0988,K,F,A
4,26000,0,0.0876,K,F,A
4.5,26000,0,0.0823,K,F,A
5,26000,0,0.0798,K,F,A
3.5,27000,0,0.1007,K,F,A
4,27000,0,0.088,K,F,A
4.5,27000,0,0.0824,K,F,A
5,27000,0,0.0799,K,F,A
3.5,28000,0,0.1034,K,F,A
4,28000,0,0.0886,K,F,A
4.5,28000,0,0.0826,K,F,A
5,28000,0,0.0797,K,F,A
3.5,29000,0,0.1048,K,F,A
4,29000,0,0.0897,K,F,A
4.5,29000,0,0.0824,K,F,A
5,29000,0,0.0792,K,F,A
3.5,30000,0,0.1061,K,F,A
4,30000,0,0.0898,K,F,A
4.5,30000,0,0.0826,K,F,A
5,30000,0,0.0788,K,F,A
4,31000,0,0.0895,K,F,A
4.5,31000,0,0.0821,K,F,A
5,31000,0,0.0779,K,F,A
4,32000,0,0.0888,K,F,A
4.5,32000,0,0.0808,K,F,A
5,32000,0,0.0768,K,F,A
4,33000,0,0.0883,K,F,A
4.5,33000,0,0.0795,K,F,A
5,33000,0,0.0755,K,F,A
4,34000,0,0.0873,K,F,A
4.5,34000,0,0.0782,K,F,A
5,34000,0,0.0736,K,F,A
4,35000,0,0.0858,K,F,A
4.5,35000,0,0.0765,K,F,A
5,35000,0,0.0717,K,F,A
4,36000,0,0.0839,K,F,A
4.5,36000,0,0.0747,K,F,A
5,36000,0,0.0699,K,F,A
4.5,37000,0,0.0729,K,F,A
5,37000,0,0.068,K,F,A
4.5,38000,0,0.0709,K,F,A
5,38000,0,0.0659,K,F,A
4.5,39000,0,0.0694,K,F,A
5,39000,0,0.0643,K,F,A
4.5,40000,0,0.0684,K,F,A
5,40000,0,0.0625,K,F,A
4.5,41000,0,0.068,K,F,A
5,41000,0,0.0614,K,F,A
4.5,42000,0,0.0679,K,F,A
5,42000,0,0.0603,K,F,A
5,43000,0,0.06,K,F,A
5,44000,0,0.0594,K,F,A
5,45000,0,0.0592,K,F,A
5,46000,0,0.0587,K,F,A
5,47000,0,0.0584,K,F,A
5,48000,0,0.058,K,F,A
5,49000,0,0.0579,K,F,A
5,50000,0,0.0578,K,F,A
0,3500,0.1,0.3176,K,F,A
0.5,3500,0.1,0.3156,K,F,A
1,3500,0.1,0.3147,K,F,A
1.5,3500,0.1,0.3135,K,F,A
2,3500,0.1,0.3125,K,F,A
2.5,3500,0.1,0.3108,K,F,A
3,3500,0.1,0.3046,K,F,A
3.5,3500,0.1,0.2713,K,F,A
4,3500,0.1,0.2019,K,F,A
4.5,3500,0.1,0.1578,K,F,A
5,3500,0.1,0.1419,K,F,A
0,3750,0.1,0.306,K,F,A
0.5,3750,0.1,0.3045,K,F,A
1,3750,0.1,0.3046,K,F,A
1.5,3750,0.1,0.3042,K,F,A
2,3750,0.1,0.3038,K,F,A
2.5,3750,0.1,0.3033,K,F,A
3,3750,0.1,0.3018,K,F,A
3.5,3750,0.1,0.2953,K,F,A
4,3750,0.1,0.2657,K,F,A
4.5,3750,0.1,0.2069,K,F,A
5,3750,0.1,0.163,K,F,A
0,4000,0.1,0.2917,K,F,A
0.5,4000,0.1,0.2911,K,F,A
1,4000,0.1,0.2915,K,F,A
1.5,4000,0.1,0.2917,K,F,A
2,4000,0.1,0.2921,K,F,A
2.5,4000,0.1,0.2928,K,F,A
3,4000,0.1,0.2929,K,F,A
3.5,4000,0.1,0.2921,K,F,A
4,4000,0.1,0.2853,K,F,A
4.5,4000,0.1,0.2591,K,F,A
5,4000,0.1,0.2102,K,F,A
0,4250,0.1,0.2764,K,F,A
0.5,4250,0.1,0.2756,K,F,A
1,4250,0.1,0.276,K,F,A
1.5,4250,0.1,0.2768,K,F,A
2,4250,0.1,0.2778,K,F,A
2.5,4250,0.1,0.2794,K,F,A
3,4250,0.1,0.2806,K,F,A
3.5,4250,0.1,0.2817,K,F,A
4,4250,0.1,0.2811,K,F,A
4.5,4250,0.1,0.2752,K,F,A
5,4250,0.1,0.2531,K,F,A
0,4500,0.1,0.2606,K,F,A
0.5,4500,0.1,0.2597,K,F,A
1,4500,0.1,0.2607,K,F,A
1.5,4500,0.1,0.2614,K,F,A
2,4500,0.1,0.263,K,F,A
2.5,4500,0.1,0.2647,K,F,A
3,4500,0.1,0.267,K,F,A
3.5,4500,0.1,0.269,K,F,A
4,4500,0.1,0.2701,K,F,A
4.5,4500,0.1,0.2697,K,F,A
5,4500,0.1,0.2647,K,F,A
0,4750,0.1,0.2438,K,F,A
0.5,4750,0.1,0.2435,K,F,A
1,4750,0.1,0.2448,K,F,A
1.5,4750,0.1,0.2461,K,F,A
2,4750,0.1,0.2482,K,F,A
2.5,4750,0.1,0.25,K,F,A
3,4750,0.1,0.2528,K,F,A
3.5,4750,0.1,0.2556,K,F,A
4,4750,0.1,0.2577,K,F,A
4.5,4750,0.1,0.2586,K,F,A
5,4750,0.1,0.2582,K,F,A
0,5000,0.1,0.2274,K,F,A
0.5,5000,0.1,0.2276,K,F,A
1,5000,0.1,0.2298,K,F,A
1.5,5000,0.1,0.2311,K,F,A
2,5000,0.1,0.2337,K,F,A
2.5,5000,0.1,0.2356,K,F,A
3,5000,0.1,0.2389,K,F,A
3.5,5000,0.1,0.2423,K,F,A
4,5000,0.1,0.2449,K,F,A
4.5,5000,0.1,0.2468,K,F,A
5,5000,0.1,0.2474,K,F,A
0,5250,0.1,0.2112,K,F,A
0.5,5250,0.1,0.212,K,F,A
1,5250,0.1,0.2141,K,F,A
1.5,5250,0.1,0.2164,K,F,A
2,5250,0.1,0.2195,K,F,A
2.5,5250,0.1,0.2221,K,F,A
3,5250,0.1,0.2256,K,F,A
3.5,5250,0.1,0.229,K,F,A
4,5250,0.1,0.2322,K,F,A
4.5,5250,0.1,0.2347,K,F,A
5,5250,0.1,0.2354,K,F,A
0,5500,0.1,0.2085,K,F,A
0.5,5500,0.1,0.1942,K,F,A
1,5500,0.1,0.1976,K,F,A
1.5,5500,0.1,0.2011,K,F,A
2,5500,0.1,0.2044,K,F,A
2.5,5500,0.1,0.2079,K,F,A
3,5500,0.1,0.2115,K,F,A
3.5,5500,0.1,0.2152,K,F,A
4,5500,0.1,0.2193,K,F,A
4.5,5500,0.1,0.222,K,F,A
5,5500,0.1,0.2236,K,F,A
0,5750,0.1,0.2066,K,F,A
0.5,5750,0.1,0.197,K,F,A
1,5750,0.1,0.1801,K,F,A
1.5,5750,0.1,0.1841,K,F,A
2,5750,0.1,0.188,K,F,A
2.5,5750,0.1,0.1919,K,F,A
3,5750,0.1,0.1964,K,F,A
3.5,5750,0.1,0.2011,K,F,A
4,5750,0.1,0.2059,K,F,A
4.5,5750,0.1,0.209,K,F,A
5,5750,0.1,0.2115,K,F,A
0,6000,0.1,0.2064,K,F,A
0.5,6000,0.1,0.1938,K,F,A
1,6000,0.1,0.1825,K,F,A
1.5,6000,0.1,0.1685,K,F,A
2,6000,0.1,0.1732,K,F,A
2.5,6000,0.1,0.1782,K,F,A
3,6000,0.1,0.1825,K,F,A
3.5,6000,0.1,0.1877,K,F,A
4,6000,0.1,0.1924,K,F,A
4.5,6000,0.1,0.1966,K,F,A
5,6000,0.1,0.1997,K,F,A
0.5,6250,0.1,0.1934,K,F,A
1,6250,0.1,0.1836,K,F,A
1.5,6250,0.1,0.1715,K,F,A
2,6250,0.1,0.1605,K,F,A
2.5,6250,0.1,0.1654,K,F,A
3,6250,0.1,0.1704,K,F,A
3.5,6250,0.1,0.1757,K,F,A
4,6250,0.1,0.1807,K,F,A
4.5,6250,0.1,0.1856,K,F,A
5,6250,0.1,0.1886,K,F,A
0.5,6500,0.1,0.1934,K,F,A
1,6500,0.1,0.1837,K,F,A
1.5,6500,0.1,0.1746,K,F,A
2,6500,0.1,0.1625,K,F,A
2.5,6500,0.1,0.155,K,F,A
3,6500,0.1,0.1601,K,F,A
3.5,6500,0.1,0.1656,K,F,A
4,6500,0.1,0.171,K,F,A
4.5,6500,0.1,0.1758,K,F,A
5,6500,0.1,0.179,K,F,A
0.5,6750,0.1,0.1932,K,F,A
1,6750,0.1,0.1828,K,F,A
1.5,6750,0.1,0.1765,K,F,A
2,6750,0.1,0.1669,K,F,A
2.5,6750,0.1,0.1536,K,F,A
3,6750,0.1,0.152,K,F,A
3.5,6750,0.1,0.1577,K,F,A
4,6750,0.1,0.1631,K,F,A
4.5,6750,0.1,0.1676,K,F,A
5,6750,0.1,0.1716,K,F,A
0.5,7000,0.1,0.1945,K,F,A
1,7000,0.1,0.1812,K,F,A
1.5,7000,0.1,0.1753,K,F,A
2,7000,0.1,0.1706,K,F,A
2.5,7000,0.1,0.1592,K,F,A
3,7000,0.1,0.1459,K,F,A
3.5,7000,0.1,0.1513,K,F,A
4,7000,0.1,0.1558,K,F,A
4.5,7000,0.1,0.1598,K,F,A
5,7000,0.1,0.1639,K,F,A
0.5,7250,0.1,0.1974,K,F,A
1,7250,0.1,0.1804,K,F,A
1.5,7250,0.1,0.1724,K,F,A
2,7250,0.1,0.1694,K,F,A
2.5,7250,0.1,0.165,K,F,A
3,7250,0.1,0.1521,K,F,A
3.5,7250,0.1,0.1439,K,F,A
4,7250,0.1,0.1505,K,F,A
4.5,7250,0.1,0.153,K,F,A
5,7250,0.1,0.157,K,F,A
0.5,7500,0.1,0.2028,K,F,A
1,7500,0.1,0.18,K,F,A
1.5,7500,0.1,0.1698,K,F,A
2,7500,0.1,0.1653,K,F,A
2.5,7500,0.1,0.164,K,F,A
3,7500,0.1,0.1601,K,F,A
3.5,7500,0.1,0.1477,K,F,A
4,7500,0.1,0.1419,K,F,A
4.5,7500,0.1,0.1483,K,F,A
5,7500,0.1,0.1516,K,F,A
1,7750,0.1,0.1801,K,F,A
1.5,7750,0.1,0.1676,K,F,A
2,7750,0.1,0.1613,K,F,A
2.5,7750,0.1,0.159,K,F,A
3,7750,0.1,0.1591,K,F,A
3.5,7750,0.1,0.156,K,F,A
4,7750,0.1,0.147,K,F,A
4.5,7750,0.1,0.1426,K,F,A
5,7750,0.1,0.1476,K,F,A
1,8000,0.1,0.1834,K,F,A
1.5,8000,0.1,0.1655,K,F,A
2,8000,0.1,0.1579,K,F,A
2.5,8000,0.1,0.1545,K,F,A
3,8000,0.1,0.1534,K,F,A
3.5,8000,0.1,0.1543,K,F,A
4,8000,0.1,0.1523,K,F,A
4.5,8000,0.1,0.1464,K,F,A
5,8000,0.1,0.1442,K,F,A
1,8250,0.1,0.191,K,F,A
1.5,8250,0.1,0.1654,K,F,A
2,8250,0.1,0.1548,K,F,A
2.5,8250,0.1,0.1499,K,F,A
3,8250,0.1,0.1482,K,F,A
3.5,8250,0.1,0.1479,K,F,A
4,8250,0.1,0.15,K,F,A
4.5,8250,0.1,0.1484,K,F,A
5,8250,0.1,0.1423,K,F,A
1,8500,0.1,0.203,K,F,A
1.5,8500,0.1,0.1668,K,F,A
2,8500,0.1,0.1532,K,F,A
2.5,8500,0.1,0.1465,K,F,A
3,8500,0.1,0.1432,K,F,A
3.5,8500,0.1,0.1424,K,F,A
4,8500,0.1,0.1429,K,F,A
4.5,8500,0.1,0.1461,K,F,A
5,8500,0.1,0.1451,K,F,A
1.5,8750,0.1,0.1698,K,F,A
2,8750,0.1,0.1527,K,F,A
2.5,8750,0.1,0.1443,K,F,A
3,8750,0.1,0.1398,K,F,A
3.5,8750,0.1,0.1377,K,F,A
4,8750,0.1,0.1374,K,F,A
4.5,8750,0.1,0.1386,K,F,A
5,8750,0.1,0.1432,K,F,A
1.5,9000,0.1,0.1735,K,F,A
2,9000,0.1,0.1531,K,F,A
2.5,9000,0.1,0.1431,K,F,A
3,9000,0.1,0.1375,K,F,A
3.5,9000,0.1,0.1345,K,F,A
4,9000,0.1,0.1333,K,F,A
4.5,9000,0.1,0.1332,K,F,A
5,9000,0.1,0.1342,K,F,A
2,9250,0.1,0.154,K,F,A
2.5,9250,0.1,0.1423,K,F,A
3,9250,0.1,0.136,K,F,A
3.5,9250,0.1,0.1323,K,F,A
4,9250,0.1,0.1302,K,F,A
4.5,9250,0.1,0.1293,K,F,A
5,9250,0.1,0.1294,K,F,A
2,9500,0.1,0.1546,K,F,A
2.5,9500,0.1,0.1422,K,F,A
3,9500,0.1,0.1347,K,F,A
3.5,9500,0.1,0.1307,K,F,A
4,9500,0.1,0.128,K,F,A
4.5,9500,0.1,0.1266,K,F,A
5,9500,0.1,0.1258,K,F,A
2,9750,0.1,0.1543,K,F,A
2.5,9750,0.1,0.1416,K,F,A
3,9750,0.1,0.1342,K,F,A
3.5,9750,0.1,0.1289,K,F,A
4,9750,0.1,0.1262,K,F,A
4.5,9750,0.1,0.1244,K,F,A
5,9750,0.1,0.1232,K,F,A
2,10000,0.1,0.1535,K,F,A
2.5,10000,0.1,0.1406,K,F,A
3,10000,0.1,0.1331,K,F,A
3.5,10000,0.1,0.1281,K,F,A
4,10000,0.1,0.1246,K,F,A
4.5,10000,0.1,0.1226,K,F,A
5,10000,0.1,0.121,K,F,A
2,10500,0.1,0.1505,K,F,A
2.5,10500,0.1,0.1375,K,F,A
3,10500,0.1,0.1303,K,F,A
3.5,10500,0.1,0.1254,K,F,A
4,10500,0.1,0.1221,K,F,A
4.5,10500,0.1,0.1196,K,F,A
5,10500,0.1,0.1178,K,F,A
2,11000,0.1,0.1472,K,F,A
2.5,11000,0.1,0.1335,K,F,A
3,11000,0.1,0.1266,K,F,A
3.5,11000,0.1,0.1223,K,F,A
4,11000,0.1,0.1192,K,F,A
4.5,11000,0.1,0.1169,K,F,A
5,11000,0.1,0.1151,K,F,A
2.5,11500,0.1,0.1294,K,F,A
3,11500,0.1,0.1221,K,F,A
3.5,11500,0.1,0.1183,K,F,A
4,11500,0.1,0.1158,K,F,A
4.5,11500,0.1,0.1139,K,F,A
5,11500,0.1,0.1125,K,F,A
2.5,12000,0.1,0.1259,K,F,A
3,12000,0.1,0.1179,K,F,A
3.5,12000,0.1,0.114,K,F,A
4,12000,0.1,0.112,K,F,A
4.5,12000,0.1,0.1105,K,F,A
5,12000,0.1,0.1095,K,F,A
2.5,12500,0.1,0.1232,K,F,A
3,12500,0.1,0.1141,K,F,A
3.5,12500,0.1,0.1099,K,F,A
4,12500,0.1,0.1081,K,F,A
4.5,12500,0.1,0.107,K,F,A
5,12500,0.1,0.1062,K,F,A
2.5,13000,0.1,0.1213,K,F,A
3,13000,0.1,0.1113,K,F,A
3.5,13000,0.1,0.1064,K,F,A
4,13000,0.1,0.1044,K,F,A
4.5,13000,0.1,0.1035,K,F,A
5,13000,0.1,0.103,K,F,A
2,14000,0.1,0.1469,K,F,A
2.5,14000,0.1,0.1192,K,F,A
3,14000,0.1,0.1068,K,F,A
3.5,14000,0.1,0.1008,K,F,A
4,14000,0.1,0.0984,K,F,A
4.5,14000,0.1,0.0973,K,F,A
5,14000,0.1,0.0969,K,F,A
2.5,15000,0.1,0.1186,K,F,A
3,15000,0.1,0.1041,K,F,A
3.5,15000,0.1,0.0969,K,F,A
4,15000,0.1,0.0934,K,F,A
4.5,15000,0.1,0.0921,K,F,A
5,15000,0.1,0.0917,K,F,A
2.5,16000,0.1,0.1198,K,F,A
3,16000,0.1,0.1026,K,F,A
3.5,16000,0.1,0.0942,K,F,A
4,16000,0.1,0.0901,K,F,A
4.5,16000,0.1,0.0882,K,F,A
5,16000,0.1,0.0876,K,F,A
2.5,17000,0.1,0.1227,K,F,A
3,17000,0.1,0.1019,K,F,A
3.5,17000,0.1,0.0924,K,F,A
4,17000,0.1,0.0877,K,F,A
4.5,17000,0.1,0.0853,K,F,A
5,17000,0.1,0.0843,K,F,A
2.5,18000,0.1,0.1279,K,F,A
3,18000,0.1,0.1025,K,F,A
3.5,18000,0.1,0.0911,K,F,A
4,18000,0.1,0.0858,K,F,A
4.5,18000,0.1,0.083,K,F,A
5,18000,0.1,0.0818,K,F,A
2.5,19000,0.1,0.136,K,F,A
3,19000,0.1,0.104,K,F,A
3.5,19000,0.1,0.0909,K,F,A
4,19000,0.1,0.0845,K,F,A
4.5,19000,0.1,0.0814,K,F,A
5,19000,0.1,0.08,K,F,A
3,20000,0.1,0.1067,K,F,A
3.5,20000,0.1,0.0912,K,F,A
4,20000,0.1,0.0839,K,F,A
4.5,20000,0.1,0.0802,K,F,A
5,20000,0.1,0.0786,K,F,A
3,21000,0.1,0.1103,K,F,A
3.5,21000,0.1,0.0927,K,F,A
4,21000,0.1,0.0841,K,F,A
4.5,21000,0.1,0.0797,K,F,A
5,21000,0.1,0.0777,K,F,A
3,22000,0.1,0.113,K,F,A
3.5,22000,0.1,0.0946,K,F,A
4,22000,0.1,0.0851,K,F,A
4.5,22000,0.1,0.08,K,F,A
5,22000,0.1,0.0776,K,F,A
3,23000,0.1,0.1147,K,F,A
3.5,23000,0.1,0.0962,K,F,A
4,23000,0.1,0.0865,K,F,A
4.5,23000,0.1,0.0809,K,F,A
5,23000,0.1,0.078,K,F,A
3,24000,0.1,0.1177,K,F,A
3.5,24000,0.1,0.0972,K,F,A
4,24000,0.1,0.0877,K,F,A
4.5,24000,0.1,0.0822,K,F,A
5,24000,0.1,0.079,K,F,A
3,25000,0.1,0.1224,K,F,A
3.5,25000,0.1,0.0978,K,F,A
4,25000,0.1,0.0884,K,F,A
4.5,25000,0.1,0.0833,K,F,A
5,25000,0.1,0.0802,K,F,A
3,26000,0.1,0.1283,K,F,A
3.5,26000,0.1,0.0987,K,F,A
4,26000,0.1,0.0888,K,F,A
4.5,26000,0.1,0.084,K,F,A
5,26000,0.1,0.0813,K,F,A
3.5,27000,0.1,0.1004,K,F,A
4,27000,0.1,0.089,K,F,A
4.5,27000,0.1,0.084,K,F,A
5,27000,0.1,0.0815,K,F,A
3.5,28000,0.1,0.102,K,F,A
4,28000,0.1,0.0894,K,F,A
4.5,28000,0.1,0.0839,K,F,A
5,28000,0.1,0.0816,K,F,A
3.5,29000,0.1,0.103,K,F,A
4,29000,0.1,0.0897,K,F,A
4.5,29000,0.1,0.0837,K,F,A
5,29000,0.1,0.081,K,F,A
3.5,30000,0.1,0.1032,K,F,A
4,30000,0.1,0.0893,K,F,A
4.5,30000,0.1,0.0832,K,F,A
5,30000,0.1,0.0801,K,F,A
3.5,31000,0.1,0.1043,K,F,A
4,31000,0.1,0.0884,K,F,A
4.5,31000,0.1,0.0821,K,F,A
5,31000,0.1,0.0789,K,F,A
4,32000,0.1,0.0873,K,F,A
4.5,32000,0.1,0.0805,K,F,A
5,32000,0.1,0.0772,K,F,A
4,33000,0.1,0.086,K,F,A
4.5,33000,0.1,0.0785,K,F,A
5,33000,0.1,0.0752,K,F,A
4,34000,0.1,0.0853,K,F,A
4.5,34000,0.1,0.0768,K,F,A
5,34000,0.1,0.073,K,F,A
4,35000,0.1,0.0839,K,F,A
4.5,35000,0.1,0.075,K,F,A
5,35000,0.1,0.0707,K,F,A
4.5,37500,0.1,0.0714,K,F,A
5,37500,0.1,0.066,K,F,A
4.5,40000,0.1,0.0683,K,F,A
5,40000,0.1,0.0625,K,F,A
5,42500,0.1,0.0606,K,F,A
5,45000,0.1,0.0598,K,F,A
5,47500,0.1,0.0594,K,F,A
5,50000,0.1,0.059,K,F,A
0,3500,0.2,0.317,K,F,A
0.5,3500,0.2,0.3151,K,F,A
1,3500,0.2,0.3139,K,F,A
1.5,3500,0.2,0.3128,K,F,A
2,3500,0.2,0.3119,K,F,A
2.5,3500,0.2,0.3105,K,F,A
3,3500,0.2,0.3052,K,F,A
3.5,3500,0.2,0.2799,K,F,A
4,3500,0.2,0.2159,K,F,A
4.5,3500,0.2,0.1643,K,F,A
5,3500,0.2,0.1442,K,F,A
0,3750,0.2,0.3064,K,F,A
0.5,3750,0.2,0.3051,K,F,A
1,3750,0.2,0.3042,K,F,A
1.5,3750,0.2,0.304,K,F,A
2,3750,0.2,0.3038,K,F,A
2.5,3750,0.2,0.3035,K,F,A
3,3750,0.2,0.3024,K,F,A
3.5,3750,0.2,0.2967,K,F,A
4,3750,0.2,0.2725,K,F,A
4.5,3750,0.2,0.218,K,F,A
5,3750,0.2,0.1688,K,F,A
0,4000,0.2,0.2926,K,F,A
0.5,4000,0.2,0.2921,K,F,A
1,4000,0.2,0.292,K,F,A
1.5,4000,0.2,0.2924,K,F,A
2,4000,0.2,0.2929,K,F,A
2.5,4000,0.2,0.2936,K,F,A
3,4000,0.2,0.2939,K,F,A
3.5,4000,0.2,0.2933,K,F,A
4,4000,0.2,0.2877,K,F,A
4.5,4000,0.2,0.2642,K,F,A
5,4000,0.2,0.2184,K,F,A
0,4250,0.2,0.2779,K,F,A
0.5,4250,0.2,0.2771,K,F,A
1,4250,0.2,0.277,K,F,A
1.5,4250,0.2,0.2782,K,F,A
2,4250,0.2,0.2795,K,F,A
2.5,4250,0.2,0.2808,K,F,A
3,4250,0.2,0.2819,K,F,A
3.5,4250,0.2,0.2831,K,F,A
4,4250,0.2,0.2827,K,F,A
4.5,4250,0.2,0.2777,K,F,A
5,4250,0.2,0.257,K,F,A
0,4500,0.2,0.2623,K,F,A
0.5,4500,0.2,0.2616,K,F,A
1,4500,0.2,0.262,K,F,A
1.5,4500,0.2,0.2632,K,F,A
2,4500,0.2,0.265,K,F,A
2.5,4500,0.2,0.2664,K,F,A
3,4500,0.2,0.2687,K,F,A
3.5,4500,0.2,0.2708,K,F,A
4,4500,0.2,0.2717,K,F,A
4.5,4500,0.2,0.2719,K,F,A
5,4500,0.2,0.2674,K,F,A
0,4750,0.2,0.2456,K,F,A
0.5,4750,0.2,0.2452,K,F,A
1,4750,0.2,0.2461,K,F,A
1.5,4750,0.2,0.2477,K,F,A
2,4750,0.2,0.2498,K,F,A
2.5,4750,0.2,0.2518,K,F,A
3,4750,0.2,0.2548,K,F,A
3.5,4750,0.2,0.2573,K,F,A
4,4750,0.2,0.2595,K,F,A
4.5,4750,0.2,0.2608,K,F,A
5,4750,0.2,0.2611,K,F,A
0,5000,0.2,0.2291,K,F,A
0.5,5000,0.2,0.2294,K,F,A
1,5000,0.2,0.2309,K,F,A
1.5,5000,0.2,0.2326,K,F,A
2,5000,0.2,0.2352,K,F,A
2.5,5000,0.2,0.2374,K,F,A
3,5000,0.2,0.2406,K,F,A
3.5,5000,0.2,0.2439,K,F,A
4,5000,0.2,0.247,K,F,A
4.5,5000,0.2,0.2491,K,F,A
5,5000,0.2,0.2501,K,F,A
0,5250,0.2,0.2126,K,F,A
0.5,5250,0.2,0.2128,K,F,A
1,5250,0.2,0.2152,K,F,A
1.5,5250,0.2,0.2174,K,F,A
2,5250,0.2,0.2205,K,F,A
2.5,5250,0.2,0.2239,K,F,A
3,5250,0.2,0.2275,K,F,A
3.5,5250,0.2,0.231,K,F,A
4,5250,0.2,0.2346,K,F,A
4.5,5250,0.2,0.2374,K,F,A
5,5250,0.2,0.2382,K,F,A
0,5500,0.2,0.2133,K,F,A
0.5,5500,0.2,0.1957,K,F,A
1,5500,0.2,0.1989,K,F,A
1.5,5500,0.2,0.2023,K,F,A
2,5500,0.2,0.2059,K,F,A
2.5,5500,0.2,0.2097,K,F,A
3,5500,0.2,0.2132,K,F,A
3.5,5500,0.2,0.2174,K,F,A
4,5500,0.2,0.2216,K,F,A
4.5,5500,0.2,0.2246,K,F,A
5,5500,0.2,0.2264,K,F,A
0,5750,0.2,0.2076,K,F,A
0.5,5750,0.2,0.1964,K,F,A
1,5750,0.2,0.1805,K,F,A
1.5,5750,0.2,0.1847,K,F,A
2,5750,0.2,0.1892,K,F,A
2.5,5750,0.2,0.1941,K,F,A
3,5750,0.2,0.1984,K,F,A
3.5,5750,0.2,0.2037,K,F,A
4,5750,0.2,0.2085,K,F,A
4.5,5750,0.2,0.2119,K,F,A
5,5750,0.2,0.2143,K,F,A
0,6000,0.2,0.2067,K,F,A
0.5,6000,0.2,0.1947,K,F,A
1,6000,0.2,0.1835,K,F,A
1.5,6000,0.2,0.1689,K,F,A
2,6000,0.2,0.1739,K,F,A
2.5,6000,0.2,0.1786,K,F,A
3,6000,0.2,0.184,K,F,A
3.5,6000,0.2,0.1896,K,F,A
4,6000,0.2,0.195,K,F,A
4.5,6000,0.2,0.1991,K,F,A
5,6000,0.2,0.2026,K,F,A
0.5,6250,0.2,0.1941,K,F,A
1,6250,0.2,0.1845,K,F,A
1.5,6250,0.2,0.1744,K,F,A
2,6250,0.2,0.1612,K,F,A
2.5,6250,0.2,0.1658,K,F,A
3,6250,0.2,0.1716,K,F,A
3.5,6250,0.2,0.1769,K,F,A
4,6250,0.2,0.1824,K,F,A
4.5,6250,0.2,0.1873,K,F,A
5,6250,0.2,0.1909,K,F,A
0.5,6500,0.2,0.1934,K,F,A
1,6500,0.2,0.1842,K,F,A
1.5,6500,0.2,0.1754,K,F,A
2,6500,0.2,0.1644,K,F,A
2.5,6500,0.2,0.1551,K,F,A
3,6500,0.2,0.1607,K,F,A
3.5,6500,0.2,0.1665,K,F,A
4,6500,0.2,0.1721,K,F,A
4.5,6500,0.2,0.1771,K,F,A
5,6500,0.2,0.1809,K,F,A
0.5,6750,0.2,0.1928,K,F,A
1,6750,0.2,0.183,K,F,A
1.5,6750,0.2,0.1766,K,F,A
2,6750,0.2,0.1669,K,F,A
2.5,6750,0.2,0.1538,K,F,A
3,6750,0.2,0.1522,K,F,A
3.5,6750,0.2,0.1578,K,F,A
4,6750,0.2,0.1631,K,F,A
4.5,6750,0.2,0.168,K,F,A
5,6750,0.2,0.1718,K,F,A
0.5,7000,0.2,0.1947,K,F,A
1,7000,0.2,0.1807,K,F,A
1.5,7000,0.2,0.1752,K,F,A
2,7000,0.2,0.1708,K,F,A
2.5,7000,0.2,0.1594,K,F,A
3,7000,0.2,0.146,K,F,A
3.5,7000,0.2,0.1515,K,F,A
4,7000,0.2,0.1558,K,F,A
4.5,7000,0.2,0.1599,K,F,A
5,7000,0.2,0.1643,K,F,A
0.5,7250,0.2,0.1972,K,F,A
1,7250,0.2,0.1803,K,F,A
1.5,7250,0.2,0.1721,K,F,A
2,7250,0.2,0.1691,K,F,A
2.5,7250,0.2,0.1654,K,F,A
3,7250,0.2,0.1537,K,F,A
3.5,7250,0.2,0.1428,K,F,A
4,7250,0.2,0.1507,K,F,A
4.5,7250,0.2,0.1532,K,F,A
5,7250,0.2,0.1573,K,F,A
0.5,7500,0.2,0.2028,K,F,A
1,7500,0.2,0.1798,K,F,A
1.5,7500,0.2,0.1699,K,F,A
2,7500,0.2,0.1651,K,F,A
2.5,7500,0.2,0.164,K,F,A
3,7500,0.2,0.1608,K,F,A
3.5,7500,0.2,0.1486,K,F,A
4,7500,0.2,0.1421,K,F,A
4.5,7500,0.2,0.1485,K,F,A
5,7500,0.2,0.1515,K,F,A
1,7750,0.2,0.1801,K,F,A
1.5,7750,0.2,0.1675,K,F,A
2,7750,0.2,0.1616,K,F,A
2.5,7750,0.2,0.1592,K,F,A
3,7750,0.2,0.1588,K,F,A
3.5,7750,0.2,0.1563,K,F,A
4,7750,0.2,0.1474,K,F,A
4.5,7750,0.2,0.1438,K,F,A
5,7750,0.2,0.1478,K,F,A
1,8000,0.2,0.1835,K,F,A
1.5,8000,0.2,0.1657,K,F,A
2,8000,0.2,0.1581,K,F,A
2.5,8000,0.2,0.1546,K,F,A
3,8000,0.2,0.1535,K,F,A
3.5,8000,0.2,0.1542,K,F,A
4,8000,0.2,0.153,K,F,A
4.5,8000,0.2,0.146,K,F,A
5,8000,0.2,0.1429,K,F,A
1,8250,0.2,0.1917,K,F,A
1.5,8250,0.2,0.1654,K,F,A
2,8250,0.2,0.1549,K,F,A
2.5,8250,0.2,0.1505,K,F,A
3,8250,0.2,0.1482,K,F,A
3.5,8250,0.2,0.1482,K,F,A
4,8250,0.2,0.1498,K,F,A
4.5,8250,0.2,0.1487,K,F,A
5,8250,0.2,0.1445,K,F,A
1,8500,0.2,0.2038,K,F,A
1.5,8500,0.2,0.1672,K,F,A
2,8500,0.2,0.1533,K,F,A
2.5,8500,0.2,0.1466,K,F,A
3,8500,0.2,0.1436,K,F,A
3.5,8500,0.2,0.1429,K,F,A
4,8500,0.2,0.1432,K,F,A
4.5,8500,0.2,0.1461,K,F,A
5,8500,0.2,0.1452,K,F,A
1.5,8750,0.2,0.1702,K,F,A
2,8750,0.2,0.153,K,F,A
2.5,8750,0.2,0.1446,K,F,A
3,8750,0.2,0.1399,K,F,A
3.5,8750,0.2,0.138,K,F,A
4,8750,0.2,0.1379,K,F,A
4.5,8750,0.2,0.1387,K,F,A
5,8750,0.2,0.1429,K,F,A
1.5,9000,0.2,0.1741,K,F,A
2,9000,0.2,0.1534,K,F,A
2.5,9000,0.2,0.1433,K,F,A
3,9000,0.2,0.1378,K,F,A
3.5,9000,0.2,0.1347,K,F,A
4,9000,0.2,0.1331,K,F,A
4.5,9000,0.2,0.1333,K,F,A
5,9000,0.2,0.1343,K,F,A
2,9250,0.2,0.1544,K,F,A
2.5,9250,0.2,0.1427,K,F,A
3,9250,0.2,0.1363,K,F,A
3.5,9250,0.2,0.1324,K,F,A
4,9250,0.2,0.1303,K,F,A
4.5,9250,0.2,0.1293,K,F,A
5,9250,0.2,0.1296,K,F,A
2,9500,0.2,0.1552,K,F,A
2.5,9500,0.2,0.1424,K,F,A
3,9500,0.2,0.1351,K,F,A
3.5,9500,0.2,0.1309,K,F,A
4,9500,0.2,0.128,K,F,A
4.5,9500,0.2,0.1265,K,F,A
5,9500,0.2,0.1258,K,F,A
2,9750,0.2,0.1551,K,F,A
2.5,9750,0.2,0.1423,K,F,A
3,9750,0.2,0.1341,K,F,A
3.5,9750,0.2,0.1294,K,F,A
4,9750,0.2,0.1263,K,F,A
4.5,9750,0.2,0.1243,K,F,A
5,9750,0.2,0.1231,K,F,A
2,10000,0.2,0.1542,K,F,A
2.5,10000,0.2,0.1414,K,F,A
3,10000,0.2,0.1338,K,F,A
3.5,10000,0.2,0.128,K,F,A
4,10000,0.2,0.1248,K,F,A
4.5,10000,0.2,0.1226,K,F,A
5,10000,0.2,0.1211,K,F,A
2,10500,0.2,0.1511,K,F,A
2.5,10500,0.2,0.1382,K,F,A
3,10500,0.2,0.131,K,F,A
3.5,10500,0.2,0.126,K,F,A
4,10500,0.2,0.1223,K,F,A
4.5,10500,0.2,0.1198,K,F,A
5,10500,0.2,0.1178,K,F,A
2.5,11000,0.2,0.134,K,F,A
3,11000,0.2,0.1272,K,F,A
3.5,11000,0.2,0.1231,K,F,A
4,11000,0.2,0.1197,K,F,A
4.5,11000,0.2,0.1174,K,F,A
5,11000,0.2,0.1153,K,F,A
2.5,11500,0.2,0.1297,K,F,A
3,11500,0.2,0.1227,K,F,A
3.5,11500,0.2,0.1189,K,F,A
4,11500,0.2,0.1166,K,F,A
4.5,11500,0.2,0.1145,K,F,A
5,11500,0.2,0.1128,K,F,A
2.5,12000,0.2,0.1262,K,F,A
3,12000,0.2,0.1184,K,F,A
3.5,12000,0.2,0.1145,K,F,A
4,12000,0.2,0.1127,K,F,A
4.5,12000,0.2,0.1113,K,F,A
5,12000,0.2,0.11,K,F,A
2.5,12500,0.2,0.1238,K,F,A
3,12500,0.2,0.1147,K,F,A
3.5,12500,0.2,0.1105,K,F,A
4,12500,0.2,0.1088,K,F,A
4.5,12500,0.2,0.1076,K,F,A
5,12500,0.2,0.1067,K,F,A
2.5,13000,0.2,0.1222,K,F,A
3,13000,0.2,0.1119,K,F,A
3.5,13000,0.2,0.1071,K,F,A
4,13000,0.2,0.1049,K,F,A
4.5,13000,0.2,0.1041,K,F,A
5,13000,0.2,0.1035,K,F,A
2.5,14000,0.2,0.1201,K,F,A
3,14000,0.2,0.1076,K,F,A
3.5,14000,0.2,0.1016,K,F,A
4,14000,0.2,0.0987,K,F,A
4.5,14000,0.2,0.0978,K,F,A
5,14000,0.2,0.0975,K,F,A
2.5,15000,0.2,0.1195,K,F,A
3,15000,0.2,0.1048,K,F,A
3.5,15000,0.2,0.0976,K,F,A
4,15000,0.2,0.094,K,F,A
4.5,15000,0.2,0.0925,K,F,A
5,15000,0.2,0.0922,K,F,A
2.5,16000,0.2,0.1207,K,F,A
3,16000,0.2,0.1034,K,F,A
3.5,16000,0.2,0.0949,K,F,A
4,16000,0.2,0.0907,K,F,A
4.5,16000,0.2,0.0887,K,F,A
5,16000,0.2,0.0879,K,F,A
2.5,17000,0.2,0.1238,K,F,A
3,17000,0.2,0.1027,K,F,A
3.5,17000,0.2,0.093,K,F,A
4,17000,0.2,0.0882,K,F,A
4.5,17000,0.2,0.0857,K,F,A
5,17000,0.2,0.0847,K,F,A
2.5,18000,0.2,0.1298,K,F,A
3,18000,0.2,0.1032,K,F,A
3.5,18000,0.2,0.0919,K,F,A
4,18000,0.2,0.0863,K,F,A
4.5,18000,0.2,0.0835,K,F,A
5,18000,0.2,0.0822,K,F,A
2.5,19000,0.2,0.1383,K,F,A
3,19000,0.2,0.1053,K,F,A
3.5,19000,0.2,0.0917,K,F,A
4,19000,0.2,0.0851,K,F,A
4.5,19000,0.2,0.0819,K,F,A
5,19000,0.2,0.0803,K,F,A
3,20000,0.2,0.1084,K,F,A
3.5,20000,0.2,0.0924,K,F,A
4,20000,0.2,0.0847,K,F,A
4.5,20000,0.2,0.0807,K,F,A
5,20000,0.2,0.079,K,F,A
3,21000,0.2,0.1121,K,F,A
3.5,21000,0.2,0.094,K,F,A
4,21000,0.2,0.085,K,F,A
4.5,21000,0.2,0.0804,K,F,A
5,21000,0.2,0.0781,K,F,A
3,22000,0.2,0.1146,K,F,A
3.5,22000,0.2,0.0962,K,F,A
4,22000,0.2,0.0861,K,F,A
4.5,22000,0.2,0.0808,K,F,A
5,22000,0.2,0.0781,K,F,A
3,23000,0.2,0.1163,K,F,A
3.5,23000,0.2,0.0977,K,F,A
4,23000,0.2,0.0875,K,F,A
4.5,23000,0.2,0.0817,K,F,A
5,23000,0.2,0.0787,K,F,A
3,24000,0.2,0.1191,K,F,A
3.5,24000,0.2,0.0985,K,F,A
4,24000,0.2,0.089,K,F,A
4.5,24000,0.2,0.0832,K,F,A
5,24000,0.2,0.0797,K,F,A
3,25000,0.2,0.1241,K,F,A
3.5,25000,0.2,0.0989,K,F,A
4,25000,0.2,0.0896,K,F,A
4.5,25000,0.2,0.0845,K,F,A
5,25000,0.2,0.081,K,F,A
3.5,26000,0.2,0.0999,K,F,A
4,26000,0.2,0.0897,K,F,A
4.5,26000,0.2,0.0851,K,F,A
5,26000,0.2,0.0822,K,F,A
3.5,27000,0.2,0.1015,K,F,A
4,27000,0.2,0.0897,K,F,A
4.5,27000,0.2,0.0848,K,F,A
5,27000,0.2,0.0824,K,F,A
3.5,28000,0.2,0.1031,K,F,A
4,28000,0.2,0.0899,K,F,A
4.5,28000,0.2,0.0845,K,F,A
5,28000,0.2,0.0822,K,F,A
3.5,29000,0.2,0.1043,K,F,A
4,29000,0.2,0.0906,K,F,A
4.5,29000,0.2,0.0842,K,F,A
5,29000,0.2,0.0817,K,F,A
3.5,30000,0.2,0.105,K,F,A
4,30000,0.2,0.0901,K,F,A
4.5,30000,0.2,0.0838,K,F,A
5,30000,0.2,0.0807,K,F,A
4,31000,0.2,0.0896,K,F,A
4.5,31000,0.2,0.0826,K,F,A
5,31000,0.2,0.0794,K,F,A
4,32000,0.2,0.0886,K,F,A
4.5,32000,0.2,0.0812,K,F,A
5,32000,0.2,0.0778,K,F,A
4,33000,0.2,0.0876,K,F,A
4.5,33000,0.2,0.0793,K,F,A
5,33000,0.2,0.0758,K,F,A
4,34000,0.2,0.0868,K,F,A
4.5,34000,0.2,0.0778,K,F,A
5,34000,0.2,0.0738,K,F,A
4,35000,0.2,0.0853,K,F,A
4.5,35000,0.2,0.0766,K,F,A
5,35000,0.2,0.0715,K,F,A
4.5,37500,0.2,0.0726,K,F,A
5,37500,0.2,0.0673,K,F,A
4.5,40000,0.2,0.0695,K,F,A
5,40000,0.2,0.0641,K,F,A
5,42500,0.2,0.0616,K,F,A
5,45000,0.2,0.0614,K,F,A
5,47500,0.2,0.061,K,F,A
5,50000,0.2,0.0605,K,F,A
0,3500,0.3,0.3162,K,F,A
0.5,3500,0.3,0.3145,K,F,A
1,3500,0.3,0.3126,K,F,A
1.5,3500,0.3,0.3117,K,F,A
2,3500,0.3,0.3107,K,F,A
2.5,3500,0.3,0.3098,K,F,A
3,3500,0.3,0.3056,K,F,A
3.5,3500,0.3,0.2856,K,F,A
4,3500,0.3,0.2296,K,F,A
4.5,3500,0.3,0.1722,K,F,A
5,3500,0.3,0.1469,K,F,A
0,3750,0.3,0.3065,K,F,A
0.5,3750,0.3,0.3052,K,F,A
1,3750,0.3,0.3041,K,F,A
1.5,3750,0.3,0.3038,K,F,A
2,3750,0.3,0.3035,K,F,A
2.5,3750,0.3,0.3031,K,F,A
3,3750,0.3,0.3022,K,F,A
3.5,3750,0.3,0.2978,K,F,A
4,3750,0.3,0.2776,K,F,A
4.5,3750,0.3,0.2289,K,F,A
5,3750,0.3,0.1775,K,F,A
0,4000,0.3,0.2939,K,F,A
0.5,4000,0.3,0.2929,K,F,A
1,4000,0.3,0.2926,K,F,A
1.5,4000,0.3,0.2931,K,F,A
2,4000,0.3,0.2934,K,F,A
2.5,4000,0.3,0.2937,K,F,A
3,4000,0.3,0.2942,K,F,A
3.5,4000,0.3,0.294,K,F,A
4,4000,0.3,0.2892,K,F,A
4.5,4000,0.3,0.2686,K,F,A
5,4000,0.3,0.2263,K,F,A
0,4250,0.3,0.2794,K,F,A
0.5,4250,0.3,0.2783,K,F,A
1,4250,0.3,0.2784,K,F,A
1.5,4250,0.3,0.2796,K,F,A
2,4250,0.3,0.2805,K,F,A
2.5,4250,0.3,0.2817,K,F,A
3,4250,0.3,0.283,K,F,A
3.5,4250,0.3,0.2843,K,F,A
4,4250,0.3,0.2843,K,F,A
4.5,4250,0.3,0.2796,K,F,A
5,4250,0.3,0.2605,K,F,A
0,4500,0.3,0.264,K,F,A
0.5,4500,0.3,0.2633,K,F,A
1,4500,0.3,0.2635,K,F,A
1.5,4500,0.3,0.2647,K,F,A
2,4500,0.3,0.2661,K,F,A
2.5,4500,0.3,0.2681,K,F,A
3,4500,0.3,0.2699,K,F,A
3.5,4500,0.3,0.2723,K,F,A
4,4500,0.3,0.2736,K,F,A
4.5,4500,0.3,0.2738,K,F,A
5,4500,0.3,0.2698,K,F,A
0,4750,0.3,0.2476,K,F,A
0.5,4750,0.3,0.2472,K,F,A
1,4750,0.3,0.248,K,F,A
1.5,4750,0.3,0.2492,K,F,A
2,4750,0.3,0.2513,K,F,A
2.5,4750,0.3,0.2538,K,F,A
3,4750,0.3,0.2566,K,F,A
3.5,4750,0.3,0.2593,K,F,A
4,4750,0.3,0.2616,K,F,A
4.5,4750,0.3,0.2629,K,F,A
5,4750,0.3,0.2631,K,F,A
0,5000,0.3,0.2308,K,F,A
0.5,5000,0.3,0.2309,K,F,A
1,5000,0.3,0.2319,K,F,A
1.5,5000,0.3,0.2341,K,F,A
2,5000,0.3,0.2363,K,F,A
2.5,5000,0.3,0.2393,K,F,A
3,5000,0.3,0.2429,K,F,A
3.5,5000,0.3,0.2459,K,F,A
4,5000,0.3,0.2491,K,F,A
4.5,5000,0.3,0.2514,K,F,A
5,5000,0.3,0.2525,K,F,A
0,5250,0.3,0.2142,K,F,A
0.5,5250,0.3,0.2143,K,F,A
1,5250,0.3,0.2162,K,F,A
1.5,5250,0.3,0.2189,K,F,A
2,5250,0.3,0.2219,K,F,A
2.5,5250,0.3,0.2252,K,F,A
3,5250,0.3,0.229,K,F,A
3.5,5250,0.3,0.2332,K,F,A
4,5250,0.3,0.2368,K,F,A
4.5,5250,0.3,0.2395,K,F,A
5,5250,0.3,0.241,K,F,A
0,5500,0.3,0.2147,K,F,A
0.5,5500,0.3,0.1973,K,F,A
1,5500,0.3,0.1998,K,F,A
1.5,5500,0.3,0.2036,K,F,A
2,5500,0.3,0.2074,K,F,A
2.5,5500,0.3,0.2114,K,F,A
3,5500,0.3,0.2155,K,F,A
3.5,5500,0.3,0.2203,K,F,A
4,5500,0.3,0.2242,K,F,A
4.5,5500,0.3,0.2271,K,F,A
5,5500,0.3,0.2291,K,F,A
0,5750,0.3,0.209,K,F,A
0.5,5750,0.3,0.1991,K,F,A
1,5750,0.3,0.1821,K,F,A
1.5,5750,0.3,0.1862,K,F,A
2,5750,0.3,0.1908,K,F,A
2.5,5750,0.3,0.1957,K,F,A
3,5750,0.3,0.2003,K,F,A
3.5,5750,0.3,0.2057,K,F,A
4,5750,0.3,0.2109,K,F,A
4.5,5750,0.3,0.2146,K,F,A
5,5750,0.3,0.2171,K,F,A
0,6000,0.3,0.2077,K,F,A
0.5,6000,0.3,0.1952,K,F,A
1,6000,0.3,0.1869,K,F,A
1.5,6000,0.3,0.1695,K,F,A
2,6000,0.3,0.1747,K,F,A
2.5,6000,0.3,0.18,K,F,A
3,6000,0.3,0.1859,K,F,A
3.5,6000,0.3,0.1916,K,F,A
4,6000,0.3,0.1975,K,F,A
4.5,6000,0.3,0.2017,K,F,A
5,6000,0.3,0.2051,K,F,A
0.5,6250,0.3,0.1944,K,F,A
1,6250,0.3,0.1844,K,F,A
1.5,6250,0.3,0.1748,K,F,A
2,6250,0.3,0.1608,K,F,A
2.5,6250,0.3,0.1667,K,F,A
3,6250,0.3,0.1722,K,F,A
3.5,6250,0.3,0.1785,K,F,A
4,6250,0.3,0.1842,K,F,A
4.5,6250,0.3,0.1895,K,F,A
5,6250,0.3,0.1934,K,F,A
0.5,6500,0.3,0.1933,K,F,A
1,6500,0.3,0.185,K,F,A
1.5,6500,0.3,0.1758,K,F,A
2,6500,0.3,0.1639,K,F,A
2.5,6500,0.3,0.1547,K,F,A
3,6500,0.3,0.1614,K,F,A
3.5,6500,0.3,0.1671,K,F,A
4,6500,0.3,0.1726,K,F,A
4.5,6500,0.3,0.1788,K,F,A
5,6500,0.3,0.1823,K,F,A
0.5,6750,0.3,0.1927,K,F,A
1,6750,0.3,0.1826,K,F,A
1.5,6750,0.3,0.1773,K,F,A
2,6750,0.3,0.1679,K,F,A
2.5,6750,0.3,0.1549,K,F,A
3,6750,0.3,0.1517,K,F,A
3.5,6750,0.3,0.1582,K,F,A
4,6750,0.3,0.1639,K,F,A
4.5,6750,0.3,0.1689,K,F,A
5,6750,0.3,0.1728,K,F,A
0.5,7000,0.3,0.1944,K,F,A
1,7000,0.3,0.1804,K,F,A
1.5,7000,0.3,0.175,K,F,A
2,7000,0.3,0.1713,K,F,A
2.5,7000,0.3,0.1607,K,F,A
3,7000,0.3,0.148,K,F,A
3.5,7000,0.3,0.151,K,F,A
4,7000,0.3,0.1563,K,F,A
4.5,7000,0.3,0.1606,K,F,A
5,7000,0.3,0.165,K,F,A
0.5,7250,0.3,0.197,K,F,A
1,7250,0.3,0.1799,K,F,A
1.5,7250,0.3,0.1717,K,F,A
2,7250,0.3,0.169,K,F,A
2.5,7250,0.3,0.1661,K,F,A
3,7250,0.3,0.1542,K,F,A
3.5,7250,0.3,0.1428,K,F,A
4,7250,0.3,0.1508,K,F,A
4.5,7250,0.3,0.1536,K,F,A
5,7250,0.3,0.1579,K,F,A
1,7500,0.3,0.1797,K,F,A
1.5,7500,0.3,0.1696,K,F,A
2,7500,0.3,0.1651,K,F,A
2.5,7500,0.3,0.1637,K,F,A
3,7500,0.3,0.1616,K,F,A
3.5,7500,0.3,0.1501,K,F,A
4,7500,0.3,0.1466,K,F,A
4.5,7500,0.3,0.1489,K,F,A
5,7500,0.3,0.1518,K,F,A
1,7750,0.3,0.1804,K,F,A
1.5,7750,0.3,0.1675,K,F,A
2,7750,0.3,0.1616,K,F,A
2.5,7750,0.3,0.159,K,F,A
3,7750,0.3,0.1587,K,F,A
3.5,7750,0.3,0.157,K,F,A
4,7750,0.3,0.1469,K,F,A
4.5,7750,0.3,0.1463,K,F,A
5,7750,0.3,0.1477,K,F,A
1,8000,0.3,0.1838,K,F,A
1.5,8000,0.3,0.166,K,F,A
2,8000,0.3,0.1582,K,F,A
2.5,8000,0.3,0.1549,K,F,A
3,8000,0.3,0.1536,K,F,A
3.5,8000,0.3,0.1542,K,F,A
4,8000,0.3,0.1534,K,F,A
4.5,8000,0.3,0.1452,K,F,A
5,8000,0.3,0.1422,K,F,A
1,8250,0.3,0.1922,K,F,A
1.5,8250,0.3,0.1656,K,F,A
2,8250,0.3,0.1554,K,F,A
2.5,8250,0.3,0.1508,K,F,A
3,8250,0.3,0.1488,K,F,A
3.5,8250,0.3,0.1483,K,F,A
4,8250,0.3,0.1499,K,F,A
4.5,8250,0.3,0.149,K,F,A
5,8250,0.3,0.1448,K,F,A
1,8500,0.3,0.2045,K,F,A
1.5,8500,0.3,0.1675,K,F,A
2,8500,0.3,0.1537,K,F,A
2.5,8500,0.3,0.1468,K,F,A
3,8500,0.3,0.1442,K,F,A
3.5,8500,0.3,0.1432,K,F,A
4,8500,0.3,0.1435,K,F,A
4.5,8500,0.3,0.1461,K,F,A
5,8500,0.3,0.1454,K,F,A
1.5,8750,0.3,0.1709,K,F,A
2,8750,0.3,0.1535,K,F,A
2.5,8750,0.3,0.1447,K,F,A
3,8750,0.3,0.1401,K,F,A
3.5,8750,0.3,0.1384,K,F,A
4,8750,0.3,0.1379,K,F,A
4.5,8750,0.3,0.139,K,F,A
5,8750,0.3,0.143,K,F,A
1.5,9000,0.3,0.1748,K,F,A
2,9000,0.3,0.154,K,F,A
2.5,9000,0.3,0.1437,K,F,A
3,9000,0.3,0.1377,K,F,A
3.5,9000,0.3,0.1348,K,F,A
4,9000,0.3,0.1336,K,F,A
4.5,9000,0.3,0.1336,K,F,A
5,9000,0.3,0.1344,K,F,A
2,9250,0.3,0.1549,K,F,A
2.5,9250,0.3,0.1432,K,F,A
3,9250,0.3,0.1365,K,F,A
3.5,9250,0.3,0.1324,K,F,A
4,9250,0.3,0.1302,K,F,A
4.5,9250,0.3,0.1296,K,F,A
5,9250,0.3,0.1297,K,F,A
2,9500,0.3,0.1558,K,F,A
2.5,9500,0.3,0.1429,K,F,A
3,9500,0.3,0.1355,K,F,A
3.5,9500,0.3,0.131,K,F,A
4,9500,0.3,0.128,K,F,A
4.5,9500,0.3,0.1264,K,F,A
5,9500,0.3,0.1259,K,F,A
2,9750,0.3,0.1559,K,F,A
2.5,9750,0.3,0.1427,K,F,A
3,9750,0.3,0.1347,K,F,A
3.5,9750,0.3,0.1298,K,F,A
4,9750,0.3,0.1264,K,F,A
4.5,9750,0.3,0.1244,K,F,A
5,9750,0.3,0.123,K,F,A
2,10000,0.3,0.1551,K,F,A
2.5,10000,0.3,0.1421,K,F,A
3,10000,0.3,0.1338,K,F,A
3.5,10000,0.3,0.1286,K,F,A
4,10000,0.3,0.1251,K,F,A
4.5,10000,0.3,0.1226,K,F,A
5,10000,0.3,0.1211,K,F,A
2,10500,0.3,0.1521,K,F,A
2.5,10500,0.3,0.1391,K,F,A
3,10500,0.3,0.1316,K,F,A
3.5,10500,0.3,0.1265,K,F,A
4,10500,0.3,0.1226,K,F,A
4.5,10500,0.3,0.1199,K,F,A
5,10500,0.3,0.1179,K,F,A
2.5,11000,0.3,0.1348,K,F,A
3,11000,0.3,0.1279,K,F,A
3.5,11000,0.3,0.1235,K,F,A
4,11000,0.3,0.1204,K,F,A
4.5,11000,0.3,0.1177,K,F,A
5,11000,0.3,0.1154,K,F,A
2.5,11500,0.3,0.1305,K,F,A
3,11500,0.3,0.1233,K,F,A
3.5,11500,0.3,0.1196,K,F,A
4,11500,0.3,0.1171,K,F,A
4.5,11500,0.3,0.1151,K,F,A
5,11500,0.3,0.1131,K,F,A
2.5,12000,0.3,0.1268,K,F,A
3,12000,0.3,0.1189,K,F,A
3.5,12000,0.3,0.1153,K,F,A
4,12000,0.3,0.1134,K,F,A
4.5,12000,0.3,0.112,K,F,A
5,12000,0.3,0.1105,K,F,A
2.5,12500,0.3,0.1243,K,F,A
3,12500,0.3,0.1152,K,F,A
3.5,12500,0.3,0.1111,K,F,A
4,12500,0.3,0.1093,K,F,A
4.5,12500,0.3,0.1084,K,F,A
5,12500,0.3,0.1075,K,F,A
2.5,13000,0.3,0.1226,K,F,A
3,13000,0.3,0.1123,K,F,A
3.5,13000,0.3,0.1076,K,F,A
4,13000,0.3,0.1055,K,F,A
4.5,13000,0.3,0.1047,K,F,A
5,13000,0.3,0.1043,K,F,A
2.5,14000,0.3,0.1209,K,F,A
3,14000,0.3,0.1082,K,F,A
3.5,14000,0.3,0.1021,K,F,A
4,14000,0.3,0.0993,K,F,A
4.5,14000,0.3,0.0981,K,F,A
5,14000,0.3,0.0979,K,F,A
2.5,15000,0.3,0.1205,K,F,A
3,15000,0.3,0.1056,K,F,A
3.5,15000,0.3,0.0981,K,F,A
4,15000,0.3,0.0945,K,F,A
4.5,15000,0.3,0.0929,K,F,A
5,15000,0.3,0.0925,K,F,A
2.5,16000,0.3,0.1219,K,F,A
3,16000,0.3,0.1042,K,F,A
3.5,16000,0.3,0.0958,K,F,A
4,16000,0.3,0.0915,K,F,A
4.5,16000,0.3,0.0892,K,F,A
5,16000,0.3,0.0885,K,F,A
2.5,17000,0.3,0.1252,K,F,A
3,17000,0.3,0.1037,K,F,A
3.5,17000,0.3,0.0938,K,F,A
4,17000,0.3,0.0889,K,F,A
4.5,17000,0.3,0.0863,K,F,A
5,17000,0.3,0.0851,K,F,A
2.5,18000,0.3,0.1317,K,F,A
3,18000,0.3,0.1043,K,F,A
3.5,18000,0.3,0.0927,K,F,A
4,18000,0.3,0.087,K,F,A
4.5,18000,0.3,0.0841,K,F,A
5,18000,0.3,0.0826,K,F,A
3,19000,0.3,0.1066,K,F,A
3.5,19000,0.3,0.0925,K,F,A
4,19000,0.3,0.0859,K,F,A
4.5,19000,0.3,0.0824,K,F,A
5,19000,0.3,0.0809,K,F,A
3,20000,0.3,0.1103,K,F,A
3.5,20000,0.3,0.0935,K,F,A
4,20000,0.3,0.0854,K,F,A
4.5,20000,0.3,0.0813,K,F,A
5,20000,0.3,0.0794,K,F,A
3,21000,0.3,0.114,K,F,A
3.5,21000,0.3,0.0955,K,F,A
4,21000,0.3,0.086,K,F,A
4.5,21000,0.3,0.0811,K,F,A
5,21000,0.3,0.0787,K,F,A
3,22000,0.3,0.1163,K,F,A
3.5,22000,0.3,0.0977,K,F,A
4,22000,0.3,0.0874,K,F,A
4.5,22000,0.3,0.0817,K,F,A
5,22000,0.3,0.0788,K,F,A
3,23000,0.3,0.118,K,F,A
3.5,23000,0.3,0.0992,K,F,A
4,23000,0.3,0.089,K,F,A
4.5,23000,0.3,0.0829,K,F,A
5,23000,0.3,0.0795,K,F,A
3,24000,0.3,0.121,K,F,A
3.5,24000,0.3,0.0995,K,F,A
4,24000,0.3,0.0904,K,F,A
4.5,24000,0.3,0.0844,K,F,A
5,24000,0.3,0.0806,K,F,A
3,25000,0.3,0.1263,K,F,A
3.5,25000,0.3,0.1,K,F,A
4,25000,0.3,0.0908,K,F,A
4.5,25000,0.3,0.0857,K,F,A
5,25000,0.3,0.082,K,F,A
3.5,26000,0.3,0.101,K,F,A
4,26000,0.3,0.0905,K,F,A
4.5,26000,0.3,0.0859,K,F,A
5,26000,0.3,0.0829,K,F,A
3.5,27000,0.3,0.1027,K,F,A
4,27000,0.3,0.0907,K,F,A
4.5,27000,0.3,0.0857,K,F,A
5,27000,0.3,0.0832,K,F,A
3.5,28000,0.3,0.1045,K,F,A
4,28000,0.3,0.0913,K,F,A
4.5,28000,0.3,0.0853,K,F,A
5,28000,0.3,0.0827,K,F,A
3.5,29000,0.3,0.1054,K,F,A
4,29000,0.3,0.0913,K,F,A
4.5,29000,0.3,0.0853,K,F,A
5,29000,0.3,0.0823,K,F,A
3.5,30000,0.3,0.1066,K,F,A
4,30000,0.3,0.0911,K,F,A
4.5,30000,0.3,0.0847,K,F,A
5,30000,0.3,0.0811,K,F,A
4,31000,0.3,0.0903,K,F,A
4.5,31000,0.3,0.0834,K,F,A
5,31000,0.3,0.08,K,F,A
4,32000,0.3,0.0896,K,F,A
4.5,32000,0.3,0.0821,K,F,A
5,32000,0.3,0.0784,K,F,A
4,33000,0.3,0.0891,K,F,A
4.5,33000,0.3,0.0804,K,F,A
5,33000,0.3,0.0768,K,F,A
4,34000,0.3,0.0885,K,F,A
4.5,34000,0.3,0.0791,K,F,A
5,34000,0.3,0.0745,K,F,A
4.5,35000,0.3,0.0778,K,F,A
5,35000,0.3,0.0727,K,F,A
4.5,37500,0.3,0.0737,K,F,A
5,37500,0.3,0.0686,K,F,A
4.5,40000,0.3,0.0711,K,F,A
5,40000,0.3,0.0653,K,F,A
5,42500,0.3,0.0632,K,F,A
5,45000,0.3,0.0628,K,F,A
5,47500,0.3,0.0626,K,F,A
5,50000,0.3,0.0622,K,F,A
0,3500,0.5,0.3148,K,F,A
0.5,3500,0.5,0.3116,K,F,A
1,3500,0.5,0.3101,K,F,A
1.5,3500,0.5,0.3091,K,F,A
2,3500,0.5,0.3081,K,F,A
2.5,3500,0.5,0.3071,K,F,A
3,3500,0.5,0.3044,K,F,A
3.5,3500,0.5,0.2912,K,F,A
4,3500,0.5,0.2536,K,F,A
4.5,3500,0.5,0.1922,K,F,A
5,3500,0.5,0.1543,K,F,A
0,3750,0.5,0.3073,K,F,A
0.5,3750,0.5,0.3045,K,F,A
1,3750,0.5,0.3032,K,F,A
1.5,3750,0.5,0.3027,K,F,A
2,3750,0.5,0.302,K,F,A
2.5,3750,0.5,0.3019,K,F,A
3,3750,0.5,0.3013,K,F,A
3.5,3750,0.5,0.2983,K,F,A
4,3750,0.5,0.2831,K,F,A
4.5,3750,0.5,0.2474,K,F,A
5,3750,0.5,0.1962,K,F,A
0,4000,0.5,0.2962,K,F,A
0.5,4000,0.5,0.2937,K,F,A
1,4000,0.5,0.2933,K,F,A
1.5,4000,0.5,0.2934,K,F,A
2,4000,0.5,0.294,K,F,A
2.5,4000,0.5,0.2945,K,F,A
3,4000,0.5,0.2948,K,F,A
3.5,4000,0.5,0.2945,K,F,A
4,4000,0.5,0.2909,K,F,A
4.5,4000,0.5,0.2745,K,F,A
5,4000,0.5,0.2401,K,F,A
0,4250,0.5,0.2833,K,F,A
0.5,4250,0.5,0.2812,K,F,A
1,4250,0.5,0.2806,K,F,A
1.5,4250,0.5,0.2808,K,F,A
2,4250,0.5,0.2823,K,F,A
2.5,4250,0.5,0.284,K,F,A
3,4250,0.5,0.2848,K,F,A
3.5,4250,0.5,0.2859,K,F,A
4,4250,0.5,0.2864,K,F,A
4.5,4250,0.5,0.2827,K,F,A
5,4250,0.5,0.2659,K,F,A
0,4500,0.5,0.2687,K,F,A
0.5,4500,0.5,0.2665,K,F,A
1,4500,0.5,0.2664,K,F,A
1.5,4500,0.5,0.2677,K,F,A
2,4500,0.5,0.2689,K,F,A
2.5,4500,0.5,0.271,K,F,A
3,4500,0.5,0.2728,K,F,A
3.5,4500,0.5,0.2749,K,F,A
4,4500,0.5,0.2768,K,F,A
4.5,4500,0.5,0.277,K,F,A
5,4500,0.5,0.2738,K,F,A
0,4750,0.5,0.2521,K,F,A
0.5,4750,0.5,0.2512,K,F,A
1,4750,0.5,0.2512,K,F,A
1.5,4750,0.5,0.2529,K,F,A
2,4750,0.5,0.2543,K,F,A
2.5,4750,0.5,0.2567,K,F,A
3,4750,0.5,0.2598,K,F,A
3.5,4750,0.5,0.2628,K,F,A
4,4750,0.5,0.2649,K,F,A
4.5,4750,0.5,0.2666,K,F,A
5,4750,0.5,0.2671,K,F,A
0,5000,0.5,0.2346,K,F,A
0.5,5000,0.5,0.2342,K,F,A
1,5000,0.5,0.2355,K,F,A
1.5,5000,0.5,0.2379,K,F,A
2,5000,0.5,0.2406,K,F,A
2.5,5000,0.5,0.2431,K,F,A
3,5000,0.5,0.2465,K,F,A
3.5,5000,0.5,0.2494,K,F,A
4,5000,0.5,0.2526,K,F,A
4.5,5000,0.5,0.2552,K,F,A
5,5000,0.5,0.2566,K,F,A
0,5250,0.5,0.22,K,F,A
0.5,5250,0.5,0.2174,K,F,A
1,5250,0.5,0.2193,K,F,A
1.5,5250,0.5,0.2223,K,F,A
2,5250,0.5,0.2259,K,F,A
2.5,5250,0.5,0.2292,K,F,A
3,5250,0.5,0.2335,K,F,A
3.5,5250,0.5,0.2371,K,F,A
4,5250,0.5,0.241,K,F,A
4.5,5250,0.5,0.2434,K,F,A
5,5250,0.5,0.2456,K,F,A
0,5500,0.5,0.2196,K,F,A
0.5,5500,0.5,0.2037,K,F,A
1,5500,0.5,0.2024,K,F,A
1.5,5500,0.5,0.2068,K,F,A
2,5500,0.5,0.2112,K,F,A
2.5,5500,0.5,0.2154,K,F,A
3,5500,0.5,0.22,K,F,A
3.5,5500,0.5,0.2244,K,F,A
4,5500,0.5,0.2287,K,F,A
4.5,5500,0.5,0.2319,K,F,A
5,5500,0.5,0.2346,K,F,A
0,5750,0.5,0.2124,K,F,A
0.5,5750,0.5,0.2022,K,F,A
1,5750,0.5,0.1883,K,F,A
1.5,5750,0.5,0.1892,K,F,A
2,5750,0.5,0.1942,K,F,A
2.5,5750,0.5,0.1991,K,F,A
3,5750,0.5,0.2044,K,F,A
3.5,5750,0.5,0.21,K,F,A
4,5750,0.5,0.2158,K,F,A
4.5,5750,0.5,0.2198,K,F,A
5,5750,0.5,0.2226,K,F,A
0,6000,0.5,0.2095,K,F,A
0.5,6000,0.5,0.1972,K,F,A
1,6000,0.5,0.1881,K,F,A
1.5,6000,0.5,0.1756,K,F,A
2,6000,0.5,0.1773,K,F,A
2.5,6000,0.5,0.1831,K,F,A
3,6000,0.5,0.1897,K,F,A
3.5,6000,0.5,0.1963,K,F,A
4,6000,0.5,0.2021,K,F,A
4.5,6000,0.5,0.2069,K,F,A
5,6000,0.5,0.2105,K,F,A
0.5,6250,0.5,0.1955,K,F,A
1,6250,0.5,0.1858,K,F,A
1.5,6250,0.5,0.1762,K,F,A
2,6250,0.5,0.1648,K,F,A
2.5,6250,0.5,0.1692,K,F,A
3,6250,0.5,0.1755,K,F,A
3.5,6250,0.5,0.1824,K,F,A
4,6250,0.5,0.1885,K,F,A
4.5,6250,0.5,0.1938,K,F,A
5,6250,0.5,0.1979,K,F,A
0.5,6500,0.5,0.1929,K,F,A
1,6500,0.5,0.1859,K,F,A
1.5,6500,0.5,0.1769,K,F,A
2,6500,0.5,0.1659,K,F,A
2.5,6500,0.5,0.1577,K,F,A
3,6500,0.5,0.1637,K,F,A
3.5,6500,0.5,0.1699,K,F,A
4,6500,0.5,0.1763,K,F,A
4.5,6500,0.5,0.1825,K,F,A
5,6500,0.5,0.1872,K,F,A
0.5,6750,0.5,0.1923,K,F,A
1,6750,0.5,0.1823,K,F,A
1.5,6750,0.5,0.1788,K,F,A
2,6750,0.5,0.1692,K,F,A
2.5,6750,0.5,0.157,K,F,A
3,6750,0.5,0.1545,K,F,A
3.5,6750,0.5,0.1598,K,F,A
4,6750,0.5,0.1658,K,F,A
4.5,6750,0.5,0.1717,K,F,A
5,6750,0.5,0.1761,K,F,A
0.5,7000,0.5,0.1934,K,F,A
1,7000,0.5,0.1801,K,F,A
1.5,7000,0.5,0.1748,K,F,A
2,7000,0.5,0.1733,K,F,A
2.5,7000,0.5,0.1627,K,F,A
3,7000,0.5,0.1517,K,F,A
3.5,7000,0.5,0.1516,K,F,A
4,7000,0.5,0.1576,K,F,A
4.5,7000,0.5,0.1622,K,F,A
5,7000,0.5,0.1666,K,F,A
1,7250,0.5,0.1791,K,F,A
1.5,7250,0.5,0.1715,K,F,A
2,7250,0.5,0.1689,K,F,A
2.5,7250,0.5,0.1685,K,F,A
3,7250,0.5,0.1572,K,F,A
3.5,7250,0.5,0.1487,K,F,A
4,7250,0.5,0.1511,K,F,A
4.5,7250,0.5,0.1544,K,F,A
5,7250,0.5,0.1589,K,F,A
1,7500,0.5,0.1795,K,F,A
1.5,7500,0.5,0.1692,K,F,A
2,7500,0.5,0.1648,K,F,A
2.5,7500,0.5,0.1637,K,F,A
3,7500,0.5,0.164,K,F,A
3.5,7500,0.5,0.153,K,F,A
4,7500,0.5,0.1484,K,F,A
4.5,7500,0.5,0.15,K,F,A
5,7500,0.5,0.1527,K,F,A
1,7750,0.5,0.1804,K,F,A
1.5,7750,0.5,0.1675,K,F,A
2,7750,0.5,0.1614,K,F,A
2.5,7750,0.5,0.159,K,F,A
3,7750,0.5,0.159,K,F,A
3.5,7750,0.5,0.1595,K,F,A
4,7750,0.5,0.1498,K,F,A
4.5,7750,0.5,0.1451,K,F,A
5,7750,0.5,0.1486,K,F,A
1,8000,0.5,0.1841,K,F,A
1.5,8000,0.5,0.1663,K,F,A
2,8000,0.5,0.1588,K,F,A
2.5,8000,0.5,0.1551,K,F,A
3,8000,0.5,0.1538,K,F,A
3.5,8000,0.5,0.1545,K,F,A
4,8000,0.5,0.1551,K,F,A
4.5,8000,0.5,0.1488,K,F,A
5,8000,0.5,0.1452,K,F,A
1,8250,0.5,0.1933,K,F,A
1.5,8250,0.5,0.1662,K,F,A
2,8250,0.5,0.156,K,F,A
2.5,8250,0.5,0.1515,K,F,A
3,8250,0.5,0.1492,K,F,A
3.5,8250,0.5,0.149,K,F,A
4,8250,0.5,0.1502,K,F,A
4.5,8250,0.5,0.1511,K,F,A
5,8250,0.5,0.1444,K,F,A
1.5,8500,0.5,0.1684,K,F,A
2,8500,0.5,0.1542,K,F,A
2.5,8500,0.5,0.1479,K,F,A
3,8500,0.5,0.1451,K,F,A
3.5,8500,0.5,0.1438,K,F,A
4,8500,0.5,0.1443,K,F,A
4.5,8500,0.5,0.1463,K,F,A
5,8500,0.5,0.1475,K,F,A
1.5,8750,0.5,0.1721,K,F,A
2,8750,0.5,0.1543,K,F,A
2.5,8750,0.5,0.1454,K,F,A
3,8750,0.5,0.1414,K,F,A
3.5,8750,0.5,0.1393,K,F,A
4,8750,0.5,0.1386,K,F,A
4.5,8750,0.5,0.1398,K,F,A
5,8750,0.5,0.1434,K,F,A
1.5,9000,0.5,0.1765,K,F,A
2,9000,0.5,0.1551,K,F,A
2.5,9000,0.5,0.1446,K,F,A
3,9000,0.5,0.1384,K,F,A
3.5,9000,0.5,0.1356,K,F,A
4,9000,0.5,0.1342,K,F,A
4.5,9000,0.5,0.1343,K,F,A
5,9000,0.5,0.1353,K,F,A
2,9250,0.5,0.1566,K,F,A
2.5,9250,0.5,0.1442,K,F,A
3,9250,0.5,0.1371,K,F,A
3.5,9250,0.5,0.1327,K,F,A
4,9250,0.5,0.131,K,F,A
4.5,9250,0.5,0.13,K,F,A
5,9250,0.5,0.1301,K,F,A
2,9500,0.5,0.1575,K,F,A
2.5,9500,0.5,0.1444,K,F,A
3,9500,0.5,0.1364,K,F,A
3.5,9500,0.5,0.1314,K,F,A
4,9500,0.5,0.1283,K,F,A
4.5,9500,0.5,0.1269,K,F,A
5,9500,0.5,0.1263,K,F,A
2,9750,0.5,0.1576,K,F,A
2.5,9750,0.5,0.1441,K,F,A
3,9750,0.5,0.136,K,F,A
3.5,9750,0.5,0.1303,K,F,A
4,9750,0.5,0.1268,K,F,A
4.5,9750,0.5,0.1244,K,F,A
5,9750,0.5,0.1234,K,F,A
2,10000,0.5,0.1568,K,F,A
2.5,10000,0.5,0.1436,K,F,A
3,10000,0.5,0.1354,K,F,A
3.5,10000,0.5,0.1296,K,F,A
4,10000,0.5,0.1256,K,F,A
4.5,10000,0.5,0.1229,K,F,A
5,10000,0.5,0.1211,K,F,A
2,10500,0.5,0.1536,K,F,A
2.5,10500,0.5,0.1407,K,F,A
3,10500,0.5,0.1332,K,F,A
3.5,10500,0.5,0.1277,K,F,A
4,10500,0.5,0.1237,K,F,A
4.5,10500,0.5,0.1207,K,F,A
5,10500,0.5,0.1182,K,F,A
2.5,11000,0.5,0.1365,K,F,A
3,11000,0.5,0.1297,K,F,A
3.5,11000,0.5,0.1251,K,F,A
4,11000,0.5,0.1215,K,F,A
4.5,11000,0.5,0.1185,K,F,A
5,11000,0.5,0.116,K,F,A
2.5,11500,0.5,0.1321,K,F,A
3,11500,0.5,0.125,K,F,A
3.5,11500,0.5,0.1213,K,F,A
4,11500,0.5,0.1186,K,F,A
4.5,11500,0.5,0.1161,K,F,A
5,11500,0.5,0.1139,K,F,A
2.5,12000,0.5,0.1288,K,F,A
3,12000,0.5,0.1208,K,F,A
3.5,12000,0.5,0.1171,K,F,A
4,12000,0.5,0.1151,K,F,A
4.5,12000,0.5,0.1135,K,F,A
5,12000,0.5,0.1118,K,F,A
2.5,12500,0.5,0.1262,K,F,A
3,12500,0.5,0.117,K,F,A
3.5,12500,0.5,0.1128,K,F,A
4,12500,0.5,0.111,K,F,A
4.5,12500,0.5,0.1098,K,F,A
5,12500,0.5,0.1088,K,F,A
2.5,13000,0.5,0.1246,K,F,A
3,13000,0.5,0.1141,K,F,A
3.5,13000,0.5,0.1092,K,F,A
4,13000,0.5,0.1071,K,F,A
4.5,13000,0.5,0.106,K,F,A
5,13000,0.5,0.1055,K,F,A
2.5,14000,0.5,0.1225,K,F,A
3,14000,0.5,0.1098,K,F,A
3.5,14000,0.5,0.1034,K,F,A
4,14000,0.5,0.1006,K,F,A
4.5,14000,0.5,0.0994,K,F,A
5,14000,0.5,0.0992,K,F,A
2.5,15000,0.5,0.1223,K,F,A
3,15000,0.5,0.1073,K,F,A
3.5,15000,0.5,0.0996,K,F,A
4,15000,0.5,0.0959,K,F,A
4.5,15000,0.5,0.0942,K,F,A
5,15000,0.5,0.0937,K,F,A
2.5,16000,0.5,0.124,K,F,A
3,16000,0.5,0.1057,K,F,A
3.5,16000,0.5,0.0972,K,F,A
4,16000,0.5,0.0927,K,F,A
4.5,16000,0.5,0.0903,K,F,A
5,16000,0.5,0.0894,K,F,A
2.5,17000,0.5,0.1288,K,F,A
3,17000,0.5,0.1059,K,F,A
3.5,17000,0.5,0.0955,K,F,A
4,17000,0.5,0.0903,K,F,A
4.5,17000,0.5,0.0874,K,F,A
5,17000,0.5,0.0862,K,F,A
3,18000,0.5,0.1072,K,F,A
3.5,18000,0.5,0.095,K,F,A
4,18000,0.5,0.0887,K,F,A
4.5,18000,0.5,0.0854,K,F,A
5,18000,0.5,0.0837,K,F,A
3,19000,0.5,0.1101,K,F,A
3.5,19000,0.5,0.0952,K,F,A
4,19000,0.5,0.0879,K,F,A
4.5,19000,0.5,0.084,K,F,A
5,19000,0.5,0.0821,K,F,A
3,20000,0.5,0.1142,K,F,A
3.5,20000,0.5,0.0966,K,F,A
4,20000,0.5,0.0878,K,F,A
4.5,20000,0.5,0.0832,K,F,A
5,20000,0.5,0.0809,K,F,A
3,21000,0.5,0.118,K,F,A
3.5,21000,0.5,0.0989,K,F,A
4,21000,0.5,0.0888,K,F,A
4.5,21000,0.5,0.0832,K,F,A
5,21000,0.5,0.0804,K,F,A
3,22000,0.5,0.1203,K,F,A
3.5,22000,0.5,0.1013,K,F,A
4,22000,0.5,0.0905,K,F,A
4.5,22000,0.5,0.0842,K,F,A
5,22000,0.5,0.0807,K,F,A
3,23000,0.5,0.122,K,F,A
3.5,23000,0.5,0.1025,K,F,A
4,23000,0.5,0.0922,K,F,A
4.5,23000,0.5,0.0858,K,F,A
5,23000,0.5,0.0816,K,F,A
3,24000,0.5,0.1253,K,F,A
3.5,24000,0.5,0.1029,K,F,A
4,24000,0.5,0.0933,K,F,A
4.5,24000,0.5,0.0872,K,F,A
5,24000,0.5,0.0832,K,F,A
3.5,25000,0.5,0.1031,K,F,A
4,25000,0.5,0.0933,K,F,A
4.5,25000,0.5,0.0882,K,F,A
5,25000,0.5,0.0845,K,F,A
3.5,26000,0.5,0.104,K,F,A
4,26000,0.5,0.0931,K,F,A
4.5,26000,0.5,0.088,K,F,A
5,26000,0.5,0.0852,K,F,A
3.5,27000,0.5,0.1059,K,F,A
4,27000,0.5,0.093,K,F,A
4.5,27000,0.5,0.0878,K,F,A
5,27000,0.5,0.0849,K,F,A
3.5,28000,0.5,0.1076,K,F,A
4,28000,0.5,0.0933,K,F,A
4.5,28000,0.5,0.0873,K,F,A
5,28000,0.5,0.0843,K,F,A
3.5,29000,0.5,0.109,K,F,A
4,29000,0.5,0.0937,K,F,A
4.5,29000,0.5,0.0868,K,F,A
5,29000,0.5,0.0837,K,F,A
4,30000,0.5,0.0933,K,F,A
4.5,30000,0.5,0.0865,K,F,A
5,30000,0.5,0.0827,K,F,A
4,31000,0.5,0.0929,K,F,A
4.5,31000,0.5,0.0852,K,F,A
5,31000,0.5,0.0815,K,F,A
4,32000,0.5,0.0927,K,F,A
4.5,32000,0.5,0.0839,K,F,A
5,32000,0.5,0.0801,K,F,A
4,33000,0.5,0.0925,K,F,A
4.5,33000,0.5,0.083,K,F,A
5,33000,0.5,0.0782,K,F,A
4.5,34000,0.5,0.0818,K,F,A
5,34000,0.5,0.0768,K,F,A
4.5,35000,0.5,0.0806,K,F,A
5,35000,0.5,0.0753,K,F,A
4.5,37500,0.5,0.0763,K,F,A
5,37500,0.5,0.0713,K,F,A
5,40000,0.5,0.0679,K,F,A
5,42500,0.5,0.0663,K,F,A
5,45000,0.5,0.0661,K,F,A
0,3500,1,0.3043,K,F,A
0.5,3500,1,0.2991,K,F,A
1,3500,1,0.2963,K,F,A
1.5,3500,1,0.2946,K,F,A
2,3500,1,0.2937,K,F,A
2.5,3500,1,0.2932,K,F,A
3,3500,1,0.2925,K,F,A
3.5,3500,1,0.2874,K,F,A
4,3500,1,0.2712,K,F,A
4.5,3500,1,0.2445,K,F,A
5,3500,1,0.189,K,F,A
0,3750,1,0.3022,K,F,A
0.5,3750,1,0.297,K,F,A
1,3750,1,0.2942,K,F,A
1.5,3750,1,0.2922,K,F,A
2,3750,1,0.291,K,F,A
2.5,3750,1,0.2906,K,F,A
3,3750,1,0.2903,K,F,A
3.5,3750,1,0.2893,K,F,A
4,3750,1,0.282,K,F,A
4.5,3750,1,0.2629,K,F,A
5,3750,1,0.2377,K,F,A
0,4000,1,0.2969,K,F,A
0.5,4000,1,0.2919,K,F,A
1,4000,1,0.2896,K,F,A
1.5,4000,1,0.288,K,F,A
2,4000,1,0.2875,K,F,A
2.5,4000,1,0.2871,K,F,A
3,4000,1,0.287,K,F,A
3.5,4000,1,0.2874,K,F,A
4,4000,1,0.2863,K,F,A
4.5,4000,1,0.276,K,F,A
5,4000,1,0.2549,K,F,A
0,4250,1,0.2881,K,F,A
0.5,4250,1,0.2843,K,F,A
1,4250,1,0.2824,K,F,A
1.5,4250,1,0.2812,K,F,A
2,4250,1,0.2809,K,F,A
2.5,4250,1,0.2812,K,F,A
3,4250,1,0.2818,K,F,A
3.5,4250,1,0.2825,K,F,A
4,4250,1,0.2836,K,F,A
4.5,4250,1,0.2815,K,F,A
5,4250,1,0.2687,K,F,A
0,4500,1,0.2774,K,F,A
0.5,4500,1,0.2737,K,F,A
1,4500,1,0.2717,K,F,A
1.5,4500,1,0.2714,K,F,A
2,4500,1,0.2717,K,F,A
2.5,4500,1,0.2727,K,F,A
3,4500,1,0.2736,K,F,A
3.5,4500,1,0.275,K,F,A
4,4500,1,0.2768,K,F,A
4.5,4500,1,0.278,K,F,A
5,4500,1,0.2753,K,F,A
0,4750,1,0.2642,K,F,A
0.5,4750,1,0.2609,K,F,A
1,4750,1,0.2596,K,F,A
1.5,4750,1,0.2606,K,F,A
2,4750,1,0.2611,K,F,A
2.5,4750,1,0.2623,K,F,A
3,4750,1,0.2638,K,F,A
3.5,4750,1,0.2655,K,F,A
4,4750,1,0.2676,K,F,A
4.5,4750,1,0.2699,K,F,A
5,4750,1,0.2711,K,F,A
0,5000,1,0.2542,K,F,A
0.5,5000,1,0.2448,K,F,A
1,5000,1,0.2461,K,F,A
1.5,5000,1,0.247,K,F,A
2,5000,1,0.2488,K,F,A
2.5,5000,1,0.251,K,F,A
3,5000,1,0.2533,K,F,A
3.5,5000,1,0.2553,K,F,A
4,5000,1,0.2576,K,F,A
4.5,5000,1,0.2601,K,F,A
5,5000,1,0.2622,K,F,A
0,5250,1,0.2438,K,F,A
0.5,5250,1,0.2356,K,F,A
1,5250,1,0.2303,K,F,A
1.5,5250,1,0.2331,K,F,A
2,5250,1,0.2361,K,F,A
2.5,5250,1,0.2393,K,F,A
3,5250,1,0.2424,K,F,A
3.5,5250,1,0.2451,K,F,A
4,5250,1,0.2476,K,F,A
4.5,5250,1,0.2503,K,F,A
5,5250,1,0.2525,K,F,A
0,5500,1,0.2341,K,F,A
0.5,5500,1,0.2255,K,F,A
1,5500,1,0.2196,K,F,A
1.5,5500,1,0.2175,K,F,A
2,5500,1,0.2219,K,F,A
2.5,5500,1,0.2264,K,F,A
3,5500,1,0.2309,K,F,A
3.5,5500,1,0.2345,K,F,A
4,5500,1,0.2375,K,F,A
4.5,5500,1,0.2404,K,F,A
5,5500,1,0.2428,K,F,A
0,5750,1,0.2258,K,F,A
0.5,5750,1,0.2169,K,F,A
1,5750,1,0.2108,K,F,A
1.5,5750,1,0.2047,K,F,A
2,5750,1,0.2064,K,F,A
2.5,5750,1,0.2126,K,F,A
3,5750,1,0.218,K,F,A
3.5,5750,1,0.2231,K,F,A
4,5750,1,0.2271,K,F,A
4.5,5750,1,0.2305,K,F,A
5,5750,1,0.2326,K,F,A
0.5,6000,1,0.2079,K,F,A
1,6000,1,0.2022,K,F,A
1.5,6000,1,0.1964,K,F,A
2,6000,1,0.1908,K,F,A
2.5,6000,1,0.1972,K,F,A
3,6000,1,0.2037,K,F,A
3.5,6000,1,0.2101,K,F,A
4,6000,1,0.2151,K,F,A
4.5,6000,1,0.2193,K,F,A
5,6000,1,0.2222,K,F,A
0.5,6250,1,0.1989,K,F,A
1,6250,1,0.1952,K,F,A
1.5,6250,1,0.1897,K,F,A
2,6250,1,0.1827,K,F,A
2.5,6250,1,0.18,K,F,A
3,6250,1,0.188,K,F,A
3.5,6250,1,0.1952,K,F,A
4,6250,1,0.2013,K,F,A
4.5,6250,1,0.207,K,F,A
5,6250,1,0.2104,K,F,A
0.5,6500,1,0.1936,K,F,A
1,6500,1,0.1874,K,F,A
1.5,6500,1,0.1858,K,F,A
2,6500,1,0.1797,K,F,A
2.5,6500,1,0.1722,K,F,A
3,6500,1,0.1717,K,F,A
3.5,6500,1,0.1811,K,F,A
4,6500,1,0.1884,K,F,A
4.5,6500,1,0.1944,K,F,A
5,6500,1,0.1992,K,F,A
0.5,6750,1,0.1914,K,F,A
1,6750,1,0.1823,K,F,A
1.5,6750,1,0.1794,K,F,A
2,6750,1,0.1784,K,F,A
2.5,6750,1,0.1708,K,F,A
3,6750,1,0.1626,K,F,A
3.5,6750,1,0.1693,K,F,A
4,6750,1,0.1761,K,F,A
4.5,6750,1,0.1821,K,F,A
5,6750,1,0.1873,K,F,A
0.5,7000,1,0.1916,K,F,A
1,7000,1,0.1785,K,F,A
1.5,7000,1,0.1739,K,F,A
2,7000,1,0.1734,K,F,A
2.5,7000,1,0.1721,K,F,A
3,7000,1,0.1627,K,F,A
3.5,7000,1,0.1607,K,F,A
4,7000,1,0.1656,K,F,A
4.5,7000,1,0.1712,K,F,A
5,7000,1,0.1771,K,F,A
0.5,7250,1,0.1952,K,F,A
1,7250,1,0.1775,K,F,A
1.5,7250,1,0.1701,K,F,A
2,7250,1,0.1682,K,F,A
2.5,7250,1,0.1688,K,F,A
3,7250,1,0.1661,K,F,A
3.5,7250,1,0.1575,K,F,A
4,7250,1,0.158,K,F,A
4.5,7250,1,0.1613,K,F,A
5,7250,1,0.167,K,F,A
1,7500,1,0.1781,K,F,A
1.5,7500,1,0.168,K,F,A
2,7500,1,0.1639,K,F,A
2.5,7500,1,0.1631,K,F,A
3,7500,1,0.1645,K,F,A
3.5,7500,1,0.1606,K,F,A
4,7500,1,0.1544,K,F,A
4.5,7500,1,0.1542,K,F,A
5,7500,1,0.1581,K,F,A
1,7750,1,0.1799,K,F,A
1.5,7750,1,0.167,K,F,A
2,7750,1,0.1612,K,F,A
2.5,7750,1,0.1588,K,F,A
3,7750,1,0.1587,K,F,A
3.5,7750,1,0.1605,K,F,A
4,7750,1,0.1564,K,F,A
4.5,7750,1,0.1517,K,F,A
5,7750,1,0.1528,K,F,A
1,8000,1,0.185,K,F,A
1.5,8000,1,0.1666,K,F,A
2,8000,1,0.1591,K,F,A
2.5,8000,1,0.1558,K,F,A
3,8000,1,0.1544,K,F,A
3.5,8000,1,0.1547,K,F,A
4,8000,1,0.1569,K,F,A
4.5,8000,1,0.1524,K,F,A
5,8000,1,0.1496,K,F,A
1,8250,1,0.1947,K,F,A
1.5,8250,1,0.1677,K,F,A
2,8250,1,0.1575,K,F,A
2.5,8250,1,0.1529,K,F,A
3,8250,1,0.1509,K,F,A
3.5,8250,1,0.1504,K,F,A
4,8250,1,0.1511,K,F,A
4.5,8250,1,0.1531,K,F,A
5,8250,1,0.1496,K,F,A
1.5,8500,1,0.1706,K,F,A
2,8500,1,0.1567,K,F,A
2.5,8500,1,0.1503,K,F,A
3,8500,1,0.1475,K,F,A
3.5,8500,1,0.1466,K,F,A
4,8500,1,0.1467,K,F,A
4.5,8500,1,0.1475,K,F,A
5,8500,1,0.1498,K,F,A
1.5,8750,1,0.175,K,F,A
2,8750,1,0.1571,K,F,A
2.5,8750,1,0.1484,K,F,A
3,8750,1,0.1445,K,F,A
3.5,8750,1,0.143,K,F,A
4,8750,1,0.1424,K,F,A
4.5,8750,1,0.1429,K,F,A
5,8750,1,0.1447,K,F,A
2,9000,1,0.1585,K,F,A
2.5,9000,1,0.1478,K,F,A
3,9000,1,0.1417,K,F,A
3.5,9000,1,0.1391,K,F,A
4,9000,1,0.1384,K,F,A
4.5,9000,1,0.1383,K,F,A
5,9000,1,0.139,K,F,A
2,9250,1,0.1603,K,F,A
2.5,9250,1,0.1477,K,F,A
3,9250,1,0.1406,K,F,A
3.5,9250,1,0.1362,K,F,A
4,9250,1,0.1346,K,F,A
4.5,9250,1,0.1341,K,F,A
5,9250,1,0.1344,K,F,A
2,9500,1,0.1616,K,F,A
2.5,9500,1,0.148,K,F,A
3,9500,1,0.1398,K,F,A
3.5,9500,1,0.1345,K,F,A
4,9500,1,0.1315,K,F,A
4.5,9500,1,0.1303,K,F,A
5,9500,1,0.1303,K,F,A
2,9750,1,0.1618,K,F,A
2.5,9750,1,0.1484,K,F,A
3,9750,1,0.1396,K,F,A
3.5,9750,1,0.1335,K,F,A
4,9750,1,0.1295,K,F,A
4.5,9750,1,0.1271,K,F,A
5,9750,1,0.1266,K,F,A
2,10000,1,0.161,K,F,A
2.5,10000,1,0.148,K,F,A
3,10000,1,0.1394,K,F,A
3.5,10000,1,0.133,K,F,A
4,10000,1,0.1285,K,F,A
4.5,10000,1,0.1252,K,F,A
5,10000,1,0.1235,K,F,A
2.5,10500,1,0.1451,K,F,A
3,10500,1,0.1377,K,F,A
3.5,10500,1,0.1319,K,F,A
4,10500,1,0.1272,K,F,A
4.5,10500,1,0.1234,K,F,A
5,10500,1,0.1202,K,F,A
2.5,11000,1,0.1404,K,F,A
3,11000,1,0.134,K,F,A
3.5,11000,1,0.1296,K,F,A
4,11000,1,0.1256,K,F,A
4.5,11000,1,0.1219,K,F,A
5,11000,1,0.1188,K,F,A
3,11500,1,0.1293,K,F,A
3.5,11500,1,0.1257,K,F,A
4,11500,1,0.1231,K,F,A
4.5,11500,1,0.1201,K,F,A
5,11500,1,0.1172,K,F,A
3,12000,1,0.1251,K,F,A
3.5,12000,1,0.1215,K,F,A
4,12000,1,0.1194,K,F,A
4.5,12000,1,0.1177,K,F,A
5,12000,1,0.1154,K,F,A
3,12500,1,0.1217,K,F,A
3.5,12500,1,0.1176,K,F,A
4,12500,1,0.1157,K,F,A
4.5,12500,1,0.1145,K,F,A
5,12500,1,0.113,K,F,A
3,13000,1,0.1192,K,F,A
3.5,13000,1,0.1144,K,F,A
4,13000,1,0.1122,K,F,A
4.5,13000,1,0.1111,K,F,A
5,13000,1,0.1103,K,F,A
3,14000,1,0.1157,K,F,A
3.5,14000,1,0.1093,K,F,A
4,14000,1,0.1063,K,F,A
4.5,14000,1,0.1048,K,F,A
5,14000,1,0.1042,K,F,A
3,15000,1,0.1133,K,F,A
3.5,15000,1,0.1057,K,F,A
4,15000,1,0.1018,K,F,A
4.5,15000,1,0.0996,K,F,A
5,15000,1,0.0987,K,F,A
3,16000,1,0.1124,K,F,A
3.5,16000,1,0.1031,K,F,A
4,16000,1,0.0983,K,F,A
4.5,16000,1,0.0956,K,F,A
5,16000,1,0.0943,K,F,A
3,17000,1,0.1128,K,F,A
3.5,17000,1,0.1014,K,F,A
4,17000,1,0.0957,K,F,A
4.5,17000,1,0.0927,K,F,A
5,17000,1,0.091,K,F,A
3,18000,1,0.1154,K,F,A
3.5,18000,1,0.1011,K,F,A
4,18000,1,0.0942,K,F,A
4.5,18000,1,0.0904,K,F,A
5,18000,1,0.0882,K,F,A
3,19000,1,0.1202,K,F,A
3.5,19000,1,0.1026,K,F,A
4,19000,1,0.0937,K,F,A
4.5,19000,1,0.0891,K,F,A
5,19000,1,0.0865,K,F,A
3,20000,1,0.1257,K,F,A
3.5,20000,1,0.1055,K,F,A
4,20000,1,0.0947,K,F,A
4.5,20000,1,0.0888,K,F,A
5,20000,1,0.0858,K,F,A
3,21000,1,0.1291,K,F,A
3.5,21000,1,0.1093,K,F,A
4,21000,1,0.0971,K,F,A
4.5,21000,1,0.0898,K,F,A
5,21000,1,0.0858,K,F,A
3.5,22000,1,0.1118,K,F,A
4,22000,1,0.1,K,F,A
4.5,22000,1,0.0918,K,F,A
5,22000,1,0.0867,K,F,A
3.5,23000,1,0.1119,K,F,A
4,23000,1,0.1018,K,F,A
4.5,23000,1,0.0941,K,F,A
5,23000,1,0.0886,K,F,A
3.5,24000,1,0.1108,K,F,A
4,24000,1,0.102,K,F,A
4.5,24000,1,0.0959,K,F,A
5,24000,1,0.0905,K,F,A
3.5,25000,1,0.111,K,F,A
4,25000,1,0.1009,K,F,A
4.5,25000,1,0.096,K,F,A
5,25000,1,0.0919,K,F,A
3.5,26000,1,0.1124,K,F,A
4,26000,1,0.1001,K,F,A
4.5,26000,1,0.0953,K,F,A
5,26000,1,0.092,K,F,A
3.5,27000,1,0.1145,K,F,A
4,27000,1,0.0999,K,F,A
4.5,27000,1,0.0943,K,F,A
5,27000,1,0.0912,K,F,A
4,28000,1,0.1003,K,F,A
4.5,28000,1,0.0934,K,F,A
5,28000,1,0.0901,K,F,A
4,29000,1,0.1007,K,F,A
4.5,29000,1,0.0929,K,F,A
5,29000,1,0.0891,K,F,A
4,30000,1,0.101,K,F,A
4.5,30000,1,0.0922,K,F,A
5,30000,1,0.0878,K,F,A
4,31000,1,0.1013,K,F,A
4.5,31000,1,0.0915,K,F,A
5,31000,1,0.0868,K,F,A
4.5,32000,1,0.091,K,F,A
5,32000,1,0.0856,K,F,A
4.5,33000,1,0.0909,K,F,A
5,33000,1,0.0846,K,F,A
4.5,34000,1,0.09,K,F,A
5,34000,1,0.0838,K,F,A
4.5,35000,1,0.0891,K,F,A
5,35000,1,0.0829,K,F,A
5,37500,1,0.0795,K,F,A
5,40000,1,0.0767,K,F,A
