logg,Teff,Z,u,Filt,Met,Mod
0,3500,-5,0.6248,R,F,A
0.5,3500,-5,0.6012,R,F,A
1,3500,-5,0.5452,R,F,A
1.5,3500,-5,0.4943,R,F,A
2,3500,-5,0.4718,R,F,A
2.5,3500,-5,0.4712,R,F,A
3,3500,-5,0.4844,R,F,A
0,3750,-5,0.6257,R,F,A
0.5,3750,-5,0.6047,R,F,A
1,3750,-5,0.5672,R,F,A
1.5,3750,-5,0.4914,R,F,A
2,3750,-5,0.4056,R,F,A
2.5,3750,-5,0.3577,R,F,A
3,3750,-5,0.3467,R,F,A
0,4000,-5,0.6201,R,F,A
0.5,4000,-5,0.5899,R,F,A
1,4000,-5,0.5531,R,F,A
1.5,4000,-5,0.5128,R,F,A
2,4000,-5,0.4554,R,F,A
2.5,4000,-5,0.3672,R,F,A
3,4000,-5,0.3008,R,F,A
3.5,4000,-5,0.2658,R,F,A
0,4250,-5,0.6067,R,F,A
0.5,4250,-5,0.5763,R,F,A
1,4250,-5,0.5407,R,F,A
1.5,4250,-5,0.5074,R,F,A
2,4250,-5,0.4784,R,F,A
2.5,4250,-5,0.4307,R,F,A
3,4250,-5,0.3734,R,F,A
3.5,4250,-5,0.3062,R,F,A
4,4250,-5,0.2576,R,F,A
0,4500,-5,0.5865,R,F,A
0.5,4500,-5,0.5615,R,F,A
1,4500,-5,0.5325,R,F,A
1.5,4500,-5,0.5028,R,F,A
2,4500,-5,0.4771,R,F,A
2.5,4500,-5,0.4522,R,F,A
3,4500,-5,0.4219,R,F,A
3.5,4500,-5,0.3667,R,F,A
4,4500,-5,0.3051,R,F,A
0,4750,-5,0.5656,R,F,A
0.5,4750,-5,0.5458,R,F,A
1,4750,-5,0.5259,R,F,A
1.5,4750,-5,0.502,R,F,A
2,4750,-5,0.4783,R,F,A
2.5,4750,-5,0.4581,R,F,A
3,4750,-5,0.4402,R,F,A
3.5,4750,-5,0.422,R,F,A
4,4750,-5,0.3722,R,F,A
4.5,4750,-5,0.318,R,F,A
0,5000,-5,0.5449,R,F,A
0.5,5000,-5,0.532,R,F,A
1,5000,-5,0.5158,R,F,A
1.5,5000,-5,0.4982,R,F,A
2,5000,-5,0.4795,R,F,A
2.5,5000,-5,0.4624,R,F,A
3,5000,-5,0.4473,R,F,A
3.5,5000,-5,0.4366,R,F,A
4,5000,-5,0.418,R,F,A
4.5,5000,-5,0.3819,R,F,A
5,5000,-5,0.3456,R,F,A
0,5250,-5,0.5246,R,F,A
0.5,5250,-5,0.5177,R,F,A
1,5250,-5,0.5064,R,F,A
1.5,5250,-5,0.4926,R,F,A
2,5250,-5,0.4783,R,F,A
2.5,5250,-5,0.4651,R,F,A
3,5250,-5,0.4527,R,F,A
3.5,5250,-5,0.4393,R,F,A
4,5250,-5,0.4319,R,F,A
4.5,5250,-5,0.4079,R,F,A
5,5250,-5,0.3697,R,F,A
0,5500,-5,0.5013,R,F,A
0.5,5500,-5,0.4987,R,F,A
1,5500,-5,0.4933,R,F,A
1.5,5500,-5,0.4843,R,F,A
2,5500,-5,0.4743,R,F,A
2.5,5500,-5,0.4633,R,F,A
3,5500,-5,0.4529,R,F,A
3.5,5500,-5,0.4438,R,F,A
4,5500,-5,0.4317,R,F,A
4.5,5500,-5,0.4157,R,F,A
5,5500,-5,0.3935,R,F,A
0,5750,-5,0.5692,R,F,A
0.5,5750,-5,0.4828,R,F,A
1,5750,-5,0.4764,R,F,A
1.5,5750,-5,0.473,R,F,A
2,5750,-5,0.4668,R,F,A
2.5,5750,-5,0.459,R,F,A
3,5750,-5,0.4515,R,F,A
3.5,5750,-5,0.4428,R,F,A
4,5750,-5,0.4346,R,F,A
4.5,5750,-5,0.4218,R,F,A
5,5750,-5,0.4048,R,F,A
0,6000,-5,0.5567,R,F,A
0.5,6000,-5,0.5576,R,F,A
1,6000,-5,0.4779,R,F,A
1.5,6000,-5,0.4596,R,F,A
2,6000,-5,0.4566,R,F,A
2.5,6000,-5,0.4524,R,F,A
3,6000,-5,0.447,R,F,A
3.5,6000,-5,0.4399,R,F,A
4,6000,-5,0.4353,R,F,A
4.5,6000,-5,0.4261,R,F,A
5,6000,-5,0.4121,R,F,A
0.5,6250,-5,0.5447,R,F,A
1,6250,-5,0.5453,R,F,A
1.5,6250,-5,0.4596,R,F,A
2,6250,-5,0.4454,R,F,A
2.5,6250,-5,0.4437,R,F,A
3,6250,-5,0.4405,R,F,A
3.5,6250,-5,0.4363,R,F,A
4,6250,-5,0.4313,R,F,A
4.5,6250,-5,0.423,R,F,A
5,6250,-5,0.4155,R,F,A
0.5,6500,-5,0.5315,R,F,A
1,6500,-5,0.5317,R,F,A
1.5,6500,-5,0.5315,R,F,A
2,6500,-5,0.4412,R,F,A
2.5,6500,-5,0.4299,R,F,A
3,6500,-5,0.4308,R,F,A
3.5,6500,-5,0.4294,R,F,A
4,6500,-5,0.4266,R,F,A
4.5,6500,-5,0.4221,R,F,A
5,6500,-5,0.4138,R,F,A
0.5,6750,-5,0.5182,R,F,A
1,6750,-5,0.5165,R,F,A
1.5,6750,-5,0.5166,R,F,A
2,6750,-5,0.5166,R,F,A
2.5,6750,-5,0.4249,R,F,A
3,6750,-5,0.4183,R,F,A
3.5,6750,-5,0.4199,R,F,A
4,6750,-5,0.4192,R,F,A
4.5,6750,-5,0.4173,R,F,A
5,6750,-5,0.412,R,F,A
0.5,7000,-5,0.504,R,F,A
1,7000,-5,0.5007,R,F,A
1.5,7000,-5,0.5002,R,F,A
2,7000,-5,0.5012,R,F,A
2.5,7000,-5,0.5015,R,F,A
3,7000,-5,0.4116,R,F,A
3.5,7000,-5,0.4088,R,F,A
4,7000,-5,0.4101,R,F,A
4.5,7000,-5,0.4104,R,F,A
5,7000,-5,0.4069,R,F,A
1,7250,-5,0.4836,R,F,A
1.5,7250,-5,0.4826,R,F,A
2,7250,-5,0.4833,R,F,A
2.5,7250,-5,0.486,R,F,A
3,7250,-5,0.4867,R,F,A
3.5,7250,-5,0.3993,R,F,A
4,7250,-5,0.3992,R,F,A
4.5,7250,-5,0.4016,R,F,A
5,7250,-5,0.4003,R,F,A
1,7500,-5,0.4668,R,F,A
1.5,7500,-5,0.4639,R,F,A
2,7500,-5,0.4643,R,F,A
2.5,7500,-5,0.467,R,F,A
3,7500,-5,0.4709,R,F,A
3.5,7500,-5,0.4717,R,F,A
4,7500,-5,0.3936,R,F,A
4.5,7500,-5,0.3922,R,F,A
5,7500,-5,0.3918,R,F,A
1.5,7750,-5,0.4453,R,F,A
2,7750,-5,0.4447,R,F,A
2.5,7750,-5,0.4471,R,F,A
3,7750,-5,0.4517,R,F,A
3.5,7750,-5,0.456,R,F,A
4,7750,-5,0.4567,R,F,A
4.5,7750,-5,0.382,R,F,A
5,7750,-5,0.3826,R,F,A
1.5,8000,-5,0.4293,R,F,A
2,8000,-5,0.4264,R,F,A
2.5,8000,-5,0.4277,R,F,A
3,8000,-5,0.4316,R,F,A
3.5,8000,-5,0.4375,R,F,A
4,8000,-5,0.4414,R,F,A
4.5,8000,-5,0.4419,R,F,A
5,8000,-5,0.3719,R,F,A
2,8250,-5,0.4103,R,F,A
2.5,8250,-5,0.4101,R,F,A
3,8250,-5,0.4131,R,F,A
3.5,8250,-5,0.418,R,F,A
4,8250,-5,0.4245,R,F,A
4.5,8250,-5,0.4276,R,F,A
5,8250,-5,0.3652,R,F,A
1.5,8500,-5,0.4062,R,F,A
2,8500,-5,0.397,R,F,A
2.5,8500,-5,0.3947,R,F,A
3,8500,-5,0.3966,R,F,A
3.5,8500,-5,0.4007,R,F,A
4,8500,-5,0.4062,R,F,A
4.5,8500,-5,0.4124,R,F,A
5,8500,-5,0.4131,R,F,A
2,8750,-5,0.3865,R,F,A
2.5,8750,-5,0.3816,R,F,A
3,8750,-5,0.3819,R,F,A
3.5,8750,-5,0.3851,R,F,A
4,8750,-5,0.3896,R,F,A
4.5,8750,-5,0.3951,R,F,A
5,8750,-5,0.3996,R,F,A
1.5,9000,-5,0.3951,R,F,A
2,9000,-5,0.3786,R,F,A
2.5,9000,-5,0.3714,R,F,A
3,9000,-5,0.3697,R,F,A
3.5,9000,-5,0.3714,R,F,A
4,9000,-5,0.3754,R,F,A
4.5,9000,-5,0.3806,R,F,A
5,9000,-5,0.3855,R,F,A
2,9250,-5,0.3725,R,F,A
2.5,9250,-5,0.3632,R,F,A
3,9250,-5,0.3601,R,F,A
3.5,9250,-5,0.3604,R,F,A
4,9250,-5,0.3628,R,F,A
4.5,9250,-5,0.367,R,F,A
5,9250,-5,0.3715,R,F,A
2,9500,-5,0.3677,R,F,A
2.5,9500,-5,0.3566,R,F,A
3,9500,-5,0.3518,R,F,A
3.5,9500,-5,0.351,R,F,A
4,9500,-5,0.3523,R,F,A
4.5,9500,-5,0.3553,R,F,A
5,9500,-5,0.3593,R,F,A
2,9750,-5,0.3635,R,F,A
2.5,9750,-5,0.3509,R,F,A
3,9750,-5,0.3449,R,F,A
3.5,9750,-5,0.343,R,F,A
4,9750,-5,0.3434,R,F,A
4.5,9750,-5,0.3452,R,F,A
5,9750,-5,0.3483,R,F,A
2,10000,-5,0.3599,R,F,A
2.5,10000,-5,0.346,R,F,A
3,10000,-5,0.339,R,F,A
3.5,10000,-5,0.3363,R,F,A
4,10000,-5,0.3358,R,F,A
4.5,10000,-5,0.3369,R,F,A
5,10000,-5,0.3391,R,F,A
2,10500,-5,0.3539,R,F,A
2.5,10500,-5,0.3376,R,F,A
3,10500,-5,0.3293,R,F,A
3.5,10500,-5,0.3251,R,F,A
4,10500,-5,0.3237,R,F,A
4.5,10500,-5,0.3234,R,F,A
5,10500,-5,0.3239,R,F,A
2.5,11000,-5,0.3305,R,F,A
3,11000,-5,0.3209,R,F,A
3.5,11000,-5,0.316,R,F,A
4,11000,-5,0.3138,R,F,A
4.5,11000,-5,0.313,R,F,A
5,11000,-5,0.3126,R,F,A
2.5,11500,-5,0.3245,R,F,A
3,11500,-5,0.3137,R,F,A
3.5,11500,-5,0.308,R,F,A
4,11500,-5,0.3053,R,F,A
4.5,11500,-5,0.304,R,F,A
5,11500,-5,0.3035,R,F,A
2.5,12000,-5,0.3193,R,F,A
3,12000,-5,0.3073,R,F,A
3.5,12000,-5,0.301,R,F,A
4,12000,-5,0.2978,R,F,A
4.5,12000,-5,0.2962,R,F,A
5,12000,-5,0.2954,R,F,A
2.5,12500,-5,0.3152,R,F,A
3,12500,-5,0.3018,R,F,A
3.5,12500,-5,0.2947,R,F,A
4,12500,-5,0.291,R,F,A
4.5,12500,-5,0.2892,R,F,A
5,12500,-5,0.2883,R,F,A
2.5,13000,-5,0.3116,R,F,A
3,13000,-5,0.2969,R,F,A
3.5,13000,-5,0.2891,R,F,A
4,13000,-5,0.2849,R,F,A
4.5,13000,-5,0.2828,R,F,A
5,13000,-5,0.2817,R,F,A
2,14000,-5,0.3412,R,F,A
2.5,14000,-5,0.3061,R,F,A
3,14000,-5,0.2887,R,F,A
3.5,14000,-5,0.2793,R,F,A
4,14000,-5,0.2742,R,F,A
4.5,14000,-5,0.2716,R,F,A
5,14000,-5,0.2702,R,F,A
2.5,15000,-5,0.3024,R,F,A
3,15000,-5,0.2822,R,F,A
3.5,15000,-5,0.2713,R,F,A
4,15000,-5,0.2653,R,F,A
4.5,15000,-5,0.262,R,F,A
5,15000,-5,0.2601,R,F,A
2.5,16000,-5,0.3,R,F,A
3,16000,-5,0.2766,R,F,A
3.5,16000,-5,0.2644,R,F,A
4,16000,-5,0.2577,R,F,A
4.5,16000,-5,0.2538,R,F,A
5,16000,-5,0.2516,R,F,A
2.5,17000,-5,0.2991,R,F,A
3,17000,-5,0.2719,R,F,A
3.5,17000,-5,0.2584,R,F,A
4,17000,-5,0.2509,R,F,A
4.5,17000,-5,0.2466,R,F,A
5,17000,-5,0.2441,R,F,A
2.5,18000,-5,0.3003,R,F,A
3,18000,-5,0.2678,R,F,A
3.5,18000,-5,0.2527,R,F,A
4,18000,-5,0.2446,R,F,A
4.5,18000,-5,0.24,R,F,A
5,18000,-5,0.2374,R,F,A
2.5,19000,-5,0.3043,R,F,A
3,19000,-5,0.265,R,F,A
3.5,19000,-5,0.2474,R,F,A
4,19000,-5,0.2387,R,F,A
4.5,19000,-5,0.2338,R,F,A
5,19000,-5,0.2312,R,F,A
3,20000,-5,0.2635,R,F,A
3.5,20000,-5,0.2429,R,F,A
4,20000,-5,0.233,R,F,A
4.5,20000,-5,0.2279,R,F,A
5,20000,-5,0.2253,R,F,A
3,21000,-5,0.2636,R,F,A
3.5,21000,-5,0.2395,R,F,A
4,21000,-5,0.2279,R,F,A
4.5,21000,-5,0.2223,R,F,A
5,21000,-5,0.2194,R,F,A
3,22000,-5,0.2652,R,F,A
3.5,22000,-5,0.2372,R,F,A
4,22000,-5,0.2239,R,F,A
4.5,22000,-5,0.2173,R,F,A
5,22000,-5,0.2141,R,F,A
3,23000,-5,0.2682,R,F,A
3.5,23000,-5,0.2359,R,F,A
4,23000,-5,0.2207,R,F,A
4.5,23000,-5,0.213,R,F,A
5,23000,-5,0.2092,R,F,A
3,24000,-5,0.2727,R,F,A
3.5,24000,-5,0.2356,R,F,A
4,24000,-5,0.2183,R,F,A
4.5,24000,-5,0.2096,R,F,A
5,24000,-5,0.2051,R,F,A
3,25000,-5,0.2783,R,F,A
3.5,25000,-5,0.2358,R,F,A
4,25000,-5,0.2166,R,F,A
4.5,25000,-5,0.2068,R,F,A
5,25000,-5,0.2017,R,F,A
3,26000,-5,0.2802,R,F,A
3.5,26000,-5,0.2366,R,F,A
4,26000,-5,0.2152,R,F,A
4.5,26000,-5,0.2044,R,F,A
5,26000,-5,0.1987,R,F,A
3.5,27000,-5,0.2369,R,F,A
4,27000,-5,0.2139,R,F,A
4.5,27000,-5,0.2023,R,F,A
5,27000,-5,0.196,R,F,A
3.5,28000,-5,0.2345,R,F,A
4,28000,-5,0.2124,R,F,A
4.5,28000,-5,0.2001,R,F,A
5,28000,-5,0.1934,R,F,A
3.5,29000,-5,0.2293,R,F,A
4,29000,-5,0.2097,R,F,A
4.5,29000,-5,0.1974,R,F,A
5,29000,-5,0.1905,R,F,A
3.5,30000,-5,0.2233,R,F,A
4,30000,-5,0.2047,R,F,A
4.5,30000,-5,0.1937,R,F,A
5,30000,-5,0.1869,R,F,A
3.5,31000,-5,0.218,R,F,A
4,31000,-5,0.1985,R,F,A
4.5,31000,-5,0.1885,R,F,A
5,31000,-5,0.1825,R,F,A
4,32000,-5,0.1922,R,F,A
4.5,32000,-5,0.1823,R,F,A
5,32000,-5,0.1766,R,F,A
4,33000,-5,0.1858,R,F,A
4.5,33000,-5,0.1757,R,F,A
5,33000,-5,0.1704,R,F,A
4,34000,-5,0.1784,R,F,A
4.5,34000,-5,0.1692,R,F,A
5,34000,-5,0.164,R,F,A
4,35000,-5,0.1702,R,F,A
4.5,35000,-5,0.1618,R,F,A
5,35000,-5,0.1571,R,F,A
4.5,37500,-5,0.1405,R,F,A
5,37500,-5,0.1372,R,F,A
4.5,40000,-5,0.1268,R,F,A
5,40000,-5,0.1187,R,F,A
5,42500,-5,0.109,R,F,A
5,45000,-5,0.1054,R,F,A
5,47500,-5,0.1045,R,F,A
5,50000,-5,0.1046,R,F,A
0,3500,-4.5,0.6308,R,F,A
0.5,3500,-4.5,0.6072,R,F,A
1,3500,-4.5,0.5494,R,F,A
1.5,3500,-4.5,0.4969,R,F,A
2,3500,-4.5,0.4659,R,F,A
2.5,3500,-4.5,0.4572,R,F,A
3,3500,-4.5,0.4595,R,F,A
0,3750,-4.5,0.6271,R,F,A
0.5,3750,-4.5,0.607,R,F,A
1,3750,-4.5,0.571,R,F,A
1.5,3750,-4.5,0.4977,R,F,A
2,3750,-4.5,0.4131,R,F,A
2.5,3750,-4.5,0.3656,R,F,A
3,3750,-4.5,0.351,R,F,A
3.5,3750,-4.5,0.3678,R,F,A
0,4000,-4.5,0.6205,R,F,A
0.5,4000,-4.5,0.5905,R,F,A
1,4000,-4.5,0.5545,R,F,A
1.5,4000,-4.5,0.5159,R,F,A
2,4000,-4.5,0.4588,R,F,A
2.5,4000,-4.5,0.3743,R,F,A
3,4000,-4.5,0.3123,R,F,A
3.5,4000,-4.5,0.2836,R,F,A
4,4000,-4.5,0.2819,R,F,A
0,4250,-4.5,0.6068,R,F,A
0.5,4250,-4.5,0.5768,R,F,A
1,4250,-4.5,0.5418,R,F,A
1.5,4250,-4.5,0.5085,R,F,A
2,4250,-4.5,0.4776,R,F,A
2.5,4250,-4.5,0.4414,R,F,A
3,4250,-4.5,0.3757,R,F,A
3.5,4250,-4.5,0.3121,R,F,A
4,4250,-4.5,0.2704,R,F,A
4.5,4250,-4.5,0.2499,R,F,A
0,4500,-4.5,0.5866,R,F,A
0.5,4500,-4.5,0.5617,R,F,A
1,4500,-4.5,0.5332,R,F,A
1.5,4500,-4.5,0.5033,R,F,A
2,4500,-4.5,0.4766,R,F,A
2.5,4500,-4.5,0.4525,R,F,A
3,4500,-4.5,0.4233,R,F,A
3.5,4500,-4.5,0.3823,R,F,A
4,4500,-4.5,0.3264,R,F,A
4.5,4500,-4.5,0.2819,R,F,A
5,4500,-4.5,0.2457,R,F,A
0,4750,-4.5,0.5661,R,F,A
0.5,4750,-4.5,0.5465,R,F,A
1,4750,-4.5,0.5253,R,F,A
1.5,4750,-4.5,0.5026,R,F,A
2,4750,-4.5,0.4786,R,F,A
2.5,4750,-4.5,0.4587,R,F,A
3,4750,-4.5,0.4409,R,F,A
3.5,4750,-4.5,0.4176,R,F,A
4,4750,-4.5,0.3747,R,F,A
4.5,4750,-4.5,0.3388,R,F,A
5,4750,-4.5,0.2967,R,F,A
0,5000,-4.5,0.5451,R,F,A
0.5,5000,-4.5,0.5324,R,F,A
1,5000,-4.5,0.516,R,F,A
1.5,5000,-4.5,0.4987,R,F,A
2,5000,-4.5,0.4803,R,F,A
2.5,5000,-4.5,0.4635,R,F,A
3,5000,-4.5,0.4477,R,F,A
3.5,5000,-4.5,0.4325,R,F,A
4,5000,-4.5,0.4101,R,F,A
4.5,5000,-4.5,0.3768,R,F,A
5,5000,-4.5,0.3299,R,F,A
0,5250,-4.5,0.5248,R,F,A
0.5,5250,-4.5,0.5171,R,F,A
1,5250,-4.5,0.5067,R,F,A
1.5,5250,-4.5,0.4924,R,F,A
2,5250,-4.5,0.4789,R,F,A
2.5,5250,-4.5,0.465,R,F,A
3,5250,-4.5,0.4529,R,F,A
3.5,5250,-4.5,0.4405,R,F,A
4,5250,-4.5,0.4243,R,F,A
4.5,5250,-4.5,0.4019,R,F,A
5,5250,-4.5,0.3705,R,F,A
0,5500,-4.5,0.5012,R,F,A
0.5,5500,-4.5,0.4987,R,F,A
1,5500,-4.5,0.4934,R,F,A
1.5,5500,-4.5,0.4847,R,F,A
2,5500,-4.5,0.4744,R,F,A
2.5,5500,-4.5,0.4636,R,F,A
3,5500,-4.5,0.4526,R,F,A
3.5,5500,-4.5,0.4443,R,F,A
4,5500,-4.5,0.4319,R,F,A
4.5,5500,-4.5,0.4153,R,F,A
5,5500,-4.5,0.3932,R,F,A
0,5750,-4.5,0.5693,R,F,A
0.5,5750,-4.5,0.4828,R,F,A
1,5750,-4.5,0.4765,R,F,A
1.5,5750,-4.5,0.4731,R,F,A
2,5750,-4.5,0.4668,R,F,A
2.5,5750,-4.5,0.4587,R,F,A
3,5750,-4.5,0.4518,R,F,A
3.5,5750,-4.5,0.4433,R,F,A
4,5750,-4.5,0.438,R,F,A
4.5,5750,-4.5,0.4225,R,F,A
5,5750,-4.5,0.4057,R,F,A
0,6000,-4.5,0.5569,R,F,A
0.5,6000,-4.5,0.5576,R,F,A
1,6000,-4.5,0.467,R,F,A
1.5,6000,-4.5,0.459,R,F,A
2,6000,-4.5,0.4564,R,F,A
2.5,6000,-4.5,0.451,R,F,A
3,6000,-4.5,0.4462,R,F,A
3.5,6000,-4.5,0.4393,R,F,A
4,6000,-4.5,0.4325,R,F,A
4.5,6000,-4.5,0.4262,R,F,A
5,6000,-4.5,0.4056,R,F,A
0.5,6250,-4.5,0.5447,R,F,A
1,6250,-4.5,0.5452,R,F,A
1.5,6250,-4.5,0.4573,R,F,A
2,6250,-4.5,0.4448,R,F,A
2.5,6250,-4.5,0.4436,R,F,A
3,6250,-4.5,0.4405,R,F,A
3.5,6250,-4.5,0.4363,R,F,A
4,6250,-4.5,0.4313,R,F,A
4.5,6250,-4.5,0.4229,R,F,A
5,6250,-4.5,0.4112,R,F,A
0.5,6500,-4.5,0.5314,R,F,A
1,6500,-4.5,0.5316,R,F,A
1.5,6500,-4.5,0.5313,R,F,A
2,6500,-4.5,0.4401,R,F,A
2.5,6500,-4.5,0.4295,R,F,A
3,6500,-4.5,0.4305,R,F,A
3.5,6500,-4.5,0.4294,R,F,A
4,6500,-4.5,0.4264,R,F,A
4.5,6500,-4.5,0.422,R,F,A
5,6500,-4.5,0.4137,R,F,A
0.5,6750,-4.5,0.5182,R,F,A
1,6750,-4.5,0.5164,R,F,A
1.5,6750,-4.5,0.5166,R,F,A
2,6750,-4.5,0.5164,R,F,A
2.5,6750,-4.5,0.4248,R,F,A
3,6750,-4.5,0.4182,R,F,A
3.5,6750,-4.5,0.4198,R,F,A
4,6750,-4.5,0.4191,R,F,A
4.5,6750,-4.5,0.4172,R,F,A
5,6750,-4.5,0.4119,R,F,A
0.5,7000,-4.5,0.504,R,F,A
1,7000,-4.5,0.5007,R,F,A
1.5,7000,-4.5,0.5001,R,F,A
2,7000,-4.5,0.5012,R,F,A
2.5,7000,-4.5,0.5013,R,F,A
3,7000,-4.5,0.4113,R,F,A
3.5,7000,-4.5,0.4086,R,F,A
4,7000,-4.5,0.41,R,F,A
4.5,7000,-4.5,0.4103,R,F,A
5,7000,-4.5,0.408,R,F,A
1,7250,-4.5,0.484,R,F,A
1.5,7250,-4.5,0.4827,R,F,A
2,7250,-4.5,0.4833,R,F,A
2.5,7250,-4.5,0.4859,R,F,A
3,7250,-4.5,0.4864,R,F,A
3.5,7250,-4.5,0.3987,R,F,A
4,7250,-4.5,0.3994,R,F,A
4.5,7250,-4.5,0.4015,R,F,A
5,7250,-4.5,0.4002,R,F,A
1,7500,-4.5,0.4668,R,F,A
1.5,7500,-4.5,0.4639,R,F,A
2,7500,-4.5,0.4644,R,F,A
2.5,7500,-4.5,0.4669,R,F,A
3,7500,-4.5,0.4708,R,F,A
3.5,7500,-4.5,0.4714,R,F,A
4,7500,-4.5,0.3936,R,F,A
4.5,7500,-4.5,0.3916,R,F,A
5,7500,-4.5,0.3917,R,F,A
1.5,7750,-4.5,0.4453,R,F,A
2,7750,-4.5,0.4448,R,F,A
2.5,7750,-4.5,0.447,R,F,A
3,7750,-4.5,0.4517,R,F,A
3.5,7750,-4.5,0.456,R,F,A
4,7750,-4.5,0.4563,R,F,A
4.5,7750,-4.5,0.3821,R,F,A
5,7750,-4.5,0.3826,R,F,A
1.5,8000,-4.5,0.4292,R,F,A
2,8000,-4.5,0.4263,R,F,A
2.5,8000,-4.5,0.4278,R,F,A
3,8000,-4.5,0.4315,R,F,A
3.5,8000,-4.5,0.4377,R,F,A
4,8000,-4.5,0.4413,R,F,A
4.5,8000,-4.5,0.4418,R,F,A
5,8000,-4.5,0.3719,R,F,A
2,8250,-4.5,0.4102,R,F,A
2.5,8250,-4.5,0.41,R,F,A
3,8250,-4.5,0.4133,R,F,A
3.5,8250,-4.5,0.4179,R,F,A
4,8250,-4.5,0.4244,R,F,A
4.5,8250,-4.5,0.4275,R,F,A
5,8250,-4.5,0.3651,R,F,A
1.5,8500,-4.5,0.4062,R,F,A
2,8500,-4.5,0.3969,R,F,A
2.5,8500,-4.5,0.3944,R,F,A
3,8500,-4.5,0.3963,R,F,A
3.5,8500,-4.5,0.4006,R,F,A
4,8500,-4.5,0.406,R,F,A
4.5,8500,-4.5,0.4122,R,F,A
5,8500,-4.5,0.4128,R,F,A
2,8750,-4.5,0.3866,R,F,A
2.5,8750,-4.5,0.3816,R,F,A
3,8750,-4.5,0.3817,R,F,A
3.5,8750,-4.5,0.3848,R,F,A
4,8750,-4.5,0.3895,R,F,A
4.5,8750,-4.5,0.3948,R,F,A
5,8750,-4.5,0.3994,R,F,A
1.5,9000,-4.5,0.3951,R,F,A
2,9000,-4.5,0.3785,R,F,A
2.5,9000,-4.5,0.3715,R,F,A
3,9000,-4.5,0.3698,R,F,A
3.5,9000,-4.5,0.3714,R,F,A
4,9000,-4.5,0.3753,R,F,A
4.5,9000,-4.5,0.3804,R,F,A
5,9000,-4.5,0.3856,R,F,A
2,9250,-4.5,0.3726,R,F,A
2.5,9250,-4.5,0.3632,R,F,A
3,9250,-4.5,0.3599,R,F,A
3.5,9250,-4.5,0.3603,R,F,A
4,9250,-4.5,0.3627,R,F,A
4.5,9250,-4.5,0.3668,R,F,A
5,9250,-4.5,0.3716,R,F,A
2,9500,-4.5,0.3677,R,F,A
2.5,9500,-4.5,0.3566,R,F,A
3,9500,-4.5,0.3518,R,F,A
3.5,9500,-4.5,0.3509,R,F,A
4,9500,-4.5,0.3521,R,F,A
4.5,9500,-4.5,0.3552,R,F,A
5,9500,-4.5,0.3592,R,F,A
2,9750,-4.5,0.3635,R,F,A
2.5,9750,-4.5,0.3509,R,F,A
3,9750,-4.5,0.3449,R,F,A
3.5,9750,-4.5,0.3429,R,F,A
4,9750,-4.5,0.3433,R,F,A
4.5,9750,-4.5,0.3451,R,F,A
5,9750,-4.5,0.3483,R,F,A
2,10000,-4.5,0.3599,R,F,A
2.5,10000,-4.5,0.346,R,F,A
3,10000,-4.5,0.339,R,F,A
3.5,10000,-4.5,0.3363,R,F,A
4,10000,-4.5,0.3359,R,F,A
4.5,10000,-4.5,0.3368,R,F,A
5,10000,-4.5,0.339,R,F,A
2,10500,-4.5,0.3538,R,F,A
2.5,10500,-4.5,0.3376,R,F,A
3,10500,-4.5,0.3291,R,F,A
3.5,10500,-4.5,0.3252,R,F,A
4,10500,-4.5,0.3237,R,F,A
4.5,10500,-4.5,0.3234,R,F,A
5,10500,-4.5,0.324,R,F,A
2.5,11000,-4.5,0.3304,R,F,A
3,11000,-4.5,0.3208,R,F,A
3.5,11000,-4.5,0.316,R,F,A
4,11000,-4.5,0.3138,R,F,A
4.5,11000,-4.5,0.3129,R,F,A
5,11000,-4.5,0.3127,R,F,A
2.5,11500,-4.5,0.3245,R,F,A
3,11500,-4.5,0.3136,R,F,A
3.5,11500,-4.5,0.308,R,F,A
4,11500,-4.5,0.3053,R,F,A
4.5,11500,-4.5,0.304,R,F,A
5,11500,-4.5,0.3035,R,F,A
2.5,12000,-4.5,0.3194,R,F,A
3,12000,-4.5,0.3073,R,F,A
3.5,12000,-4.5,0.301,R,F,A
4,12000,-4.5,0.2978,R,F,A
4.5,12000,-4.5,0.2962,R,F,A
5,12000,-4.5,0.2954,R,F,A
2.5,12500,-4.5,0.315,R,F,A
3,12500,-4.5,0.3017,R,F,A
3.5,12500,-4.5,0.2947,R,F,A
4,12500,-4.5,0.2911,R,F,A
4.5,12500,-4.5,0.2892,R,F,A
5,12500,-4.5,0.2883,R,F,A
2.5,13000,-4.5,0.3116,R,F,A
3,13000,-4.5,0.2968,R,F,A
3.5,13000,-4.5,0.289,R,F,A
4,13000,-4.5,0.2848,R,F,A
4.5,13000,-4.5,0.2828,R,F,A
5,13000,-4.5,0.2818,R,F,A
2,14000,-4.5,0.3412,R,F,A
2.5,14000,-4.5,0.3061,R,F,A
3,14000,-4.5,0.2886,R,F,A
3.5,14000,-4.5,0.2793,R,F,A
4,14000,-4.5,0.2742,R,F,A
4.5,14000,-4.5,0.2716,R,F,A
5,14000,-4.5,0.2701,R,F,A
2.5,15000,-4.5,0.3024,R,F,A
3,15000,-4.5,0.2821,R,F,A
3.5,15000,-4.5,0.2713,R,F,A
4,15000,-4.5,0.2652,R,F,A
4.5,15000,-4.5,0.262,R,F,A
5,15000,-4.5,0.2602,R,F,A
2.5,16000,-4.5,0.3,R,F,A
3,16000,-4.5,0.2766,R,F,A
3.5,16000,-4.5,0.2644,R,F,A
4,16000,-4.5,0.2576,R,F,A
4.5,16000,-4.5,0.2538,R,F,A
5,16000,-4.5,0.2515,R,F,A
2.5,17000,-4.5,0.2991,R,F,A
3,17000,-4.5,0.2718,R,F,A
3.5,17000,-4.5,0.2583,R,F,A
4,17000,-4.5,0.2509,R,F,A
4.5,17000,-4.5,0.2466,R,F,A
5,17000,-4.5,0.2441,R,F,A
2.5,18000,-4.5,0.3002,R,F,A
3,18000,-4.5,0.2678,R,F,A
3.5,18000,-4.5,0.2525,R,F,A
4,18000,-4.5,0.2446,R,F,A
4.5,18000,-4.5,0.24,R,F,A
5,18000,-4.5,0.2373,R,F,A
2.5,19000,-4.5,0.3043,R,F,A
3,19000,-4.5,0.2648,R,F,A
3.5,19000,-4.5,0.2473,R,F,A
4,19000,-4.5,0.2387,R,F,A
4.5,19000,-4.5,0.2337,R,F,A
5,19000,-4.5,0.2312,R,F,A
3,20000,-4.5,0.2634,R,F,A
3.5,20000,-4.5,0.2428,R,F,A
4,20000,-4.5,0.2329,R,F,A
4.5,20000,-4.5,0.2279,R,F,A
5,20000,-4.5,0.2253,R,F,A
3,21000,-4.5,0.2635,R,F,A
3.5,21000,-4.5,0.2394,R,F,A
4,21000,-4.5,0.2279,R,F,A
4.5,21000,-4.5,0.2223,R,F,A
5,21000,-4.5,0.2195,R,F,A
3,22000,-4.5,0.265,R,F,A
3.5,22000,-4.5,0.2371,R,F,A
4,22000,-4.5,0.2238,R,F,A
4.5,22000,-4.5,0.2172,R,F,A
5,22000,-4.5,0.214,R,F,A
3,23000,-4.5,0.2679,R,F,A
3.5,23000,-4.5,0.2358,R,F,A
4,23000,-4.5,0.2205,R,F,A
4.5,23000,-4.5,0.2129,R,F,A
5,23000,-4.5,0.2091,R,F,A
3,24000,-4.5,0.2725,R,F,A
3.5,24000,-4.5,0.2354,R,F,A
4,24000,-4.5,0.2181,R,F,A
4.5,24000,-4.5,0.2095,R,F,A
5,24000,-4.5,0.205,R,F,A
3,25000,-4.5,0.2781,R,F,A
3.5,25000,-4.5,0.2356,R,F,A
4,25000,-4.5,0.2164,R,F,A
4.5,25000,-4.5,0.2067,R,F,A
5,25000,-4.5,0.2016,R,F,A
3,26000,-4.5,0.2801,R,F,A
3.5,26000,-4.5,0.2363,R,F,A
4,26000,-4.5,0.215,R,F,A
4.5,26000,-4.5,0.2043,R,F,A
5,26000,-4.5,0.1986,R,F,A
3.5,27000,-4.5,0.2367,R,F,A
4,27000,-4.5,0.2137,R,F,A
4.5,27000,-4.5,0.2022,R,F,A
5,27000,-4.5,0.1959,R,F,A
3.5,28000,-4.5,0.2346,R,F,A
4,28000,-4.5,0.2122,R,F,A
4.5,28000,-4.5,0.1998,R,F,A
5,28000,-4.5,0.1933,R,F,A
3.5,29000,-4.5,0.2293,R,F,A
4,29000,-4.5,0.2097,R,F,A
4.5,29000,-4.5,0.1973,R,F,A
5,29000,-4.5,0.1904,R,F,A
3.5,30000,-4.5,0.2236,R,F,A
4,30000,-4.5,0.2046,R,F,A
4.5,30000,-4.5,0.1935,R,F,A
5,30000,-4.5,0.1869,R,F,A
3.5,31000,-4.5,0.2182,R,F,A
4,31000,-4.5,0.1984,R,F,A
4.5,31000,-4.5,0.1884,R,F,A
5,31000,-4.5,0.1824,R,F,A
4,32000,-4.5,0.1922,R,F,A
4.5,32000,-4.5,0.1822,R,F,A
5,32000,-4.5,0.1767,R,F,A
4,33000,-4.5,0.1858,R,F,A
4.5,33000,-4.5,0.1758,R,F,A
5,33000,-4.5,0.1703,R,F,A
4,34000,-4.5,0.1786,R,F,A
4.5,34000,-4.5,0.1693,R,F,A
5,34000,-4.5,0.1639,R,F,A
4,35000,-4.5,0.1702,R,F,A
4.5,35000,-4.5,0.162,R,F,A
5,35000,-4.5,0.1572,R,F,A
4.5,37500,-4.5,0.1404,R,F,A
5,37500,-4.5,0.1372,R,F,A
4.5,40000,-4.5,0.1268,R,F,A
5,40000,-4.5,0.1187,R,F,A
5,42500,-4.5,0.109,R,F,A
5,45000,-4.5,0.1054,R,F,A
5,47500,-4.5,0.1045,R,F,A
5,50000,-4.5,0.1046,R,F,A
0,3500,-4,0.8468,R,F,A
0.5,3500,-4,0.7758,R,F,A
1,3500,-4,0.6668,R,F,A
1.5,3500,-4,0.5778,R,F,A
2,3500,-4,0.52,R,F,A
2.5,3500,-4,0.4899,R,F,A
3,3500,-4,0.481,R,F,A
0,3750,-4,0.7056,R,F,A
0.5,3750,-4,0.667,R,F,A
1,3750,-4,0.6116,R,F,A
1.5,3750,-4,0.5295,R,F,A
2,3750,-4,0.4429,R,F,A
2.5,3750,-4,0.3976,R,F,A
3,3750,-4,0.3875,R,F,A
3.5,3750,-4,0.3879,R,F,A
0,4000,-4,0.6253,R,F,A
0.5,4000,-4,0.5971,R,F,A
1,4000,-4,0.5647,R,F,A
1.5,4000,-4,0.5315,R,F,A
2,4000,-4,0.476,R,F,A
2.5,4000,-4,0.3989,R,F,A
3,4000,-4,0.3434,R,F,A
3.5,4000,-4,0.3207,R,F,A
4,4000,-4,0.3217,R,F,A
4.5,4000,-4,0.9103,R,F,A
0,4250,-4,0.6072,R,F,A
0.5,4250,-4,0.5772,R,F,A
1,4250,-4,0.5426,R,F,A
1.5,4250,-4,0.5107,R,F,A
2,4250,-4,0.4815,R,F,A
2.5,4250,-4,0.4463,R,F,A
3,4250,-4,0.3844,R,F,A
3.5,4250,-4,0.3227,R,F,A
4,4250,-4,0.286,R,F,A
0,4500,-4,0.5869,R,F,A
0.5,4500,-4,0.5624,R,F,A
1,4500,-4,0.5344,R,F,A
1.5,4500,-4,0.5051,R,F,A
2,4500,-4,0.481,R,F,A
2.5,4500,-4,0.4558,R,F,A
3,4500,-4,0.4332,R,F,A
3.5,4500,-4,0.3865,R,F,A
4,4500,-4,0.3319,R,F,A
4.5,4500,-4,0.2875,R,F,A
5,4500,-4,0.2577,R,F,A
0,4750,-4,0.5665,R,F,A
0.5,4750,-4,0.5469,R,F,A
1,4750,-4,0.5271,R,F,A
1.5,4750,-4,0.5033,R,F,A
2,4750,-4,0.4798,R,F,A
2.5,4750,-4,0.4604,R,F,A
3,4750,-4,0.4453,R,F,A
3.5,4750,-4,0.4232,R,F,A
4,4750,-4,0.3883,R,F,A
4.5,4750,-4,0.3432,R,F,A
5,4750,-4,0.3012,R,F,A
0,5000,-4,0.5454,R,F,A
0.5,5000,-4,0.5337,R,F,A
1,5000,-4,0.5165,R,F,A
1.5,5000,-4,0.4991,R,F,A
2,5000,-4,0.4806,R,F,A
2.5,5000,-4,0.4643,R,F,A
3,5000,-4,0.4486,R,F,A
3.5,5000,-4,0.4343,R,F,A
4,5000,-4,0.4122,R,F,A
4.5,5000,-4,0.3793,R,F,A
5,5000,-4,0.349,R,F,A
0,5250,-4,0.5251,R,F,A
0.5,5250,-4,0.5175,R,F,A
1,5250,-4,0.5068,R,F,A
1.5,5250,-4,0.4928,R,F,A
2,5250,-4,0.4788,R,F,A
2.5,5250,-4,0.4657,R,F,A
3,5250,-4,0.4532,R,F,A
3.5,5250,-4,0.44,R,F,A
4,5250,-4,0.4291,R,F,A
4.5,5250,-4,0.4064,R,F,A
5,5250,-4,0.372,R,F,A
0,5500,-4,0.5012,R,F,A
0.5,5500,-4,0.4991,R,F,A
1,5500,-4,0.4934,R,F,A
1.5,5500,-4,0.4845,R,F,A
2,5500,-4,0.4746,R,F,A
2.5,5500,-4,0.4639,R,F,A
3,5500,-4,0.4536,R,F,A
3.5,5500,-4,0.4447,R,F,A
4,5500,-4,0.4325,R,F,A
4.5,5500,-4,0.4157,R,F,A
5,5500,-4,0.394,R,F,A
0,5750,-4,0.5693,R,F,A
0.5,5750,-4,0.4829,R,F,A
1,5750,-4,0.4767,R,F,A
1.5,5750,-4,0.4732,R,F,A
2,5750,-4,0.4669,R,F,A
2.5,5750,-4,0.4593,R,F,A
3,5750,-4,0.4518,R,F,A
3.5,5750,-4,0.443,R,F,A
4,5750,-4,0.4349,R,F,A
4.5,5750,-4,0.4223,R,F,A
5,5750,-4,0.4058,R,F,A
0,6000,-4,0.5568,R,F,A
0.5,6000,-4,0.5575,R,F,A
1,6000,-4,0.4755,R,F,A
1.5,6000,-4,0.459,R,F,A
2,6000,-4,0.4566,R,F,A
2.5,6000,-4,0.4523,R,F,A
3,6000,-4,0.4468,R,F,A
3.5,6000,-4,0.4409,R,F,A
4,6000,-4,0.4361,R,F,A
4.5,6000,-4,0.4265,R,F,A
5,6000,-4,0.4127,R,F,A
0.5,6250,-4,0.5447,R,F,A
1,6250,-4,0.5452,R,F,A
1.5,6250,-4,0.4579,R,F,A
2,6250,-4,0.4452,R,F,A
2.5,6250,-4,0.4445,R,F,A
3,6250,-4,0.4397,R,F,A
3.5,6250,-4,0.4368,R,F,A
4,6250,-4,0.4321,R,F,A
4.5,6250,-4,0.4271,R,F,A
5,6250,-4,0.4146,R,F,A
0.5,6500,-4,0.5314,R,F,A
1,6500,-4,0.5315,R,F,A
1.5,6500,-4,0.5313,R,F,A
2,6500,-4,0.4405,R,F,A
2.5,6500,-4,0.4297,R,F,A
3,6500,-4,0.4305,R,F,A
3.5,6500,-4,0.4293,R,F,A
4,6500,-4,0.4266,R,F,A
4.5,6500,-4,0.4235,R,F,A
5,6500,-4,0.4153,R,F,A
0.5,6750,-4,0.5182,R,F,A
1,6750,-4,0.5165,R,F,A
1.5,6750,-4,0.5166,R,F,A
2,6750,-4,0.5164,R,F,A
2.5,6750,-4,0.4247,R,F,A
3,6750,-4,0.4182,R,F,A
3.5,6750,-4,0.4194,R,F,A
4,6750,-4,0.4189,R,F,A
4.5,6750,-4,0.4182,R,F,A
5,6750,-4,0.413,R,F,A
0.5,7000,-4,0.504,R,F,A
1,7000,-4,0.4997,R,F,A
1.5,7000,-4,0.5,R,F,A
2,7000,-4,0.5011,R,F,A
2.5,7000,-4,0.5012,R,F,A
3,7000,-4,0.4112,R,F,A
3.5,7000,-4,0.4086,R,F,A
4,7000,-4,0.4099,R,F,A
4.5,7000,-4,0.4111,R,F,A
5,7000,-4,0.4079,R,F,A
1,7250,-4,0.484,R,F,A
1.5,7250,-4,0.4826,R,F,A
2,7250,-4,0.4831,R,F,A
2.5,7250,-4,0.4858,R,F,A
3,7250,-4,0.4864,R,F,A
3.5,7250,-4,0.3989,R,F,A
4,7250,-4,0.3995,R,F,A
4.5,7250,-4,0.4023,R,F,A
5,7250,-4,0.4015,R,F,A
1,7500,-4,0.4669,R,F,A
1.5,7500,-4,0.4639,R,F,A
2,7500,-4,0.4642,R,F,A
2.5,7500,-4,0.4667,R,F,A
3,7500,-4,0.4707,R,F,A
3.5,7500,-4,0.4714,R,F,A
4,7500,-4,0.3941,R,F,A
4.5,7500,-4,0.3921,R,F,A
5,7500,-4,0.393,R,F,A
1.5,7750,-4,0.4454,R,F,A
2,7750,-4,0.4447,R,F,A
2.5,7750,-4,0.4469,R,F,A
3,7750,-4,0.4515,R,F,A
3.5,7750,-4,0.4558,R,F,A
4,7750,-4,0.4563,R,F,A
4.5,7750,-4,0.3826,R,F,A
5,7750,-4,0.3834,R,F,A
1.5,8000,-4,0.4292,R,F,A
2,8000,-4,0.4264,R,F,A
2.5,8000,-4,0.4277,R,F,A
3,8000,-4,0.4314,R,F,A
3.5,8000,-4,0.4371,R,F,A
4,8000,-4,0.4412,R,F,A
4.5,8000,-4,0.4415,R,F,A
5,8000,-4,0.3726,R,F,A
2,8250,-4,0.4102,R,F,A
2.5,8250,-4,0.4099,R,F,A
3,8250,-4,0.413,R,F,A
3.5,8250,-4,0.4177,R,F,A
4,8250,-4,0.4242,R,F,A
4.5,8250,-4,0.4272,R,F,A
5,8250,-4,0.3653,R,F,A
1.5,8500,-4,0.4062,R,F,A
2,8500,-4,0.397,R,F,A
2.5,8500,-4,0.3946,R,F,A
3,8500,-4,0.3964,R,F,A
3.5,8500,-4,0.4005,R,F,A
4,8500,-4,0.4058,R,F,A
4.5,8500,-4,0.4122,R,F,A
5,8500,-4,0.4129,R,F,A
2,8750,-4,0.3866,R,F,A
2.5,8750,-4,0.3816,R,F,A
3,8750,-4,0.3817,R,F,A
3.5,8750,-4,0.3848,R,F,A
4,8750,-4,0.3893,R,F,A
4.5,8750,-4,0.3946,R,F,A
5,8750,-4,0.3993,R,F,A
1.5,9000,-4,0.3952,R,F,A
2,9000,-4,0.3786,R,F,A
2.5,9000,-4,0.3713,R,F,A
3,9000,-4,0.3697,R,F,A
3.5,9000,-4,0.3713,R,F,A
4,9000,-4,0.3752,R,F,A
4.5,9000,-4,0.3804,R,F,A
5,9000,-4,0.3854,R,F,A
2,9250,-4,0.3727,R,F,A
2.5,9250,-4,0.3631,R,F,A
3,9250,-4,0.3599,R,F,A
3.5,9250,-4,0.3601,R,F,A
4,9250,-4,0.3627,R,F,A
4.5,9250,-4,0.3667,R,F,A
5,9250,-4,0.3713,R,F,A
2,9500,-4,0.3677,R,F,A
2.5,9500,-4,0.3566,R,F,A
3,9500,-4,0.3517,R,F,A
3.5,9500,-4,0.3508,R,F,A
4,9500,-4,0.352,R,F,A
4.5,9500,-4,0.355,R,F,A
5,9500,-4,0.3591,R,F,A
2,9750,-4,0.3636,R,F,A
2.5,9750,-4,0.3508,R,F,A
3,9750,-4,0.3449,R,F,A
3.5,9750,-4,0.3429,R,F,A
4,9750,-4,0.3432,R,F,A
4.5,9750,-4,0.3449,R,F,A
5,9750,-4,0.3483,R,F,A
2,10000,-4,0.36,R,F,A
2.5,10000,-4,0.3461,R,F,A
3,10000,-4,0.339,R,F,A
3.5,10000,-4,0.3361,R,F,A
4,10000,-4,0.3358,R,F,A
4.5,10000,-4,0.3368,R,F,A
5,10000,-4,0.3388,R,F,A
2,10500,-4,0.3537,R,F,A
2.5,10500,-4,0.3375,R,F,A
3,10500,-4,0.3291,R,F,A
3.5,10500,-4,0.3251,R,F,A
4,10500,-4,0.3235,R,F,A
4.5,10500,-4,0.3234,R,F,A
5,10500,-4,0.3238,R,F,A
2.5,11000,-4,0.3304,R,F,A
3,11000,-4,0.3208,R,F,A
3.5,11000,-4,0.316,R,F,A
4,11000,-4,0.3136,R,F,A
4.5,11000,-4,0.3128,R,F,A
5,11000,-4,0.3126,R,F,A
2.5,11500,-4,0.3243,R,F,A
3,11500,-4,0.3136,R,F,A
3.5,11500,-4,0.3079,R,F,A
4,11500,-4,0.3052,R,F,A
4.5,11500,-4,0.304,R,F,A
5,11500,-4,0.3034,R,F,A
2.5,12000,-4,0.3192,R,F,A
3,12000,-4,0.3073,R,F,A
3.5,12000,-4,0.3009,R,F,A
4,12000,-4,0.2977,R,F,A
4.5,12000,-4,0.2962,R,F,A
5,12000,-4,0.2955,R,F,A
2.5,12500,-4,0.315,R,F,A
3,12500,-4,0.3016,R,F,A
3.5,12500,-4,0.2946,R,F,A
4,12500,-4,0.291,R,F,A
4.5,12500,-4,0.2891,R,F,A
5,12500,-4,0.2882,R,F,A
2.5,13000,-4,0.3115,R,F,A
3,13000,-4,0.2966,R,F,A
3.5,13000,-4,0.2889,R,F,A
4,13000,-4,0.2849,R,F,A
4.5,13000,-4,0.2828,R,F,A
5,13000,-4,0.2817,R,F,A
2,14000,-4,0.3411,R,F,A
2.5,14000,-4,0.306,R,F,A
3,14000,-4,0.2885,R,F,A
3.5,14000,-4,0.2792,R,F,A
4,14000,-4,0.2742,R,F,A
4.5,14000,-4,0.2716,R,F,A
5,14000,-4,0.2701,R,F,A
2.5,15000,-4,0.3024,R,F,A
3,15000,-4,0.282,R,F,A
3.5,15000,-4,0.2712,R,F,A
4,15000,-4,0.2652,R,F,A
4.5,15000,-4,0.262,R,F,A
5,15000,-4,0.2601,R,F,A
2.5,16000,-4,0.2999,R,F,A
3,16000,-4,0.2765,R,F,A
3.5,16000,-4,0.2643,R,F,A
4,16000,-4,0.2576,R,F,A
4.5,16000,-4,0.2537,R,F,A
5,16000,-4,0.2515,R,F,A
2.5,17000,-4,0.299,R,F,A
3,17000,-4,0.2717,R,F,A
3.5,17000,-4,0.2582,R,F,A
4,17000,-4,0.2508,R,F,A
4.5,17000,-4,0.2465,R,F,A
5,17000,-4,0.244,R,F,A
2.5,18000,-4,0.3002,R,F,A
3,18000,-4,0.2677,R,F,A
3.5,18000,-4,0.2525,R,F,A
4,18000,-4,0.2445,R,F,A
4.5,18000,-4,0.24,R,F,A
5,18000,-4,0.2374,R,F,A
2.5,19000,-4,0.3041,R,F,A
3,19000,-4,0.2647,R,F,A
3.5,19000,-4,0.2472,R,F,A
4,19000,-4,0.2385,R,F,A
4.5,19000,-4,0.2337,R,F,A
5,19000,-4,0.2312,R,F,A
3,20000,-4,0.2632,R,F,A
3.5,20000,-4,0.2426,R,F,A
4,20000,-4,0.2327,R,F,A
4.5,20000,-4,0.2278,R,F,A
5,20000,-4,0.2251,R,F,A
3,21000,-4,0.2632,R,F,A
3.5,21000,-4,0.2392,R,F,A
4,21000,-4,0.2277,R,F,A
4.5,21000,-4,0.2221,R,F,A
5,21000,-4,0.2193,R,F,A
3,22000,-4,0.2647,R,F,A
3.5,22000,-4,0.2368,R,F,A
4,22000,-4,0.2236,R,F,A
4.5,22000,-4,0.217,R,F,A
5,22000,-4,0.2139,R,F,A
3,23000,-4,0.2676,R,F,A
3.5,23000,-4,0.2355,R,F,A
4,23000,-4,0.2203,R,F,A
4.5,23000,-4,0.2128,R,F,A
5,23000,-4,0.209,R,F,A
3,24000,-4,0.272,R,F,A
3.5,24000,-4,0.235,R,F,A
4,24000,-4,0.2179,R,F,A
4.5,24000,-4,0.2093,R,F,A
5,24000,-4,0.2049,R,F,A
3,25000,-4,0.2777,R,F,A
3.5,25000,-4,0.2352,R,F,A
4,25000,-4,0.2161,R,F,A
4.5,25000,-4,0.2064,R,F,A
5,25000,-4,0.2014,R,F,A
3,26000,-4,0.2797,R,F,A
3.5,26000,-4,0.2359,R,F,A
4,26000,-4,0.2147,R,F,A
4.5,26000,-4,0.204,R,F,A
5,26000,-4,0.1984,R,F,A
3.5,27000,-4,0.2363,R,F,A
4,27000,-4,0.2134,R,F,A
4.5,27000,-4,0.2019,R,F,A
5,27000,-4,0.1957,R,F,A
3.5,28000,-4,0.2343,R,F,A
4,28000,-4,0.212,R,F,A
4.5,28000,-4,0.1997,R,F,A
5,28000,-4,0.1931,R,F,A
3.5,29000,-4,0.2294,R,F,A
4,29000,-4,0.2093,R,F,A
4.5,29000,-4,0.1971,R,F,A
5,29000,-4,0.1901,R,F,A
3.5,30000,-4,0.2236,R,F,A
4,30000,-4,0.2044,R,F,A
4.5,30000,-4,0.1936,R,F,A
5,30000,-4,0.1867,R,F,A
3.5,31000,-4,0.2183,R,F,A
4,31000,-4,0.1985,R,F,A
4.5,31000,-4,0.1883,R,F,A
5,31000,-4,0.1823,R,F,A
4,32000,-4,0.1924,R,F,A
4.5,32000,-4,0.1823,R,F,A
5,32000,-4,0.1766,R,F,A
4,33000,-4,0.186,R,F,A
4.5,33000,-4,0.176,R,F,A
5,33000,-4,0.1703,R,F,A
4,34000,-4,0.1786,R,F,A
4.5,34000,-4,0.1694,R,F,A
5,34000,-4,0.164,R,F,A
4,35000,-4,0.1704,R,F,A
4.5,35000,-4,0.1619,R,F,A
5,35000,-4,0.1574,R,F,A
4.5,37500,-4,0.1406,R,F,A
5,37500,-4,0.1372,R,F,A
4.5,40000,-4,0.1272,R,F,A
5,40000,-4,0.1189,R,F,A
5,42500,-4,0.1093,R,F,A
5,45000,-4,0.1056,R,F,A
5,47500,-4,0.1047,R,F,A
5,50000,-4,0.1046,R,F,A
0,3500,-3.5,0.6663,R,F,A
0.5,3500,-3.5,0.6547,R,F,A
1,3500,-3.5,0.5908,R,F,A
1.5,3500,-3.5,0.5067,R,F,A
2,3500,-3.5,0.4478,R,F,A
2.5,3500,-3.5,0.4141,R,F,A
3,3500,-3.5,0.4043,R,F,A
3.5,3500,-3.5,0.4104,R,F,A
0,3750,-3.5,0.6433,R,F,A
0.5,3750,-3.5,0.6351,R,F,A
1,3750,-3.5,0.62,R,F,A
1.5,3750,-3.5,0.5566,R,F,A
2,3750,-3.5,0.4693,R,F,A
2.5,3750,-3.5,0.4073,R,F,A
3,3750,-3.5,0.3765,R,F,A
3.5,3750,-3.5,0.3651,R,F,A
4,3750,-3.5,0.3693,R,F,A
0,4000,-3.5,0.6246,R,F,A
0.5,4000,-3.5,0.5986,R,F,A
1,4000,-3.5,0.5715,R,F,A
1.5,4000,-3.5,0.5461,R,F,A
2,4000,-3.5,0.5007,R,F,A
2.5,4000,-3.5,0.4282,R,F,A
3,4000,-3.5,0.3664,R,F,A
3.5,4000,-3.5,0.3364,R,F,A
4,4000,-3.5,0.3283,R,F,A
4.5,4000,-3.5,0.3336,R,F,A
0,4250,-3.5,0.6048,R,F,A
0.5,4250,-3.5,0.5777,R,F,A
1,4250,-3.5,0.5457,R,F,A
1.5,4250,-3.5,0.5153,R,F,A
2,4250,-3.5,0.4897,R,F,A
2.5,4250,-3.5,0.4595,R,F,A
3,4250,-3.5,0.4035,R,F,A
3.5,4250,-3.5,0.3438,R,F,A
4,4250,-3.5,0.3082,R,F,A
4.5,4250,-3.5,0.2963,R,F,A
0,4500,-3.5,0.5866,R,F,A
0.5,4500,-3.5,0.563,R,F,A
1,4500,-3.5,0.5358,R,F,A
1.5,4500,-3.5,0.5074,R,F,A
2,4500,-3.5,0.4828,R,F,A
2.5,4500,-3.5,0.4613,R,F,A
3,4500,-3.5,0.4393,R,F,A
3.5,4500,-3.5,0.3967,R,F,A
4,4500,-3.5,0.3446,R,F,A
4.5,4500,-3.5,0.3036,R,F,A
5,4500,-3.5,0.2781,R,F,A
0,4750,-3.5,0.5655,R,F,A
0.5,4750,-3.5,0.5469,R,F,A
1,4750,-3.5,0.5267,R,F,A
1.5,4750,-3.5,0.5039,R,F,A
2,4750,-3.5,0.4827,R,F,A
2.5,4750,-3.5,0.4651,R,F,A
3,4750,-3.5,0.4449,R,F,A
3.5,4750,-3.5,0.4274,R,F,A
4,4750,-3.5,0.3939,R,F,A
4.5,4750,-3.5,0.3477,R,F,A
5,4750,-3.5,0.3002,R,F,A
0,5000,-3.5,0.5455,R,F,A
0.5,5000,-3.5,0.5329,R,F,A
1,5000,-3.5,0.5174,R,F,A
1.5,5000,-3.5,0.5001,R,F,A
2,5000,-3.5,0.4828,R,F,A
2.5,5000,-3.5,0.4661,R,F,A
3,5000,-3.5,0.4511,R,F,A
3.5,5000,-3.5,0.436,R,F,A
4,5000,-3.5,0.4138,R,F,A
4.5,5000,-3.5,0.3809,R,F,A
5,5000,-3.5,0.3438,R,F,A
0,5250,-3.5,0.5245,R,F,A
0.5,5250,-3.5,0.5175,R,F,A
1,5250,-3.5,0.5068,R,F,A
1.5,5250,-3.5,0.4941,R,F,A
2,5250,-3.5,0.4807,R,F,A
2.5,5250,-3.5,0.4674,R,F,A
3,5250,-3.5,0.4553,R,F,A
3.5,5250,-3.5,0.4427,R,F,A
4,5250,-3.5,0.4279,R,F,A
4.5,5250,-3.5,0.4061,R,F,A
5,5250,-3.5,0.3755,R,F,A
0,5500,-3.5,0.4995,R,F,A
0.5,5500,-3.5,0.4996,R,F,A
1,5500,-3.5,0.4938,R,F,A
1.5,5500,-3.5,0.4848,R,F,A
2,5500,-3.5,0.4751,R,F,A
2.5,5500,-3.5,0.4647,R,F,A
3,5500,-3.5,0.4554,R,F,A
3.5,5500,-3.5,0.4466,R,F,A
4,5500,-3.5,0.4342,R,F,A
4.5,5500,-3.5,0.4179,R,F,A
5,5500,-3.5,0.3977,R,F,A
0,5750,-3.5,0.5352,R,F,A
0.5,5750,-3.5,0.4763,R,F,A
1,5750,-3.5,0.477,R,F,A
1.5,5750,-3.5,0.4739,R,F,A
2,5750,-3.5,0.4676,R,F,A
2.5,5750,-3.5,0.4592,R,F,A
3,5750,-3.5,0.4526,R,F,A
3.5,5750,-3.5,0.4464,R,F,A
4,5750,-3.5,0.4366,R,F,A
4.5,5750,-3.5,0.4243,R,F,A
5,5750,-3.5,0.4073,R,F,A
0,6000,-3.5,0.5421,R,F,A
0.5,6000,-3.5,0.5219,R,F,A
1,6000,-3.5,0.4622,R,F,A
1.5,6000,-3.5,0.459,R,F,A
2,6000,-3.5,0.4566,R,F,A
2.5,6000,-3.5,0.4524,R,F,A
3,6000,-3.5,0.4489,R,F,A
3.5,6000,-3.5,0.4432,R,F,A
4,6000,-3.5,0.4371,R,F,A
4.5,6000,-3.5,0.4284,R,F,A
5,6000,-3.5,0.4131,R,F,A
0.5,6250,-3.5,0.529,R,F,A
1,6250,-3.5,0.504,R,F,A
1.5,6250,-3.5,0.4412,R,F,A
2,6250,-3.5,0.4443,R,F,A
2.5,6250,-3.5,0.4436,R,F,A
3,6250,-3.5,0.4398,R,F,A
3.5,6250,-3.5,0.4373,R,F,A
4,6250,-3.5,0.4327,R,F,A
4.5,6250,-3.5,0.4272,R,F,A
5,6250,-3.5,0.4163,R,F,A
0.5,6500,-3.5,0.5274,R,F,A
1,6500,-3.5,0.5139,R,F,A
1.5,6500,-3.5,0.4864,R,F,A
2,6500,-3.5,0.4285,R,F,A
2.5,6500,-3.5,0.4291,R,F,A
3,6500,-3.5,0.4302,R,F,A
3.5,6500,-3.5,0.43,R,F,A
4,6500,-3.5,0.4277,R,F,A
4.5,6500,-3.5,0.4239,R,F,A
5,6500,-3.5,0.4155,R,F,A
0.5,6750,-3.5,0.5182,R,F,A
1,6750,-3.5,0.5119,R,F,A
1.5,6750,-3.5,0.4963,R,F,A
2,6750,-3.5,0.467,R,F,A
2.5,6750,-3.5,0.4158,R,F,A
3,6750,-3.5,0.4183,R,F,A
3.5,6750,-3.5,0.4203,R,F,A
4,6750,-3.5,0.4201,R,F,A
4.5,6750,-3.5,0.4182,R,F,A
5,6750,-3.5,0.4129,R,F,A
0.5,7000,-3.5,0.5041,R,F,A
1,7000,-3.5,0.5007,R,F,A
1.5,7000,-3.5,0.495,R,F,A
2,7000,-3.5,0.478,R,F,A
2.5,7000,-3.5,0.4442,R,F,A
3,7000,-3.5,0.4026,R,F,A
3.5,7000,-3.5,0.4093,R,F,A
4,7000,-3.5,0.4108,R,F,A
4.5,7000,-3.5,0.4111,R,F,A
5,7000,-3.5,0.4082,R,F,A
0.5,7250,-3.5,0.4893,R,F,A
1,7250,-3.5,0.4841,R,F,A
1.5,7250,-3.5,0.4826,R,F,A
2,7250,-3.5,0.4777,R,F,A
2.5,7250,-3.5,0.4586,R,F,A
3,7250,-3.5,0.4221,R,F,A
3.5,7250,-3.5,0.3955,R,F,A
4,7250,-3.5,0.3999,R,F,A
4.5,7250,-3.5,0.4024,R,F,A
5,7250,-3.5,0.4018,R,F,A
1,7500,-3.5,0.4668,R,F,A
1.5,7500,-3.5,0.464,R,F,A
2,7500,-3.5,0.4642,R,F,A
2.5,7500,-3.5,0.46,R,F,A
3,7500,-3.5,0.4381,R,F,A
3.5,7500,-3.5,0.3978,R,F,A
4,7500,-3.5,0.3899,R,F,A
4.5,7500,-3.5,0.3921,R,F,A
5,7500,-3.5,0.3933,R,F,A
1.5,7750,-3.5,0.4452,R,F,A
2,7750,-3.5,0.4446,R,F,A
2.5,7750,-3.5,0.4467,R,F,A
3,7750,-3.5,0.4421,R,F,A
3.5,7750,-3.5,0.4159,R,F,A
4,7750,-3.5,0.3802,R,F,A
4.5,7750,-3.5,0.382,R,F,A
5,7750,-3.5,0.3833,R,F,A
1.5,8000,-3.5,0.4293,R,F,A
2,8000,-3.5,0.4263,R,F,A
2.5,8000,-3.5,0.4278,R,F,A
3,8000,-3.5,0.4312,R,F,A
3.5,8000,-3.5,0.4245,R,F,A
4,8000,-3.5,0.3939,R,F,A
4.5,8000,-3.5,0.3658,R,F,A
5,8000,-3.5,0.3726,R,F,A
1.5,8250,-3.5,0.4162,R,F,A
2,8250,-3.5,0.4102,R,F,A
2.5,8250,-3.5,0.4099,R,F,A
3,8250,-3.5,0.4128,R,F,A
3.5,8250,-3.5,0.4172,R,F,A
4,8250,-3.5,0.4054,R,F,A
4.5,8250,-3.5,0.3733,R,F,A
5,8250,-3.5,0.3581,R,F,A
1.5,8500,-3.5,0.4066,R,F,A
2,8500,-3.5,0.3972,R,F,A
2.5,8500,-3.5,0.3945,R,F,A
3,8500,-3.5,0.3961,R,F,A
3.5,8500,-3.5,0.4003,R,F,A
4,8500,-3.5,0.4038,R,F,A
4.5,8500,-3.5,0.3854,R,F,A
5,8500,-3.5,0.356,R,F,A
2,8750,-3.5,0.3868,R,F,A
2.5,8750,-3.5,0.3816,R,F,A
3,8750,-3.5,0.3816,R,F,A
3.5,8750,-3.5,0.3848,R,F,A
4,8750,-3.5,0.389,R,F,A
4.5,8750,-3.5,0.3893,R,F,A
5,8750,-3.5,0.3658,R,F,A
1.5,9000,-3.5,0.3954,R,F,A
2,9000,-3.5,0.3787,R,F,A
2.5,9000,-3.5,0.3714,R,F,A
3,9000,-3.5,0.3696,R,F,A
3.5,9000,-3.5,0.3713,R,F,A
4,9000,-3.5,0.3751,R,F,A
4.5,9000,-3.5,0.38,R,F,A
5,9000,-3.5,0.385,R,F,A
2,9250,-3.5,0.3726,R,F,A
2.5,9250,-3.5,0.3632,R,F,A
3,9250,-3.5,0.3599,R,F,A
3.5,9250,-3.5,0.36,R,F,A
4,9250,-3.5,0.3624,R,F,A
4.5,9250,-3.5,0.3665,R,F,A
5,9250,-3.5,0.371,R,F,A
2,9500,-3.5,0.3678,R,F,A
2.5,9500,-3.5,0.3566,R,F,A
3,9500,-3.5,0.3516,R,F,A
3.5,9500,-3.5,0.3507,R,F,A
4,9500,-3.5,0.352,R,F,A
4.5,9500,-3.5,0.3548,R,F,A
5,9500,-3.5,0.3588,R,F,A
2,9750,-3.5,0.3634,R,F,A
2.5,9750,-3.5,0.3509,R,F,A
3,9750,-3.5,0.3448,R,F,A
3.5,9750,-3.5,0.3428,R,F,A
4,9750,-3.5,0.3431,R,F,A
4.5,9750,-3.5,0.3448,R,F,A
5,9750,-3.5,0.3481,R,F,A
2,10000,-3.5,0.3598,R,F,A
2.5,10000,-3.5,0.3459,R,F,A
3,10000,-3.5,0.3389,R,F,A
3.5,10000,-3.5,0.3362,R,F,A
4,10000,-3.5,0.3357,R,F,A
4.5,10000,-3.5,0.3366,R,F,A
5,10000,-3.5,0.3386,R,F,A
2,10500,-3.5,0.3535,R,F,A
2.5,10500,-3.5,0.3374,R,F,A
3,10500,-3.5,0.329,R,F,A
3.5,10500,-3.5,0.3249,R,F,A
4,10500,-3.5,0.3235,R,F,A
4.5,10500,-3.5,0.3232,R,F,A
5,10500,-3.5,0.3236,R,F,A
2.5,11000,-3.5,0.3302,R,F,A
3,11000,-3.5,0.3206,R,F,A
3.5,11000,-3.5,0.3157,R,F,A
4,11000,-3.5,0.3135,R,F,A
4.5,11000,-3.5,0.3127,R,F,A
5,11000,-3.5,0.3123,R,F,A
2.5,11500,-3.5,0.324,R,F,A
3,11500,-3.5,0.3132,R,F,A
3.5,11500,-3.5,0.3077,R,F,A
4,11500,-3.5,0.305,R,F,A
4.5,11500,-3.5,0.3037,R,F,A
5,11500,-3.5,0.3032,R,F,A
2.5,12000,-3.5,0.3188,R,F,A
3,12000,-3.5,0.3068,R,F,A
3.5,12000,-3.5,0.3005,R,F,A
4,12000,-3.5,0.2975,R,F,A
4.5,12000,-3.5,0.296,R,F,A
5,12000,-3.5,0.2952,R,F,A
2.5,12500,-3.5,0.3145,R,F,A
3,12500,-3.5,0.3012,R,F,A
3.5,12500,-3.5,0.2942,R,F,A
4,12500,-3.5,0.2907,R,F,A
4.5,12500,-3.5,0.289,R,F,A
5,12500,-3.5,0.288,R,F,A
2.5,13000,-3.5,0.3109,R,F,A
3,13000,-3.5,0.2963,R,F,A
3.5,13000,-3.5,0.2886,R,F,A
4,13000,-3.5,0.2846,R,F,A
4.5,13000,-3.5,0.2825,R,F,A
5,13000,-3.5,0.2815,R,F,A
2,14000,-3.5,0.3409,R,F,A
2.5,14000,-3.5,0.3057,R,F,A
3,14000,-3.5,0.2882,R,F,A
3.5,14000,-3.5,0.2789,R,F,A
4,14000,-3.5,0.2739,R,F,A
4.5,14000,-3.5,0.2713,R,F,A
5,14000,-3.5,0.2699,R,F,A
2.5,15000,-3.5,0.3021,R,F,A
3,15000,-3.5,0.2817,R,F,A
3.5,15000,-3.5,0.271,R,F,A
4,15000,-3.5,0.2649,R,F,A
4.5,15000,-3.5,0.2617,R,F,A
5,15000,-3.5,0.2599,R,F,A
2.5,16000,-3.5,0.2999,R,F,A
3,16000,-3.5,0.2763,R,F,A
3.5,16000,-3.5,0.2641,R,F,A
4,16000,-3.5,0.2574,R,F,A
4.5,16000,-3.5,0.2536,R,F,A
5,16000,-3.5,0.2513,R,F,A
2.5,17000,-3.5,0.2989,R,F,A
3,17000,-3.5,0.2717,R,F,A
3.5,17000,-3.5,0.2582,R,F,A
4,17000,-3.5,0.2506,R,F,A
4.5,17000,-3.5,0.2463,R,F,A
5,17000,-3.5,0.2439,R,F,A
2.5,18000,-3.5,0.3001,R,F,A
3,18000,-3.5,0.2676,R,F,A
3.5,18000,-3.5,0.2524,R,F,A
4,18000,-3.5,0.2444,R,F,A
4.5,18000,-3.5,0.2399,R,F,A
5,18000,-3.5,0.2373,R,F,A
2.5,19000,-3.5,0.304,R,F,A
3,19000,-3.5,0.2646,R,F,A
3.5,19000,-3.5,0.2471,R,F,A
4,19000,-3.5,0.2384,R,F,A
4.5,19000,-3.5,0.2336,R,F,A
5,19000,-3.5,0.2311,R,F,A
3,20000,-3.5,0.2631,R,F,A
3.5,20000,-3.5,0.2425,R,F,A
4,20000,-3.5,0.2326,R,F,A
4.5,20000,-3.5,0.2277,R,F,A
5,20000,-3.5,0.225,R,F,A
3,21000,-3.5,0.263,R,F,A
3.5,21000,-3.5,0.239,R,F,A
4,21000,-3.5,0.2275,R,F,A
4.5,21000,-3.5,0.222,R,F,A
5,21000,-3.5,0.2192,R,F,A
3,22000,-3.5,0.2643,R,F,A
3.5,22000,-3.5,0.2366,R,F,A
4,22000,-3.5,0.2233,R,F,A
4.5,22000,-3.5,0.2168,R,F,A
5,22000,-3.5,0.2137,R,F,A
3,23000,-3.5,0.2671,R,F,A
3.5,23000,-3.5,0.2352,R,F,A
4,23000,-3.5,0.22,R,F,A
4.5,23000,-3.5,0.2125,R,F,A
5,23000,-3.5,0.2088,R,F,A
3,24000,-3.5,0.2715,R,F,A
3.5,24000,-3.5,0.2346,R,F,A
4,24000,-3.5,0.2175,R,F,A
4.5,24000,-3.5,0.209,R,F,A
5,24000,-3.5,0.2046,R,F,A
3,25000,-3.5,0.277,R,F,A
3.5,25000,-3.5,0.2347,R,F,A
4,25000,-3.5,0.2157,R,F,A
4.5,25000,-3.5,0.2061,R,F,A
5,25000,-3.5,0.2011,R,F,A
3,26000,-3.5,0.2794,R,F,A
3.5,26000,-3.5,0.2354,R,F,A
4,26000,-3.5,0.2142,R,F,A
4.5,26000,-3.5,0.2037,R,F,A
5,26000,-3.5,0.1981,R,F,A
3.5,27000,-3.5,0.2357,R,F,A
4,27000,-3.5,0.213,R,F,A
4.5,27000,-3.5,0.2016,R,F,A
5,27000,-3.5,0.1954,R,F,A
3.5,28000,-3.5,0.234,R,F,A
4,28000,-3.5,0.2115,R,F,A
4.5,28000,-3.5,0.1993,R,F,A
5,28000,-3.5,0.1928,R,F,A
3.5,29000,-3.5,0.2291,R,F,A
4,29000,-3.5,0.209,R,F,A
4.5,29000,-3.5,0.1967,R,F,A
5,29000,-3.5,0.1898,R,F,A
3.5,30000,-3.5,0.2235,R,F,A
4,30000,-3.5,0.2042,R,F,A
4.5,30000,-3.5,0.1932,R,F,A
5,30000,-3.5,0.1865,R,F,A
3.5,31000,-3.5,0.2183,R,F,A
4,31000,-3.5,0.1984,R,F,A
4.5,31000,-3.5,0.1882,R,F,A
5,31000,-3.5,0.1822,R,F,A
4,32000,-3.5,0.1923,R,F,A
4.5,32000,-3.5,0.1823,R,F,A
5,32000,-3.5,0.1765,R,F,A
4,33000,-3.5,0.1861,R,F,A
4.5,33000,-3.5,0.1757,R,F,A
5,33000,-3.5,0.1703,R,F,A
4,34000,-3.5,0.1788,R,F,A
4.5,34000,-3.5,0.1695,R,F,A
5,34000,-3.5,0.1642,R,F,A
4,35000,-3.5,0.1704,R,F,A
4.5,35000,-3.5,0.1621,R,F,A
5,35000,-3.5,0.1573,R,F,A
4.5,37500,-3.5,0.1407,R,F,A
5,37500,-3.5,0.1373,R,F,A
4.5,40000,-3.5,0.1272,R,F,A
5,40000,-3.5,0.1189,R,F,A
5,42500,-3.5,0.1094,R,F,A
5,45000,-3.5,0.1059,R,F,A
5,47500,-3.5,0.1051,R,F,A
5,50000,-3.5,0.1051,R,F,A
0,3500,-3,0.6988,R,F,A
0.5,3500,-3,0.7002,R,F,A
1,3500,-3,0.6382,R,F,A
1.5,3500,-3,0.5311,R,F,A
2,3500,-3,0.4487,R,F,A
2.5,3500,-3,0.4047,R,F,A
3,3500,-3,0.391,R,F,A
3.5,3500,-3,0.3932,R,F,A
4,3500,-3,0.41,R,F,A
0,3750,-3,0.6664,R,F,A
0.5,3750,-3,0.6644,R,F,A
1,3750,-3,0.6589,R,F,A
1.5,3750,-3,0.6177,R,F,A
2,3750,-3,0.5317,R,F,A
2.5,3750,-3,0.4455,R,F,A
3,3750,-3,0.3936,R,F,A
3.5,3750,-3,0.3685,R,F,A
4,3750,-3,0.3639,R,F,A
4.5,3750,-3,0.549,R,F,A
5,3750,-3,0.4043,R,F,A
0,4000,-3,0.6339,R,F,A
0.5,4000,-3,0.616,R,F,A
1,4000,-3,0.5979,R,F,A
1.5,4000,-3,0.5845,R,F,A
2,4000,-3,0.5559,R,F,A
2.5,4000,-3,0.498,R,F,A
3,4000,-3,0.4242,R,F,A
3.5,4000,-3,0.3769,R,F,A
4,4000,-3,0.3532,R,F,A
4.5,4000,-3,0.3456,R,F,A
5,4000,-3,0.3485,R,F,A
0,4250,-3,0.6078,R,F,A
0.5,4250,-3,0.5822,R,F,A
1,4250,-3,0.5553,R,F,A
1.5,4250,-3,0.5332,R,F,A
2,4250,-3,0.5167,R,F,A
2.5,4250,-3,0.5009,R,F,A
3,4250,-3,0.4522,R,F,A
3.5,4250,-3,0.3935,R,F,A
4,4250,-3,0.3505,R,F,A
4.5,4250,-3,0.3286,R,F,A
5,4250,-3,0.3239,R,F,A
0,4500,-3,0.5875,R,F,A
0.5,4500,-3,0.5639,R,F,A
1,4500,-3,0.538,R,F,A
1.5,4500,-3,0.5123,R,F,A
2,4500,-3,0.4919,R,F,A
2.5,4500,-3,0.4759,R,F,A
3,4500,-3,0.4589,R,F,A
3.5,4500,-3,0.4242,R,F,A
4,4500,-3,0.3758,R,F,A
4.5,4500,-3,0.3342,R,F,A
5,4500,-3,0.3096,R,F,A
0,4750,-3,0.5668,R,F,A
0.5,4750,-3,0.5479,R,F,A
1,4750,-3,0.5276,R,F,A
1.5,4750,-3,0.5055,R,F,A
2,4750,-3,0.4828,R,F,A
2.5,4750,-3,0.4669,R,F,A
3,4750,-3,0.4522,R,F,A
3.5,4750,-3,0.4326,R,F,A
4,4750,-3,0.4086,R,F,A
4.5,4750,-3,0.3658,R,F,A
5,4750,-3,0.3248,R,F,A
0,5000,-3,0.5461,R,F,A
0.5,5000,-3,0.5341,R,F,A
1.5,5000,-3,0.5006,R,F,A
2,5000,-3,0.4833,R,F,A
2.5,5000,-3,0.467,R,F,A
3,5000,-3,0.4532,R,F,A
3.5,5000,-3,0.4386,R,F,A
4,5000,-3,0.4191,R,F,A
4.5,5000,-3,0.389,R,F,A
5,5000,-3,0.3539,R,F,A
0,5250,-3,0.5248,R,F,A
0.5,5250,-3,0.5184,R,F,A
1,5250,-3,0.5077,R,F,A
1.5,5250,-3,0.4941,R,F,A
2,5250,-3,0.4802,R,F,A
2.5,5250,-3,0.4675,R,F,A
3,5250,-3,0.4555,R,F,A
3.5,5250,-3,0.4436,R,F,A
4,5250,-3,0.4287,R,F,A
4.5,5250,-3,0.4089,R,F,A
5,5250,-3,0.3907,R,F,A
0,5500,-3,0.5007,R,F,A
0.5,5500,-3,0.4989,R,F,A
1,5500,-3,0.4941,R,F,A
1.5,5500,-3,0.4855,R,F,A
2,5500,-3,0.4753,R,F,A
2.5,5500,-3,0.4643,R,F,A
3,5500,-3,0.4544,R,F,A
3.5,5500,-3,0.4463,R,F,A
4,5500,-3,0.4346,R,F,A
4.5,5500,-3,0.4186,R,F,A
5,5500,-3,0.3982,R,F,A
0,5750,-3,0.5374,R,F,A
0.5,5750,-3,0.4775,R,F,A
1,5750,-3,0.4773,R,F,A
1.5,5750,-3,0.4738,R,F,A
2,5750,-3,0.4668,R,F,A
2.5,5750,-3,0.4588,R,F,A
3,5750,-3,0.4525,R,F,A
3.5,5750,-3,0.4454,R,F,A
4,5750,-3,0.4366,R,F,A
4.5,5750,-3,0.4239,R,F,A
5,5750,-3,0.4078,R,F,A
0,6000,-3,0.5431,R,F,A
0.5,6000,-3,0.5216,R,F,A
1,6000,-3,0.4623,R,F,A
1.5,6000,-3,0.4591,R,F,A
2,6000,-3,0.4562,R,F,A
2.5,6000,-3,0.4522,R,F,A
3,6000,-3,0.4475,R,F,A
3.5,6000,-3,0.4421,R,F,A
4,6000,-3,0.4358,R,F,A
4.5,6000,-3,0.4268,R,F,A
5,6000,-3,0.4129,R,F,A
0.5,6250,-3,0.5295,R,F,A
1,6250,-3,0.5075,R,F,A
1.5,6250,-3,0.4471,R,F,A
2,6250,-3,0.4447,R,F,A
2.5,6250,-3,0.4441,R,F,A
3,6250,-3,0.4414,R,F,A
3.5,6250,-3,0.4371,R,F,A
4,6250,-3,0.4327,R,F,A
4.5,6250,-3,0.4261,R,F,A
5,6250,-3,0.4152,R,F,A
0.5,6500,-3,0.5278,R,F,A
1,6500,-3,0.514,R,F,A
1.5,6500,-3,0.4869,R,F,A
2,6500,-3,0.4366,R,F,A
2.5,6500,-3,0.4288,R,F,A
3,6500,-3,0.4304,R,F,A
3.5,6500,-3,0.4292,R,F,A
4,6500,-3,0.427,R,F,A
4.5,6500,-3,0.4238,R,F,A
5,6500,-3,0.4155,R,F,A
0.5,6750,-3,0.5186,R,F,A
1,6750,-3,0.5124,R,F,A
1.5,6750,-3,0.4973,R,F,A
2,6750,-3,0.47,R,F,A
2.5,6750,-3,0.4207,R,F,A
3,6750,-3,0.4186,R,F,A
3.5,6750,-3,0.4195,R,F,A
4,6750,-3,0.4193,R,F,A
4.5,6750,-3,0.4184,R,F,A
5,6750,-3,0.4131,R,F,A
0.5,7000,-3,0.5043,R,F,A
1,7000,-3,0.5011,R,F,A
1.5,7000,-3,0.4956,R,F,A
2,7000,-3,0.4796,R,F,A
2.5,7000,-3,0.447,R,F,A
3,7000,-3,0.406,R,F,A
3.5,7000,-3,0.4087,R,F,A
4,7000,-3,0.4102,R,F,A
4.5,7000,-3,0.4114,R,F,A
5,7000,-3,0.4081,R,F,A
0.5,7250,-3,0.4895,R,F,A
1,7250,-3,0.4842,R,F,A
1.5,7250,-3,0.4828,R,F,A
2,7250,-3,0.4785,R,F,A
2.5,7250,-3,0.4603,R,F,A
3,7250,-3,0.4229,R,F,A
3.5,7250,-3,0.3947,R,F,A
4,7250,-3,0.3993,R,F,A
4.5,7250,-3,0.4027,R,F,A
5,7250,-3,0.4017,R,F,A
1,7500,-3,0.4673,R,F,A
1.5,7500,-3,0.4644,R,F,A
2,7500,-3,0.4645,R,F,A
2.5,7500,-3,0.4608,R,F,A
3,7500,-3,0.4399,R,F,A
3.5,7500,-3,0.4024,R,F,A
4,7500,-3,0.3902,R,F,A
4.5,7500,-3,0.3924,R,F,A
5,7500,-3,0.3935,R,F,A
1.5,7750,-3,0.4455,R,F,A
2,7750,-3,0.4447,R,F,A
2.5,7750,-3,0.4467,R,F,A
3,7750,-3,0.4429,R,F,A
3.5,7750,-3,0.4176,R,F,A
4,7750,-3,0.3803,R,F,A
4.5,7750,-3,0.3822,R,F,A
5,7750,-3,0.383,R,F,A
1.5,8000,-3,0.4294,R,F,A
2,8000,-3,0.4262,R,F,A
2.5,8000,-3,0.4275,R,F,A
3,8000,-3,0.4312,R,F,A
3.5,8000,-3,0.4251,R,F,A
4,8000,-3,0.3953,R,F,A
4.5,8000,-3,0.3662,R,F,A
5,8000,-3,0.372,R,F,A
1.5,8250,-3,0.4163,R,F,A
2,8250,-3,0.4103,R,F,A
2.5,8250,-3,0.4101,R,F,A
3,8250,-3,0.413,R,F,A
3.5,8250,-3,0.4169,R,F,A
4,8250,-3,0.4069,R,F,A
4.5,8250,-3,0.3749,R,F,A
5,8250,-3,0.3578,R,F,A
1.5,8500,-3,0.4067,R,F,A
2,8500,-3,0.3973,R,F,A
2.5,8500,-3,0.3946,R,F,A
3,8500,-3,0.3962,R,F,A
3.5,8500,-3,0.4002,R,F,A
4,8500,-3,0.4041,R,F,A
4.5,8500,-3,0.387,R,F,A
5,8500,-3,0.3585,R,F,A
1.5,8750,-3,0.4,R,F,A
2,8750,-3,0.3872,R,F,A
2.5,8750,-3,0.3818,R,F,A
3,8750,-3,0.3814,R,F,A
3.5,8750,-3,0.3846,R,F,A
4,8750,-3,0.389,R,F,A
4.5,8750,-3,0.3901,R,F,A
5,8750,-3,0.3652,R,F,A
1.5,9000,-3,0.3957,R,F,A
2,9000,-3,0.3792,R,F,A
2.5,9000,-3,0.3716,R,F,A
3,9000,-3,0.3695,R,F,A
3.5,9000,-3,0.371,R,F,A
4,9000,-3,0.3748,R,F,A
4.5,9000,-3,0.3796,R,F,A
5,9000,-3,0.3847,R,F,A
2,9250,-3,0.373,R,F,A
2.5,9250,-3,0.3634,R,F,A
3,9250,-3,0.3598,R,F,A
3.5,9250,-3,0.3598,R,F,A
4,9250,-3,0.3622,R,F,A
4.5,9250,-3,0.3662,R,F,A
5,9250,-3,0.3707,R,F,A
2,9500,-3,0.368,R,F,A
2.5,9500,-3,0.3568,R,F,A
3,9500,-3,0.3518,R,F,A
3.5,9500,-3,0.3506,R,F,A
4,9500,-3,0.3517,R,F,A
4.5,9500,-3,0.3544,R,F,A
5,9500,-3,0.3585,R,F,A
2,9750,-3,0.3638,R,F,A
2.5,9750,-3,0.3511,R,F,A
3,9750,-3,0.3448,R,F,A
3.5,9750,-3,0.3427,R,F,A
4,9750,-3,0.3429,R,F,A
4.5,9750,-3,0.3446,R,F,A
5,9750,-3,0.3476,R,F,A
2,10000,-3,0.36,R,F,A
2.5,10000,-3,0.3461,R,F,A
3,10000,-3,0.3391,R,F,A
3.5,10000,-3,0.3361,R,F,A
4,10000,-3,0.3355,R,F,A
4.5,10000,-3,0.3364,R,F,A
5,10000,-3,0.3384,R,F,A
2,10500,-3,0.3534,R,F,A
2.5,10500,-3,0.3374,R,F,A
3,10500,-3,0.3291,R,F,A
3.5,10500,-3,0.3249,R,F,A
4,10500,-3,0.3233,R,F,A
4.5,10500,-3,0.3231,R,F,A
5,10500,-3,0.3234,R,F,A
2.5,11000,-3,0.33,R,F,A
3,11000,-3,0.3205,R,F,A
3.5,11000,-3,0.3156,R,F,A
4,11000,-3,0.3134,R,F,A
4.5,11000,-3,0.3124,R,F,A
5,11000,-3,0.3121,R,F,A
2.5,11500,-3,0.3236,R,F,A
3,11500,-3,0.313,R,F,A
3.5,11500,-3,0.3075,R,F,A
4,11500,-3,0.3047,R,F,A
4.5,11500,-3,0.3035,R,F,A
5,11500,-3,0.3029,R,F,A
2.5,12000,-3,0.3183,R,F,A
3,12000,-3,0.3064,R,F,A
3.5,12000,-3,0.3003,R,F,A
4,12000,-3,0.2971,R,F,A
4.5,12000,-3,0.2958,R,F,A
5,12000,-3,0.295,R,F,A
2.5,12500,-3,0.314,R,F,A
3,12500,-3,0.3006,R,F,A
3.5,12500,-3,0.2938,R,F,A
4,12500,-3,0.2903,R,F,A
4.5,12500,-3,0.2887,R,F,A
5,12500,-3,0.2878,R,F,A
2.5,13000,-3,0.3104,R,F,A
3,13000,-3,0.2957,R,F,A
3.5,13000,-3,0.2881,R,F,A
4,13000,-3,0.2841,R,F,A
4.5,13000,-3,0.2822,R,F,A
5,13000,-3,0.2812,R,F,A
2,14000,-3,0.3405,R,F,A
2.5,14000,-3,0.3051,R,F,A
3,14000,-3,0.2876,R,F,A
3.5,14000,-3,0.2783,R,F,A
4,14000,-3,0.2733,R,F,A
4.5,14000,-3,0.2709,R,F,A
5,14000,-3,0.2696,R,F,A
2.5,15000,-3,0.3016,R,F,A
3,15000,-3,0.2811,R,F,A
3.5,15000,-3,0.2704,R,F,A
4,15000,-3,0.2644,R,F,A
4.5,15000,-3,0.2613,R,F,A
5,15000,-3,0.2595,R,F,A
2.5,16000,-3,0.2994,R,F,A
3,16000,-3,0.2759,R,F,A
3.5,16000,-3,0.2636,R,F,A
4,16000,-3,0.2569,R,F,A
4.5,16000,-3,0.2531,R,F,A
5,16000,-3,0.251,R,F,A
2.5,17000,-3,0.2987,R,F,A
3,17000,-3,0.2712,R,F,A
3.5,17000,-3,0.2577,R,F,A
4,17000,-3,0.2502,R,F,A
4.5,17000,-3,0.246,R,F,A
5,17000,-3,0.2436,R,F,A
2.5,18000,-3,0.3,R,F,A
3,18000,-3,0.2673,R,F,A
3.5,18000,-3,0.252,R,F,A
4,18000,-3,0.244,R,F,A
4.5,18000,-3,0.2395,R,F,A
5,18000,-3,0.2369,R,F,A
2.5,19000,-3,0.3039,R,F,A
3,19000,-3,0.2644,R,F,A
3.5,19000,-3,0.2467,R,F,A
4,19000,-3,0.2381,R,F,A
4.5,19000,-3,0.2333,R,F,A
5,19000,-3,0.2308,R,F,A
3,20000,-3,0.2629,R,F,A
3.5,20000,-3,0.2423,R,F,A
4,20000,-3,0.2324,R,F,A
4.5,20000,-3,0.2274,R,F,A
5,20000,-3,0.2248,R,F,A
3,21000,-3,0.2628,R,F,A
3.5,21000,-3,0.2389,R,F,A
4,21000,-3,0.2273,R,F,A
4.5,21000,-3,0.2217,R,F,A
5,21000,-3,0.219,R,F,A
3,22000,-3,0.2639,R,F,A
3.5,22000,-3,0.2364,R,F,A
4,22000,-3,0.2232,R,F,A
4.5,22000,-3,0.2167,R,F,A
5,22000,-3,0.2135,R,F,A
3,23000,-3,0.2664,R,F,A
3.5,23000,-3,0.2348,R,F,A
4,23000,-3,0.2199,R,F,A
4.5,23000,-3,0.2124,R,F,A
5,23000,-3,0.2087,R,F,A
3,24000,-3,0.2705,R,F,A
3.5,24000,-3,0.234,R,F,A
4,24000,-3,0.2172,R,F,A
4.5,24000,-3,0.2088,R,F,A
5,24000,-3,0.2045,R,F,A
3,25000,-3,0.276,R,F,A
3.5,25000,-3,0.2339,R,F,A
4,25000,-3,0.2152,R,F,A
4.5,25000,-3,0.2058,R,F,A
5,25000,-3,0.2009,R,F,A
3,26000,-3,0.2788,R,F,A
3.5,26000,-3,0.2345,R,F,A
4,26000,-3,0.2137,R,F,A
4.5,26000,-3,0.2033,R,F,A
5,26000,-3,0.1978,R,F,A
3,27000,-3,0.2762,R,F,A
3.5,27000,-3,0.235,R,F,A
4,27000,-3,0.2124,R,F,A
4.5,27000,-3,0.201,R,F,A
5,27000,-3,0.1951,R,F,A
3.5,28000,-3,0.2334,R,F,A
4,28000,-3,0.2109,R,F,A
4.5,28000,-3,0.1987,R,F,A
5,28000,-3,0.1923,R,F,A
3.5,29000,-3,0.2291,R,F,A
4,29000,-3,0.2085,R,F,A
4.5,29000,-3,0.1962,R,F,A
5,29000,-3,0.1894,R,F,A
3.5,30000,-3,0.2236,R,F,A
4,30000,-3,0.2039,R,F,A
4.5,30000,-3,0.1927,R,F,A
5,30000,-3,0.1861,R,F,A
3.5,31000,-3,0.2187,R,F,A
4,31000,-3,0.1983,R,F,A
4.5,31000,-3,0.1879,R,F,A
5,31000,-3,0.1817,R,F,A
4,32000,-3,0.1924,R,F,A
4.5,32000,-3,0.182,R,F,A
5,32000,-3,0.1762,R,F,A
4,33000,-3,0.1863,R,F,A
4.5,33000,-3,0.176,R,F,A
5,33000,-3,0.1702,R,F,A
4,34000,-3,0.179,R,F,A
4.5,34000,-3,0.1694,R,F,A
5,34000,-3,0.1639,R,F,A
4,35000,-3,0.1706,R,F,A
4.5,35000,-3,0.1623,R,F,A
5,35000,-3,0.1575,R,F,A
4.5,37500,-3,0.1411,R,F,A
5,37500,-3,0.1375,R,F,A
4.5,40000,-3,0.1276,R,F,A
5,40000,-3,0.1193,R,F,A
5,42500,-3,0.1098,R,F,A
5,45000,-3,0.1063,R,F,A
5,47500,-3,0.1055,R,F,A
5,50000,-3,0.1054,R,F,A
0,3500,-2.5,0.7339,R,F,A
0.5,3500,-2.5,0.7442,R,F,A
1,3500,-2.5,0.6986,R,F,A
1.5,3500,-2.5,0.5773,R,F,A
2,3500,-2.5,0.4698,R,F,A
2.5,3500,-2.5,0.4101,R,F,A
3,3500,-2.5,0.3915,R,F,A
3.5,3500,-2.5,0.3901,R,F,A
4,3500,-2.5,0.4018,R,F,A
0,3750,-2.5,0.6957,R,F,A
0.5,3750,-2.5,0.698,R,F,A
1,3750,-2.5,0.696,R,F,A
1.5,3750,-2.5,0.6798,R,F,A
2,3750,-2.5,0.607,R,F,A
2.5,3750,-2.5,0.4975,R,F,A
3,3750,-2.5,0.417,R,F,A
3.5,3750,-2.5,0.3775,R,F,A
4,3750,-2.5,0.3636,R,F,A
4.5,3750,-2.5,0.3671,R,F,A
0,4000,-2.5,0.6529,R,F,A
0.5,4000,-2.5,0.6427,R,F,A
1,4000,-2.5,0.6345,R,F,A
1.5,4000,-2.5,0.6291,R,F,A
2,4000,-2.5,0.6204,R,F,A
2.5,4000,-2.5,0.5797,R,F,A
3,4000,-2.5,0.5008,R,F,A
3.5,4000,-2.5,0.4271,R,F,A
4,4000,-2.5,0.3794,R,F,A
4.5,4000,-2.5,0.3529,R,F,A
0,4250,-2.5,0.6149,R,F,A
0.5,4250,-2.5,0.596,R,F,A
1,4250,-2.5,0.5783,R,F,A
1.5,4250,-2.5,0.5662,R,F,A
2,4250,-2.5,0.5606,R,F,A
2.5,4250,-2.5,0.5548,R,F,A
3,4250,-2.5,0.5259,R,F,A
3.5,4250,-2.5,0.4714,R,F,A
4,4250,-2.5,0.4134,R,F,A
4.5,4250,-2.5,0.373,R,F,A
5,4250,-2.5,0.3516,R,F,A
0,4500,-2.5,0.5887,R,F,A
0.5,4500,-2.5,0.5678,R,F,A
1,4500,-2.5,0.5472,R,F,A
1.5,4500,-2.5,0.5278,R,F,A
2,4500,-2.5,0.5153,R,F,A
2.5,4500,-2.5,0.507,R,F,A
3,4500,-2.5,0.4996,R,F,A
3.5,4500,-2.5,0.4791,R,F,A
4,4500,-2.5,0.4348,R,F,A
4.5,4500,-2.5,0.3899,R,F,A
5,4500,-2.5,0.354,R,F,A
0,4750,-2.5,0.5661,R,F,A
0.5,4750,-2.5,0.5493,R,F,A
1,4750,-2.5,0.5302,R,F,A
1.5,4750,-2.5,0.5104,R,F,A
2,4750,-2.5,0.4927,R,F,A
2.5,4750,-2.5,0.4808,R,F,A
3,4750,-2.5,0.4702,R,F,A
3.5,4750,-2.5,0.4587,R,F,A
4,4750,-2.5,0.4428,R,F,A
4.5,4750,-2.5,0.403,R,F,A
5,4750,-2.5,0.3656,R,F,A
0,5000,-2.5,0.546,R,F,A
0.5,5000,-2.5,0.5337,R,F,A
1,5000,-2.5,0.5187,R,F,A
1.5,5000,-2.5,0.5024,R,F,A
2,5000,-2.5,0.486,R,F,A
2.5,5000,-2.5,0.471,R,F,A
3,5000,-2.5,0.4599,R,F,A
3.5,5000,-2.5,0.4475,R,F,A
4,5000,-2.5,0.4326,R,F,A
4.5,5000,-2.5,0.4107,R,F,A
5,5000,-2.5,0.3778,R,F,A
0,5250,-2.5,0.5241,R,F,A
0.5,5250,-2.5,0.5172,R,F,A
1,5250,-2.5,0.507,R,F,A
1.5,5250,-2.5,0.4952,R,F,A
2,5250,-2.5,0.4818,R,F,A
2.5,5250,-2.5,0.4693,R,F,A
3,5250,-2.5,0.4574,R,F,A
3.5,5250,-2.5,0.4475,R,F,A
4,5250,-2.5,0.4343,R,F,A
4.5,5250,-2.5,0.417,R,F,A
5,5250,-2.5,0.3922,R,F,A
0,5500,-2.5,0.5001,R,F,A
0.5,5500,-2.5,0.4991,R,F,A
1,5500,-2.5,0.4943,R,F,A
1.5,5500,-2.5,0.4857,R,F,A
2,5500,-2.5,0.476,R,F,A
2.5,5500,-2.5,0.4654,R,F,A
3,5500,-2.5,0.457,R,F,A
3.5,5500,-2.5,0.4475,R,F,A
4,5500,-2.5,0.4379,R,F,A
4.5,5500,-2.5,0.4219,R,F,A
5,5500,-2.5,0.4033,R,F,A
0,5750,-2.5,0.5372,R,F,A
0.5,5750,-2.5,0.4774,R,F,A
1,5750,-2.5,0.4773,R,F,A
1.5,5750,-2.5,0.474,R,F,A
2,5750,-2.5,0.4674,R,F,A
2.5,5750,-2.5,0.4601,R,F,A
3,5750,-2.5,0.4532,R,F,A
3.5,5750,-2.5,0.447,R,F,A
4,5750,-2.5,0.4399,R,F,A
4.5,5750,-2.5,0.4256,R,F,A
5,5750,-2.5,0.4097,R,F,A
0,6000,-2.5,0.5433,R,F,A
0.5,6000,-2.5,0.5251,R,F,A
1,6000,-2.5,0.4678,R,F,A
1.5,6000,-2.5,0.4591,R,F,A
2,6000,-2.5,0.4572,R,F,A
2.5,6000,-2.5,0.4528,R,F,A
3,6000,-2.5,0.449,R,F,A
3.5,6000,-2.5,0.4416,R,F,A
4,6000,-2.5,0.436,R,F,A
4.5,6000,-2.5,0.4272,R,F,A
5,6000,-2.5,0.4145,R,F,A
0.5,6250,-2.5,0.5293,R,F,A
1,6250,-2.5,0.5067,R,F,A
1.5,6250,-2.5,0.4524,R,F,A
2,6250,-2.5,0.4441,R,F,A
2.5,6250,-2.5,0.4433,R,F,A
3,6250,-2.5,0.4408,R,F,A
3.5,6250,-2.5,0.4378,R,F,A
4,6250,-2.5,0.4332,R,F,A
4.5,6250,-2.5,0.4265,R,F,A
5,6250,-2.5,0.4157,R,F,A
0.5,6500,-2.5,0.5273,R,F,A
1,6500,-2.5,0.5141,R,F,A
1.5,6500,-2.5,0.4875,R,F,A
2,6500,-2.5,0.4362,R,F,A
2.5,6500,-2.5,0.429,R,F,A
3,6500,-2.5,0.4301,R,F,A
3.5,6500,-2.5,0.43,R,F,A
4,6500,-2.5,0.4275,R,F,A
4.5,6500,-2.5,0.4236,R,F,A
5,6500,-2.5,0.4158,R,F,A
0.5,6750,-2.5,0.5183,R,F,A
1,6750,-2.5,0.5124,R,F,A
1.5,6750,-2.5,0.4977,R,F,A
2,6750,-2.5,0.468,R,F,A
2.5,6750,-2.5,0.4191,R,F,A
3,6750,-2.5,0.418,R,F,A
3.5,6750,-2.5,0.4198,R,F,A
4,6750,-2.5,0.419,R,F,A
4.5,6750,-2.5,0.4183,R,F,A
5,6750,-2.5,0.413,R,F,A
0.5,7000,-2.5,0.5043,R,F,A
1,7000,-2.5,0.5009,R,F,A
1.5,7000,-2.5,0.4958,R,F,A
2,7000,-2.5,0.4796,R,F,A
2.5,7000,-2.5,0.4473,R,F,A
3,7000,-2.5,0.4066,R,F,A
3.5,7000,-2.5,0.4088,R,F,A
4,7000,-2.5,0.4097,R,F,A
4.5,7000,-2.5,0.4111,R,F,A
5,7000,-2.5,0.408,R,F,A
0.5,7250,-2.5,0.4898,R,F,A
1,7250,-2.5,0.4843,R,F,A
1.5,7250,-2.5,0.4829,R,F,A
2,7250,-2.5,0.4785,R,F,A
2.5,7250,-2.5,0.4607,R,F,A
3,7250,-2.5,0.4238,R,F,A
3.5,7250,-2.5,0.3946,R,F,A
4,7250,-2.5,0.3995,R,F,A
4.5,7250,-2.5,0.4022,R,F,A
5,7250,-2.5,0.4017,R,F,A
0.5,7500,-2.5,0.477,R,F,A
1,7500,-2.5,0.4676,R,F,A
1.5,7500,-2.5,0.4647,R,F,A
2,7500,-2.5,0.4647,R,F,A
2.5,7500,-2.5,0.4611,R,F,A
3,7500,-2.5,0.4404,R,F,A
3.5,7500,-2.5,0.4024,R,F,A
4,7500,-2.5,0.3898,R,F,A
4.5,7500,-2.5,0.392,R,F,A
5,7500,-2.5,0.3931,R,F,A
1,7750,-2.5,0.4518,R,F,A
1.5,7750,-2.5,0.4461,R,F,A
2,7750,-2.5,0.4455,R,F,A
2.5,7750,-2.5,0.4469,R,F,A
3,7750,-2.5,0.4433,R,F,A
3.5,7750,-2.5,0.4182,R,F,A
4,7750,-2.5,0.3821,R,F,A
4.5,7750,-2.5,0.3825,R,F,A
5,7750,-2.5,0.3834,R,F,A
1.5,8000,-2.5,0.43,R,F,A
2,8000,-2.5,0.4269,R,F,A
2.5,8000,-2.5,0.4281,R,F,A
3,8000,-2.5,0.4314,R,F,A
3.5,8000,-2.5,0.4256,R,F,A
4,8000,-2.5,0.3962,R,F,A
4.5,8000,-2.5,0.3672,R,F,A
5,8000,-2.5,0.3725,R,F,A
1.5,8250,-2.5,0.4171,R,F,A
2,8250,-2.5,0.4108,R,F,A
2.5,8250,-2.5,0.4104,R,F,A
3,8250,-2.5,0.4131,R,F,A
3.5,8250,-2.5,0.4172,R,F,A
4,8250,-2.5,0.4073,R,F,A
4.5,8250,-2.5,0.3756,R,F,A
5,8250,-2.5,0.3576,R,F,A
1.5,8500,-2.5,0.4075,R,F,A
2,8500,-2.5,0.3979,R,F,A
2.5,8500,-2.5,0.395,R,F,A
3,8500,-2.5,0.3964,R,F,A
3.5,8500,-2.5,0.4004,R,F,A
4,8500,-2.5,0.4041,R,F,A
4.5,8500,-2.5,0.3875,R,F,A
5,8500,-2.5,0.3586,R,F,A
2,8750,-2.5,0.3876,R,F,A
2.5,8750,-2.5,0.3821,R,F,A
3,8750,-2.5,0.3819,R,F,A
3.5,8750,-2.5,0.3847,R,F,A
4,8750,-2.5,0.3888,R,F,A
4.5,8750,-2.5,0.3902,R,F,A
5,8750,-2.5,0.3655,R,F,A
2,9000,-2.5,0.3797,R,F,A
2.5,9000,-2.5,0.3719,R,F,A
3,9000,-2.5,0.3698,R,F,A
3.5,9000,-2.5,0.3711,R,F,A
4,9000,-2.5,0.3748,R,F,A
4.5,9000,-2.5,0.3795,R,F,A
5,9000,-2.5,0.3843,R,F,A
2,9250,-2.5,0.3737,R,F,A
2.5,9250,-2.5,0.3639,R,F,A
3,9250,-2.5,0.36,R,F,A
3.5,9250,-2.5,0.3597,R,F,A
4,9250,-2.5,0.3619,R,F,A
4.5,9250,-2.5,0.3659,R,F,A
5,9250,-2.5,0.3705,R,F,A
2,9500,-2.5,0.3687,R,F,A
2.5,9500,-2.5,0.3572,R,F,A
3,9500,-2.5,0.3519,R,F,A
3.5,9500,-2.5,0.3505,R,F,A
4,9500,-2.5,0.3514,R,F,A
4.5,9500,-2.5,0.3544,R,F,A
5,9500,-2.5,0.3583,R,F,A
2,9750,-2.5,0.3643,R,F,A
2.5,9750,-2.5,0.3515,R,F,A
3,9750,-2.5,0.3451,R,F,A
3.5,9750,-2.5,0.3426,R,F,A
4,9750,-2.5,0.3427,R,F,A
4.5,9750,-2.5,0.3443,R,F,A
5,9750,-2.5,0.3475,R,F,A
2,10000,-2.5,0.3603,R,F,A
2.5,10000,-2.5,0.3463,R,F,A
3,10000,-2.5,0.3392,R,F,A
3.5,10000,-2.5,0.3361,R,F,A
4,10000,-2.5,0.3354,R,F,A
4.5,10000,-2.5,0.3363,R,F,A
5,10000,-2.5,0.338,R,F,A
2,10500,-2.5,0.3535,R,F,A
2.5,10500,-2.5,0.3376,R,F,A
3,10500,-2.5,0.3291,R,F,A
3.5,10500,-2.5,0.325,R,F,A
4,10500,-2.5,0.3233,R,F,A
4.5,10500,-2.5,0.3228,R,F,A
5,10500,-2.5,0.3232,R,F,A
2.5,11000,-2.5,0.3299,R,F,A
3,11000,-2.5,0.3204,R,F,A
3.5,11000,-2.5,0.3157,R,F,A
4,11000,-2.5,0.3134,R,F,A
4.5,11000,-2.5,0.3123,R,F,A
5,11000,-2.5,0.3119,R,F,A
2.5,11500,-2.5,0.3234,R,F,A
3,11500,-2.5,0.3129,R,F,A
3.5,11500,-2.5,0.3074,R,F,A
4,11500,-2.5,0.3047,R,F,A
4.5,11500,-2.5,0.3034,R,F,A
5,11500,-2.5,0.3028,R,F,A
2.5,12000,-2.5,0.3179,R,F,A
3,12000,-2.5,0.3061,R,F,A
3.5,12000,-2.5,0.2999,R,F,A
4,12000,-2.5,0.297,R,F,A
4.5,12000,-2.5,0.2956,R,F,A
5,12000,-2.5,0.2948,R,F,A
2.5,12500,-2.5,0.3134,R,F,A
3,12500,-2.5,0.3002,R,F,A
3.5,12500,-2.5,0.2933,R,F,A
4,12500,-2.5,0.2899,R,F,A
4.5,12500,-2.5,0.2884,R,F,A
5,12500,-2.5,0.2875,R,F,A
2.5,13000,-2.5,0.3097,R,F,A
3,13000,-2.5,0.295,R,F,A
3.5,13000,-2.5,0.2874,R,F,A
4,13000,-2.5,0.2836,R,F,A
4.5,13000,-2.5,0.2818,R,F,A
5,13000,-2.5,0.2809,R,F,A
2,14000,-2.5,0.34,R,F,A
2.5,14000,-2.5,0.3044,R,F,A
3,14000,-2.5,0.2867,R,F,A
3.5,14000,-2.5,0.2775,R,F,A
4,14000,-2.5,0.2725,R,F,A
4.5,14000,-2.5,0.2702,R,F,A
5,14000,-2.5,0.269,R,F,A
2.5,15000,-2.5,0.301,R,F,A
3,15000,-2.5,0.2803,R,F,A
3.5,15000,-2.5,0.2695,R,F,A
4,15000,-2.5,0.2636,R,F,A
4.5,15000,-2.5,0.2605,R,F,A
5,15000,-2.5,0.2589,R,F,A
2.5,16000,-2.5,0.299,R,F,A
3,16000,-2.5,0.2752,R,F,A
3.5,16000,-2.5,0.2629,R,F,A
4,16000,-2.5,0.2561,R,F,A
4.5,16000,-2.5,0.2523,R,F,A
5,16000,-2.5,0.2504,R,F,A
2.5,17000,-2.5,0.2983,R,F,A
3,17000,-2.5,0.2707,R,F,A
3.5,17000,-2.5,0.257,R,F,A
4,17000,-2.5,0.2496,R,F,A
4.5,17000,-2.5,0.2453,R,F,A
5,17000,-2.5,0.243,R,F,A
2.5,18000,-2.5,0.2999,R,F,A
3,18000,-2.5,0.2668,R,F,A
3.5,18000,-2.5,0.2515,R,F,A
4,18000,-2.5,0.2435,R,F,A
4.5,18000,-2.5,0.239,R,F,A
5,18000,-2.5,0.2364,R,F,A
2.5,19000,-2.5,0.3037,R,F,A
3,19000,-2.5,0.2641,R,F,A
3.5,19000,-2.5,0.2463,R,F,A
4,19000,-2.5,0.2377,R,F,A
4.5,19000,-2.5,0.2328,R,F,A
5,19000,-2.5,0.2304,R,F,A
3,20000,-2.5,0.2626,R,F,A
3.5,20000,-2.5,0.2419,R,F,A
4,20000,-2.5,0.232,R,F,A
4.5,20000,-2.5,0.227,R,F,A
5,20000,-2.5,0.2244,R,F,A
3,21000,-2.5,0.2625,R,F,A
3.5,21000,-2.5,0.2385,R,F,A
4,21000,-2.5,0.227,R,F,A
4.5,21000,-2.5,0.2214,R,F,A
5,21000,-2.5,0.2187,R,F,A
3,22000,-2.5,0.2634,R,F,A
3.5,22000,-2.5,0.236,R,F,A
4,22000,-2.5,0.2228,R,F,A
4.5,22000,-2.5,0.2163,R,F,A
5,22000,-2.5,0.2132,R,F,A
3,23000,-2.5,0.2657,R,F,A
3.5,23000,-2.5,0.2343,R,F,A
4,23000,-2.5,0.2195,R,F,A
4.5,23000,-2.5,0.2121,R,F,A
5,23000,-2.5,0.2084,R,F,A
3,24000,-2.5,0.2695,R,F,A
3.5,24000,-2.5,0.2334,R,F,A
4,24000,-2.5,0.2167,R,F,A
4.5,24000,-2.5,0.2085,R,F,A
5,24000,-2.5,0.2042,R,F,A
3,25000,-2.5,0.2748,R,F,A
3.5,25000,-2.5,0.233,R,F,A
4,25000,-2.5,0.2147,R,F,A
4.5,25000,-2.5,0.2054,R,F,A
5,25000,-2.5,0.2006,R,F,A
3,26000,-2.5,0.278,R,F,A
3.5,26000,-2.5,0.2335,R,F,A
4,26000,-2.5,0.2128,R,F,A
4.5,26000,-2.5,0.2028,R,F,A
5,26000,-2.5,0.1975,R,F,A
3.5,27000,-2.5,0.234,R,F,A
4,27000,-2.5,0.2114,R,F,A
4.5,27000,-2.5,0.2003,R,F,A
5,27000,-2.5,0.1946,R,F,A
3.5,28000,-2.5,0.2327,R,F,A
4,28000,-2.5,0.2099,R,F,A
4.5,28000,-2.5,0.1979,R,F,A
5,28000,-2.5,0.1918,R,F,A
3.5,29000,-2.5,0.2289,R,F,A
4,29000,-2.5,0.2078,R,F,A
4.5,29000,-2.5,0.1955,R,F,A
5,29000,-2.5,0.1889,R,F,A
3.5,30000,-2.5,0.2241,R,F,A
4,30000,-2.5,0.2038,R,F,A
4.5,30000,-2.5,0.1923,R,F,A
5,30000,-2.5,0.1856,R,F,A
3.5,31000,-2.5,0.219,R,F,A
4,31000,-2.5,0.1983,R,F,A
4.5,31000,-2.5,0.1875,R,F,A
5,31000,-2.5,0.1814,R,F,A
4,32000,-2.5,0.1926,R,F,A
4.5,32000,-2.5,0.182,R,F,A
5,32000,-2.5,0.1761,R,F,A
4,33000,-2.5,0.1867,R,F,A
4.5,33000,-2.5,0.1761,R,F,A
5,33000,-2.5,0.1703,R,F,A
4,34000,-2.5,0.1794,R,F,A
4.5,34000,-2.5,0.1698,R,F,A
5,34000,-2.5,0.1642,R,F,A
4,35000,-2.5,0.1712,R,F,A
4.5,35000,-2.5,0.1625,R,F,A
5,35000,-2.5,0.1577,R,F,A
4.5,37500,-2.5,0.1414,R,F,A
5,37500,-2.5,0.1378,R,F,A
4.5,40000,-2.5,0.1282,R,F,A
5,40000,-2.5,0.1196,R,F,A
5,42500,-2.5,0.1101,R,F,A
5,45000,-2.5,0.1067,R,F,A
5,47500,-2.5,0.1057,R,F,A
5,50000,-2.5,0.1055,R,F,A
0,3500,-2,0.7688,R,F,A
0.5,3500,-2,0.7785,R,F,A
1,3500,-2,0.7613,R,F,A
1.5,3500,-2,0.6595,R,F,A
2,3500,-2,0.515,R,F,A
2.5,3500,-2,0.4288,R,F,A
3,3500,-2,0.3948,R,F,A
3.5,3500,-2,0.3752,R,F,A
4,3500,-2,0.38,R,F,A
4.5,3500,-2,0.4106,R,F,A
5,3500,-2,0.4277,R,F,A
0,3750,-2,0.726,R,F,A
0.5,3750,-2,0.7285,R,F,A
1,3750,-2,0.7286,R,F,A
1.5,3750,-2,0.7263,R,F,A
2,3750,-2,0.6817,R,F,A
2.5,3750,-2,0.5692,R,F,A
3,3750,-2,0.4555,R,F,A
3.5,3750,-2,0.3867,R,F,A
4,3750,-2,0.3642,R,F,A
4.5,3750,-2,0.3505,R,F,A
5,3750,-2,0.3493,R,F,A
0,4000,-2,0.6799,R,F,A
0.5,4000,-2,0.6743,R,F,A
1,4000,-2,0.6705,R,F,A
1.5,4000,-2,0.6682,R,F,A
2,4000,-2,0.6684,R,F,A
2.5,4000,-2,0.6517,R,F,A
3,4000,-2,0.5856,R,F,A
3.5,4000,-2,0.4875,R,F,A
4,4000,-2,0.4124,R,F,A
4.5,4000,-2,0.3614,R,F,A
5,4000,-2,0.356,R,F,A
0,4250,-2,0.6306,R,F,A
0.5,4250,-2,0.6199,R,F,A
1,4250,-2,0.6124,R,F,A
1.5,4250,-2,0.6081,R,F,A
2,4250,-2,0.6081,R,F,A
2.5,4250,-2,0.6087,R,F,A
3,4250,-2,0.5978,R,F,A
3.5,4250,-2,0.5567,R,F,A
4,4250,-2,0.4878,R,F,A
4.5,4250,-2,0.4224,R,F,A
5,4250,-2,0.3784,R,F,A
0,4500,-2,0.5948,R,F,A
0.5,4500,-2,0.5799,R,F,A
1,4500,-2,0.5656,R,F,A
1.5,4500,-2,0.5568,R,F,A
2,4500,-2,0.5531,R,F,A
2.5,4500,-2,0.5528,R,F,A
3,4500,-2,0.5525,R,F,A
3.5,4500,-2,0.5445,R,F,A
4,4500,-2,0.515,R,F,A
4.5,4500,-2,0.4678,R,F,A
5,4500,-2,0.4144,R,F,A
0,4750,-2,0.5681,R,F,A
0.5,4750,-2,0.5529,R,F,A
1,4750,-2,0.5367,R,F,A
1.5,4750,-2,0.5229,R,F,A
2,4750,-2,0.5122,R,F,A
2.5,4750,-2,0.5072,R,F,A
3,4750,-2,0.505,R,F,A
3.5,4750,-2,0.5017,R,F,A
4,4750,-2,0.4928,R,F,A
4.5,4750,-2,0.4672,R,F,A
5,4750,-2,0.4315,R,F,A
0,5000,-2,0.5462,R,F,A
0.5,5000,-2,0.5345,R,F,A
1,5000,-2,0.5208,R,F,A
1.5,5000,-2,0.5062,R,F,A
2,5000,-2,0.4926,R,F,A
2.5,5000,-2,0.4831,R,F,A
3,5000,-2,0.4767,R,F,A
3.5,5000,-2,0.4707,R,F,A
4,5000,-2,0.4622,R,F,A
4.5,5000,-2,0.4457,R,F,A
5,5000,-2,0.421,R,F,A
0,5250,-2,0.5243,R,F,A
0.5,5250,-2,0.5178,R,F,A
1,5250,-2,0.5078,R,F,A
1.5,5250,-2,0.4962,R,F,A
2,5250,-2,0.4838,R,F,A
2.5,5250,-2,0.4728,R,F,A
3,5250,-2,0.4639,R,F,A
3.5,5250,-2,0.4565,R,F,A
4,5250,-2,0.4474,R,F,A
4.5,5250,-2,0.441,R,F,A
5,5250,-2,0.4159,R,F,A
0,5500,-2,0.5002,R,F,A
0.5,5500,-2,0.4989,R,F,A
1,5500,-2,0.4941,R,F,A
1.5,5500,-2,0.4858,R,F,A
2,5500,-2,0.4766,R,F,A
2.5,5500,-2,0.4668,R,F,A
3,5500,-2,0.459,R,F,A
3.5,5500,-2,0.4499,R,F,A
4,5500,-2,0.4413,R,F,A
4.5,5500,-2,0.429,R,F,A
5,5500,-2,0.4132,R,F,A
0,5750,-2,0.536,R,F,A
0.5,5750,-2,0.4866,R,F,A
1,5750,-2,0.4772,R,F,A
1.5,5750,-2,0.4743,R,F,A
2,5750,-2,0.4675,R,F,A
2.5,5750,-2,0.4609,R,F,A
3,5750,-2,0.4539,R,F,A
3.5,5750,-2,0.4456,R,F,A
4,5750,-2,0.4418,R,F,A
4.5,5750,-2,0.4288,R,F,A
5,5750,-2,0.4146,R,F,A
0,6000,-2,0.5426,R,F,A
0.5,6000,-2,0.5253,R,F,A
1,6000,-2,0.4673,R,F,A
1.5,6000,-2,0.459,R,F,A
2,6000,-2,0.4568,R,F,A
2.5,6000,-2,0.4527,R,F,A
3,6000,-2,0.4492,R,F,A
3.5,6000,-2,0.4441,R,F,A
4,6000,-2,0.4365,R,F,A
4.5,6000,-2,0.4304,R,F,A
5,6000,-2,0.4159,R,F,A
0.5,6250,-2,0.5287,R,F,A
1,6250,-2,0.5053,R,F,A
1.5,6250,-2,0.4524,R,F,A
2,6250,-2,0.4435,R,F,A
2.5,6250,-2,0.4432,R,F,A
3,6250,-2,0.4406,R,F,A
3.5,6250,-2,0.4374,R,F,A
4,6250,-2,0.4326,R,F,A
4.5,6250,-2,0.4272,R,F,A
5,6250,-2,0.4166,R,F,A
0.5,6500,-2,0.5268,R,F,A
1,6500,-2,0.5142,R,F,A
1.5,6500,-2,0.4908,R,F,A
2,6500,-2,0.433,R,F,A
2.5,6500,-2,0.4287,R,F,A
3,6500,-2,0.4296,R,F,A
3.5,6500,-2,0.4298,R,F,A
4,6500,-2,0.4275,R,F,A
4.5,6500,-2,0.4236,R,F,A
5,6500,-2,0.4161,R,F,A
0.5,6750,-2,0.5176,R,F,A
1,6750,-2,0.5121,R,F,A
1.5,6750,-2,0.4979,R,F,A
2,6750,-2,0.4668,R,F,A
2.5,6750,-2,0.4199,R,F,A
3,6750,-2,0.4179,R,F,A
3.5,6750,-2,0.4198,R,F,A
4,6750,-2,0.4198,R,F,A
4.5,6750,-2,0.4181,R,F,A
5,6750,-2,0.4128,R,F,A
0.5,7000,-2,0.5037,R,F,A
1,7000,-2,0.5005,R,F,A
1.5,7000,-2,0.4955,R,F,A
2,7000,-2,0.4798,R,F,A
2.5,7000,-2,0.448,R,F,A
3,7000,-2,0.4067,R,F,A
3.5,7000,-2,0.4086,R,F,A
4,7000,-2,0.4094,R,F,A
4.5,7000,-2,0.4109,R,F,A
5,7000,-2,0.408,R,F,A
0.5,7250,-2,0.4868,R,F,A
1,7250,-2,0.4813,R,F,A
1.5,7250,-2,0.4798,R,F,A
2,7250,-2,0.4757,R,F,A
2.5,7250,-2,0.4581,R,F,A
3,7250,-2,0.4221,R,F,A
3.5,7250,-2,0.3929,R,F,A
4,7250,-2,0.3964,R,F,A
4.5,7250,-2,0.3992,R,F,A
5,7250,-2,0.399,R,F,A
0.5,7500,-2,0.4748,R,F,A
1,7500,-2,0.465,R,F,A
1.5,7500,-2,0.4619,R,F,A
2,7500,-2,0.4619,R,F,A
2.5,7500,-2,0.4585,R,F,A
3,7500,-2,0.4383,R,F,A
3.5,7500,-2,0.399,R,F,A
4,7500,-2,0.3862,R,F,A
4.5,7500,-2,0.3889,R,F,A
5,7500,-2,0.3901,R,F,A
1,7750,-2,0.4506,R,F,A
1.5,7750,-2,0.4443,R,F,A
2,7750,-2,0.4433,R,F,A
2.5,7750,-2,0.4445,R,F,A
3,7750,-2,0.4403,R,F,A
3.5,7750,-2,0.4156,R,F,A
4,7750,-2,0.3792,R,F,A
4.5,7750,-2,0.3795,R,F,A
5,7750,-2,0.3806,R,F,A
1,8000,-2,0.439,R,F,A
1.5,8000,-2,0.4285,R,F,A
2,8000,-2,0.4259,R,F,A
2.5,8000,-2,0.4262,R,F,A
3,8000,-2,0.4288,R,F,A
3.5,8000,-2,0.4226,R,F,A
4,8000,-2,0.3926,R,F,A
4.5,8000,-2,0.3655,R,F,A
5,8000,-2,0.37,R,F,A
1.5,8250,-2,0.4162,R,F,A
2,8250,-2,0.4095,R,F,A
2.5,8250,-2,0.4085,R,F,A
3,8250,-2,0.4108,R,F,A
3.5,8250,-2,0.4144,R,F,A
4,8250,-2,0.4043,R,F,A
4.5,8250,-2,0.3716,R,F,A
5,8250,-2,0.3552,R,F,A
1.5,8500,-2,0.4066,R,F,A
2,8500,-2,0.397,R,F,A
2.5,8500,-2,0.3938,R,F,A
3,8500,-2,0.3947,R,F,A
3.5,8500,-2,0.3981,R,F,A
4,8500,-2,0.4012,R,F,A
4.5,8500,-2,0.3841,R,F,A
5,8500,-2,0.3565,R,F,A
2,8750,-2,0.3868,R,F,A
2.5,8750,-2,0.3811,R,F,A
3,8750,-2,0.3804,R,F,A
3.5,8750,-2,0.3828,R,F,A
4,8750,-2,0.3866,R,F,A
4.5,8750,-2,0.3872,R,F,A
5,8750,-2,0.3644,R,F,A
2,9000,-2,0.3806,R,F,A
2.5,9000,-2,0.3725,R,F,A
3,9000,-2,0.3703,R,F,A
3.5,9000,-2,0.3716,R,F,A
4,9000,-2,0.3748,R,F,A
4.5,9000,-2,0.3794,R,F,A
5,9000,-2,0.3839,R,F,A
2,9250,-2,0.3745,R,F,A
2.5,9250,-2,0.3646,R,F,A
3,9250,-2,0.3604,R,F,A
3.5,9250,-2,0.3602,R,F,A
4,9250,-2,0.362,R,F,A
4.5,9250,-2,0.366,R,F,A
5,9250,-2,0.3702,R,F,A
2,9500,-2,0.3696,R,F,A
2.5,9500,-2,0.3579,R,F,A
3,9500,-2,0.3522,R,F,A
3.5,9500,-2,0.3506,R,F,A
4,9500,-2,0.3514,R,F,A
4.5,9500,-2,0.3543,R,F,A
5,9500,-2,0.358,R,F,A
2,9750,-2,0.3651,R,F,A
2.5,9750,-2,0.3522,R,F,A
3,9750,-2,0.3456,R,F,A
3.5,9750,-2,0.3427,R,F,A
4,9750,-2,0.3424,R,F,A
4.5,9750,-2,0.3442,R,F,A
5,9750,-2,0.3474,R,F,A
2,10000,-2,0.3609,R,F,A
2.5,10000,-2,0.3471,R,F,A
3,10000,-2,0.3398,R,F,A
3.5,10000,-2,0.3361,R,F,A
4,10000,-2,0.3352,R,F,A
4.5,10000,-2,0.3357,R,F,A
5,10000,-2,0.3379,R,F,A
2,10500,-2,0.3537,R,F,A
2.5,10500,-2,0.3378,R,F,A
3,10500,-2,0.3295,R,F,A
3.5,10500,-2,0.3253,R,F,A
4,10500,-2,0.3233,R,F,A
4.5,10500,-2,0.3225,R,F,A
5,10500,-2,0.3229,R,F,A
2.5,11000,-2,0.3299,R,F,A
3,11000,-2,0.3206,R,F,A
3.5,11000,-2,0.3158,R,F,A
4,11000,-2,0.3135,R,F,A
4.5,11000,-2,0.3121,R,F,A
5,11000,-2,0.3117,R,F,A
2.5,11500,-2,0.323,R,F,A
3,11500,-2,0.3127,R,F,A
3.5,11500,-2,0.3073,R,F,A
4,11500,-2,0.3047,R,F,A
4.5,11500,-2,0.3033,R,F,A
5,11500,-2,0.3025,R,F,A
2.5,12000,-2,0.3172,R,F,A
3,12000,-2,0.3056,R,F,A
3.5,12000,-2,0.2997,R,F,A
4,12000,-2,0.2968,R,F,A
4.5,12000,-2,0.2954,R,F,A
5,12000,-2,0.2945,R,F,A
2.5,12500,-2,0.3127,R,F,A
3,12500,-2,0.2994,R,F,A
3.5,12500,-2,0.2927,R,F,A
4,12500,-2,0.2894,R,F,A
4.5,12500,-2,0.288,R,F,A
5,12500,-2,0.2873,R,F,A
2.5,13000,-2,0.3089,R,F,A
3,13000,-2,0.2942,R,F,A
3.5,13000,-2,0.2865,R,F,A
4,13000,-2,0.2829,R,F,A
4.5,13000,-2,0.2812,R,F,A
5,13000,-2,0.2805,R,F,A
2,14000,-2,0.3395,R,F,A
2.5,14000,-2,0.3035,R,F,A
3,14000,-2,0.2857,R,F,A
3.5,14000,-2,0.2763,R,F,A
4,14000,-2,0.2714,R,F,A
4.5,14000,-2,0.2692,R,F,A
5,14000,-2,0.2683,R,F,A
2.5,15000,-2,0.3002,R,F,A
3,15000,-2,0.2793,R,F,A
3.5,15000,-2,0.2683,R,F,A
4,15000,-2,0.2622,R,F,A
4.5,15000,-2,0.2593,R,F,A
5,15000,-2,0.2578,R,F,A
2.5,16000,-2,0.2983,R,F,A
3,16000,-2,0.2741,R,F,A
3.5,16000,-2,0.2615,R,F,A
4,16000,-2,0.2547,R,F,A
4.5,16000,-2,0.251,R,F,A
5,16000,-2,0.2491,R,F,A
2.5,17000,-2,0.298,R,F,A
3,17000,-2,0.2697,R,F,A
3.5,17000,-2,0.2559,R,F,A
4,17000,-2,0.2482,R,F,A
4.5,17000,-2,0.244,R,F,A
5,17000,-2,0.2417,R,F,A
2.5,18000,-2,0.2997,R,F,A
3,18000,-2,0.2662,R,F,A
3.5,18000,-2,0.2505,R,F,A
4,18000,-2,0.2423,R,F,A
4.5,18000,-2,0.2377,R,F,A
5,18000,-2,0.2352,R,F,A
2.5,19000,-2,0.3037,R,F,A
3,19000,-2,0.2636,R,F,A
3.5,19000,-2,0.2456,R,F,A
4,19000,-2,0.2367,R,F,A
4.5,19000,-2,0.2319,R,F,A
5,19000,-2,0.2294,R,F,A
3,20000,-2,0.2621,R,F,A
3.5,20000,-2,0.2413,R,F,A
4,20000,-2,0.2313,R,F,A
4.5,20000,-2,0.2261,R,F,A
5,20000,-2,0.2236,R,F,A
3,21000,-2,0.2618,R,F,A
3.5,21000,-2,0.2379,R,F,A
4,21000,-2,0.2264,R,F,A
4.5,21000,-2,0.2207,R,F,A
5,21000,-2,0.218,R,F,A
3,22000,-2,0.2624,R,F,A
3.5,22000,-2,0.2353,R,F,A
4,22000,-2,0.2223,R,F,A
4.5,22000,-2,0.2157,R,F,A
5,22000,-2,0.2127,R,F,A
3,23000,-2,0.2643,R,F,A
3.5,23000,-2,0.2334,R,F,A
4,23000,-2,0.2188,R,F,A
4.5,23000,-2,0.2116,R,F,A
5,23000,-2,0.208,R,F,A
3,24000,-2,0.2679,R,F,A
3.5,24000,-2,0.2321,R,F,A
4,24000,-2,0.216,R,F,A
4.5,24000,-2,0.208,R,F,A
5,24000,-2,0.204,R,F,A
3,25000,-2,0.273,R,F,A
3.5,25000,-2,0.2316,R,F,A
4,25000,-2,0.2136,R,F,A
4.5,25000,-2,0.2048,R,F,A
5,25000,-2,0.2004,R,F,A
3,26000,-2,0.2769,R,F,A
3.5,26000,-2,0.232,R,F,A
4,26000,-2,0.2117,R,F,A
4.5,26000,-2,0.202,R,F,A
5,26000,-2,0.1971,R,F,A
3.5,27000,-2,0.2323,R,F,A
4,27000,-2,0.2099,R,F,A
4.5,27000,-2,0.1995,R,F,A
5,27000,-2,0.1941,R,F,A
3.5,28000,-2,0.2317,R,F,A
4,28000,-2,0.2087,R,F,A
4.5,28000,-2,0.1969,R,F,A
5,28000,-2,0.1912,R,F,A
3.5,29000,-2,0.2288,R,F,A
4,29000,-2,0.2064,R,F,A
4.5,29000,-2,0.1945,R,F,A
5,29000,-2,0.1882,R,F,A
4,30000,-2,0.203,R,F,A
4.5,30000,-2,0.1915,R,F,A
5,30000,-2,0.1848,R,F,A
4,31000,-2,0.1984,R,F,A
4.5,31000,-2,0.187,R,F,A
5,31000,-2,0.181,R,F,A
4,32000,-2,0.1932,R,F,A
4.5,32000,-2,0.182,R,F,A
5,32000,-2,0.1757,R,F,A
4.5,33000,-2,0.1762,R,F,A
5,33000,-2,0.1703,R,F,A
4.5,34000,-2,0.1704,R,F,A
5,34000,-2,0.1643,R,F,A
4.5,35000,-2,0.1632,R,F,A
5,35000,-2,0.1581,R,F,A
4.5,37500,-2,0.1423,R,F,A
5,37500,-2,0.1387,R,F,A
4.5,40000,-2,0.129,R,F,A
5,40000,-2,0.1204,R,F,A
5,42500,-2,0.1107,R,F,A
5,45000,-2,0.1072,R,F,A
5,47500,-2,0.106,R,F,A
5,50000,-2,0.1057,R,F,A
0,3500,-1.5,0.7989,R,F,A
0.5,3500,-1.5,0.8063,R,F,A
1,3500,-1.5,0.8067,R,F,A
1.5,3500,-1.5,0.7627,R,F,A
2,3500,-1.5,0.627,R,F,A
2.5,3500,-1.5,0.5032,R,F,A
3,3500,-1.5,0.4394,R,F,A
3.5,3500,-1.5,0.4116,R,F,A
4,3500,-1.5,0.4038,R,F,A
4.5,3500,-1.5,0.4112,R,F,A
5,3500,-1.5,0.4241,R,F,A
0,3750,-1.5,0.7516,R,F,A
0.5,3750,-1.5,0.7532,R,F,A
1,3750,-1.5,0.7541,R,F,A
1.5,3750,-1.5,0.7525,R,F,A
2,3750,-1.5,0.7406,R,F,A
2.5,3750,-1.5,0.6587,R,F,A
3,3750,-1.5,0.5243,R,F,A
3.5,3750,-1.5,0.4339,R,F,A
4,3750,-1.5,0.3891,R,F,A
4.5,3750,-1.5,0.383,R,F,A
5,3750,-1.5,0.3847,R,F,A
0,4000,-1.5,0.7053,R,F,A
0.5,4000,-1.5,0.7044,R,F,A
1,4000,-1.5,0.7059,R,F,A
1.5,4000,-1.5,0.7054,R,F,A
2,4000,-1.5,0.7031,R,F,A
2.5,4000,-1.5,0.6988,R,F,A
3,4000,-1.5,0.6621,R,F,A
3.5,4000,-1.5,0.5627,R,F,A
4,4000,-1.5,0.4597,R,F,A
4.5,4000,-1.5,0.3981,R,F,A
5,4000,-1.5,0.3703,R,F,A
0,4250,-1.5,0.6541,R,F,A
0.5,4250,-1.5,0.6577,R,F,A
1,4250,-1.5,0.6526,R,F,A
1.5,4250,-1.5,0.6485,R,F,A
2,4250,-1.5,0.6506,R,F,A
2.5,4250,-1.5,0.652,R,F,A
3,4250,-1.5,0.6507,R,F,A
3.5,4250,-1.5,0.6337,R,F,A
4,4250,-1.5,0.5696,R,F,A
4.5,4250,-1.5,0.4825,R,F,A
5,4250,-1.5,0.4129,R,F,A
0,4500,-1.5,0.6074,R,F,A
0.5,4500,-1.5,0.5996,R,F,A
1,4500,-1.5,0.5951,R,F,A
1.5,4500,-1.5,0.5928,R,F,A
2,4500,-1.5,0.5951,R,F,A
2.5,4500,-1.5,0.5987,R,F,A
3,4500,-1.5,0.6011,R,F,A
3.5,4500,-1.5,0.6002,R,F,A
4,4500,-1.5,0.5886,R,F,A
4.5,4500,-1.5,0.5487,R,F,A
5,4500,-1.5,0.4818,R,F,A
0,4750,-1.5,0.5733,R,F,A
0.5,4750,-1.5,0.5628,R,F,A
1,4750,-1.5,0.553,R,F,A
1.5,4750,-1.5,0.5472,R,F,A
2,4750,-1.5,0.5449,R,F,A
2.5,4750,-1.5,0.55,R,F,A
3,4750,-1.5,0.5526,R,F,A
3.5,4750,-1.5,0.5544,R,F,A
4,4750,-1.5,0.5503,R,F,A
4.5,4750,-1.5,0.5406,R,F,A
5,4750,-1.5,0.5095,R,F,A
0,5000,-1.5,0.5482,R,F,A
0.5,5000,-1.5,0.5383,R,F,A
1,5000,-1.5,0.5272,R,F,A
1.5,5000,-1.5,0.5171,R,F,A
2,5000,-1.5,0.5106,R,F,A
2.5,5000,-1.5,0.5067,R,F,A
3,5000,-1.5,0.5082,R,F,A
3.5,5000,-1.5,0.5074,R,F,A
4,5000,-1.5,0.5106,R,F,A
4.5,5000,-1.5,0.5008,R,F,A
5,5000,-1.5,0.4909,R,F,A
0,5250,-1.5,0.5249,R,F,A
0.5,5250,-1.5,0.5188,R,F,A
1,5250,-1.5,0.5097,R,F,A
1.5,5250,-1.5,0.4997,R,F,A
2,5250,-1.5,0.4901,R,F,A
2.5,5250,-1.5,0.4826,R,F,A
3,5250,-1.5,0.4783,R,F,A
3.5,5250,-1.5,0.4765,R,F,A
4,5250,-1.5,0.4745,R,F,A
4.5,5250,-1.5,0.4728,R,F,A
5,5250,-1.5,0.4584,R,F,A
0,5500,-1.5,0.4977,R,F,A
0.5,5500,-1.5,0.4991,R,F,A
1,5500,-1.5,0.4941,R,F,A
1.5,5500,-1.5,0.4871,R,F,A
2,5500,-1.5,0.4785,R,F,A
2.5,5500,-1.5,0.4712,R,F,A
3,5500,-1.5,0.4645,R,F,A
3.5,5500,-1.5,0.4585,R,F,A
4,5500,-1.5,0.454,R,F,A
4.5,5500,-1.5,0.4468,R,F,A
5,5500,-1.5,0.4429,R,F,A
0,5750,-1.5,0.5366,R,F,A
0.5,5750,-1.5,0.4844,R,F,A
1,5750,-1.5,0.4763,R,F,A
1.5,5750,-1.5,0.474,R,F,A
2,5750,-1.5,0.4682,R,F,A
2.5,5750,-1.5,0.4622,R,F,A
3,5750,-1.5,0.4576,R,F,A
3.5,5750,-1.5,0.45,R,F,A
4,5750,-1.5,0.4447,R,F,A
4.5,5750,-1.5,0.4367,R,F,A
5,5750,-1.5,0.4258,R,F,A
0,6000,-1.5,0.5416,R,F,A
0.5,6000,-1.5,0.5244,R,F,A
1,6000,-1.5,0.4673,R,F,A
1.5,6000,-1.5,0.4572,R,F,A
2,6000,-1.5,0.4561,R,F,A
2.5,6000,-1.5,0.4522,R,F,A
3,6000,-1.5,0.4489,R,F,A
3.5,6000,-1.5,0.4452,R,F,A
4,6000,-1.5,0.4387,R,F,A
4.5,6000,-1.5,0.4316,R,F,A
5,6000,-1.5,0.4212,R,F,A
0.5,6250,-1.5,0.5288,R,F,A
1,6250,-1.5,0.5062,R,F,A
1.5,6250,-1.5,0.4538,R,F,A
2,6250,-1.5,0.4425,R,F,A
2.5,6250,-1.5,0.4426,R,F,A
3,6250,-1.5,0.4404,R,F,A
3.5,6250,-1.5,0.4379,R,F,A
4,6250,-1.5,0.4327,R,F,A
4.5,6250,-1.5,0.4289,R,F,A
5,6250,-1.5,0.4191,R,F,A
0.5,6500,-1.5,0.5259,R,F,A
1,6500,-1.5,0.5145,R,F,A
1.5,6500,-1.5,0.4929,R,F,A
2,6500,-1.5,0.4431,R,F,A
2.5,6500,-1.5,0.4275,R,F,A
3,6500,-1.5,0.429,R,F,A
3.5,6500,-1.5,0.429,R,F,A
4,6500,-1.5,0.4265,R,F,A
4.5,6500,-1.5,0.4238,R,F,A
5,6500,-1.5,0.4169,R,F,A
0.5,6750,-1.5,0.5162,R,F,A
1,6750,-1.5,0.5112,R,F,A
1.5,6750,-1.5,0.4973,R,F,A
2,6750,-1.5,0.4699,R,F,A
2.5,6750,-1.5,0.4219,R,F,A
3,6750,-1.5,0.4168,R,F,A
3.5,6750,-1.5,0.4184,R,F,A
4,6750,-1.5,0.418,R,F,A
4.5,6750,-1.5,0.4173,R,F,A
5,6750,-1.5,0.4134,R,F,A
0.5,7000,-1.5,0.5024,R,F,A
1,7000,-1.5,0.4992,R,F,A
1.5,7000,-1.5,0.4943,R,F,A
2,7000,-1.5,0.4785,R,F,A
2.5,7000,-1.5,0.4468,R,F,A
3,7000,-1.5,0.4032,R,F,A
3.5,7000,-1.5,0.4078,R,F,A
4,7000,-1.5,0.4094,R,F,A
4.5,7000,-1.5,0.4096,R,F,A
5,7000,-1.5,0.4072,R,F,A
0.5,7250,-1.5,0.4859,R,F,A
1,7250,-1.5,0.4802,R,F,A
1.5,7250,-1.5,0.4787,R,F,A
2,7250,-1.5,0.4747,R,F,A
2.5,7250,-1.5,0.4574,R,F,A
3,7250,-1.5,0.4204,R,F,A
3.5,7250,-1.5,0.3892,R,F,A
4,7250,-1.5,0.396,R,F,A
4.5,7250,-1.5,0.3982,R,F,A
5,7250,-1.5,0.3981,R,F,A
0.5,7500,-1.5,0.4746,R,F,A
1,7500,-1.5,0.4643,R,F,A
1.5,7500,-1.5,0.4609,R,F,A
2,7500,-1.5,0.4607,R,F,A
2.5,7500,-1.5,0.457,R,F,A
3,7500,-1.5,0.437,R,F,A
3.5,7500,-1.5,0.4,R,F,A
4,7500,-1.5,0.3834,R,F,A
4.5,7500,-1.5,0.3878,R,F,A
5,7500,-1.5,0.3892,R,F,A
1,7750,-1.5,0.4505,R,F,A
1.5,7750,-1.5,0.444,R,F,A
2,7750,-1.5,0.4424,R,F,A
2.5,7750,-1.5,0.4435,R,F,A
3,7750,-1.5,0.4397,R,F,A
3.5,7750,-1.5,0.4157,R,F,A
4,7750,-1.5,0.3775,R,F,A
4.5,7750,-1.5,0.3782,R,F,A
5,7750,-1.5,0.3792,R,F,A
1,8000,-1.5,0.4402,R,F,A
1.5,8000,-1.5,0.4293,R,F,A
2,8000,-1.5,0.4253,R,F,A
2.5,8000,-1.5,0.4252,R,F,A
3,8000,-1.5,0.4275,R,F,A
3.5,8000,-1.5,0.4221,R,F,A
4,8000,-1.5,0.3931,R,F,A
4.5,8000,-1.5,0.3678,R,F,A
5,8000,-1.5,0.3688,R,F,A
1.5,8250,-1.5,0.4169,R,F,A
2,8250,-1.5,0.4108,R,F,A
2.5,8250,-1.5,0.4091,R,F,A
3,8250,-1.5,0.4106,R,F,A
3.5,8250,-1.5,0.4135,R,F,A
4,8250,-1.5,0.4041,R,F,A
4.5,8250,-1.5,0.3726,R,F,A
5,8250,-1.5,0.3572,R,F,A
1.5,8500,-1.5,0.4082,R,F,A
2,8500,-1.5,0.3981,R,F,A
2.5,8500,-1.5,0.3941,R,F,A
3,8500,-1.5,0.3948,R,F,A
3.5,8500,-1.5,0.3977,R,F,A
4,8500,-1.5,0.4002,R,F,A
4.5,8500,-1.5,0.3841,R,F,A
5,8500,-1.5,0.3549,R,F,A
2,8750,-1.5,0.3881,R,F,A
2.5,8750,-1.5,0.3822,R,F,A
3,8750,-1.5,0.3807,R,F,A
3.5,8750,-1.5,0.3825,R,F,A
4,8750,-1.5,0.3857,R,F,A
4.5,8750,-1.5,0.3865,R,F,A
5,8750,-1.5,0.3643,R,F,A
2,9000,-1.5,0.3824,R,F,A
2.5,9000,-1.5,0.3744,R,F,A
3,9000,-1.5,0.3715,R,F,A
3.5,9000,-1.5,0.3721,R,F,A
4,9000,-1.5,0.3748,R,F,A
4.5,9000,-1.5,0.3784,R,F,A
5,9000,-1.5,0.3824,R,F,A
2,9250,-1.5,0.3761,R,F,A
2.5,9250,-1.5,0.366,R,F,A
3,9250,-1.5,0.3615,R,F,A
3.5,9250,-1.5,0.3609,R,F,A
4,9250,-1.5,0.3625,R,F,A
4.5,9250,-1.5,0.3655,R,F,A
5,9250,-1.5,0.3691,R,F,A
2,9500,-1.5,0.3707,R,F,A
2.5,9500,-1.5,0.3591,R,F,A
3,9500,-1.5,0.3534,R,F,A
3.5,9500,-1.5,0.3511,R,F,A
4,9500,-1.5,0.3519,R,F,A
4.5,9500,-1.5,0.3542,R,F,A
5,9500,-1.5,0.3576,R,F,A
2,9750,-1.5,0.3662,R,F,A
2.5,9750,-1.5,0.3532,R,F,A
3,9750,-1.5,0.3463,R,F,A
3.5,9750,-1.5,0.3431,R,F,A
4,9750,-1.5,0.3427,R,F,A
4.5,9750,-1.5,0.3442,R,F,A
5,9750,-1.5,0.3469,R,F,A
2,10000,-1.5,0.3617,R,F,A
2.5,10000,-1.5,0.348,R,F,A
3,10000,-1.5,0.3405,R,F,A
3.5,10000,-1.5,0.3365,R,F,A
4,10000,-1.5,0.335,R,F,A
4.5,10000,-1.5,0.3357,R,F,A
5,10000,-1.5,0.3377,R,F,A
2,10500,-1.5,0.3539,R,F,A
2.5,10500,-1.5,0.3382,R,F,A
3,10500,-1.5,0.3301,R,F,A
3.5,10500,-1.5,0.3254,R,F,A
4,10500,-1.5,0.3232,R,F,A
4.5,10500,-1.5,0.3222,R,F,A
5,10500,-1.5,0.3224,R,F,A
2.5,11000,-1.5,0.3297,R,F,A
3,11000,-1.5,0.3207,R,F,A
3.5,11000,-1.5,0.3159,R,F,A
4,11000,-1.5,0.3133,R,F,A
4.5,11000,-1.5,0.3119,R,F,A
5,11000,-1.5,0.3112,R,F,A
2.5,11500,-1.5,0.3223,R,F,A
3,11500,-1.5,0.3122,R,F,A
3.5,11500,-1.5,0.3072,R,F,A
4,11500,-1.5,0.3046,R,F,A
4.5,11500,-1.5,0.3031,R,F,A
5,11500,-1.5,0.3021,R,F,A
2.5,12000,-1.5,0.3162,R,F,A
3,12000,-1.5,0.3047,R,F,A
3.5,12000,-1.5,0.299,R,F,A
4,12000,-1.5,0.2965,R,F,A
4.5,12000,-1.5,0.295,R,F,A
5,12000,-1.5,0.2943,R,F,A
2.5,12500,-1.5,0.3113,R,F,A
3,12500,-1.5,0.298,R,F,A
3.5,12500,-1.5,0.292,R,F,A
4,12500,-1.5,0.2889,R,F,A
4.5,12500,-1.5,0.2876,R,F,A
5,12500,-1.5,0.287,R,F,A
2.5,13000,-1.5,0.3076,R,F,A
3,13000,-1.5,0.2926,R,F,A
3.5,13000,-1.5,0.2854,R,F,A
4,13000,-1.5,0.282,R,F,A
4.5,13000,-1.5,0.2808,R,F,A
5,13000,-1.5,0.28,R,F,A
2,14000,-1.5,0.3393,R,F,A
2.5,14000,-1.5,0.3022,R,F,A
3,14000,-1.5,0.284,R,F,A
3.5,14000,-1.5,0.2747,R,F,A
4,14000,-1.5,0.2702,R,F,A
4.5,14000,-1.5,0.2683,R,F,A
5,14000,-1.5,0.2675,R,F,A
2.5,15000,-1.5,0.2992,R,F,A
3,15000,-1.5,0.2776,R,F,A
3.5,15000,-1.5,0.2664,R,F,A
4,15000,-1.5,0.2607,R,F,A
4.5,15000,-1.5,0.258,R,F,A
5,15000,-1.5,0.2569,R,F,A
2.5,16000,-1.5,0.2977,R,F,A
3,16000,-1.5,0.2727,R,F,A
3.5,16000,-1.5,0.26,R,F,A
4,16000,-1.5,0.2531,R,F,A
4.5,16000,-1.5,0.2494,R,F,A
5,16000,-1.5,0.2478,R,F,A
2.5,17000,-1.5,0.2979,R,F,A
3,17000,-1.5,0.2688,R,F,A
3.5,17000,-1.5,0.2544,R,F,A
4,17000,-1.5,0.2467,R,F,A
4.5,17000,-1.5,0.2424,R,F,A
5,17000,-1.5,0.2403,R,F,A
2.5,18000,-1.5,0.2999,R,F,A
3,18000,-1.5,0.2654,R,F,A
3.5,18000,-1.5,0.2492,R,F,A
4,18000,-1.5,0.2409,R,F,A
4.5,18000,-1.5,0.2362,R,F,A
5,18000,-1.5,0.2337,R,F,A
2.5,19000,-1.5,0.304,R,F,A
3,19000,-1.5,0.263,R,F,A
3.5,19000,-1.5,0.2445,R,F,A
4,19000,-1.5,0.2353,R,F,A
4.5,19000,-1.5,0.2304,R,F,A
5,19000,-1.5,0.2277,R,F,A
3,20000,-1.5,0.2617,R,F,A
3.5,20000,-1.5,0.2404,R,F,A
4,20000,-1.5,0.2301,R,F,A
4.5,20000,-1.5,0.2249,R,F,A
5,20000,-1.5,0.2222,R,F,A
3,21000,-1.5,0.2613,R,F,A
3.5,21000,-1.5,0.2371,R,F,A
4,21000,-1.5,0.2254,R,F,A
4.5,21000,-1.5,0.2196,R,F,A
5,21000,-1.5,0.2168,R,F,A
3,22000,-1.5,0.2614,R,F,A
3.5,22000,-1.5,0.2346,R,F,A
4,22000,-1.5,0.2214,R,F,A
4.5,22000,-1.5,0.2148,R,F,A
5,22000,-1.5,0.2117,R,F,A
3,23000,-1.5,0.2629,R,F,A
3.5,23000,-1.5,0.2323,R,F,A
4,23000,-1.5,0.218,R,F,A
4.5,23000,-1.5,0.2107,R,F,A
5,23000,-1.5,0.2071,R,F,A
3,24000,-1.5,0.2661,R,F,A
3.5,24000,-1.5,0.2307,R,F,A
4,24000,-1.5,0.2151,R,F,A
4.5,24000,-1.5,0.2071,R,F,A
5,24000,-1.5,0.2031,R,F,A
3,25000,-1.5,0.2715,R,F,A
3.5,25000,-1.5,0.2298,R,F,A
4,25000,-1.5,0.2124,R,F,A
4.5,25000,-1.5,0.2039,R,F,A
5,25000,-1.5,0.1996,R,F,A
3,26000,-1.5,0.2764,R,F,A
3.5,26000,-1.5,0.2301,R,F,A
4,26000,-1.5,0.2101,R,F,A
4.5,26000,-1.5,0.2007,R,F,A
5,26000,-1.5,0.1963,R,F,A
3.5,27000,-1.5,0.231,R,F,A
4,27000,-1.5,0.2083,R,F,A
4.5,27000,-1.5,0.198,R,F,A
5,27000,-1.5,0.1931,R,F,A
3.5,28000,-1.5,0.2309,R,F,A
4,28000,-1.5,0.2074,R,F,A
4.5,28000,-1.5,0.1957,R,F,A
5,28000,-1.5,0.1901,R,F,A
3.5,29000,-1.5,0.2288,R,F,A
4,29000,-1.5,0.2056,R,F,A
4.5,29000,-1.5,0.1934,R,F,A
5,29000,-1.5,0.187,R,F,A
3.5,30000,-1.5,0.2249,R,F,A
4,30000,-1.5,0.2024,R,F,A
4.5,30000,-1.5,0.1906,R,F,A
5,30000,-1.5,0.1838,R,F,A
3.5,31000,-1.5,0.2209,R,F,A
4,31000,-1.5,0.1984,R,F,A
4.5,31000,-1.5,0.1866,R,F,A
5,31000,-1.5,0.1802,R,F,A
4,32000,-1.5,0.1935,R,F,A
4.5,32000,-1.5,0.1819,R,F,A
5,32000,-1.5,0.1755,R,F,A
4,33000,-1.5,0.1879,R,F,A
4.5,33000,-1.5,0.1765,R,F,A
5,33000,-1.5,0.1703,R,F,A
4,34000,-1.5,0.1815,R,F,A
4.5,34000,-1.5,0.1709,R,F,A
5,34000,-1.5,0.1647,R,F,A
4,35000,-1.5,0.1737,R,F,A
4.5,35000,-1.5,0.1642,R,F,A
5,35000,-1.5,0.1587,R,F,A
4.5,37500,-1.5,0.1437,R,F,A
5,37500,-1.5,0.1399,R,F,A
4.5,40000,-1.5,0.1308,R,F,A
5,40000,-1.5,0.1215,R,F,A
5,42500,-1.5,0.1119,R,F,A
5,45000,-1.5,0.1084,R,F,A
5,47500,-1.5,0.1069,R,F,A
5,50000,-1.5,0.1063,R,F,A
0,3500,-1,0.8288,R,F,A
0.5,3500,-1,0.8337,R,F,A
1,3500,-1,0.8368,R,F,A
1.5,3500,-1,0.834,R,F,A
2,3500,-1,0.778,R,F,A
2.5,3500,-1,0.6417,R,F,A
3,3500,-1,0.5359,R,F,A
3.5,3500,-1,0.4775,R,F,A
4,3500,-1,0.4517,R,F,A
4.5,3500,-1,0.4418,R,F,A
5,3500,-1,0.4459,R,F,A
0,3750,-1,0.7697,R,F,A
0.5,3750,-1,0.7725,R,F,A
1,3750,-1,0.7714,R,F,A
1.5,3750,-1,0.7722,R,F,A
2,3750,-1,0.7723,R,F,A
2.5,3750,-1,0.747,R,F,A
3,3750,-1,0.6365,R,F,A
3.5,3750,-1,0.5095,R,F,A
4,3750,-1,0.438,R,F,A
4.5,3750,-1,0.4059,R,F,A
5,3750,-1,0.3968,R,F,A
0,4000,-1,0.7234,R,F,A
0.5,4000,-1,0.7256,R,F,A
1,4000,-1,0.7254,R,F,A
1.5,4000,-1,0.7231,R,F,A
2,4000,-1,0.7225,R,F,A
2.5,4000,-1,0.7217,R,F,A
3,4000,-1,0.7148,R,F,A
3.5,4000,-1,0.6463,R,F,A
4,4000,-1,0.5283,R,F,A
4.5,4000,-1,0.4403,R,F,A
5,4000,-1,0.3937,R,F,A
0,4250,-1,0.677,R,F,A
0.5,4250,-1,0.676,R,F,A
1,4250,-1,0.681,R,F,A
1.5,4250,-1,0.6793,R,F,A
2,4250,-1,0.6786,R,F,A
2.5,4250,-1,0.6782,R,F,A
3,4250,-1,0.6777,R,F,A
3.5,4250,-1,0.6754,R,F,A
4,4250,-1,0.6396,R,F,A
4.5,4250,-1,0.5484,R,F,A
5,4250,-1,0.4573,R,F,A
0,4500,-1,0.629,R,F,A
0.5,4500,-1,0.6262,R,F,A
1,4500,-1,0.6269,R,F,A
1.5,4500,-1,0.6296,R,F,A
2,4500,-1,0.6332,R,F,A
2.5,4500,-1,0.6334,R,F,A
3,4500,-1,0.6355,R,F,A
3.5,4500,-1,0.6359,R,F,A
4,4500,-1,0.6311,R,F,A
4.5,4500,-1,0.6229,R,F,A
5,4500,-1,0.5495,R,F,A
0,4750,-1,0.5857,R,F,A
0.5,4750,-1,0.5827,R,F,A
1,4750,-1,0.5793,R,F,A
1.5,4750,-1,0.5822,R,F,A
2,4750,-1,0.5854,R,F,A
2.5,4750,-1,0.5859,R,F,A
3,4750,-1,0.5897,R,F,A
3.5,4750,-1,0.5924,R,F,A
4,4750,-1,0.5936,R,F,A
4.5,4750,-1,0.5912,R,F,A
5,4750,-1,0.5789,R,F,A
0,5000,-1,0.5541,R,F,A
0.5,5000,-1,0.5478,R,F,A
1,5000,-1,0.5419,R,F,A
1.5,5000,-1,0.5384,R,F,A
2,5000,-1,0.5382,R,F,A
2.5,5000,-1,0.5409,R,F,A
3,5000,-1,0.5448,R,F,A
3.5,5000,-1,0.5484,R,F,A
4,5000,-1,0.5509,R,F,A
4.5,5000,-1,0.5527,R,F,A
5,5000,-1,0.5478,R,F,A
0,5250,-1,0.5271,R,F,A
0.5,5250,-1,0.5232,R,F,A
1,5250,-1,0.5162,R,F,A
1.5,5250,-1,0.5096,R,F,A
2,5250,-1,0.5058,R,F,A
2.5,5250,-1,0.5044,R,F,A
3,5250,-1,0.5065,R,F,A
3.5,5250,-1,0.5088,R,F,A
4,5250,-1,0.5113,R,F,A
4.5,5250,-1,0.5115,R,F,A
5,5250,-1,0.5117,R,F,A
0,5500,-1,0.5735,R,F,A
0.5,5500,-1,0.5001,R,F,A
1,5500,-1,0.4953,R,F,A
1.5,5500,-1,0.4913,R,F,A
2,5500,-1,0.4858,R,F,A
2.5,5500,-1,0.4808,R,F,A
3,5500,-1,0.4794,R,F,A
3.5,5500,-1,0.4794,R,F,A
4,5500,-1,0.4776,R,F,A
4.5,5500,-1,0.4747,R,F,A
5,5500,-1,0.4719,R,F,A
0,5750,-1,0.5664,R,F,A
0.5,5750,-1,0.5671,R,F,A
1,5750,-1,0.4768,R,F,A
1.5,5750,-1,0.4753,R,F,A
2,5750,-1,0.4704,R,F,A
2.5,5750,-1,0.4662,R,F,A
3,5750,-1,0.4629,R,F,A
3.5,5750,-1,0.4607,R,F,A
4,5750,-1,0.4579,R,F,A
4.5,5750,-1,0.4533,R,F,A
5,5750,-1,0.4522,R,F,A
0,6000,-1,0.5523,R,F,A
0.5,6000,-1,0.5538,R,F,A
1,6000,-1,0.5542,R,F,A
1.5,6000,-1,0.4571,R,F,A
2,6000,-1,0.4569,R,F,A
2.5,6000,-1,0.4543,R,F,A
3,6000,-1,0.4514,R,F,A
3.5,6000,-1,0.449,R,F,A
4,6000,-1,0.4449,R,F,A
4.5,6000,-1,0.4404,R,F,A
5,6000,-1,0.4331,R,F,A
0.5,6250,-1,0.5402,R,F,A
1,6250,-1,0.5408,R,F,A
1.5,6250,-1,0.5406,R,F,A
2,6250,-1,0.4422,R,F,A
2.5,6250,-1,0.4422,R,F,A
3,6250,-1,0.4412,R,F,A
3.5,6250,-1,0.4394,R,F,A
4,6250,-1,0.4359,R,F,A
4.5,6250,-1,0.4321,R,F,A
5,6250,-1,0.4255,R,F,A
0.5,6500,-1,0.5263,R,F,A
1,6500,-1,0.5269,R,F,A
1.5,6500,-1,0.527,R,F,A
2,6500,-1,0.5261,R,F,A
2.5,6500,-1,0.4274,R,F,A
3,6500,-1,0.4292,R,F,A
3.5,6500,-1,0.4292,R,F,A
4,6500,-1,0.4275,R,F,A
4.5,6500,-1,0.4244,R,F,A
5,6500,-1,0.4184,R,F,A
0.5,6750,-1,0.5139,R,F,A
1,6750,-1,0.5123,R,F,A
1.5,6750,-1,0.5122,R,F,A
2,6750,-1,0.5121,R,F,A
2.5,6750,-1,0.5109,R,F,A
3,6750,-1,0.4161,R,F,A
3.5,6750,-1,0.4178,R,F,A
4,6750,-1,0.4179,R,F,A
4.5,6750,-1,0.4166,R,F,A
5,6750,-1,0.4129,R,F,A
0.5,7000,-1,0.5004,R,F,A
1,7000,-1,0.4973,R,F,A
1.5,7000,-1,0.4966,R,F,A
2,7000,-1,0.4971,R,F,A
2.5,7000,-1,0.4965,R,F,A
3,7000,-1,0.4953,R,F,A
3.5,7000,-1,0.4064,R,F,A
4,7000,-1,0.4074,R,F,A
4.5,7000,-1,0.408,R,F,A
5,7000,-1,0.4065,R,F,A
0.5,7250,-1,0.4875,R,F,A
1,7250,-1,0.4813,R,F,A
1.5,7250,-1,0.4798,R,F,A
2,7250,-1,0.4798,R,F,A
2.5,7250,-1,0.4811,R,F,A
3,7250,-1,0.481,R,F,A
3.5,7250,-1,0.3998,R,F,A
4,7250,-1,0.3962,R,F,A
4.5,7250,-1,0.3982,R,F,A
5,7250,-1,0.3985,R,F,A
0.5,7500,-1,0.4773,R,F,A
1,7500,-1,0.4659,R,F,A
1.5,7500,-1,0.4621,R,F,A
2,7500,-1,0.4617,R,F,A
2.5,7500,-1,0.4629,R,F,A
3,7500,-1,0.4652,R,F,A
3.5,7500,-1,0.4651,R,F,A
4,7500,-1,0.3883,R,F,A
4.5,7500,-1,0.3879,R,F,A
5,7500,-1,0.3887,R,F,A
1,7750,-1,0.4531,R,F,A
1.5,7750,-1,0.4458,R,F,A
2,7750,-1,0.4438,R,F,A
2.5,7750,-1,0.4444,R,F,A
3,7750,-1,0.4466,R,F,A
3.5,7750,-1,0.4498,R,F,A
4,7750,-1,0.4496,R,F,A
4.5,7750,-1,0.3816,R,F,A
5,7750,-1,0.3797,R,F,A
1,8000,-1,0.4435,R,F,A
1.5,8000,-1,0.4321,R,F,A
2,8000,-1,0.4271,R,F,A
2.5,8000,-1,0.4267,R,F,A
3,8000,-1,0.4282,R,F,A
3.5,8000,-1,0.4316,R,F,A
4,8000,-1,0.4347,R,F,A
4.5,8000,-1,0.4342,R,F,A
5,8000,-1,0.3692,R,F,A
1,8250,-1,0.437,R,F,A
1.5,8250,-1,0.4214,R,F,A
2,8250,-1,0.4136,R,F,A
2.5,8250,-1,0.4105,R,F,A
3,8250,-1,0.4114,R,F,A
3.5,8250,-1,0.4136,R,F,A
4,8250,-1,0.4175,R,F,A
4.5,8250,-1,0.4199,R,F,A
5,8250,-1,0.418,R,F,A
1.5,8500,-1,0.4129,R,F,A
2,8500,-1,0.4027,R,F,A
2.5,8500,-1,0.3979,R,F,A
3,8500,-1,0.3968,R,F,A
3.5,8500,-1,0.3981,R,F,A
4,8500,-1,0.4005,R,F,A
4.5,8500,-1,0.4046,R,F,A
5,8500,-1,0.4058,R,F,A
1.5,8750,-1,0.4063,R,F,A
2,8750,-1,0.3929,R,F,A
2.5,8750,-1,0.3866,R,F,A
3,8750,-1,0.3842,R,F,A
3.5,8750,-1,0.3847,R,F,A
4,8750,-1,0.3864,R,F,A
4.5,8750,-1,0.3894,R,F,A
5,8750,-1,0.3927,R,F,A
1.5,9000,-1,0.4017,R,F,A
2,9000,-1,0.3854,R,F,A
2.5,9000,-1,0.3765,R,F,A
3,9000,-1,0.3727,R,F,A
3.5,9000,-1,0.372,R,F,A
4,9000,-1,0.3743,R,F,A
4.5,9000,-1,0.3767,R,F,A
5,9000,-1,0.3796,R,F,A
2,9250,-1,0.3788,R,F,A
2.5,9250,-1,0.3686,R,F,A
3,9250,-1,0.3634,R,F,A
3.5,9250,-1,0.3615,R,F,A
4,9250,-1,0.3621,R,F,A
4.5,9250,-1,0.3642,R,F,A
5,9250,-1,0.3671,R,F,A
2,9500,-1,0.3731,R,F,A
2.5,9500,-1,0.3616,R,F,A
3,9500,-1,0.3553,R,F,A
3.5,9500,-1,0.3525,R,F,A
4,9500,-1,0.3524,R,F,A
4.5,9500,-1,0.3537,R,F,A
5,9500,-1,0.356,R,F,A
2,9750,-1,0.3679,R,F,A
2.5,9750,-1,0.3553,R,F,A
3,9750,-1,0.3481,R,F,A
3.5,9750,-1,0.3447,R,F,A
4,9750,-1,0.3434,R,F,A
4.5,9750,-1,0.3442,R,F,A
5,9750,-1,0.346,R,F,A
2,10000,-1,0.3631,R,F,A
2.5,10000,-1,0.3495,R,F,A
3,10000,-1,0.3419,R,F,A
3.5,10000,-1,0.3376,R,F,A
4,10000,-1,0.3359,R,F,A
4.5,10000,-1,0.3357,R,F,A
5,10000,-1,0.3371,R,F,A
2,10500,-1,0.3546,R,F,A
2.5,10500,-1,0.339,R,F,A
3,10500,-1,0.3307,R,F,A
3.5,10500,-1,0.326,R,F,A
4,10500,-1,0.3234,R,F,A
4.5,10500,-1,0.322,R,F,A
5,10500,-1,0.3219,R,F,A
2.5,11000,-1,0.3298,R,F,A
3,11000,-1,0.3208,R,F,A
3.5,11000,-1,0.3161,R,F,A
4,11000,-1,0.3134,R,F,A
4.5,11000,-1,0.3117,R,F,A
5,11000,-1,0.3106,R,F,A
2.5,11500,-1,0.3219,R,F,A
3,11500,-1,0.3117,R,F,A
3.5,11500,-1,0.3068,R,F,A
4,11500,-1,0.3043,R,F,A
4.5,11500,-1,0.3029,R,F,A
5,11500,-1,0.3017,R,F,A
2.5,12000,-1,0.3153,R,F,A
3,12000,-1,0.3037,R,F,A
3.5,12000,-1,0.2981,R,F,A
4,12000,-1,0.2957,R,F,A
4.5,12000,-1,0.2945,R,F,A
5,12000,-1,0.2936,R,F,A
2.5,12500,-1,0.3102,R,F,A
3,12500,-1,0.2968,R,F,A
3.5,12500,-1,0.2903,R,F,A
4,12500,-1,0.2878,R,F,A
4.5,12500,-1,0.2868,R,F,A
5,12500,-1,0.2861,R,F,A
2.5,13000,-1,0.3064,R,F,A
3,13000,-1,0.2909,R,F,A
3.5,13000,-1,0.2837,R,F,A
4,13000,-1,0.2804,R,F,A
4.5,13000,-1,0.2794,R,F,A
5,13000,-1,0.2791,R,F,A
2,14000,-1,0.3393,R,F,A
2.5,14000,-1,0.3013,R,F,A
3,14000,-1,0.2823,R,F,A
3.5,14000,-1,0.2725,R,F,A
4,14000,-1,0.268,R,F,A
4.5,14000,-1,0.2663,R,F,A
5,14000,-1,0.2659,R,F,A
2.5,15000,-1,0.2982,R,F,A
3,15000,-1,0.276,R,F,A
3.5,15000,-1,0.2642,R,F,A
4,15000,-1,0.2583,R,F,A
4.5,15000,-1,0.2557,R,F,A
5,15000,-1,0.2547,R,F,A
2.5,16000,-1,0.2973,R,F,A
3,16000,-1,0.2712,R,F,A
3.5,16000,-1,0.2578,R,F,A
4,16000,-1,0.2507,R,F,A
4.5,16000,-1,0.2469,R,F,A
5,16000,-1,0.2454,R,F,A
2.5,17000,-1,0.2981,R,F,A
3,17000,-1,0.2674,R,F,A
3.5,17000,-1,0.2524,R,F,A
4,17000,-1,0.2442,R,F,A
4.5,17000,-1,0.2398,R,F,A
5,17000,-1,0.2376,R,F,A
2.5,18000,-1,0.3008,R,F,A
3,18000,-1,0.2645,R,F,A
3.5,18000,-1,0.2474,R,F,A
4,18000,-1,0.2386,R,F,A
4.5,18000,-1,0.2335,R,F,A
5,18000,-1,0.231,R,F,A
2.5,19000,-1,0.305,R,F,A
3,19000,-1,0.2627,R,F,A
3.5,19000,-1,0.243,R,F,A
4,19000,-1,0.2332,R,F,A
4.5,19000,-1,0.228,R,F,A
5,19000,-1,0.2252,R,F,A
3,20000,-1,0.2616,R,F,A
3.5,20000,-1,0.2393,R,F,A
4,20000,-1,0.2282,R,F,A
4.5,20000,-1,0.2226,R,F,A
5,20000,-1,0.2198,R,F,A
3,21000,-1,0.261,R,F,A
3.5,21000,-1,0.2364,R,F,A
4,21000,-1,0.2239,R,F,A
4.5,21000,-1,0.2177,R,F,A
5,21000,-1,0.2148,R,F,A
3,22000,-1,0.2607,R,F,A
3.5,22000,-1,0.2336,R,F,A
4,22000,-1,0.2201,R,F,A
4.5,22000,-1,0.2132,R,F,A
5,22000,-1,0.2099,R,F,A
3,23000,-1,0.2615,R,F,A
3.5,23000,-1,0.2311,R,F,A
4,23000,-1,0.2169,R,F,A
4.5,23000,-1,0.2094,R,F,A
5,23000,-1,0.2056,R,F,A
3,24000,-1,0.265,R,F,A
3.5,24000,-1,0.2291,R,F,A
4,24000,-1,0.2135,R,F,A
4.5,24000,-1,0.2058,R,F,A
5,24000,-1,0.2018,R,F,A
3,25000,-1,0.271,R,F,A
3.5,25000,-1,0.228,R,F,A
4,25000,-1,0.2106,R,F,A
4.5,25000,-1,0.2024,R,F,A
5,25000,-1,0.1983,R,F,A
3,26000,-1,0.2768,R,F,A
3.5,26000,-1,0.2285,R,F,A
4,26000,-1,0.2082,R,F,A
4.5,26000,-1,0.1992,R,F,A
5,26000,-1,0.195,R,F,A
3.5,27000,-1,0.2298,R,F,A
4,27000,-1,0.2068,R,F,A
4.5,27000,-1,0.1963,R,F,A
5,27000,-1,0.1918,R,F,A
3.5,28000,-1,0.2306,R,F,A
4,28000,-1,0.2058,R,F,A
4.5,28000,-1,0.1941,R,F,A
5,28000,-1,0.1886,R,F,A
3.5,29000,-1,0.2293,R,F,A
4,29000,-1,0.2047,R,F,A
4.5,29000,-1,0.1922,R,F,A
5,29000,-1,0.1858,R,F,A
3.5,30000,-1,0.2263,R,F,A
4,30000,-1,0.2024,R,F,A
4.5,30000,-1,0.1898,R,F,A
5,30000,-1,0.1831,R,F,A
3.5,31000,-1,0.2229,R,F,A
4,31000,-1,0.1989,R,F,A
4.5,31000,-1,0.1863,R,F,A
5,31000,-1,0.1796,R,F,A
4,32000,-1,0.1945,R,F,A
4.5,32000,-1,0.1822,R,F,A
5,32000,-1,0.1755,R,F,A
4,33000,-1,0.189,R,F,A
4.5,33000,-1,0.1772,R,F,A
5,33000,-1,0.1707,R,F,A
4,34000,-1,0.1829,R,F,A
4.5,34000,-1,0.1718,R,F,A
5,34000,-1,0.1654,R,F,A
4,35000,-1,0.1759,R,F,A
4.5,35000,-1,0.1653,R,F,A
5,35000,-1,0.1597,R,F,A
4.5,37500,-1,0.1462,R,F,A
5,37500,-1,0.1415,R,F,A
4.5,40000,-1,0.1339,R,F,A
5,40000,-1,0.1241,R,F,A
5,42500,-1,0.1146,R,F,A
5,45000,-1,0.1106,R,F,A
5,47500,-1,0.1091,R,F,A
5,50000,-1,0.1078,R,F,A
0,3500,-0.5,0.8591,R,F,A
0.5,3500,-0.5,0.8595,R,F,A
1,3500,-0.5,0.8562,R,F,A
1.5,3500,-0.5,0.8503,R,F,A
2,3500,-0.5,0.8407,R,F,A
2.5,3500,-0.5,0.8024,R,F,A
3,3500,-0.5,0.6901,R,F,A
3.5,3500,-0.5,0.5924,R,F,A
4,3500,-0.5,0.5344,R,F,A
4.5,3500,-0.5,0.5071,R,F,A
5,3500,-0.5,0.4894,R,F,A
0,3750,-0.5,0.7928,R,F,A
0.5,3750,-0.5,0.795,R,F,A
1,3750,-0.5,0.7964,R,F,A
1.5,3750,-0.5,0.7983,R,F,A
2,3750,-0.5,0.8001,R,F,A
2.5,3750,-0.5,0.7988,R,F,A
3,3750,-0.5,0.7656,R,F,A
3.5,3750,-0.5,0.6444,R,F,A
4,3750,-0.5,0.5309,R,F,A
4.5,3750,-0.5,0.4668,R,F,A
5,3750,-0.5,0.4372,R,F,A
0,4000,-0.5,0.7446,R,F,A
0.5,4000,-0.5,0.7462,R,F,A
1,4000,-0.5,0.7454,R,F,A
1.5,4000,-0.5,0.7446,R,F,A
2,4000,-0.5,0.7455,R,F,A
2.5,4000,-0.5,0.7462,R,F,A
3,4000,-0.5,0.7461,R,F,A
3.5,4000,-0.5,0.7264,R,F,A
4,4000,-0.5,0.6282,R,F,A
4.5,4000,-0.5,0.5139,R,F,A
5,4000,-0.5,0.4395,R,F,A
0,4250,-0.5,0.6982,R,F,A
0.5,4250,-0.5,0.6999,R,F,A
1,4250,-0.5,0.6996,R,F,A
1.5,4250,-0.5,0.7022,R,F,A
2,4250,-0.5,0.702,R,F,A
2.5,4250,-0.5,0.7034,R,F,A
3,4250,-0.5,0.704,R,F,A
3.5,4250,-0.5,0.7035,R,F,A
4,4250,-0.5,0.6936,R,F,A
4.5,4250,-0.5,0.6238,R,F,A
5,4250,-0.5,0.5213,R,F,A
0,4500,-0.5,0.6513,R,F,A
0.5,4500,-0.5,0.6528,R,F,A
1,4500,-0.5,0.6544,R,F,A
1.5,4500,-0.5,0.6584,R,F,A
2,4500,-0.5,0.6597,R,F,A
2.5,4500,-0.5,0.6618,R,F,A
3,4500,-0.5,0.6639,R,F,A
3.5,4500,-0.5,0.6654,R,F,A
4,4500,-0.5,0.6653,R,F,A
4.5,4500,-0.5,0.6599,R,F,A
5,4500,-0.5,0.6139,R,F,A
0,4750,-0.5,0.6116,R,F,A
0.5,4750,-0.5,0.606,R,F,A
1,4750,-0.5,0.6122,R,F,A
1.5,4750,-0.5,0.613,R,F,A
2,4750,-0.5,0.6157,R,F,A
2.5,4750,-0.5,0.618,R,F,A
3,4750,-0.5,0.6212,R,F,A
3.5,4750,-0.5,0.6263,R,F,A
4,4750,-0.5,0.6285,R,F,A
4.5,4750,-0.5,0.6278,R,F,A
5,4750,-0.5,0.6233,R,F,A
0,5000,-0.5,0.5652,R,F,A
0.5,5000,-0.5,0.5657,R,F,A
1,5000,-0.5,0.5667,R,F,A
1.5,5000,-0.5,0.5712,R,F,A
2,5000,-0.5,0.573,R,F,A
2.5,5000,-0.5,0.5735,R,F,A
3,5000,-0.5,0.5783,R,F,A
3.5,5000,-0.5,0.5844,R,F,A
4,5000,-0.5,0.5878,R,F,A
4.5,5000,-0.5,0.5889,R,F,A
5,5000,-0.5,0.5889,R,F,A
0,5250,-0.5,0.5313,R,F,A
0.5,5250,-0.5,0.5312,R,F,A
1,5250,-0.5,0.5298,R,F,A
1.5,5250,-0.5,0.5297,R,F,A
2,5250,-0.5,0.5291,R,F,A
2.5,5250,-0.5,0.5336,R,F,A
3,5250,-0.5,0.5392,R,F,A
3.5,5250,-0.5,0.5441,R,F,A
4,5250,-0.5,0.5483,R,F,A
4.5,5250,-0.5,0.55,R,F,A
5,5250,-0.5,0.5501,R,F,A
0,5500,-0.5,0.5024,R,F,A
0.5,5500,-0.5,0.502,R,F,A
1,5500,-0.5,0.5026,R,F,A
1.5,5500,-0.5,0.5011,R,F,A
2,5500,-0.5,0.5002,R,F,A
2.5,5500,-0.5,0.503,R,F,A
3,5500,-0.5,0.504,R,F,A
3.5,5500,-0.5,0.5085,R,F,A
4,5500,-0.5,0.5122,R,F,A
4.5,5500,-0.5,0.514,R,F,A
5,5500,-0.5,0.5141,R,F,A
0,5750,-0.5,0.54,R,F,A
0.5,5750,-0.5,0.4887,R,F,A
1,5750,-0.5,0.4774,R,F,A
1.5,5750,-0.5,0.4784,R,F,A
2,5750,-0.5,0.4781,R,F,A
2.5,5750,-0.5,0.4769,R,F,A
3,5750,-0.5,0.4779,R,F,A
3.5,5750,-0.5,0.48,R,F,A
4,5750,-0.5,0.4827,R,F,A
4.5,5750,-0.5,0.484,R,F,A
5,5750,-0.5,0.4839,R,F,A
0,6000,-0.5,0.5401,R,F,A
0.5,6000,-0.5,0.5279,R,F,A
1,6000,-0.5,0.4846,R,F,A
1.5,6000,-0.5,0.4599,R,F,A
2,6000,-0.5,0.4618,R,F,A
2.5,6000,-0.5,0.4611,R,F,A
3,6000,-0.5,0.4586,R,F,A
3.5,6000,-0.5,0.4587,R,F,A
4,6000,-0.5,0.46,R,F,A
4.5,6000,-0.5,0.4596,R,F,A
5,6000,-0.5,0.4583,R,F,A
0.5,6250,-0.5,0.5268,R,F,A
1,6250,-0.5,0.509,R,F,A
1.5,6250,-0.5,0.471,R,F,A
2,6250,-0.5,0.4406,R,F,A
2.5,6250,-0.5,0.4428,R,F,A
3,6250,-0.5,0.4425,R,F,A
3.5,6250,-0.5,0.4431,R,F,A
4,6250,-0.5,0.4436,R,F,A
4.5,6250,-0.5,0.4418,R,F,A
5,6250,-0.5,0.4395,R,F,A
0.5,6500,-0.5,0.5219,R,F,A
1,6500,-0.5,0.5124,R,F,A
1.5,6500,-0.5,0.4923,R,F,A
2,6500,-0.5,0.4477,R,F,A
2.5,6500,-0.5,0.4252,R,F,A
3,6500,-0.5,0.4282,R,F,A
3.5,6500,-0.5,0.4301,R,F,A
4,6500,-0.5,0.4309,R,F,A
4.5,6500,-0.5,0.4287,R,F,A
5,6500,-0.5,0.4264,R,F,A
0.5,6750,-0.5,0.5108,R,F,A
1,6750,-0.5,0.5081,R,F,A
1.5,6750,-0.5,0.4966,R,F,A
2,6750,-0.5,0.4726,R,F,A
2.5,6750,-0.5,0.433,R,F,A
3,6750,-0.5,0.4145,R,F,A
3.5,6750,-0.5,0.4175,R,F,A
4,6750,-0.5,0.4193,R,F,A
4.5,6750,-0.5,0.4184,R,F,A
5,6750,-0.5,0.4165,R,F,A
0.5,7000,-0.5,0.4981,R,F,A
1,7000,-0.5,0.4954,R,F,A
1.5,7000,-0.5,0.493,R,F,A
2,7000,-0.5,0.4793,R,F,A
2.5,7000,-0.5,0.4507,R,F,A
3,7000,-0.5,0.4093,R,F,A
3.5,7000,-0.5,0.4057,R,F,A
4,7000,-0.5,0.4077,R,F,A
4.5,7000,-0.5,0.4079,R,F,A
5,7000,-0.5,0.4075,R,F,A
0.5,7250,-0.5,0.4838,R,F,A
1,7250,-0.5,0.4769,R,F,A
1.5,7250,-0.5,0.4755,R,F,A
2,7250,-0.5,0.4739,R,F,A
2.5,7250,-0.5,0.4592,R,F,A
3,7250,-0.5,0.4295,R,F,A
3.5,7250,-0.5,0.3936,R,F,A
4,7250,-0.5,0.393,R,F,A
4.5,7250,-0.5,0.3942,R,F,A
5,7250,-0.5,0.3956,R,F,A
0.5,7500,-0.5,0.4748,R,F,A
1,7500,-0.5,0.4621,R,F,A
1.5,7500,-0.5,0.4579,R,F,A
2,7500,-0.5,0.4575,R,F,A
2.5,7500,-0.5,0.4561,R,F,A
3,7500,-0.5,0.4387,R,F,A
3.5,7500,-0.5,0.4042,R,F,A
4,7500,-0.5,0.3819,R,F,A
4.5,7500,-0.5,0.3837,R,F,A
5,7500,-0.5,0.3848,R,F,A
1,7750,-0.5,0.4506,R,F,A
1.5,7750,-0.5,0.442,R,F,A
2,7750,-0.5,0.4395,R,F,A
2.5,7750,-0.5,0.4399,R,F,A
3,7750,-0.5,0.4389,R,F,A
3.5,7750,-0.5,0.4186,R,F,A
4,7750,-0.5,0.3827,R,F,A
4.5,7750,-0.5,0.3717,R,F,A
5,7750,-0.5,0.3752,R,F,A
1,8000,-0.5,0.4424,R,F,A
1.5,8000,-0.5,0.4294,R,F,A
2,8000,-0.5,0.4235,R,F,A
2.5,8000,-0.5,0.422,R,F,A
3,8000,-0.5,0.4232,R,F,A
3.5,8000,-0.5,0.4215,R,F,A
4,8000,-0.5,0.3981,R,F,A
4.5,8000,-0.5,0.3684,R,F,A
5,8000,-0.5,0.3651,R,F,A
1,8250,-0.5,0.4366,R,F,A
1.5,8250,-0.5,0.4198,R,F,A
2,8250,-0.5,0.4105,R,F,A
2.5,8250,-0.5,0.4071,R,F,A
3,8250,-0.5,0.4066,R,F,A
3.5,8250,-0.5,0.4081,R,F,A
4,8250,-0.5,0.4038,R,F,A
4.5,8250,-0.5,0.3768,R,F,A
5,8250,-0.5,0.3531,R,F,A
1,8500,-0.5,0.4345,R,F,A
1.5,8500,-0.5,0.413,R,F,A
2,8500,-0.5,0.4007,R,F,A
2.5,8500,-0.5,0.3942,R,F,A
3,8500,-0.5,0.392,R,F,A
3.5,8500,-0.5,0.3925,R,F,A
4,8500,-0.5,0.3944,R,F,A
4.5,8500,-0.5,0.386,R,F,A
5,8500,-0.5,0.358,R,F,A
1.5,8750,-0.5,0.4075,R,F,A
2,8750,-0.5,0.393,R,F,A
2.5,8750,-0.5,0.3847,R,F,A
3,8750,-0.5,0.3806,R,F,A
3.5,8750,-0.5,0.3794,R,F,A
4,8750,-0.5,0.3803,R,F,A
4.5,8750,-0.5,0.382,R,F,A
5,8750,-0.5,0.3669,R,F,A
1.5,9000,-0.5,0.4051,R,F,A
2,9000,-0.5,0.3884,R,F,A
2.5,9000,-0.5,0.3791,R,F,A
3,9000,-0.5,0.3737,R,F,A
3.5,9000,-0.5,0.3715,R,F,A
4,9000,-0.5,0.3711,R,F,A
4.5,9000,-0.5,0.3725,R,F,A
5,9000,-0.5,0.3751,R,F,A
2,9250,-0.5,0.3824,R,F,A
2.5,9250,-0.5,0.3716,R,F,A
3,9250,-0.5,0.3656,R,F,A
3.5,9250,-0.5,0.3622,R,F,A
4,9250,-0.5,0.361,R,F,A
4.5,9250,-0.5,0.3615,R,F,A
5,9250,-0.5,0.3629,R,F,A
2,9500,-0.5,0.3765,R,F,A
2.5,9500,-0.5,0.3651,R,F,A
3,9500,-0.5,0.3583,R,F,A
3.5,9500,-0.5,0.3541,R,F,A
4,9500,-0.5,0.3526,R,F,A
4.5,9500,-0.5,0.3522,R,F,A
5,9500,-0.5,0.3529,R,F,A
2,9750,-0.5,0.3708,R,F,A
2.5,9750,-0.5,0.3587,R,F,A
3,9750,-0.5,0.3515,R,F,A
3.5,9750,-0.5,0.3471,R,F,A
4,9750,-0.5,0.3445,R,F,A
4.5,9750,-0.5,0.3434,R,F,A
5,9750,-0.5,0.344,R,F,A
2,10000,-0.5,0.3653,R,F,A
2.5,10000,-0.5,0.3526,R,F,A
3,10000,-0.5,0.3451,R,F,A
3.5,10000,-0.5,0.3406,R,F,A
4,10000,-0.5,0.3377,R,F,A
4.5,10000,-0.5,0.3362,R,F,A
5,10000,-0.5,0.3357,R,F,A
2,10500,-0.5,0.3555,R,F,A
2.5,10500,-0.5,0.3407,R,F,A
3,10500,-0.5,0.333,R,F,A
3.5,10500,-0.5,0.3285,R,F,A
4,10500,-0.5,0.3255,R,F,A
4.5,10500,-0.5,0.3236,R,F,A
5,10500,-0.5,0.3223,R,F,A
2.5,11000,-0.5,0.33,R,F,A
3,11000,-0.5,0.3216,R,F,A
3.5,11000,-0.5,0.3172,R,F,A
4,11000,-0.5,0.3146,R,F,A
4.5,11000,-0.5,0.3124,R,F,A
5,11000,-0.5,0.3109,R,F,A
2.5,11500,-0.5,0.3212,R,F,A
3,11500,-0.5,0.3113,R,F,A
3.5,11500,-0.5,0.3069,R,F,A
4,11500,-0.5,0.3045,R,F,A
4.5,11500,-0.5,0.303,R,F,A
5,11500,-0.5,0.3015,R,F,A
2.5,12000,-0.5,0.3143,R,F,A
3,12000,-0.5,0.3025,R,F,A
3.5,12000,-0.5,0.2972,R,F,A
4,12000,-0.5,0.2951,R,F,A
4.5,12000,-0.5,0.294,R,F,A
5,12000,-0.5,0.2933,R,F,A
2.5,12500,-0.5,0.3089,R,F,A
3,12500,-0.5,0.295,R,F,A
3.5,12500,-0.5,0.2887,R,F,A
4,12500,-0.5,0.2865,R,F,A
4.5,12500,-0.5,0.2856,R,F,A
5,12500,-0.5,0.2853,R,F,A
2.5,13000,-0.5,0.3048,R,F,A
3,13000,-0.5,0.289,R,F,A
3.5,13000,-0.5,0.2814,R,F,A
4,13000,-0.5,0.2786,R,F,A
4.5,13000,-0.5,0.2776,R,F,A
5,13000,-0.5,0.2776,R,F,A
2,14000,-0.5,0.3403,R,F,A
2.5,14000,-0.5,0.2999,R,F,A
3,14000,-0.5,0.2799,R,F,A
3.5,14000,-0.5,0.2699,R,F,A
4,14000,-0.5,0.2653,R,F,A
4.5,14000,-0.5,0.2637,R,F,A
5,14000,-0.5,0.2635,R,F,A
2.5,15000,-0.5,0.2976,R,F,A
3,15000,-0.5,0.2738,R,F,A
3.5,15000,-0.5,0.2614,R,F,A
4,15000,-0.5,0.2552,R,F,A
4.5,15000,-0.5,0.2523,R,F,A
5,15000,-0.5,0.2516,R,F,A
2.5,16000,-0.5,0.2974,R,F,A
3,16000,-0.5,0.2695,R,F,A
3.5,16000,-0.5,0.2551,R,F,A
4,16000,-0.5,0.2474,R,F,A
4.5,16000,-0.5,0.2435,R,F,A
5,16000,-0.5,0.2419,R,F,A
2.5,17000,-0.5,0.2996,R,F,A
3,17000,-0.5,0.2663,R,F,A
3.5,17000,-0.5,0.2499,R,F,A
4,17000,-0.5,0.2411,R,F,A
4.5,17000,-0.5,0.2363,R,F,A
5,17000,-0.5,0.234,R,F,A
2.5,18000,-0.5,0.3034,R,F,A
3,18000,-0.5,0.2645,R,F,A
3.5,18000,-0.5,0.2456,R,F,A
4,18000,-0.5,0.2358,R,F,A
4.5,18000,-0.5,0.2305,R,F,A
5,18000,-0.5,0.2278,R,F,A
2.5,19000,-0.5,0.3078,R,F,A
3,19000,-0.5,0.2636,R,F,A
3.5,19000,-0.5,0.2422,R,F,A
4,19000,-0.5,0.2309,R,F,A
4.5,19000,-0.5,0.225,R,F,A
5,19000,-0.5,0.2221,R,F,A
3,20000,-0.5,0.2628,R,F,A
3.5,20000,-0.5,0.2392,R,F,A
4,20000,-0.5,0.2269,R,F,A
4.5,20000,-0.5,0.2202,R,F,A
5,20000,-0.5,0.2169,R,F,A
3,21000,-0.5,0.2618,R,F,A
3.5,21000,-0.5,0.2366,R,F,A
4,21000,-0.5,0.2232,R,F,A
4.5,21000,-0.5,0.216,R,F,A
5,21000,-0.5,0.2123,R,F,A
3,22000,-0.5,0.2609,R,F,A
3.5,22000,-0.5,0.2337,R,F,A
4,22000,-0.5,0.2196,R,F,A
4.5,22000,-0.5,0.2122,R,F,A
5,22000,-0.5,0.208,R,F,A
3,23000,-0.5,0.2618,R,F,A
3.5,23000,-0.5,0.2306,R,F,A
4,23000,-0.5,0.2163,R,F,A
4.5,23000,-0.5,0.2086,R,F,A
5,23000,-0.5,0.2042,R,F,A
3,24000,-0.5,0.2659,R,F,A
3.5,24000,-0.5,0.2282,R,F,A
4,24000,-0.5,0.2127,R,F,A
4.5,24000,-0.5,0.205,R,F,A
5,24000,-0.5,0.2008,R,F,A
3,25000,-0.5,0.2731,R,F,A
3.5,25000,-0.5,0.2269,R,F,A
4,25000,-0.5,0.2092,R,F,A
4.5,25000,-0.5,0.2015,R,F,A
5,25000,-0.5,0.1974,R,F,A
3,26000,-0.5,0.2802,R,F,A
3.5,26000,-0.5,0.2278,R,F,A
4,26000,-0.5,0.2067,R,F,A
4.5,26000,-0.5,0.1979,R,F,A
5,26000,-0.5,0.1939,R,F,A
3.5,27000,-0.5,0.2299,R,F,A
4,27000,-0.5,0.2053,R,F,A
4.5,27000,-0.5,0.1948,R,F,A
5,27000,-0.5,0.1905,R,F,A
3.5,28000,-0.5,0.2316,R,F,A
4,28000,-0.5,0.2049,R,F,A
4.5,28000,-0.5,0.1928,R,F,A
5,28000,-0.5,0.1873,R,F,A
3.5,29000,-0.5,0.2311,R,F,A
4,29000,-0.5,0.2046,R,F,A
4.5,29000,-0.5,0.1911,R,F,A
5,29000,-0.5,0.1848,R,F,A
3.5,30000,-0.5,0.2291,R,F,A
4,30000,-0.5,0.2034,R,F,A
4.5,30000,-0.5,0.1893,R,F,A
5,30000,-0.5,0.1824,R,F,A
3.5,31000,-0.5,0.2263,R,F,A
4,31000,-0.5,0.2001,R,F,A
4.5,31000,-0.5,0.1869,R,F,A
5,31000,-0.5,0.1793,R,F,A
4,32000,-0.5,0.1958,R,F,A
4.5,32000,-0.5,0.183,R,F,A
5,32000,-0.5,0.1758,R,F,A
4,33000,-0.5,0.1911,R,F,A
4.5,33000,-0.5,0.1784,R,F,A
5,33000,-0.5,0.1713,R,F,A
4,34000,-0.5,0.1854,R,F,A
4.5,34000,-0.5,0.1731,R,F,A
5,34000,-0.5,0.1663,R,F,A
4,35000,-0.5,0.179,R,F,A
4.5,35000,-0.5,0.167,R,F,A
5,35000,-0.5,0.1609,R,F,A
4.5,37500,-0.5,0.1496,R,F,A
5,37500,-0.5,0.1441,R,F,A
4.5,40000,-0.5,0.139,R,F,A
5,40000,-0.5,0.128,R,F,A
5,42500,-0.5,0.1196,R,F,A
5,45000,-0.5,0.1157,R,F,A
5,47500,-0.5,0.1134,R,F,A
5,50000,-0.5,0.1118,R,F,A
0,3500,-0.3,0.8723,R,F,A
0.5,3500,-0.3,0.8709,R,F,A
1,3500,-0.3,0.8634,R,F,A
1.5,3500,-0.3,0.8552,R,F,A
2,3500,-0.3,0.8441,R,F,A
2.5,3500,-0.3,0.8272,R,F,A
3,3500,-0.3,0.7576,R,F,A
3.5,3500,-0.3,0.6552,R,F,A
4,3500,-0.3,0.5806,R,F,A
4.5,3500,-0.3,0.5382,R,F,A
5,3500,-0.3,0.5136,R,F,A
0,3750,-0.3,0.8019,R,F,A
0.5,3750,-0.3,0.8045,R,F,A
1,3750,-0.3,0.8074,R,F,A
1.5,3750,-0.3,0.8097,R,F,A
2,3750,-0.3,0.8114,R,F,A
2.5,3750,-0.3,0.8112,R,F,A
3,3750,-0.3,0.7997,R,F,A
3.5,3750,-0.3,0.7159,R,F,A
4,3750,-0.3,0.5901,R,F,A
4.5,3750,-0.3,0.5073,R,F,A
5,3750,-0.3,0.4653,R,F,A
0,4000,-0.3,0.7514,R,F,A
0.5,4000,-0.3,0.7514,R,F,A
1,4000,-0.3,0.7518,R,F,A
1.5,4000,-0.3,0.7526,R,F,A
2,4000,-0.3,0.753,R,F,A
2.5,4000,-0.3,0.7546,R,F,A
3,4000,-0.3,0.756,R,F,A
3.5,4000,-0.3,0.7494,R,F,A
4,4000,-0.3,0.6778,R,F,A
4.5,4000,-0.3,0.5587,R,F,A
5,4000,-0.3,0.472,R,F,A
0,4250,-0.3,0.7083,R,F,A
0.5,4250,-0.3,0.707,R,F,A
1,4250,-0.3,0.7093,R,F,A
1.5,4250,-0.3,0.7094,R,F,A
2,4250,-0.3,0.709,R,F,A
2.5,4250,-0.3,0.7103,R,F,A
3,4250,-0.3,0.7111,R,F,A
3.5,4250,-0.3,0.7111,R,F,A
4,4250,-0.3,0.7073,R,F,A
4.5,4250,-0.3,0.6559,R,F,A
5,4250,-0.3,0.5548,R,F,A
0,4500,-0.3,0.6628,R,F,A
0.5,4500,-0.3,0.6621,R,F,A
1,4500,-0.3,0.6647,R,F,A
1.5,4500,-0.3,0.6667,R,F,A
2,4500,-0.3,0.6689,R,F,A
2.5,4500,-0.3,0.6707,R,F,A
3,4500,-0.3,0.6724,R,F,A
3.5,4500,-0.3,0.6736,R,F,A
4,4500,-0.3,0.6737,R,F,A
4.5,4500,-0.3,0.6712,R,F,A
5,4500,-0.3,0.6371,R,F,A
0,4750,-0.3,0.616,R,F,A
0.5,4750,-0.3,0.6193,R,F,A
1,4750,-0.3,0.6231,R,F,A
1.5,4750,-0.3,0.625,R,F,A
2,4750,-0.3,0.6261,R,F,A
2.5,4750,-0.3,0.6296,R,F,A
3,4750,-0.3,0.6329,R,F,A
3.5,4750,-0.3,0.6356,R,F,A
4,4750,-0.3,0.6374,R,F,A
4.5,4750,-0.3,0.6381,R,F,A
5,4750,-0.3,0.6358,R,F,A
0,5000,-0.3,0.5741,R,F,A
0.5,5000,-0.3,0.5754,R,F,A
1,5000,-0.3,0.5812,R,F,A
1.5,5000,-0.3,0.5825,R,F,A
2,5000,-0.3,0.5838,R,F,A
2.5,5000,-0.3,0.5883,R,F,A
3,5000,-0.3,0.5919,R,F,A
3.5,5000,-0.3,0.5962,R,F,A
4,5000,-0.3,0.5995,R,F,A
4.5,5000,-0.3,0.6019,R,F,A
5,5000,-0.3,0.6022,R,F,A
0,5250,-0.3,0.5374,R,F,A
0.5,5250,-0.3,0.5413,R,F,A
1,5250,-0.3,0.5432,R,F,A
1.5,5250,-0.3,0.5415,R,F,A
2,5250,-0.3,0.5463,R,F,A
2.5,5250,-0.3,0.5479,R,F,A
3,5250,-0.3,0.552,R,F,A
3.5,5250,-0.3,0.5564,R,F,A
4,5250,-0.3,0.5613,R,F,A
4.5,5250,-0.3,0.5638,R,F,A
5,5250,-0.3,0.5649,R,F,A
0,5500,-0.3,0.5792,R,F,A
0.5,5500,-0.3,0.5041,R,F,A
1,5500,-0.3,0.5054,R,F,A
1.5,5500,-0.3,0.5065,R,F,A
2,5500,-0.3,0.5063,R,F,A
2.5,5500,-0.3,0.5101,R,F,A
3,5500,-0.3,0.5159,R,F,A
3.5,5500,-0.3,0.5198,R,F,A
4,5500,-0.3,0.5251,R,F,A
4.5,5500,-0.3,0.528,R,F,A
5,5500,-0.3,0.528,R,F,A
0,5750,-0.3,0.5637,R,F,A
0.5,5750,-0.3,0.5651,R,F,A
1,5750,-0.3,0.4771,R,F,A
1.5,5750,-0.3,0.4803,R,F,A
2,5750,-0.3,0.4845,R,F,A
2.5,5750,-0.3,0.4833,R,F,A
3,5750,-0.3,0.486,R,F,A
3.5,5750,-0.3,0.4891,R,F,A
4,5750,-0.3,0.4942,R,F,A
4.5,5750,-0.3,0.4955,R,F,A
5,5750,-0.3,0.4968,R,F,A
0,6000,-0.3,0.5467,R,F,A
0.5,6000,-0.3,0.5499,R,F,A
1,6000,-0.3,0.5515,R,F,A
1.5,6000,-0.3,0.4584,R,F,A
2,6000,-0.3,0.4617,R,F,A
2.5,6000,-0.3,0.4606,R,F,A
3,6000,-0.3,0.4624,R,F,A
3.5,6000,-0.3,0.4646,R,F,A
4,6000,-0.3,0.4674,R,F,A
4.5,6000,-0.3,0.4675,R,F,A
5,6000,-0.3,0.4675,R,F,A
0.5,6250,-0.3,0.5342,R,F,A
1,6250,-0.3,0.5364,R,F,A
1.5,6250,-0.3,0.5359,R,F,A
2,6250,-0.3,0.4409,R,F,A
2.5,6250,-0.3,0.4428,R,F,A
3,6250,-0.3,0.4438,R,F,A
3.5,6250,-0.3,0.4455,R,F,A
4,6250,-0.3,0.447,R,F,A
4.5,6250,-0.3,0.4461,R,F,A
5,6250,-0.3,0.4449,R,F,A
0.5,6500,-0.3,0.5199,R,F,A
1,6500,-0.3,0.5213,R,F,A
1.5,6500,-0.3,0.5223,R,F,A
2,6500,-0.3,0.5217,R,F,A
2.5,6500,-0.3,0.4253,R,F,A
3,6500,-0.3,0.4275,R,F,A
3.5,6500,-0.3,0.4294,R,F,A
4,6500,-0.3,0.4303,R,F,A
4.5,6500,-0.3,0.4288,R,F,A
5,6500,-0.3,0.4274,R,F,A
0.5,6750,-0.3,0.5077,R,F,A
1,6750,-0.3,0.5067,R,F,A
1.5,6750,-0.3,0.507,R,F,A
2,6750,-0.3,0.5069,R,F,A
2.5,6750,-0.3,0.5049,R,F,A
3,6750,-0.3,0.4134,R,F,A
3.5,6750,-0.3,0.4143,R,F,A
4,6750,-0.3,0.4157,R,F,A
4.5,6750,-0.3,0.4146,R,F,A
5,6750,-0.3,0.4136,R,F,A
0.5,7000,-0.3,0.4961,R,F,A
1,7000,-0.3,0.4926,R,F,A
1.5,7000,-0.3,0.4885,R,F,A
2,7000,-0.3,0.4919,R,F,A
2.5,7000,-0.3,0.4907,R,F,A
3,7000,-0.3,0.4888,R,F,A
3.5,7000,-0.3,0.4018,R,F,A
4,7000,-0.3,0.4025,R,F,A
4.5,7000,-0.3,0.4021,R,F,A
5,7000,-0.3,0.402,R,F,A
0.5,7250,-0.3,0.485,R,F,A
1,7250,-0.3,0.4776,R,F,A
1.5,7250,-0.3,0.4759,R,F,A
2,7250,-0.3,0.4755,R,F,A
2.5,7250,-0.3,0.4752,R,F,A
3,7250,-0.3,0.4734,R,F,A
3.5,7250,-0.3,0.4706,R,F,A
4,7250,-0.3,0.3899,R,F,A
4.5,7250,-0.3,0.3894,R,F,A
5,7250,-0.3,0.3902,R,F,A
0.5,7500,-0.3,0.4771,R,F,A
1,7500,-0.3,0.4633,R,F,A
1.5,7500,-0.3,0.4583,R,F,A
2,7500,-0.3,0.4571,R,F,A
2.5,7500,-0.3,0.4569,R,F,A
3,7500,-0.3,0.4574,R,F,A
3.5,7500,-0.3,0.456,R,F,A
4,7500,-0.3,0.3844,R,F,A
4.5,7500,-0.3,0.3781,R,F,A
5,7500,-0.3,0.3777,R,F,A
1,7750,-0.3,0.4525,R,F,A
1.5,7750,-0.3,0.4431,R,F,A
2,7750,-0.3,0.4394,R,F,A
2.5,7750,-0.3,0.4388,R,F,A
3,7750,-0.3,0.4392,R,F,A
3.5,7750,-0.3,0.4404,R,F,A
4,7750,-0.3,0.4382,R,F,A
4.5,7750,-0.3,0.3703,R,F,A
5,7750,-0.3,0.3675,R,F,A
1,8000,-0.3,0.445,R,F,A
1.5,8000,-0.3,0.4312,R,F,A
2,8000,-0.3,0.4243,R,F,A
2.5,8000,-0.3,0.4215,R,F,A
3,8000,-0.3,0.4212,R,F,A
3.5,8000,-0.3,0.4218,R,F,A
4,8000,-0.3,0.4229,R,F,A
4.5,8000,-0.3,0.4206,R,F,A
5,8000,-0.3,0.3579,R,F,A
1,8250,-0.3,0.4399,R,F,A
1.5,8250,-0.3,0.4223,R,F,A
2,8250,-0.3,0.4121,R,F,A
2.5,8250,-0.3,0.4072,R,F,A
3,8250,-0.3,0.4049,R,F,A
3.5,8250,-0.3,0.4042,R,F,A
4,8250,-0.3,0.4054,R,F,A
4.5,8250,-0.3,0.406,R,F,A
5,8250,-0.3,0.4032,R,F,A
1,8500,-0.3,0.4384,R,F,A
1.5,8500,-0.3,0.416,R,F,A
2,8500,-0.3,0.4031,R,F,A
2.5,8500,-0.3,0.3951,R,F,A
3,8500,-0.3,0.3912,R,F,A
3.5,8500,-0.3,0.3893,R,F,A
4,8500,-0.3,0.3885,R,F,A
4.5,8500,-0.3,0.3898,R,F,A
5,8500,-0.3,0.3895,R,F,A
1.5,8750,-0.3,0.4108,R,F,A
2,8750,-0.3,0.3959,R,F,A
2.5,8750,-0.3,0.3863,R,F,A
3,8750,-0.3,0.3805,R,F,A
3.5,8750,-0.3,0.377,R,F,A
4,8750,-0.3,0.3751,R,F,A
4.5,8750,-0.3,0.3738,R,F,A
5,8750,-0.3,0.3752,R,F,A
1.5,9000,-0.3,0.4064,R,F,A
2,9000,-0.3,0.3896,R,F,A
2.5,9000,-0.3,0.3789,R,F,A
3,9000,-0.3,0.3722,R,F,A
3.5,9000,-0.3,0.3678,R,F,A
4,9000,-0.3,0.3643,R,F,A
4.5,9000,-0.3,0.3623,R,F,A
5,9000,-0.3,0.3603,R,F,A
2,9250,-0.3,0.3835,R,F,A
2.5,9250,-0.3,0.3725,R,F,A
3,9250,-0.3,0.365,R,F,A
3.5,9250,-0.3,0.3597,R,F,A
4,9250,-0.3,0.3557,R,F,A
4.5,9250,-0.3,0.3525,R,F,A
5,9250,-0.3,0.3494,R,F,A
2,9500,-0.3,0.3776,R,F,A
2.5,9500,-0.3,0.3658,R,F,A
3,9500,-0.3,0.3579,R,F,A
3.5,9500,-0.3,0.3528,R,F,A
4,9500,-0.3,0.3486,R,F,A
4.5,9500,-0.3,0.3445,R,F,A
5,9500,-0.3,0.3404,R,F,A
2,9750,-0.3,0.372,R,F,A
2.5,9750,-0.3,0.3596,R,F,A
3,9750,-0.3,0.3518,R,F,A
3.5,9750,-0.3,0.346,R,F,A
4,9750,-0.3,0.3415,R,F,A
4.5,9750,-0.3,0.3379,R,F,A
5,9750,-0.3,0.3331,R,F,A
2,10000,-0.3,0.3664,R,F,A
2.5,10000,-0.3,0.3534,R,F,A
3,10000,-0.3,0.3456,R,F,A
3.5,10000,-0.3,0.34,R,F,A
4,10000,-0.3,0.3357,R,F,A
4.5,10000,-0.3,0.3315,R,F,A
5,10000,-0.3,0.3265,R,F,A
2,10500,-0.3,0.3563,R,F,A
2.5,10500,-0.3,0.3411,R,F,A
3,10500,-0.3,0.3332,R,F,A
3.5,10500,-0.3,0.3282,R,F,A
4,10500,-0.3,0.3245,R,F,A
4.5,10500,-0.3,0.3206,R,F,A
5,10500,-0.3,0.3161,R,F,A
2.5,11000,-0.3,0.3301,R,F,A
3,11000,-0.3,0.3212,R,F,A
3.5,11000,-0.3,0.3167,R,F,A
4,11000,-0.3,0.3136,R,F,A
4.5,11000,-0.3,0.3105,R,F,A
5,11000,-0.3,0.3066,R,F,A
2.5,11500,-0.3,0.3209,R,F,A
3,11500,-0.3,0.3105,R,F,A
3.5,11500,-0.3,0.3057,R,F,A
4,11500,-0.3,0.3031,R,F,A
4.5,11500,-0.3,0.3009,R,F,A
5,11500,-0.3,0.2978,R,F,A
2.5,12000,-0.3,0.3137,R,F,A
3,12000,-0.3,0.3012,R,F,A
3.5,12000,-0.3,0.2956,R,F,A
4,12000,-0.3,0.2932,R,F,A
4.5,12000,-0.3,0.2917,R,F,A
5,12000,-0.3,0.2895,R,F,A
2.5,12500,-0.3,0.3083,R,F,A
3,12500,-0.3,0.2936,R,F,A
3.5,12500,-0.3,0.2868,R,F,A
4,12500,-0.3,0.2841,R,F,A
4.5,12500,-0.3,0.2829,R,F,A
5,12500,-0.3,0.2815,R,F,A
2.5,13000,-0.3,0.3044,R,F,A
3,13000,-0.3,0.2874,R,F,A
3.5,13000,-0.3,0.2792,R,F,A
4,13000,-0.3,0.276,R,F,A
4.5,13000,-0.3,0.2747,R,F,A
5,13000,-0.3,0.2738,R,F,A
2,14000,-0.3,0.3413,R,F,A
2.5,14000,-0.3,0.2994,R,F,A
3,14000,-0.3,0.2784,R,F,A
3.5,14000,-0.3,0.2675,R,F,A
4,14000,-0.3,0.2625,R,F,A
4.5,14000,-0.3,0.2603,R,F,A
5,14000,-0.3,0.2595,R,F,A
2.5,15000,-0.3,0.2973,R,F,A
3,15000,-0.3,0.2725,R,F,A
3.5,15000,-0.3,0.259,R,F,A
4,15000,-0.3,0.2522,R,F,A
4.5,15000,-0.3,0.249,R,F,A
5,15000,-0.3,0.2474,R,F,A
2.5,16000,-0.3,0.2982,R,F,A
3,16000,-0.3,0.2689,R,F,A
3.5,16000,-0.3,0.2529,R,F,A
4,16000,-0.3,0.2446,R,F,A
4.5,16000,-0.3,0.2403,R,F,A
5,16000,-0.3,0.2378,R,F,A
2.5,17000,-0.3,0.301,R,F,A
3,17000,-0.3,0.2664,R,F,A
3.5,17000,-0.3,0.2483,R,F,A
4,17000,-0.3,0.2386,R,F,A
4.5,17000,-0.3,0.2332,R,F,A
5,17000,-0.3,0.2301,R,F,A
2.5,18000,-0.3,0.3052,R,F,A
3,18000,-0.3,0.2651,R,F,A
3.5,18000,-0.3,0.2446,R,F,A
4,18000,-0.3,0.2334,R,F,A
4.5,18000,-0.3,0.2274,R,F,A
5,18000,-0.3,0.2239,R,F,A
2.5,19000,-0.3,0.31,R,F,A
3,19000,-0.3,0.2647,R,F,A
3.5,19000,-0.3,0.2417,R,F,A
4,19000,-0.3,0.229,R,F,A
4.5,19000,-0.3,0.2223,R,F,A
5,19000,-0.3,0.2184,R,F,A
3,20000,-0.3,0.2641,R,F,A
3.5,20000,-0.3,0.2394,R,F,A
4,20000,-0.3,0.2253,R,F,A
4.5,20000,-0.3,0.2178,R,F,A
5,20000,-0.3,0.2136,R,F,A
3,21000,-0.3,0.263,R,F,A
3.5,21000,-0.3,0.237,R,F,A
4,21000,-0.3,0.2221,R,F,A
4.5,21000,-0.3,0.2139,R,F,A
5,21000,-0.3,0.2093,R,F,A
3,22000,-0.3,0.2619,R,F,A
3.5,22000,-0.3,0.2342,R,F,A
4,22000,-0.3,0.2191,R,F,A
4.5,22000,-0.3,0.2104,R,F,A
5,22000,-0.3,0.2055,R,F,A
3,23000,-0.3,0.2628,R,F,A
3.5,23000,-0.3,0.2311,R,F,A
4,23000,-0.3,0.2159,R,F,A
4.5,23000,-0.3,0.2072,R,F,A
5,23000,-0.3,0.202,R,F,A
3,24000,-0.3,0.2675,R,F,A
3.5,24000,-0.3,0.2283,R,F,A
4,24000,-0.3,0.2122,R,F,A
4.5,24000,-0.3,0.2037,R,F,A
5,24000,-0.3,0.1988,R,F,A
3,25000,-0.3,0.2752,R,F,A
3.5,25000,-0.3,0.2274,R,F,A
4,25000,-0.3,0.2088,R,F,A
4.5,25000,-0.3,0.2001,R,F,A
5,25000,-0.3,0.1955,R,F,A
3,26000,-0.3,0.2823,R,F,A
3.5,26000,-0.3,0.2285,R,F,A
4,26000,-0.3,0.2063,R,F,A
4.5,26000,-0.3,0.1965,R,F,A
5,26000,-0.3,0.1921,R,F,A
3.5,27000,-0.3,0.2308,R,F,A
4,27000,-0.3,0.2053,R,F,A
4.5,27000,-0.3,0.1934,R,F,A
5,27000,-0.3,0.1885,R,F,A
3.5,28000,-0.3,0.2324,R,F,A
4,28000,-0.3,0.2052,R,F,A
4.5,28000,-0.3,0.1916,R,F,A
5,28000,-0.3,0.1855,R,F,A
3.5,29000,-0.3,0.2326,R,F,A
4,29000,-0.3,0.2049,R,F,A
4.5,29000,-0.3,0.1901,R,F,A
5,29000,-0.3,0.1828,R,F,A
3.5,30000,-0.3,0.231,R,F,A
4,30000,-0.3,0.2036,R,F,A
4.5,30000,-0.3,0.1887,R,F,A
5,30000,-0.3,0.1806,R,F,A
3.5,31000,-0.3,0.2284,R,F,A
4,31000,-0.3,0.2009,R,F,A
4.5,31000,-0.3,0.1864,R,F,A
5,31000,-0.3,0.1777,R,F,A
4,32000,-0.3,0.197,R,F,A
4.5,32000,-0.3,0.183,R,F,A
5,32000,-0.3,0.1746,R,F,A
4,33000,-0.3,0.1925,R,F,A
4.5,33000,-0.3,0.1789,R,F,A
5,33000,-0.3,0.1705,R,F,A
4,34000,-0.3,0.187,R,F,A
4.5,34000,-0.3,0.174,R,F,A
5,34000,-0.3,0.1659,R,F,A
4,35000,-0.3,0.1807,R,F,A
4.5,35000,-0.3,0.1679,R,F,A
5,35000,-0.3,0.1608,R,F,A
4.5,37500,-0.3,0.1513,R,F,A
5,37500,-0.3,0.1449,R,F,A
4.5,40000,-0.3,0.1417,R,F,A
5,40000,-0.3,0.1299,R,F,A
5,42500,-0.3,0.1222,R,F,A
5,45000,-0.3,0.1188,R,F,A
5,47500,-0.3,0.1163,R,F,A
5,50000,-0.3,0.1146,R,F,A
0,3500,-0.2,0.877,R,F,A
0.5,3500,-0.2,0.8722,R,F,A
1,3500,-0.2,0.8633,R,F,A
1.5,3500,-0.2,0.8526,R,F,A
2,3500,-0.2,0.8412,R,F,A
2.5,3500,-0.2,0.8253,R,F,A
3,3500,-0.2,0.775,R,F,A
3.5,3500,-0.2,0.6814,R,F,A
4,3500,-0.2,0.6023,R,F,A
4.5,3500,-0.2,0.5533,R,F,A
5,3500,-0.2,0.5247,R,F,A
0,3750,-0.2,0.8073,R,F,A
0.5,3750,-0.2,0.8097,R,F,A
1,3750,-0.2,0.8121,R,F,A
1.5,3750,-0.2,0.8136,R,F,A
2,3750,-0.2,0.8148,R,F,A
2.5,3750,-0.2,0.8137,R,F,A
3,3750,-0.2,0.806,R,F,A
3.5,3750,-0.2,0.7417,R,F,A
4,3750,-0.2,0.6221,R,F,A
4.5,3750,-0.2,0.5317,R,F,A
5,3750,-0.2,0.4818,R,F,A
0,4000,-0.2,0.7557,R,F,A
0.5,4000,-0.2,0.7547,R,F,A
1,4000,-0.2,0.7561,R,F,A
1.5,4000,-0.2,0.7562,R,F,A
2,4000,-0.2,0.7572,R,F,A
2.5,4000,-0.2,0.7586,R,F,A
3,4000,-0.2,0.76,R,F,A
3.5,4000,-0.2,0.7564,R,F,A
4,4000,-0.2,0.6985,R,F,A
4.5,4000,-0.2,0.5836,R,F,A
5,4000,-0.2,0.49,R,F,A
0,4250,-0.2,0.7101,R,F,A
0.5,4250,-0.2,0.7116,R,F,A
1,4250,-0.2,0.7134,R,F,A
1.5,4250,-0.2,0.7127,R,F,A
2,4250,-0.2,0.7133,R,F,A
2.5,4250,-0.2,0.7141,R,F,A
3,4250,-0.2,0.7147,R,F,A
3.5,4250,-0.2,0.7148,R,F,A
4,4250,-0.2,0.7124,R,F,A
4.5,4250,-0.2,0.6703,R,F,A
5,4250,-0.2,0.5726,R,F,A
0,4500,-0.2,0.666,R,F,A
0.5,4500,-0.2,0.6669,R,F,A
1,4500,-0.2,0.6689,R,F,A
1.5,4500,-0.2,0.6709,R,F,A
2,4500,-0.2,0.673,R,F,A
2.5,4500,-0.2,0.6749,R,F,A
3,4500,-0.2,0.6767,R,F,A
3.5,4500,-0.2,0.6777,R,F,A
4,4500,-0.2,0.6781,R,F,A
4.5,4500,-0.2,0.676,R,F,A
5,4500,-0.2,0.6474,R,F,A
0,4750,-0.2,0.6201,R,F,A
0.5,4750,-0.2,0.6228,R,F,A
1,4750,-0.2,0.6245,R,F,A
1.5,4750,-0.2,0.6296,R,F,A
2,4750,-0.2,0.6313,R,F,A
2.5,4750,-0.2,0.6348,R,F,A
3,4750,-0.2,0.6382,R,F,A
3.5,4750,-0.2,0.6408,R,F,A
4,4750,-0.2,0.6429,R,F,A
4.5,4750,-0.2,0.6433,R,F,A
5,4750,-0.2,0.6415,R,F,A
0,5000,-0.2,0.5768,R,F,A
0.5,5000,-0.2,0.5795,R,F,A
1,5000,-0.2,0.5867,R,F,A
1.5,5000,-0.2,0.588,R,F,A
2,5000,-0.2,0.5901,R,F,A
2.5,5000,-0.2,0.594,R,F,A
3,5000,-0.2,0.5983,R,F,A
3.5,5000,-0.2,0.6026,R,F,A
4,5000,-0.2,0.6059,R,F,A
4.5,5000,-0.2,0.6085,R,F,A
5,5000,-0.2,0.6092,R,F,A
0,5250,-0.2,0.54,R,F,A
0.5,5250,-0.2,0.5448,R,F,A
1,5250,-0.2,0.5477,R,F,A
1.5,5250,-0.2,0.5492,R,F,A
2,5250,-0.2,0.5521,R,F,A
2.5,5250,-0.2,0.5544,R,F,A
3,5250,-0.2,0.5587,R,F,A
3.5,5250,-0.2,0.5641,R,F,A
4,5250,-0.2,0.5685,R,F,A
4.5,5250,-0.2,0.572,R,F,A
5,5250,-0.2,0.5731,R,F,A
0,5500,-0.2,0.581,R,F,A
0.5,5500,-0.2,0.506,R,F,A
1,5500,-0.2,0.5083,R,F,A
1.5,5500,-0.2,0.5112,R,F,A
2,5500,-0.2,0.5117,R,F,A
2.5,5500,-0.2,0.5161,R,F,A
3,5500,-0.2,0.5228,R,F,A
3.5,5500,-0.2,0.5281,R,F,A
4,5500,-0.2,0.5331,R,F,A
4.5,5500,-0.2,0.5368,R,F,A
5,5500,-0.2,0.5374,R,F,A
0,5750,-0.2,0.5645,R,F,A
0.5,5750,-0.2,0.5673,R,F,A
1,5750,-0.2,0.4823,R,F,A
1.5,5750,-0.2,0.4823,R,F,A
2,5750,-0.2,0.4847,R,F,A
2.5,5750,-0.2,0.4885,R,F,A
3,5750,-0.2,0.4921,R,F,A
3.5,5750,-0.2,0.4966,R,F,A
4,5750,-0.2,0.5017,R,F,A
4.5,5750,-0.2,0.5049,R,F,A
5,5750,-0.2,0.5063,R,F,A
0,6000,-0.2,0.547,R,F,A
0.5,6000,-0.2,0.5507,R,F,A
1,6000,-0.2,0.5528,R,F,A
1.5,6000,-0.2,0.4601,R,F,A
2,6000,-0.2,0.464,R,F,A
2.5,6000,-0.2,0.4646,R,F,A
3,6000,-0.2,0.4676,R,F,A
3.5,6000,-0.2,0.4704,R,F,A
4,6000,-0.2,0.4744,R,F,A
4.5,6000,-0.2,0.4762,R,F,A
5,6000,-0.2,0.4768,R,F,A
0.5,6250,-0.2,0.5347,R,F,A
1,6250,-0.2,0.5372,R,F,A
1.5,6250,-0.2,0.5382,R,F,A
2,6250,-0.2,0.4433,R,F,A
2.5,6250,-0.2,0.4456,R,F,A
3,6250,-0.2,0.4477,R,F,A
3.5,6250,-0.2,0.4503,R,F,A
4,6250,-0.2,0.4528,R,F,A
4.5,6250,-0.2,0.4535,R,F,A
5,6250,-0.2,0.4533,R,F,A
0.5,6500,-0.2,0.5207,R,F,A
1,6500,-0.2,0.5219,R,F,A
1.5,6500,-0.2,0.5234,R,F,A
2,6500,-0.2,0.5237,R,F,A
2.5,6500,-0.2,0.4284,R,F,A
3,6500,-0.2,0.4308,R,F,A
3.5,6500,-0.2,0.4335,R,F,A
4,6500,-0.2,0.4353,R,F,A
4.5,6500,-0.2,0.4351,R,F,A
5,6500,-0.2,0.4346,R,F,A
0.5,6750,-0.2,0.5081,R,F,A
1,6750,-0.2,0.5073,R,F,A
1.5,6750,-0.2,0.508,R,F,A
2,6750,-0.2,0.5082,R,F,A
2.5,6750,-0.2,0.5076,R,F,A
3,6750,-0.2,0.4166,R,F,A
3.5,6750,-0.2,0.4178,R,F,A
4,6750,-0.2,0.4202,R,F,A
4.5,6750,-0.2,0.4202,R,F,A
5,6750,-0.2,0.4203,R,F,A
0.5,7000,-0.2,0.4967,R,F,A
1,7000,-0.2,0.4935,R,F,A
1.5,7000,-0.2,0.4933,R,F,A
2,7000,-0.2,0.4933,R,F,A
2.5,7000,-0.2,0.4925,R,F,A
3,7000,-0.2,0.4913,R,F,A
3.5,7000,-0.2,0.4059,R,F,A
4,7000,-0.2,0.4069,R,F,A
4.5,7000,-0.2,0.4074,R,F,A
5,7000,-0.2,0.4085,R,F,A
0.5,7250,-0.2,0.4859,R,F,A
1,7250,-0.2,0.4785,R,F,A
1.5,7250,-0.2,0.4769,R,F,A
2,7250,-0.2,0.4774,R,F,A
2.5,7250,-0.2,0.4774,R,F,A
3,7250,-0.2,0.476,R,F,A
3.5,7250,-0.2,0.475,R,F,A
4,7250,-0.2,0.3951,R,F,A
4.5,7250,-0.2,0.3951,R,F,A
5,7250,-0.2,0.397,R,F,A
0.5,7500,-0.2,0.478,R,F,A
1,7500,-0.2,0.4641,R,F,A
1.5,7500,-0.2,0.4595,R,F,A
2,7500,-0.2,0.4589,R,F,A
2.5,7500,-0.2,0.4594,R,F,A
3,7500,-0.2,0.4605,R,F,A
3.5,7500,-0.2,0.4597,R,F,A
4,7500,-0.2,0.4578,R,F,A
4.5,7500,-0.2,0.3843,R,F,A
5,7500,-0.2,0.3853,R,F,A
1,7750,-0.2,0.4535,R,F,A
1.5,7750,-0.2,0.4439,R,F,A
2,7750,-0.2,0.4408,R,F,A
2.5,7750,-0.2,0.4411,R,F,A
3,7750,-0.2,0.4424,R,F,A
3.5,7750,-0.2,0.4442,R,F,A
4,7750,-0.2,0.443,R,F,A
4.5,7750,-0.2,0.3782,R,F,A
5,7750,-0.2,0.3758,R,F,A
1,8000,-0.2,0.4462,R,F,A
1.5,8000,-0.2,0.4322,R,F,A
2,8000,-0.2,0.4253,R,F,A
2.5,8000,-0.2,0.4236,R,F,A
3,8000,-0.2,0.4243,R,F,A
3.5,8000,-0.2,0.4261,R,F,A
4,8000,-0.2,0.4282,R,F,A
4.5,8000,-0.2,0.4269,R,F,A
5,8000,-0.2,0.3675,R,F,A
1,8250,-0.2,0.4406,R,F,A
1.5,8250,-0.2,0.4235,R,F,A
2,8250,-0.2,0.4131,R,F,A
2.5,8250,-0.2,0.4084,R,F,A
3,8250,-0.2,0.4074,R,F,A
3.5,8250,-0.2,0.4086,R,F,A
4,8250,-0.2,0.4115,R,F,A
4.5,8250,-0.2,0.4128,R,F,A
5,8250,-0.2,0.4108,R,F,A
1,8500,-0.2,0.4388,R,F,A
1.5,8500,-0.2,0.4171,R,F,A
2,8500,-0.2,0.404,R,F,A
2.5,8500,-0.2,0.3966,R,F,A
3,8500,-0.2,0.3935,R,F,A
3.5,8500,-0.2,0.3931,R,F,A
4,8500,-0.2,0.3944,R,F,A
4.5,8500,-0.2,0.3974,R,F,A
5,8500,-0.2,0.3984,R,F,A
1.5,8750,-0.2,0.412,R,F,A
2,8750,-0.2,0.397,R,F,A
2.5,8750,-0.2,0.3874,R,F,A
3,8750,-0.2,0.3821,R,F,A
3.5,8750,-0.2,0.3798,R,F,A
4,8750,-0.2,0.3801,R,F,A
4.5,8750,-0.2,0.3816,R,F,A
5,8750,-0.2,0.3844,R,F,A
1.5,9000,-0.2,0.4074,R,F,A
2,9000,-0.2,0.3909,R,F,A
2.5,9000,-0.2,0.3805,R,F,A
3,9000,-0.2,0.374,R,F,A
3.5,9000,-0.2,0.3701,R,F,A
4,9000,-0.2,0.3687,R,F,A
4.5,9000,-0.2,0.3695,R,F,A
5,9000,-0.2,0.372,R,F,A
2,9250,-0.2,0.385,R,F,A
2.5,9250,-0.2,0.3741,R,F,A
3,9250,-0.2,0.3667,R,F,A
3.5,9250,-0.2,0.3619,R,F,A
4,9250,-0.2,0.3594,R,F,A
4.5,9250,-0.2,0.3589,R,F,A
5,9250,-0.2,0.3597,R,F,A
2,9500,-0.2,0.379,R,F,A
2.5,9500,-0.2,0.3679,R,F,A
3,9500,-0.2,0.3602,R,F,A
3.5,9500,-0.2,0.355,R,F,A
4,9500,-0.2,0.3518,R,F,A
4.5,9500,-0.2,0.3499,R,F,A
5,9500,-0.2,0.3498,R,F,A
2,9750,-0.2,0.3733,R,F,A
2.5,9750,-0.2,0.3616,R,F,A
3,9750,-0.2,0.3537,R,F,A
3.5,9750,-0.2,0.3484,R,F,A
4,9750,-0.2,0.3451,R,F,A
4.5,9750,-0.2,0.3425,R,F,A
5,9750,-0.2,0.3416,R,F,A
2,10000,-0.2,0.3674,R,F,A
2.5,10000,-0.2,0.3553,R,F,A
3,10000,-0.2,0.3476,R,F,A
3.5,10000,-0.2,0.3424,R,F,A
4,10000,-0.2,0.3385,R,F,A
4.5,10000,-0.2,0.3358,R,F,A
5,10000,-0.2,0.3343,R,F,A
2,10500,-0.2,0.3568,R,F,A
2.5,10500,-0.2,0.3426,R,F,A
3,10500,-0.2,0.3352,R,F,A
3.5,10500,-0.2,0.3305,R,F,A
4,10500,-0.2,0.3272,R,F,A
4.5,10500,-0.2,0.3241,R,F,A
5,10500,-0.2,0.322,R,F,A
2.5,11000,-0.2,0.3311,R,F,A
3,11000,-0.2,0.3229,R,F,A
3.5,11000,-0.2,0.3188,R,F,A
4,11000,-0.2,0.3161,R,F,A
4.5,11000,-0.2,0.3137,R,F,A
5,11000,-0.2,0.3117,R,F,A
2.5,11500,-0.2,0.3215,R,F,A
3,11500,-0.2,0.312,R,F,A
3.5,11500,-0.2,0.3075,R,F,A
4,11500,-0.2,0.3053,R,F,A
4.5,11500,-0.2,0.3039,R,F,A
5,11500,-0.2,0.3024,R,F,A
2.5,12000,-0.2,0.314,R,F,A
3,12000,-0.2,0.3024,R,F,A
3.5,12000,-0.2,0.2972,R,F,A
4,12000,-0.2,0.2952,R,F,A
4.5,12000,-0.2,0.2945,R,F,A
5,12000,-0.2,0.2936,R,F,A
2.5,12500,-0.2,0.3086,R,F,A
3,12500,-0.2,0.2944,R,F,A
3.5,12500,-0.2,0.2881,R,F,A
4,12500,-0.2,0.2858,R,F,A
4.5,12500,-0.2,0.2853,R,F,A
5,12500,-0.2,0.2852,R,F,A
2.5,13000,-0.2,0.3045,R,F,A
3,13000,-0.2,0.2881,R,F,A
3.5,13000,-0.2,0.2803,R,F,A
4,13000,-0.2,0.2774,R,F,A
4.5,13000,-0.2,0.2769,R,F,A
5,13000,-0.2,0.2771,R,F,A
2,14000,-0.2,0.3418,R,F,A
2.5,14000,-0.2,0.2996,R,F,A
3,14000,-0.2,0.279,R,F,A
3.5,14000,-0.2,0.2684,R,F,A
4,14000,-0.2,0.2636,R,F,A
4.5,14000,-0.2,0.2622,R,F,A
5,14000,-0.2,0.2623,R,F,A
2.5,15000,-0.2,0.2976,R,F,A
3,15000,-0.2,0.2728,R,F,A
3.5,15000,-0.2,0.2598,R,F,A
4,15000,-0.2,0.2531,R,F,A
4.5,15000,-0.2,0.2504,R,F,A
5,15000,-0.2,0.2497,R,F,A
2.5,16000,-0.2,0.2985,R,F,A
3,16000,-0.2,0.2687,R,F,A
3.5,16000,-0.2,0.2536,R,F,A
4,16000,-0.2,0.2454,R,F,A
4.5,16000,-0.2,0.2414,R,F,A
5,16000,-0.2,0.2398,R,F,A
2.5,17000,-0.2,0.3015,R,F,A
3,17000,-0.2,0.2664,R,F,A
3.5,17000,-0.2,0.2486,R,F,A
4,17000,-0.2,0.2392,R,F,A
4.5,17000,-0.2,0.2344,R,F,A
5,17000,-0.2,0.2319,R,F,A
2.5,18000,-0.2,0.306,R,F,A
3,18000,-0.2,0.2653,R,F,A
3.5,18000,-0.2,0.2449,R,F,A
4,18000,-0.2,0.2343,R,F,A
4.5,18000,-0.2,0.2285,R,F,A
5,18000,-0.2,0.2254,R,F,A
2.5,19000,-0.2,0.3108,R,F,A
3,19000,-0.2,0.2649,R,F,A
3.5,19000,-0.2,0.2421,R,F,A
4,19000,-0.2,0.2299,R,F,A
4.5,19000,-0.2,0.2234,R,F,A
5,19000,-0.2,0.2199,R,F,A
3,20000,-0.2,0.2645,R,F,A
3.5,20000,-0.2,0.2397,R,F,A
4,20000,-0.2,0.2263,R,F,A
4.5,20000,-0.2,0.219,R,F,A
5,20000,-0.2,0.2151,R,F,A
3,21000,-0.2,0.2633,R,F,A
3.5,21000,-0.2,0.2375,R,F,A
4,21000,-0.2,0.2232,R,F,A
4.5,21000,-0.2,0.2152,R,F,A
5,21000,-0.2,0.2109,R,F,A
3,22000,-0.2,0.2624,R,F,A
3.5,22000,-0.2,0.2346,R,F,A
4,22000,-0.2,0.2202,R,F,A
4.5,22000,-0.2,0.2119,R,F,A
5,22000,-0.2,0.2072,R,F,A
3,23000,-0.2,0.2634,R,F,A
3.5,23000,-0.2,0.2313,R,F,A
4,23000,-0.2,0.2167,R,F,A
4.5,23000,-0.2,0.2086,R,F,A
5,23000,-0.2,0.2038,R,F,A
3,24000,-0.2,0.2684,R,F,A
3.5,24000,-0.2,0.2286,R,F,A
4,24000,-0.2,0.213,R,F,A
4.5,24000,-0.2,0.205,R,F,A
5,24000,-0.2,0.2006,R,F,A
3,25000,-0.2,0.2765,R,F,A
3.5,25000,-0.2,0.2276,R,F,A
4,25000,-0.2,0.2093,R,F,A
4.5,25000,-0.2,0.2013,R,F,A
5,25000,-0.2,0.197,R,F,A
3,26000,-0.2,0.2837,R,F,A
3.5,26000,-0.2,0.229,R,F,A
4,26000,-0.2,0.2068,R,F,A
4.5,26000,-0.2,0.1978,R,F,A
5,26000,-0.2,0.1936,R,F,A
3.5,27000,-0.2,0.2316,R,F,A
4,27000,-0.2,0.2057,R,F,A
4.5,27000,-0.2,0.1947,R,F,A
5,27000,-0.2,0.1901,R,F,A
3.5,28000,-0.2,0.2335,R,F,A
4,28000,-0.2,0.2056,R,F,A
4.5,28000,-0.2,0.1925,R,F,A
5,28000,-0.2,0.1871,R,F,A
3.5,29000,-0.2,0.2332,R,F,A
4,29000,-0.2,0.2057,R,F,A
4.5,29000,-0.2,0.1912,R,F,A
5,29000,-0.2,0.1845,R,F,A
3.5,30000,-0.2,0.2316,R,F,A
4,30000,-0.2,0.2042,R,F,A
4.5,30000,-0.2,0.1898,R,F,A
5,30000,-0.2,0.1822,R,F,A
3.5,31000,-0.2,0.2295,R,F,A
4,31000,-0.2,0.2015,R,F,A
4.5,31000,-0.2,0.1873,R,F,A
5,31000,-0.2,0.1794,R,F,A
4,32000,-0.2,0.1977,R,F,A
4.5,32000,-0.2,0.184,R,F,A
5,32000,-0.2,0.1761,R,F,A
4,33000,-0.2,0.1927,R,F,A
4.5,33000,-0.2,0.1795,R,F,A
5,33000,-0.2,0.1721,R,F,A
4,34000,-0.2,0.1872,R,F,A
4.5,34000,-0.2,0.1744,R,F,A
5,34000,-0.2,0.1672,R,F,A
4,35000,-0.2,0.1813,R,F,A
4.5,35000,-0.2,0.1681,R,F,A
5,35000,-0.2,0.1619,R,F,A
4.5,37500,-0.2,0.152,R,F,A
5,37500,-0.2,0.1456,R,F,A
4.5,40000,-0.2,0.143,R,F,A
5,40000,-0.2,0.1309,R,F,A
5,42500,-0.2,0.1234,R,F,A
5,45000,-0.2,0.1201,R,F,A
5,47500,-0.2,0.1176,R,F,A
5,50000,-0.2,0.1154,R,F,A
0,3500,-0.1,0.8807,R,F,A
0.5,3500,-0.1,0.8737,R,F,A
1,3500,-0.1,0.8625,R,F,A
1.5,3500,-0.1,0.8487,R,F,A
2,3500,-0.1,0.8339,R,F,A
2.5,3500,-0.1,0.8182,R,F,A
3,3500,-0.1,0.7864,R,F,A
3.5,3500,-0.1,0.707,R,F,A
4,3500,-0.1,0.6254,R,F,A
4.5,3500,-0.1,0.5726,R,F,A
5,3500,-0.1,0.5417,R,F,A
0,3750,-0.1,0.8133,R,F,A
0.5,3750,-0.1,0.8163,R,F,A
1,3750,-0.1,0.8181,R,F,A
1.5,3750,-0.1,0.8191,R,F,A
2,3750,-0.1,0.8192,R,F,A
2.5,3750,-0.1,0.8173,R,F,A
3,3750,-0.1,0.8111,R,F,A
3.5,3750,-0.1,0.7677,R,F,A
4,3750,-0.1,0.6561,R,F,A
4.5,3750,-0.1,0.5566,R,F,A
5,3750,-0.1,0.5003,R,F,A
0,4000,-0.1,0.7597,R,F,A
0.5,4000,-0.1,0.7606,R,F,A
1,4000,-0.1,0.7605,R,F,A
1.5,4000,-0.1,0.7614,R,F,A
2,4000,-0.1,0.7628,R,F,A
2.5,4000,-0.1,0.7644,R,F,A
3,4000,-0.1,0.766,R,F,A
3.5,4000,-0.1,0.7641,R,F,A
4,4000,-0.1,0.7209,R,F,A
4.5,4000,-0.1,0.6112,R,F,A
5,4000,-0.1,0.5113,R,F,A
0,4250,-0.1,0.7154,R,F,A
0.5,4250,-0.1,0.717,R,F,A
1,4250,-0.1,0.7166,R,F,A
1.5,4250,-0.1,0.7173,R,F,A
2,4250,-0.1,0.7182,R,F,A
2.5,4250,-0.1,0.7189,R,F,A
3,4250,-0.1,0.7197,R,F,A
3.5,4250,-0.1,0.7204,R,F,A
4,4250,-0.1,0.7187,R,F,A
4.5,4250,-0.1,0.6843,R,F,A
5,4250,-0.1,0.5915,R,F,A
0,4500,-0.1,0.6705,R,F,A
0.5,4500,-0.1,0.6731,R,F,A
1,4500,-0.1,0.6736,R,F,A
1.5,4500,-0.1,0.6754,R,F,A
2,4500,-0.1,0.6772,R,F,A
2.5,4500,-0.1,0.6798,R,F,A
3,4500,-0.1,0.6817,R,F,A
3.5,4500,-0.1,0.683,R,F,A
4,4500,-0.1,0.6832,R,F,A
4.5,4500,-0.1,0.6818,R,F,A
5,4500,-0.1,0.6575,R,F,A
0,4750,-0.1,0.6251,R,F,A
0.5,4750,-0.1,0.6286,R,F,A
1,4750,-0.1,0.6301,R,F,A
1.5,4750,-0.1,0.6328,R,F,A
2,4750,-0.1,0.6357,R,F,A
2.5,4750,-0.1,0.6396,R,F,A
3,4750,-0.1,0.643,R,F,A
3.5,4750,-0.1,0.6462,R,F,A
4,4750,-0.1,0.6479,R,F,A
4.5,4750,-0.1,0.6489,R,F,A
5,4750,-0.1,0.6475,R,F,A
0,5000,-0.1,0.5799,R,F,A
0.5,5000,-0.1,0.5834,R,F,A
1,5000,-0.1,0.5888,R,F,A
1.5,5000,-0.1,0.5916,R,F,A
2,5000,-0.1,0.5929,R,F,A
2.5,5000,-0.1,0.5983,R,F,A
3,5000,-0.1,0.603,R,F,A
3.5,5000,-0.1,0.6076,R,F,A
4,5000,-0.1,0.6114,R,F,A
4.5,5000,-0.1,0.6134,R,F,A
5,5000,-0.1,0.6142,R,F,A
0,5250,-0.1,0.5383,R,F,A
0.5,5250,-0.1,0.5435,R,F,A
1,5250,-0.1,0.5469,R,F,A
1.5,5250,-0.1,0.5523,R,F,A
2,5250,-0.1,0.5538,R,F,A
2.5,5250,-0.1,0.5589,R,F,A
3,5250,-0.1,0.5636,R,F,A
3.5,5250,-0.1,0.5692,R,F,A
4,5250,-0.1,0.574,R,F,A
4.5,5250,-0.1,0.5769,R,F,A
5,5250,-0.1,0.5786,R,F,A
0,5500,-0.1,0.5208,R,F,A
0.5,5500,-0.1,0.5078,R,F,A
1,5500,-0.1,0.5121,R,F,A
1.5,5500,-0.1,0.5154,R,F,A
2,5500,-0.1,0.518,R,F,A
2.5,5500,-0.1,0.5218,R,F,A
3,5500,-0.1,0.5271,R,F,A
3.5,5500,-0.1,0.5334,R,F,A
4,5500,-0.1,0.5384,R,F,A
4.5,5500,-0.1,0.542,R,F,A
5,5500,-0.1,0.5435,R,F,A
0,5750,-0.1,0.5441,R,F,A
0.5,5750,-0.1,0.5148,R,F,A
1,5750,-0.1,0.4808,R,F,A
1.5,5750,-0.1,0.4854,R,F,A
2,5750,-0.1,0.4879,R,F,A
2.5,5750,-0.1,0.4914,R,F,A
3,5750,-0.1,0.4957,R,F,A
3.5,5750,-0.1,0.5009,R,F,A
4,5750,-0.1,0.5057,R,F,A
4.5,5750,-0.1,0.5099,R,F,A
5,5750,-0.1,0.5112,R,F,A
0,6000,-0.1,0.5396,R,F,A
0.5,6000,-0.1,0.5285,R,F,A
1,6000,-0.1,0.5023,R,F,A
1.5,6000,-0.1,0.4602,R,F,A
2,6000,-0.1,0.4633,R,F,A
2.5,6000,-0.1,0.4669,R,F,A
3,6000,-0.1,0.4699,R,F,A
3.5,6000,-0.1,0.473,R,F,A
4,6000,-0.1,0.4772,R,F,A
4.5,6000,-0.1,0.4809,R,F,A
5,6000,-0.1,0.4819,R,F,A
0.5,6250,-0.1,0.526,R,F,A
1,6250,-0.1,0.5118,R,F,A
1.5,6250,-0.1,0.483,R,F,A
2,6250,-0.1,0.4418,R,F,A
2.5,6250,-0.1,0.4456,R,F,A
3,6250,-0.1,0.4484,R,F,A
3.5,6250,-0.1,0.451,R,F,A
4,6250,-0.1,0.4543,R,F,A
4.5,6250,-0.1,0.457,R,F,A
5,6250,-0.1,0.4572,R,F,A
0.5,6500,-0.1,0.5192,R,F,A
1,6500,-0.1,0.512,R,F,A
1.5,6500,-0.1,0.4943,R,F,A
2,6500,-0.1,0.4587,R,F,A
2.5,6500,-0.1,0.4266,R,F,A
3,6500,-0.1,0.4301,R,F,A
3.5,6500,-0.1,0.4334,R,F,A
4,6500,-0.1,0.4365,R,F,A
4.5,6500,-0.1,0.4379,R,F,A
5,6500,-0.1,0.4375,R,F,A
0.5,6750,-0.1,0.507,R,F,A
1,6750,-0.1,0.5059,R,F,A
1.5,6750,-0.1,0.4964,R,F,A
2,6750,-0.1,0.4758,R,F,A
2.5,6750,-0.1,0.4384,R,F,A
3,6750,-0.1,0.4147,R,F,A
3.5,6750,-0.1,0.4183,R,F,A
4,6750,-0.1,0.4213,R,F,A
4.5,6750,-0.1,0.4223,R,F,A
5,6750,-0.1,0.4222,R,F,A
0.5,7000,-0.1,0.496,R,F,A
1,7000,-0.1,0.4924,R,F,A
1.5,7000,-0.1,0.4916,R,F,A
2,7000,-0.1,0.48,R,F,A
2.5,7000,-0.1,0.4554,R,F,A
3,7000,-0.1,0.4141,R,F,A
3.5,7000,-0.1,0.405,R,F,A
4,7000,-0.1,0.4076,R,F,A
4.5,7000,-0.1,0.4087,R,F,A
5,7000,-0.1,0.4096,R,F,A
0.5,7250,-0.1,0.4859,R,F,A
1,7250,-0.1,0.478,R,F,A
1.5,7250,-0.1,0.4766,R,F,A
2,7250,-0.1,0.4766,R,F,A
2.5,7250,-0.1,0.4621,R,F,A
3,7250,-0.1,0.4338,R,F,A
3.5,7250,-0.1,0.3932,R,F,A
4,7250,-0.1,0.3951,R,F,A
4.5,7250,-0.1,0.3955,R,F,A
5,7250,-0.1,0.3975,R,F,A
0.5,7500,-0.1,0.4783,R,F,A
1,7500,-0.1,0.4642,R,F,A
1.5,7500,-0.1,0.4589,R,F,A
2,7500,-0.1,0.4583,R,F,A
2.5,7500,-0.1,0.4584,R,F,A
3,7500,-0.1,0.4425,R,F,A
3.5,7500,-0.1,0.4095,R,F,A
4,7500,-0.1,0.3839,R,F,A
4.5,7500,-0.1,0.3842,R,F,A
5,7500,-0.1,0.3854,R,F,A
1,7750,-0.1,0.4538,R,F,A
1.5,7750,-0.1,0.444,R,F,A
2,7750,-0.1,0.4406,R,F,A
2.5,7750,-0.1,0.4405,R,F,A
3,7750,-0.1,0.4404,R,F,A
3.5,7750,-0.1,0.4222,R,F,A
4,7750,-0.1,0.3875,R,F,A
4.5,7750,-0.1,0.3703,R,F,A
5,7750,-0.1,0.3753,R,F,A
1,8000,-0.1,0.4467,R,F,A
1.5,8000,-0.1,0.4323,R,F,A
2,8000,-0.1,0.4253,R,F,A
2.5,8000,-0.1,0.4231,R,F,A
3,8000,-0.1,0.4237,R,F,A
3.5,8000,-0.1,0.423,R,F,A
4,8000,-0.1,0.401,R,F,A
4.5,8000,-0.1,0.3693,R,F,A
5,8000,-0.1,0.3646,R,F,A
1,8250,-0.1,0.4413,R,F,A
1.5,8250,-0.1,0.4239,R,F,A
2,8250,-0.1,0.4134,R,F,A
2.5,8250,-0.1,0.4084,R,F,A
3,8250,-0.1,0.4071,R,F,A
3.5,8250,-0.1,0.4083,R,F,A
4,8250,-0.1,0.4054,R,F,A
4.5,8250,-0.1,0.3799,R,F,A
5,8250,-0.1,0.3556,R,F,A
1,8500,-0.1,0.4394,R,F,A
1.5,8500,-0.1,0.4178,R,F,A
2,8500,-0.1,0.4045,R,F,A
2.5,8500,-0.1,0.3969,R,F,A
3,8500,-0.1,0.3932,R,F,A
3.5,8500,-0.1,0.3926,R,F,A
4,8500,-0.1,0.3939,R,F,A
4.5,8500,-0.1,0.3873,R,F,A
5,8500,-0.1,0.3606,R,F,A
1.5,8750,-0.1,0.4127,R,F,A
2,8750,-0.1,0.3975,R,F,A
2.5,8750,-0.1,0.3877,R,F,A
3,8750,-0.1,0.382,R,F,A
3.5,8750,-0.1,0.3794,R,F,A
4,8750,-0.1,0.3797,R,F,A
4.5,8750,-0.1,0.3806,R,F,A
5,8750,-0.1,0.3684,R,F,A
1.5,9000,-0.1,0.4081,R,F,A
2,9000,-0.1,0.3915,R,F,A
2.5,9000,-0.1,0.3807,R,F,A
3,9000,-0.1,0.3738,R,F,A
3.5,9000,-0.1,0.3696,R,F,A
4,9000,-0.1,0.368,R,F,A
4.5,9000,-0.1,0.3684,R,F,A
5,9000,-0.1,0.371,R,F,A
2,9250,-0.1,0.386,R,F,A
2.5,9250,-0.1,0.3747,R,F,A
3,9250,-0.1,0.3669,R,F,A
3.5,9250,-0.1,0.3618,R,F,A
4,9250,-0.1,0.3586,R,F,A
4.5,9250,-0.1,0.3578,R,F,A
5,9250,-0.1,0.3587,R,F,A
2,9500,-0.1,0.3798,R,F,A
2.5,9500,-0.1,0.3684,R,F,A
3,9500,-0.1,0.3606,R,F,A
3.5,9500,-0.1,0.3551,R,F,A
4,9500,-0.1,0.3514,R,F,A
4.5,9500,-0.1,0.3491,R,F,A
5,9500,-0.1,0.3488,R,F,A
2,9750,-0.1,0.3738,R,F,A
2.5,9750,-0.1,0.3622,R,F,A
3,9750,-0.1,0.3546,R,F,A
3.5,9750,-0.1,0.349,R,F,A
4,9750,-0.1,0.3448,R,F,A
4.5,9750,-0.1,0.3422,R,F,A
5,9750,-0.1,0.3408,R,F,A
2,10000,-0.1,0.368,R,F,A
2.5,10000,-0.1,0.3557,R,F,A
3,10000,-0.1,0.3484,R,F,A
3.5,10000,-0.1,0.343,R,F,A
4,10000,-0.1,0.3389,R,F,A
4.5,10000,-0.1,0.336,R,F,A
5,10000,-0.1,0.3339,R,F,A
2,10500,-0.1,0.3571,R,F,A
2.5,10500,-0.1,0.3431,R,F,A
3,10500,-0.1,0.336,R,F,A
3.5,10500,-0.1,0.3315,R,F,A
4,10500,-0.1,0.3279,R,F,A
4.5,10500,-0.1,0.3247,R,F,A
5,10500,-0.1,0.322,R,F,A
2.5,11000,-0.1,0.3314,R,F,A
3,11000,-0.1,0.3236,R,F,A
3.5,11000,-0.1,0.3197,R,F,A
4,11000,-0.1,0.3171,R,F,A
4.5,11000,-0.1,0.3145,R,F,A
5,11000,-0.1,0.3121,R,F,A
2.5,11500,-0.1,0.3217,R,F,A
3,11500,-0.1,0.3122,R,F,A
3.5,11500,-0.1,0.3082,R,F,A
4,11500,-0.1,0.3062,R,F,A
4.5,11500,-0.1,0.3046,R,F,A
5,11500,-0.1,0.3028,R,F,A
2.5,12000,-0.1,0.3141,R,F,A
3,12000,-0.1,0.3025,R,F,A
3.5,12000,-0.1,0.2974,R,F,A
4,12000,-0.1,0.2956,R,F,A
4.5,12000,-0.1,0.2948,R,F,A
5,12000,-0.1,0.2938,R,F,A
2.5,12500,-0.1,0.3087,R,F,A
3,12500,-0.1,0.2946,R,F,A
3.5,12500,-0.1,0.2882,R,F,A
4,12500,-0.1,0.2859,R,F,A
4.5,12500,-0.1,0.2856,R,F,A
5,12500,-0.1,0.2853,R,F,A
2.5,13000,-0.1,0.3049,R,F,A
3,13000,-0.1,0.2882,R,F,A
3.5,13000,-0.1,0.2803,R,F,A
4,13000,-0.1,0.2773,R,F,A
4.5,13000,-0.1,0.2766,R,F,A
5,13000,-0.1,0.2769,R,F,A
2,14000,-0.1,0.3425,R,F,A
2.5,14000,-0.1,0.2998,R,F,A
3,14000,-0.1,0.2787,R,F,A
3.5,14000,-0.1,0.268,R,F,A
4,14000,-0.1,0.2632,R,F,A
4.5,14000,-0.1,0.2616,R,F,A
5,14000,-0.1,0.2619,R,F,A
2.5,15000,-0.1,0.298,R,F,A
3,15000,-0.1,0.2728,R,F,A
3.5,15000,-0.1,0.2595,R,F,A
4,15000,-0.1,0.2527,R,F,A
4.5,15000,-0.1,0.2499,R,F,A
5,15000,-0.1,0.2491,R,F,A
2.5,16000,-0.1,0.299,R,F,A
3,16000,-0.1,0.2689,R,F,A
3.5,16000,-0.1,0.2532,R,F,A
4,16000,-0.1,0.2449,R,F,A
4.5,16000,-0.1,0.2408,R,F,A
5,16000,-0.1,0.2392,R,F,A
2.5,17000,-0.1,0.3026,R,F,A
3,17000,-0.1,0.2666,R,F,A
3.5,17000,-0.1,0.2485,R,F,A
4,17000,-0.1,0.2388,R,F,A
4.5,17000,-0.1,0.2336,R,F,A
5,17000,-0.1,0.2312,R,F,A
2.5,18000,-0.1,0.3073,R,F,A
3,18000,-0.1,0.2659,R,F,A
3.5,18000,-0.1,0.2449,R,F,A
4,18000,-0.1,0.2338,R,F,A
4.5,18000,-0.1,0.2277,R,F,A
5,18000,-0.1,0.2246,R,F,A
2.5,19000,-0.1,0.3119,R,F,A
3,19000,-0.1,0.2657,R,F,A
3.5,19000,-0.1,0.2424,R,F,A
4,19000,-0.1,0.2297,R,F,A
4.5,19000,-0.1,0.2229,R,F,A
5,19000,-0.1,0.2193,R,F,A
3,20000,-0.1,0.2653,R,F,A
3.5,20000,-0.1,0.2403,R,F,A
4,20000,-0.1,0.2263,R,F,A
4.5,20000,-0.1,0.2186,R,F,A
5,20000,-0.1,0.2146,R,F,A
3,21000,-0.1,0.264,R,F,A
3.5,21000,-0.1,0.2379,R,F,A
4,21000,-0.1,0.2235,R,F,A
4.5,21000,-0.1,0.2152,R,F,A
5,21000,-0.1,0.2104,R,F,A
3,22000,-0.1,0.2629,R,F,A
3.5,22000,-0.1,0.2349,R,F,A
4,22000,-0.1,0.2204,R,F,A
4.5,22000,-0.1,0.2119,R,F,A
5,22000,-0.1,0.207,R,F,A
3,23000,-0.1,0.2644,R,F,A
3.5,23000,-0.1,0.2315,R,F,A
4,23000,-0.1,0.217,R,F,A
4.5,23000,-0.1,0.2088,R,F,A
5,23000,-0.1,0.2039,R,F,A
3,24000,-0.1,0.2697,R,F,A
3.5,24000,-0.1,0.2289,R,F,A
4,24000,-0.1,0.2131,R,F,A
4.5,24000,-0.1,0.2054,R,F,A
5,24000,-0.1,0.2007,R,F,A
3,25000,-0.1,0.2778,R,F,A
3.5,25000,-0.1,0.2282,R,F,A
4,25000,-0.1,0.2096,R,F,A
4.5,25000,-0.1,0.2017,R,F,A
5,25000,-0.1,0.1974,R,F,A
3,26000,-0.1,0.2855,R,F,A
3.5,26000,-0.1,0.2297,R,F,A
4,26000,-0.1,0.2072,R,F,A
4.5,26000,-0.1,0.1978,R,F,A
5,26000,-0.1,0.1939,R,F,A
3.5,27000,-0.1,0.2324,R,F,A
4,27000,-0.1,0.2061,R,F,A
4.5,27000,-0.1,0.1948,R,F,A
5,27000,-0.1,0.1903,R,F,A
3.5,28000,-0.1,0.2343,R,F,A
4,28000,-0.1,0.2062,R,F,A
4.5,28000,-0.1,0.1931,R,F,A
5,28000,-0.1,0.1871,R,F,A
3.5,29000,-0.1,0.2344,R,F,A
4,29000,-0.1,0.2062,R,F,A
4.5,29000,-0.1,0.1917,R,F,A
5,29000,-0.1,0.1844,R,F,A
3.5,30000,-0.1,0.2329,R,F,A
4,30000,-0.1,0.205,R,F,A
4.5,30000,-0.1,0.19,R,F,A
5,30000,-0.1,0.1822,R,F,A
3.5,31000,-0.1,0.2306,R,F,A
4,31000,-0.1,0.2021,R,F,A
4.5,31000,-0.1,0.1877,R,F,A
5,31000,-0.1,0.1796,R,F,A
4,32000,-0.1,0.1984,R,F,A
4.5,32000,-0.1,0.1844,R,F,A
5,32000,-0.1,0.1765,R,F,A
4,33000,-0.1,0.1937,R,F,A
4.5,33000,-0.1,0.18,R,F,A
5,33000,-0.1,0.1725,R,F,A
4,34000,-0.1,0.1881,R,F,A
4.5,34000,-0.1,0.175,R,F,A
5,34000,-0.1,0.1677,R,F,A
4,35000,-0.1,0.1821,R,F,A
4.5,35000,-0.1,0.1689,R,F,A
5,35000,-0.1,0.1622,R,F,A
4.5,37500,-0.1,0.1526,R,F,A
5,37500,-0.1,0.1459,R,F,A
4.5,40000,-0.1,0.1444,R,F,A
5,40000,-0.1,0.1319,R,F,A
5,42500,-0.1,0.125,R,F,A
5,45000,-0.1,0.1216,R,F,A
5,47500,-0.1,0.1191,R,F,A
5,50000,-0.1,0.117,R,F,A
0,3500,0,0.865,R,F,A
0.5,3500,0,0.8586,R,F,A
1,3500,0,0.8493,R,F,A
1.5,3500,0,0.8386,R,F,A
2,3500,0,0.8273,R,F,A
2.5,3500,0,0.8158,R,F,A
3,3500,0,0.7939,R,F,A
3.5,3500,0,0.7227,R,F,A
4,3500,0,0.6409,R,F,A
4.5,3500,0,0.5862,R,F,A
5,3500,0,0.5511,R,F,A
0,3750,0,0.8061,R,F,A
0.5,3750,0,0.8089,R,F,A
1,3750,0,0.8106,R,F,A
1.5,3750,0,0.812,R,F,A
2,3750,0,0.8124,R,F,A
2.5,3750,0,0.8118,R,F,A
3,3750,0,0.8084,R,F,A
3.5,3750,0,0.7795,R,F,A
4,3750,0,0.6811,R,F,A
4.5,3750,0,0.5776,R,F,A
5,3750,0,0.5149,R,F,A
0,4000,0,0.7558,R,F,A
0.5,4000,0,0.7562,R,F,A
1,4000,0,0.7565,R,F,A
1.5,4000,0,0.7581,R,F,A
2,4000,0,0.7601,R,F,A
2.5,4000,0,0.7629,R,F,A
3,4000,0,0.7657,R,F,A
3.5,4000,0,0.7661,R,F,A
4,4000,0,0.734,R,F,A
4.5,4000,0,0.6333,R,F,A
5,4000,0,0.5291,R,F,A
0,4250,0,0.7154,R,F,A
0.5,4250,0,0.716,R,F,A
1,4250,0,0.7155,R,F,A
1.5,4250,0,0.7161,R,F,A
2,4250,0,0.7165,R,F,A
2.5,4250,0,0.7182,R,F,A
3,4250,0,0.7202,R,F,A
3.5,4250,0,0.7221,R,F,A
4,4250,0,0.7222,R,F,A
4.5,4250,0,0.6938,R,F,A
5,4250,0,0.6064,R,F,A
0,4500,0,0.6721,R,F,A
0.5,4500,0,0.6766,R,F,A
1,4500,0,0.6753,R,F,A
1.5,4500,0,0.6781,R,F,A
2,4500,0,0.6789,R,F,A
2.5,4500,0,0.6815,R,F,A
3,4500,0,0.6834,R,F,A
3.5,4500,0,0.6854,R,F,A
4,4500,0,0.6863,R,F,A
4.5,4500,0,0.686,R,F,A
5,4500,0,0.6646,R,F,A
0,4750,0,0.6299,R,F,A
0.5,4750,0,0.6356,R,F,A
1,4750,0,0.6361,R,F,A
1.5,4750,0,0.6389,R,F,A
2,4750,0,0.6407,R,F,A
2.5,4750,0,0.6441,R,F,A
3,4750,0,0.6473,R,F,A
3.5,4750,0,0.6504,R,F,A
4,4750,0,0.6521,R,F,A
4.5,4750,0,0.6537,R,F,A
5,4750,0,0.6532,R,F,A
0,5000,0,0.5902,R,F,A
0.5,5000,0,0.5943,R,F,A
1,5000,0,0.5965,R,F,A
1.5,5000,0,0.5982,R,F,A
2,5000,0,0.5999,R,F,A
2.5,5000,0,0.6055,R,F,A
3,5000,0,0.6096,R,F,A
3.5,5000,0,0.6139,R,F,A
4,5000,0,0.6175,R,F,A
4.5,5000,0,0.6204,R,F,A
5,5000,0,0.621,R,F,A
0,5250,0,0.5473,R,F,A
0.5,5250,0,0.5498,R,F,A
1,5250,0,0.553,R,F,A
1.5,5250,0,0.5614,R,F,A
2,5250,0,0.5637,R,F,A
2.5,5250,0,0.5668,R,F,A
3,5250,0,0.5716,R,F,A
3.5,5250,0,0.5769,R,F,A
4,5250,0,0.5825,R,F,A
4.5,5250,0,0.5855,R,F,A
5,5250,0,0.5873,R,F,A
0,5500,0,0.5199,R,F,A
0.5,5500,0,0.5156,R,F,A
1,5500,0,0.5179,R,F,A
1.5,5500,0,0.5254,R,F,A
2,5500,0,0.5248,R,F,A
2.5,5500,0,0.5315,R,F,A
3,5500,0,0.5356,R,F,A
3.5,5500,0,0.5423,R,F,A
4,5500,0,0.548,R,F,A
4.5,5500,0,0.5511,R,F,A
5,5500,0,0.5529,R,F,A
0,5750,0,0.5484,R,F,A
0.5,5750,0,0.5131,R,F,A
1,5750,0,0.4874,R,F,A
1.5,5750,0,0.4899,R,F,A
2,5750,0,0.4926,R,F,A
2.5,5750,0,0.4996,R,F,A
3,5750,0,0.5042,R,F,A
3.5,5750,0,0.5096,R,F,A
4,5750,0,0.5143,R,F,A
4.5,5750,0,0.5195,R,F,A
5,5750,0,0.5209,R,F,A
0,6000,0,0.5429,R,F,A
0.5,6000,0,0.53,R,F,A
1,6000,0,0.4983,R,F,A
1.5,6000,0,0.4649,R,F,A
2,6000,0,0.4693,R,F,A
2.5,6000,0,0.4728,R,F,A
3,6000,0,0.476,R,F,A
3.5,6000,0,0.4794,R,F,A
4,6000,0,0.4851,R,F,A
4.5,6000,0,0.4896,R,F,A
5,6000,0,0.4904,R,F,A
0.5,6250,0,0.5289,R,F,A
1,6250,0,0.5166,R,F,A
1.5,6250,0,0.4919,R,F,A
2,6250,0,0.4451,R,F,A
2.5,6250,0,0.4492,R,F,A
3,6250,0,0.4516,R,F,A
3.5,6250,0,0.4554,R,F,A
4,6250,0,0.4605,R,F,A
4.5,6250,0,0.4635,R,F,A
5,6250,0,0.4644,R,F,A
0.5,6500,0,0.522,R,F,A
1,6500,0,0.514,R,F,A
1.5,6500,0,0.4988,R,F,A
2,6500,0,0.4651,R,F,A
2.5,6500,0,0.4287,R,F,A
3,6500,0,0.4323,R,F,A
3.5,6500,0,0.4366,R,F,A
4,6500,0,0.4405,R,F,A
4.5,6500,0,0.4416,R,F,A
5,6500,0,0.4429,R,F,A
0.5,6750,0,0.5095,R,F,A
1,6750,0,0.5082,R,F,A
1.5,6750,0,0.4984,R,F,A
2,6750,0,0.4765,R,F,A
2.5,6750,0,0.4408,R,F,A
3,6750,0,0.4166,R,F,A
3.5,6750,0,0.4207,R,F,A
4,6750,0,0.4233,R,F,A
4.5,6750,0,0.4241,R,F,A
5,6750,0,0.4257,R,F,A
0.5,7000,0,0.4975,R,F,A
1,7000,0,0.4944,R,F,A
1.5,7000,0,0.4935,R,F,A
2,7000,0,0.4818,R,F,A
2.5,7000,0,0.4553,R,F,A
3,7000,0,0.4172,R,F,A
3.5,7000,0,0.4074,R,F,A
4,7000,0,0.4087,R,F,A
4.5,7000,0,0.4098,R,F,A
5,7000,0,0.4121,R,F,A
0.5,7250,0,0.4866,R,F,A
1,7250,0,0.4801,R,F,A
1.5,7250,0,0.479,R,F,A
2,7250,0,0.478,R,F,A
2.5,7250,0,0.464,R,F,A
3,7250,0,0.4335,R,F,A
3.5,7250,0,0.3954,R,F,A
4,7250,0,0.3964,R,F,A
4.5,7250,0,0.3968,R,F,A
5,7250,0,0.3995,R,F,A
0.5,7500,0,0.4782,R,F,A
1,7500,0,0.4648,R,F,A
1.5,7500,0,0.4608,R,F,A
2,7500,0,0.461,R,F,A
2.5,7500,0,0.4607,R,F,A
3,7500,0,0.4453,R,F,A
3.5,7500,0,0.412,R,F,A
4,7500,0,0.3854,R,F,A
4.5,7500,0,0.3857,R,F,A
5,7500,0,0.3875,R,F,A
1,7750,0,0.4539,R,F,A
1.5,7750,0,0.4448,R,F,A
2,7750,0,0.4419,R,F,A
2.5,7750,0,0.4423,R,F,A
3,7750,0,0.4421,R,F,A
3.5,7750,0,0.4235,R,F,A
4,7750,0,0.3886,R,F,A
4.5,7750,0,0.3776,R,F,A
5,7750,0,0.3771,R,F,A
1,8000,0,0.4463,R,F,A
1.5,8000,0,0.4324,R,F,A
2,8000,0,0.426,R,F,A
2.5,8000,0,0.4246,R,F,A
3,8000,0,0.4256,R,F,A
3.5,8000,0,0.4251,R,F,A
4,8000,0,0.4025,R,F,A
4.5,8000,0,0.373,R,F,A
5,8000,0,0.3663,R,F,A
1,8250,0,0.4408,R,F,A
1.5,8250,0,0.4236,R,F,A
2,8250,0,0.4135,R,F,A
2.5,8250,0,0.409,R,F,A
3,8250,0,0.4082,R,F,A
3.5,8250,0,0.4097,R,F,A
4,8250,0,0.4073,R,F,A
4.5,8250,0,0.3816,R,F,A
5,8250,0,0.3603,R,F,A
1.5,8500,0,0.4172,R,F,A
2,8500,0,0.4045,R,F,A
2.5,8500,0,0.397,R,F,A
3,8500,0,0.3938,R,F,A
3.5,8500,0,0.3936,R,F,A
4,8500,0,0.3953,R,F,A
4.5,8500,0,0.3893,R,F,A
5,8500,0,0.3625,R,F,A
1.5,8750,0,0.412,R,F,A
2,8750,0,0.3972,R,F,A
2.5,8750,0,0.3877,R,F,A
3,8750,0,0.382,R,F,A
3.5,8750,0,0.3805,R,F,A
4,8750,0,0.3808,R,F,A
4.5,8750,0,0.3822,R,F,A
5,8750,0,0.3703,R,F,A
1.5,9000,0,0.4078,R,F,A
2,9000,0,0.3909,R,F,A
2.5,9000,0,0.3803,R,F,A
3,9000,0,0.3736,R,F,A
3.5,9000,0,0.3698,R,F,A
4,9000,0,0.3684,R,F,A
4.5,9000,0,0.3692,R,F,A
5,9000,0,0.3722,R,F,A
2,9250,0,0.3854,R,F,A
2.5,9250,0,0.3742,R,F,A
3,9250,0,0.3667,R,F,A
3.5,9250,0,0.3617,R,F,A
4,9250,0,0.3589,R,F,A
4.5,9250,0,0.3583,R,F,A
5,9250,0,0.3593,R,F,A
2,9500,0,0.3796,R,F,A
2.5,9500,0,0.3682,R,F,A
3,9500,0,0.3605,R,F,A
3.5,9500,0,0.3551,R,F,A
4,9500,0,0.3514,R,F,A
4.5,9500,0,0.3495,R,F,A
5,9500,0,0.3492,R,F,A
2,9750,0,0.3738,R,F,A
2.5,9750,0,0.3622,R,F,A
3,9750,0,0.3543,R,F,A
3.5,9750,0,0.3491,R,F,A
4,9750,0,0.3449,R,F,A
4.5,9750,0,0.3424,R,F,A
5,9750,0,0.3411,R,F,A
2,10000,0,0.3682,R,F,A
2.5,10000,0,0.356,R,F,A
3,10000,0,0.3484,R,F,A
3.5,10000,0,0.3432,R,F,A
4,10000,0,0.3393,R,F,A
4.5,10000,0,0.3363,R,F,A
5,10000,0,0.3343,R,F,A
2,10250,0,0.3629,R,F,A
2.5,10250,0,0.35,R,F,A
3,10250,0,0.3425,R,F,A
3.5,10250,0,0.3375,R,F,A
4,10250,0,0.3337,R,F,A
4.5,10250,0,0.3303,R,F,A
5,10250,0,0.3283,R,F,A
2,10500,0,0.3579,R,F,A
2.5,10500,0,0.3437,R,F,A
3,10500,0,0.3364,R,F,A
3.5,10500,0,0.3318,R,F,A
4,10500,0,0.3283,R,F,A
4.5,10500,0,0.3252,R,F,A
5,10500,0,0.3225,R,F,A
2,10750,0,0.3534,R,F,A
2.5,10750,0,0.3379,R,F,A
3,10750,0,0.3304,R,F,A
3.5,10750,0,0.3261,R,F,A
4,10750,0,0.3231,R,F,A
4.5,10750,0,0.3202,R,F,A
5,10750,0,0.3176,R,F,A
2,11000,0,0.3496,R,F,A
2.5,11000,0,0.3323,R,F,A
3,11000,0,0.3245,R,F,A
3.5,11000,0,0.3203,R,F,A
4,11000,0,0.3177,R,F,A
4.5,11000,0,0.3152,R,F,A
5,11000,0,0.3127,R,F,A
2,11250,0,0.3463,R,F,A
2.5,11250,0,0.3273,R,F,A
3,11250,0,0.3188,R,F,A
3.5,11250,0,0.3148,R,F,A
4,11250,0,0.3125,R,F,A
4.5,11250,0,0.3104,R,F,A
5,11250,0,0.3082,R,F,A
2,11500,0,0.3437,R,F,A
2.5,11500,0,0.3228,R,F,A
3,11500,0,0.3133,R,F,A
3.5,11500,0,0.3092,R,F,A
4,11500,0,0.307,R,F,A
4.5,11500,0,0.3054,R,F,A
5,11500,0,0.3036,R,F,A
2,11750,0,0.3419,R,F,A
2.5,11750,0,0.3187,R,F,A
3,11750,0,0.3083,R,F,A
3.5,11750,0,0.3039,R,F,A
4,11750,0,0.3018,R,F,A
4.5,11750,0,0.3007,R,F,A
5,11750,0,0.2992,R,F,A
2,12000,0,0.3405,R,F,A
2.5,12000,0,0.3152,R,F,A
3,12000,0,0.3036,R,F,A
3.5,12000,0,0.2986,R,F,A
4,12000,0,0.2966,R,F,A
4.5,12000,0,0.2957,R,F,A
5,12000,0,0.2946,R,F,A
2,12250,0,0.3394,R,F,A
2.5,12250,0,0.3122,R,F,A
3,12250,0,0.2994,R,F,A
3.5,12250,0,0.2938,R,F,A
4,12250,0,0.2917,R,F,A
4.5,12250,0,0.2911,R,F,A
5,12250,0,0.2903,R,F,A
2,12500,0,0.3388,R,F,A
2.5,12500,0,0.3096,R,F,A
3,12500,0,0.2956,R,F,A
3.5,12500,0,0.2893,R,F,A
4,12500,0,0.2869,R,F,A
4.5,12500,0,0.2864,R,F,A
5,12500,0,0.286,R,F,A
2,12750,0,0.3386,R,F,A
2.5,12750,0,0.3073,R,F,A
3,12750,0,0.2922,R,F,A
3.5,12750,0,0.2853,R,F,A
4,12750,0,0.2825,R,F,A
4.5,12750,0,0.2819,R,F,A
5,12750,0,0.2819,R,F,A
2,13000,0,0.3388,R,F,A
2.5,13000,0,0.3055,R,F,A
3,13000,0,0.2893,R,F,A
3.5,13000,0,0.2815,R,F,A
4,13000,0,0.2783,R,F,A
4.5,13000,0,0.2776,R,F,A
5,13000,0,0.2778,R,F,A
2,14000,0,0.3424,R,F,A
2.5,14000,0,0.3004,R,F,A
3,14000,0,0.2796,R,F,A
3.5,14000,0,0.2691,R,F,A
4,14000,0,0.2642,R,F,A
4.5,14000,0,0.2625,R,F,A
5,14000,0,0.2625,R,F,A
2,15000,0,0.3514,R,F,A
2.5,15000,0,0.2984,R,F,A
3,15000,0,0.2734,R,F,A
3.5,15000,0,0.2604,R,F,A
4,15000,0,0.2537,R,F,A
4.5,15000,0,0.2507,R,F,A
5,15000,0,0.2499,R,F,A
2,16000,0,0.3668,R,F,A
2.5,16000,0,0.2991,R,F,A
3,16000,0,0.2693,R,F,A
3.5,16000,0,0.2539,R,F,A
4,16000,0,0.2457,R,F,A
4.5,16000,0,0.2416,R,F,A
5,16000,0,0.2399,R,F,A
2.5,17000,0,0.3024,R,F,A
3,17000,0,0.2669,R,F,A
3.5,17000,0,0.2489,R,F,A
4,17000,0,0.2394,R,F,A
4.5,17000,0,0.2343,R,F,A
5,17000,0,0.2319,R,F,A
2.5,18000,0,0.3083,R,F,A
3,18000,0,0.2674,R,F,A
3.5,18000,0,0.247,R,F,A
4,18000,0,0.2363,R,F,A
4.5,18000,0,0.2305,R,F,A
5,18000,0,0.2273,R,F,A
2.5,19000,0,0.3124,R,F,A
3,19000,0,0.2659,R,F,A
3.5,19000,0,0.2426,R,F,A
4,19000,0,0.2302,R,F,A
4.5,19000,0,0.2233,R,F,A
5,19000,0,0.2199,R,F,A
3,20000,0,0.2657,R,F,A
3.5,20000,0,0.2407,R,F,A
4,20000,0,0.2269,R,F,A
4.5,20000,0,0.2191,R,F,A
5,20000,0,0.2151,R,F,A
3,21000,0,0.265,R,F,A
3.5,21000,0,0.2386,R,F,A
4,21000,0,0.2241,R,F,A
4.5,21000,0,0.2157,R,F,A
5,21000,0,0.2111,R,F,A
3,22000,0,0.2643,R,F,A
3.5,22000,0,0.2359,R,F,A
4,22000,0,0.2213,R,F,A
4.5,22000,0,0.2127,R,F,A
5,22000,0,0.2077,R,F,A
3,23000,0,0.2658,R,F,A
3.5,23000,0,0.2328,R,F,A
4,23000,0,0.218,R,F,A
4.5,23000,0,0.2096,R,F,A
5,23000,0,0.2046,R,F,A
3,24000,0,0.2713,R,F,A
3.5,24000,0,0.2303,R,F,A
4,24000,0,0.2143,R,F,A
4.5,24000,0,0.2064,R,F,A
5,24000,0,0.2017,R,F,A
3,25000,0,0.2794,R,F,A
3.5,25000,0,0.2298,R,F,A
4,25000,0,0.211,R,F,A
4.5,25000,0,0.2027,R,F,A
5,25000,0,0.1986,R,F,A
3,26000,0,0.2871,R,F,A
3.5,26000,0,0.2314,R,F,A
4,26000,0,0.2085,R,F,A
4.5,26000,0,0.1993,R,F,A
5,26000,0,0.1952,R,F,A
3.5,27000,0,0.2339,R,F,A
4,27000,0,0.2076,R,F,A
4.5,27000,0,0.1963,R,F,A
5,27000,0,0.1917,R,F,A
3.5,28000,0,0.236,R,F,A
4,28000,0,0.2076,R,F,A
4.5,28000,0,0.1942,R,F,A
5,28000,0,0.1886,R,F,A
3.5,29000,0,0.2361,R,F,A
4,29000,0,0.2076,R,F,A
4.5,29000,0,0.1931,R,F,A
5,29000,0,0.1858,R,F,A
3.5,30000,0,0.235,R,F,A
4,30000,0,0.2065,R,F,A
4.5,30000,0,0.1915,R,F,A
5,30000,0,0.1836,R,F,A
3.5,31000,0,0.2331,R,F,A
4,31000,0,0.2039,R,F,A
4.5,31000,0,0.1892,R,F,A
5,31000,0,0.1809,R,F,A
4,32000,0,0.2007,R,F,A
4.5,32000,0,0.1859,R,F,A
5,32000,0,0.1778,R,F,A
4,33000,0,0.1961,R,F,A
4.5,33000,0,0.182,R,F,A
5,33000,0,0.174,R,F,A
4,34000,0,0.1906,R,F,A
4.5,34000,0,0.1773,R,F,A
5,34000,0,0.1696,R,F,A
4,35000,0,0.1849,R,F,A
4.5,35000,0,0.1714,R,F,A
5,35000,0,0.1646,R,F,A
4,36000,0,0.181,R,F,A
4.5,36000,0,0.1649,R,F,A
5,36000,0,0.159,R,F,A
4,37000,0,0.1789,R,F,A
4.5,37000,0,0.1585,R,F,A
5,37000,0,0.1523,R,F,A
4,38000,0,0.1788,R,F,A
4.5,38000,0,0.1536,R,F,A
5,38000,0,0.1459,R,F,A
4,39000,0,0.1796,R,F,A
4.5,39000,0,0.1501,R,F,A
5,39000,0,0.1401,R,F,A
4,40000,0,0.1808,R,F,A
4.5,40000,0,0.1484,R,F,A
5,40000,0,0.1355,R,F,A
4.5,41000,0,0.1473,R,F,A
5,41000,0,0.1323,R,F,A
4.5,42000,0,0.1469,R,F,A
5,42000,0,0.1301,R,F,A
4.5,43000,0,0.1464,R,F,A
5,43000,0,0.1288,R,F,A
4.5,44000,0,0.1462,R,F,A
5,44000,0,0.1275,R,F,A
4.5,45000,0,0.1459,R,F,A
5,45000,0,0.1266,R,F,A
4.5,46000,0,0.1455,R,F,A
5,46000,0,0.1253,R,F,A
4.5,47000,0,0.1456,R,F,A
5,47000,0,0.1244,R,F,A
4.5,48000,0,0.1452,R,F,A
5,48000,0,0.1236,R,F,A
4.5,49000,0,0.1452,R,F,A
5,49000,0,0.1226,R,F,A
4.5,50000,0,0.1456,R,F,A
5,50000,0,0.1217,R,F,A
0,3500,0,0.8722,R,F,A
0.5,3500,0,0.8648,R,F,A
1,3500,0,0.854,R,F,A
1.5,3500,0,0.8412,R,F,A
2,3500,0,0.8281,R,F,A
2.5,3500,0,0.8153,R,F,A
3,3500,0,0.7923,R,F,A
3.5,3500,0,0.7216,R,F,A
4,3500,0,0.6429,R,F,A
4.5,3500,0,0.587,R,F,A
5,3500,0,0.5541,R,F,A
0,3750,0,0.8109,R,F,A
0.5,3750,0,0.8135,R,F,A
1,3750,0,0.8152,R,F,A
1.5,3750,0,0.8164,R,F,A
2,3750,0,0.8164,R,F,A
2.5,3750,0,0.8162,R,F,A
3,3750,0,0.8132,R,F,A
3.5,3750,0,0.7823,R,F,A
4,3750,0,0.6836,R,F,A
4.5,3750,0,0.5804,R,F,A
5,3750,0,0.5163,R,F,A
0,4000,0,0.7584,R,F,A
0.5,4000,0,0.7585,R,F,A
1,4000,0,0.7592,R,F,A
1.5,4000,0,0.7606,R,F,A
2,4000,0,0.7625,R,F,A
2.5,4000,0,0.7656,R,F,A
3,4000,0,0.7696,R,F,A
3.5,4000,0,0.7685,R,F,A
4,4000,0,0.7364,R,F,A
4.5,4000,0,0.6352,R,F,A
5,4000,0,0.5306,R,F,A
0,4250,0,0.7164,R,F,A
0.5,4250,0,0.7163,R,F,A
1,4250,0,0.7169,R,F,A
1.5,4250,0,0.7173,R,F,A
2,4250,0,0.7183,R,F,A
2.5,4250,0,0.7196,R,F,A
3,4250,0,0.7223,R,F,A
3.5,4250,0,0.7232,R,F,A
4,4250,0,0.7219,R,F,A
4.5,4250,0,0.6949,R,F,A
5,4250,0,0.6078,R,F,A
0,4500,0,0.6738,R,F,A
0.5,4500,0,0.6752,R,F,A
1,4500,0,0.6762,R,F,A
1.5,4500,0,0.6778,R,F,A
2,4500,0,0.6793,R,F,A
2.5,4500,0,0.6821,R,F,A
3,4500,0,0.6846,R,F,A
3.5,4500,0,0.6861,R,F,A
4,4500,0,0.6858,R,F,A
4.5,4500,0,0.6851,R,F,A
5,4500,0,0.6649,R,F,A
0,4750,0,0.6298,R,F,A
0.5,4750,0,0.6329,R,F,A
1,4750,0,0.6349,R,F,A
1.5,4750,0,0.6371,R,F,A
2,4750,0,0.6401,R,F,A
2.5,4750,0,0.6438,R,F,A
3,4750,0,0.647,R,F,A
3.5,4750,0,0.6506,R,F,A
4,4750,0,0.6514,R,F,A
4.5,4750,0,0.6526,R,F,A
5,4750,0,0.6521,R,F,A
0,5000,0,0.5852,R,F,A
0.5,5000,0,0.5911,R,F,A
1,5000,0,0.5925,R,F,A
1.5,5000,0,0.5962,R,F,A
2,5000,0,0.5991,R,F,A
2.5,5000,0,0.6036,R,F,A
3,5000,0,0.6088,R,F,A
3.5,5000,0,0.6139,R,F,A
4,5000,0,0.6163,R,F,A
4.5,5000,0,0.6185,R,F,A
5,5000,0,0.6196,R,F,A
0,5250,0,0.5427,R,F,A
0.5,5250,0,0.549,R,F,A
1,5250,0,0.5537,R,F,A
1.5,5250,0,0.5583,R,F,A
2,5250,0,0.5607,R,F,A
2.5,5250,0,0.5652,R,F,A
3,5250,0,0.5706,R,F,A
3.5,5250,0,0.5764,R,F,A
4,5250,0,0.5807,R,F,A
4.5,5250,0,0.5837,R,F,A
5,5250,0,0.5853,R,F,A
0,5500,0,0.5264,R,F,A
0.5,5500,0,0.5138,R,F,A
1,5500,0,0.5169,R,F,A
1.5,5500,0,0.5204,R,F,A
2,5500,0,0.5241,R,F,A
2.5,5500,0,0.5293,R,F,A
3,5500,0,0.5339,R,F,A
3.5,5500,0,0.5409,R,F,A
4,5500,0,0.5461,R,F,A
4.5,5500,0,0.5493,R,F,A
5,5500,0,0.5513,R,F,A
0,5750,0,0.546,R,F,A
0.5,5750,0,0.5133,R,F,A
1,5750,0,0.4861,R,F,A
1.5,5750,0,0.4912,R,F,A
2,5750,0,0.4941,R,F,A
2.5,5750,0,0.4967,R,F,A
3,5750,0,0.5019,R,F,A
3.5,5750,0,0.5079,R,F,A
4,5750,0,0.5128,R,F,A
4.5,5750,0,0.5173,R,F,A
5,5750,0,0.519,R,F,A
0,6000,0,0.5418,R,F,A
0.5,6000,0,0.5303,R,F,A
1,6000,0,0.5055,R,F,A
1.5,6000,0,0.4627,R,F,A
2,6000,0,0.4672,R,F,A
2.5,6000,0,0.4707,R,F,A
3,6000,0,0.4749,R,F,A
3.5,6000,0,0.4786,R,F,A
4,6000,0,0.4833,R,F,A
4.5,6000,0,0.4879,R,F,A
5,6000,0,0.489,R,F,A
0.5,6250,0,0.5276,R,F,A
1,6250,0,0.5141,R,F,A
1.5,6250,0,0.4854,R,F,A
2,6250,0,0.444,R,F,A
2.5,6250,0,0.4483,R,F,A
3,6250,0,0.4513,R,F,A
3.5,6250,0,0.4551,R,F,A
4,6250,0,0.4591,R,F,A
4.5,6250,0,0.4624,R,F,A
5,6250,0,0.4631,R,F,A
0.5,6500,0,0.5204,R,F,A
1,6500,0,0.5131,R,F,A
1.5,6500,0,0.495,R,F,A
2,6500,0,0.4594,R,F,A
2.5,6500,0,0.4286,R,F,A
3,6500,0,0.4323,R,F,A
3.5,6500,0,0.4358,R,F,A
4,6500,0,0.4397,R,F,A
4.5,6500,0,0.4413,R,F,A
5,6500,0,0.442,R,F,A
0.5,6750,0,0.5081,R,F,A
1,6750,0,0.5068,R,F,A
1.5,6750,0,0.4973,R,F,A
2,6750,0,0.4763,R,F,A
2.5,6750,0,0.4372,R,F,A
3,6750,0,0.4159,R,F,A
3.5,6750,0,0.4197,R,F,A
4,6750,0,0.4233,R,F,A
4.5,6750,0,0.4243,R,F,A
5,6750,0,0.425,R,F,A
0.5,7000,0,0.4966,R,F,A
1,7000,0,0.4933,R,F,A
1.5,7000,0,0.4924,R,F,A
2,7000,0,0.4807,R,F,A
2.5,7000,0,0.4558,R,F,A
3,7000,0,0.4165,R,F,A
3.5,7000,0,0.4062,R,F,A
4,7000,0,0.4085,R,F,A
4.5,7000,0,0.4097,R,F,A
5,7000,0,0.4117,R,F,A
0.5,7250,0,0.4863,R,F,A
1,7250,0,0.4792,R,F,A
1.5,7250,0,0.4779,R,F,A
2,7250,0,0.4771,R,F,A
2.5,7250,0,0.4628,R,F,A
3,7250,0,0.4335,R,F,A
3.5,7250,0,0.3948,R,F,A
4,7250,0,0.3955,R,F,A
4.5,7250,0,0.3964,R,F,A
5,7250,0,0.3992,R,F,A
0.5,7500,0,0.4783,R,F,A
1,7500,0,0.4645,R,F,A
1.5,7500,0,0.46,R,F,A
2,7500,0,0.4602,R,F,A
2.5,7500,0,0.4599,R,F,A
3,7500,0,0.4436,R,F,A
3.5,7500,0,0.4107,R,F,A
4,7500,0,0.3863,R,F,A
4.5,7500,0,0.3849,R,F,A
5,7500,0,0.3871,R,F,A
1,7750,0,0.454,R,F,A
1.5,7750,0,0.4443,R,F,A
2,7750,0,0.4413,R,F,A
2.5,7750,0,0.4415,R,F,A
3,7750,0,0.4413,R,F,A
3.5,7750,0,0.4226,R,F,A
4,7750,0,0.3883,R,F,A
4.5,7750,0,0.3762,R,F,A
5,7750,0,0.3761,R,F,A
1,8000,0,0.4465,R,F,A
1.5,8000,0,0.4323,R,F,A
2,8000,0,0.4257,R,F,A
2.5,8000,0,0.4238,R,F,A
3,8000,0,0.4247,R,F,A
3.5,8000,0,0.4238,R,F,A
4,8000,0,0.4016,R,F,A
4.5,8000,0,0.3691,R,F,A
5,8000,0,0.3653,R,F,A
1,8250,0,0.4411,R,F,A
1.5,8250,0,0.4239,R,F,A
2,8250,0,0.4133,R,F,A
2.5,8250,0,0.4087,R,F,A
3,8250,0,0.4078,R,F,A
3.5,8250,0,0.4089,R,F,A
4,8250,0,0.406,R,F,A
4.5,8250,0,0.3805,R,F,A
5,8250,0,0.3588,R,F,A
1.5,8500,0,0.4175,R,F,A
2,8500,0,0.4045,R,F,A
2.5,8500,0,0.397,R,F,A
3,8500,0,0.3934,R,F,A
3.5,8500,0,0.3931,R,F,A
4,8500,0,0.3947,R,F,A
4.5,8500,0,0.3873,R,F,A
5,8500,0,0.361,R,F,A
1,8750,0,0.4417,R,F,A
1.5,8750,0,0.4124,R,F,A
2,8750,0,0.3973,R,F,A
2.5,8750,0,0.3876,R,F,A
3,8750,0,0.382,R,F,A
3.5,8750,0,0.3801,R,F,A
4,8750,0,0.3803,R,F,A
4.5,8750,0,0.3813,R,F,A
5,8750,0,0.3685,R,F,A
1.5,9000,0,0.408,R,F,A
2,9000,0,0.3913,R,F,A
2.5,9000,0,0.3805,R,F,A
3,9000,0,0.3736,R,F,A
3.5,9000,0,0.3694,R,F,A
4,9000,0,0.3681,R,F,A
4.5,9000,0,0.3688,R,F,A
5,9000,0,0.3717,R,F,A
2,9250,0,0.3858,R,F,A
2.5,9250,0,0.3744,R,F,A
3,9250,0,0.3669,R,F,A
3.5,9250,0,0.3616,R,F,A
4,9250,0,0.3586,R,F,A
4.5,9250,0,0.3579,R,F,A
5,9250,0,0.3588,R,F,A
2,9500,0,0.3799,R,F,A
2.5,9500,0,0.3685,R,F,A
3,9500,0,0.3607,R,F,A
3.5,9500,0,0.3549,R,F,A
4,9500,0,0.3512,R,F,A
4.5,9500,0,0.3491,R,F,A
5,9500,0,0.3488,R,F,A
2,9750,0,0.3742,R,F,A
2.5,9750,0,0.3622,R,F,A
3,9750,0,0.3546,R,F,A
3.5,9750,0,0.3491,R,F,A
4,9750,0,0.3449,R,F,A
4.5,9750,0,0.3421,R,F,A
5,9750,0,0.3407,R,F,A
2,10000,0,0.3684,R,F,A
2.5,10000,0,0.3559,R,F,A
3,10000,0,0.3486,R,F,A
3.5,10000,0,0.3434,R,F,A
4,10000,0,0.3392,R,F,A
4.5,10000,0,0.3361,R,F,A
5,10000,0,0.3339,R,F,A
2,10250,0,0.363,R,F,A
2.5,10250,0,0.3499,R,F,A
3,10250,0,0.3427,R,F,A
3.5,10250,0,0.3377,R,F,A
4,10250,0,0.3336,R,F,A
4.5,10250,0,0.3302,R,F,A
5,10250,0,0.3281,R,F,A
2,10500,0,0.3578,R,F,A
2.5,10500,0,0.3436,R,F,A
3,10500,0,0.3365,R,F,A
3.5,10500,0,0.3319,R,F,A
4,10500,0,0.3283,R,F,A
4.5,10500,0,0.325,R,F,A
5,10500,0,0.3221,R,F,A
2,10750,0,0.3534,R,F,A
2.5,10750,0,0.3378,R,F,A
3,10750,0,0.3305,R,F,A
3.5,10750,0,0.3262,R,F,A
4,10750,0,0.3231,R,F,A
4.5,10750,0,0.3201,R,F,A
5,10750,0,0.3175,R,F,A
2,11000,0,0.3495,R,F,A
2.5,11000,0,0.3321,R,F,A
3,11000,0,0.3242,R,F,A
3.5,11000,0,0.3203,R,F,A
4,11000,0,0.3178,R,F,A
4.5,11000,0,0.3152,R,F,A
5,11000,0,0.3127,R,F,A
2,11250,0,0.3462,R,F,A
2.5,11250,0,0.3271,R,F,A
3,11250,0,0.3185,R,F,A
3.5,11250,0,0.3146,R,F,A
4,11250,0,0.3126,R,F,A
4.5,11250,0,0.3103,R,F,A
5,11250,0,0.3082,R,F,A
2,11500,0,0.3437,R,F,A
2.5,11500,0,0.3225,R,F,A
3,11500,0,0.3129,R,F,A
3.5,11500,0,0.3088,R,F,A
4,11500,0,0.3069,R,F,A
4.5,11500,0,0.3053,R,F,A
5,11500,0,0.3035,R,F,A
2,11750,0,0.3417,R,F,A
2.5,11750,0,0.3184,R,F,A
3,11750,0,0.3078,R,F,A
3.5,11750,0,0.3034,R,F,A
4,11750,0,0.3018,R,F,A
4.5,11750,0,0.3006,R,F,A
5,11750,0,0.2993,R,F,A
2,12000,0,0.3401,R,F,A
2.5,12000,0,0.3149,R,F,A
3,12000,0,0.3031,R,F,A
3.5,12000,0,0.2982,R,F,A
4,12000,0,0.2964,R,F,A
4.5,12000,0,0.2957,R,F,A
5,12000,0,0.2946,R,F,A
2,12250,0,0.3393,R,F,A
2.5,12250,0,0.3118,R,F,A
3,12250,0,0.2989,R,F,A
3.5,12250,0,0.2935,R,F,A
4,12250,0,0.2914,R,F,A
4.5,12250,0,0.2909,R,F,A
5,12250,0,0.2903,R,F,A
2,12500,0,0.3389,R,F,A
2.5,12500,0,0.3092,R,F,A
3,12500,0,0.2951,R,F,A
3.5,12500,0,0.289,R,F,A
4,12500,0,0.2866,R,F,A
4.5,12500,0,0.2862,R,F,A
5,12500,0,0.2859,R,F,A
2,12750,0,0.3386,R,F,A
2.5,12750,0,0.307,R,F,A
3,12750,0,0.2919,R,F,A
3.5,12750,0,0.2849,R,F,A
4,12750,0,0.2822,R,F,A
4.5,12750,0,0.2816,R,F,A
5,12750,0,0.2816,R,F,A
2,13000,0,0.3389,R,F,A
2.5,13000,0,0.3051,R,F,A
3,13000,0,0.2888,R,F,A
3.5,13000,0,0.2811,R,F,A
4,13000,0,0.278,R,F,A
4.5,13000,0,0.2773,R,F,A
5,13000,0,0.2774,R,F,A
2,14000,0,0.3426,R,F,A
2.5,14000,0,0.3003,R,F,A
3,14000,0,0.2793,R,F,A
3.5,14000,0,0.2687,R,F,A
4,14000,0,0.2638,R,F,A
4.5,14000,0,0.2621,R,F,A
5,14000,0,0.2623,R,F,A
2,15000,0,0.352,R,F,A
2.5,15000,0,0.2984,R,F,A
3,15000,0,0.2732,R,F,A
3.5,15000,0,0.2599,R,F,A
4,15000,0,0.2532,R,F,A
4.5,15000,0,0.2501,R,F,A
5,15000,0,0.2494,R,F,A
2,16000,0,0.3674,R,F,A
2.5,16000,0,0.2993,R,F,A
3,16000,0,0.2691,R,F,A
3.5,16000,0,0.2536,R,F,A
4,16000,0,0.2453,R,F,A
4.5,16000,0,0.2411,R,F,A
5,16000,0,0.2393,R,F,A
2.5,17000,0,0.3027,R,F,A
3,17000,0,0.2668,R,F,A
3.5,17000,0,0.2488,R,F,A
4,17000,0,0.239,R,F,A
4.5,17000,0,0.234,R,F,A
5,17000,0,0.2314,R,F,A
2.5,18000,0,0.3075,R,F,A
3,18000,0,0.266,R,F,A
3.5,18000,0,0.2451,R,F,A
4,18000,0,0.2341,R,F,A
4.5,18000,0,0.2281,R,F,A
5,18000,0,0.225,R,F,A
2.5,19000,0,0.3127,R,F,A
3,19000,0,0.2659,R,F,A
3.5,19000,0,0.2426,R,F,A
4,19000,0,0.23,R,F,A
4.5,19000,0,0.2231,R,F,A
5,19000,0,0.2195,R,F,A
3,20000,0,0.2657,R,F,A
3.5,20000,0,0.2406,R,F,A
4,20000,0,0.2268,R,F,A
4.5,20000,0,0.219,R,F,A
5,20000,0,0.2148,R,F,A
3,21000,0,0.2649,R,F,A
3.5,21000,0,0.2385,R,F,A
4,21000,0,0.224,R,F,A
4.5,21000,0,0.2155,R,F,A
5,21000,0,0.2109,R,F,A
3,22000,0,0.2641,R,F,A
3.5,22000,0,0.2357,R,F,A
4,22000,0,0.2211,R,F,A
4.5,22000,0,0.2125,R,F,A
5,22000,0,0.2075,R,F,A
3,23000,0,0.2657,R,F,A
3.5,23000,0,0.2326,R,F,A
4,23000,0,0.2177,R,F,A
4.5,23000,0,0.2095,R,F,A
5,23000,0,0.2044,R,F,A
3,24000,0,0.2712,R,F,A
3.5,24000,0,0.23,R,F,A
4,24000,0,0.214,R,F,A
4.5,24000,0,0.2062,R,F,A
5,24000,0,0.2015,R,F,A
3,25000,0,0.2796,R,F,A
3.5,25000,0,0.2295,R,F,A
4,25000,0,0.2105,R,F,A
4.5,25000,0,0.2024,R,F,A
5,25000,0,0.1983,R,F,A
3,26000,0,0.2873,R,F,A
3.5,26000,0,0.2311,R,F,A
4,26000,0,0.2081,R,F,A
4.5,26000,0,0.1988,R,F,A
5,26000,0,0.1948,R,F,A
3.5,27000,0,0.234,R,F,A
4,27000,0,0.2074,R,F,A
4.5,27000,0,0.1959,R,F,A
5,27000,0,0.1913,R,F,A
3.5,28000,0,0.2359,R,F,A
4,28000,0,0.2073,R,F,A
4.5,28000,0,0.1941,R,F,A
5,28000,0,0.1883,R,F,A
3.5,29000,0,0.2362,R,F,A
4,29000,0,0.2075,R,F,A
4.5,29000,0,0.1928,R,F,A
5,29000,0,0.1855,R,F,A
3.5,30000,0,0.2351,R,F,A
4,30000,0,0.2065,R,F,A
4.5,30000,0,0.1912,R,F,A
5,30000,0,0.1833,R,F,A
3.5,31000,0,0.2332,R,F,A
4,31000,0,0.204,R,F,A
4.5,31000,0,0.1892,R,F,A
5,31000,0,0.1808,R,F,A
4,32000,0,0.2007,R,F,A
4.5,32000,0,0.1859,R,F,A
5,32000,0,0.1777,R,F,A
4,33000,0,0.1962,R,F,A
4.5,33000,0,0.1819,R,F,A
5,33000,0,0.1739,R,F,A
4,34000,0,0.1906,R,F,A
4.5,34000,0,0.1774,R,F,A
5,34000,0,0.1695,R,F,A
4,35000,0,0.185,R,F,A
4.5,35000,0,0.1714,R,F,A
5,35000,0,0.1646,R,F,A
4,36000,0,0.1811,R,F,A
4.5,36000,0,0.1649,R,F,A
5,36000,0,0.1589,R,F,A
4,37000,0,0.179,R,F,A
4.5,37000,0,0.1585,R,F,A
5,37000,0,0.1524,R,F,A
4,38000,0,0.1789,R,F,A
4.5,38000,0,0.1538,R,F,A
5,38000,0,0.1459,R,F,A
4,39000,0,0.1798,R,F,A
4.5,39000,0,0.1503,R,F,A
5,39000,0,0.14,R,F,A
4.5,40000,0,0.1485,R,F,A
5,40000,0,0.1356,R,F,A
4.5,41000,0,0.1475,R,F,A
5,41000,0,0.1324,R,F,A
4.5,42000,0,0.1469,R,F,A
5,42000,0,0.1301,R,F,A
4.5,43000,0,0.1466,R,F,A
5,43000,0,0.1288,R,F,A
4.5,44000,0,0.1464,R,F,A
5,44000,0,0.1275,R,F,A
4.5,45000,0,0.146,R,F,A
5,45000,0,0.1266,R,F,A
4.5,46000,0,0.1457,R,F,A
5,46000,0,0.1255,R,F,A
4.5,47000,0,0.1455,R,F,A
5,47000,0,0.1244,R,F,A
4.5,48000,0,0.1454,R,F,A
5,48000,0,0.1236,R,F,A
4.5,49000,0,0.1454,R,F,A
5,49000,0,0.1225,R,F,A
4.5,50000,0,0.1457,R,F,A
5,50000,0,0.1217,R,F,A
0,3500,0,0.8845,R,F,A
0.5,3500,0,0.8757,R,F,A
1,3500,0,0.8627,R,F,A
1.5,3500,0,0.8472,R,F,A
2,3500,0,0.8311,R,F,A
2.5,3500,0,0.8152,R,F,A
3,3500,0,0.794,R,F,A
3.5,3500,0,0.7336,R,F,A
4,3500,0,0.6502,R,F,A
4.5,3500,0,0.5945,R,F,A
5,3500,0,0.5581,R,F,A
0,3750,0,0.8191,R,F,A
0.5,3750,0,0.8219,R,F,A
1,3750,0,0.8236,R,F,A
1.5,3750,0,0.8245,R,F,A
2,3750,0,0.8239,R,F,A
2.5,3750,0,0.8213,R,F,A
3,3750,0,0.8159,R,F,A
3.5,3750,0,0.7874,R,F,A
4,3750,0,0.6912,R,F,A
4.5,3750,0,0.5853,R,F,A
5,3750,0,0.5207,R,F,A
0,4000,0,0.7645,R,F,A
0.5,4000,0,0.765,R,F,A
1,4000,0,0.7652,R,F,A
1.5,4000,0,0.7665,R,F,A
2,4000,0,0.7678,R,F,A
2.5,4000,0,0.7699,R,F,A
3,4000,0,0.7719,R,F,A
3.5,4000,0,0.7713,R,F,A
4,4000,0,0.7403,R,F,A
4.5,4000,0,0.6399,R,F,A
5,4000,0,0.5341,R,F,A
0,4250,0,0.7212,R,F,A
0.5,4250,0,0.7201,R,F,A
1,4250,0,0.7215,R,F,A
1.5,4250,0,0.7218,R,F,A
2,4250,0,0.722,R,F,A
2.5,4250,0,0.7232,R,F,A
3,4250,0,0.7243,R,F,A
3.5,4250,0,0.7255,R,F,A
4,4250,0,0.7249,R,F,A
4.5,4250,0,0.6977,R,F,A
5,4250,0,0.6112,R,F,A
0,4500,0,0.6761,R,F,A
0.5,4500,0,0.677,R,F,A
1,4500,0,0.679,R,F,A
1.5,4500,0,0.6804,R,F,A
2,4500,0,0.6821,R,F,A
2.5,4500,0,0.6849,R,F,A
3,4500,0,0.6864,R,F,A
3.5,4500,0,0.6879,R,F,A
4,4500,0,0.6881,R,F,A
4.5,4500,0,0.6875,R,F,A
5,4500,0,0.667,R,F,A
0,4750,0,0.6311,R,F,A
0.5,4750,0,0.6368,R,F,A
1,4750,0,0.6362,R,F,A
1.5,4750,0,0.6389,R,F,A
2,4750,0,0.6421,R,F,A
2.5,4750,0,0.6454,R,F,A
3,4750,0,0.6485,R,F,A
3.5,4750,0,0.6517,R,F,A
4,4750,0,0.653,R,F,A
4.5,4750,0,0.6543,R,F,A
5,4750,0,0.6538,R,F,A
0,5000,0,0.5852,R,F,A
0.5,5000,0,0.5887,R,F,A
1,5000,0,0.5922,R,F,A
1.5,5000,0,0.5989,R,F,A
2,5000,0,0.6007,R,F,A
2.5,5000,0,0.6052,R,F,A
3,5000,0,0.6093,R,F,A
3.5,5000,0,0.6136,R,F,A
4,5000,0,0.6171,R,F,A
4.5,5000,0,0.6202,R,F,A
5,5000,0,0.6209,R,F,A
0,5250,0,0.5416,R,F,A
0.5,5250,0,0.5479,R,F,A
1,5250,0,0.5512,R,F,A
1.5,5250,0,0.5594,R,F,A
2,5250,0,0.5618,R,F,A
2.5,5250,0,0.5664,R,F,A
3,5250,0,0.57,R,F,A
3.5,5250,0,0.5754,R,F,A
4,5250,0,0.5811,R,F,A
4.5,5250,0,0.5843,R,F,A
5,5250,0,0.5863,R,F,A
0,5500,0,0.5341,R,F,A
0.5,5500,0,0.5117,R,F,A
1,5500,0,0.5153,R,F,A
1.5,5500,0,0.5182,R,F,A
2,5500,0,0.5253,R,F,A
2.5,5500,0,0.5289,R,F,A
3,5500,0,0.5333,R,F,A
3.5,5500,0,0.5402,R,F,A
4,5500,0,0.546,R,F,A
4.5,5500,0,0.5493,R,F,A
5,5500,0,0.5513,R,F,A
0,5750,0,0.5453,R,F,A
0.5,5750,0,0.5194,R,F,A
1,5750,0,0.485,R,F,A
1.5,5750,0,0.4909,R,F,A
2,5750,0,0.493,R,F,A
2.5,5750,0,0.497,R,F,A
3,5750,0,0.5016,R,F,A
3.5,5750,0,0.5072,R,F,A
4,5750,0,0.512,R,F,A
4.5,5750,0,0.5172,R,F,A
5,5750,0,0.5187,R,F,A
0,6000,0,0.5398,R,F,A
0.5,6000,0,0.531,R,F,A
1,6000,0,0.5104,R,F,A
1.5,6000,0,0.4618,R,F,A
2,6000,0,0.4667,R,F,A
2.5,6000,0,0.4705,R,F,A
3,6000,0,0.4737,R,F,A
3.5,6000,0,0.4775,R,F,A
4,6000,0,0.4829,R,F,A
4.5,6000,0,0.4871,R,F,A
5,6000,0,0.4882,R,F,A
0.5,6250,0,0.5256,R,F,A
1,6250,0,0.5141,R,F,A
1.5,6250,0,0.4835,R,F,A
2,6250,0,0.4428,R,F,A
2.5,6250,0,0.4466,R,F,A
3,6250,0,0.4501,R,F,A
3.5,6250,0,0.4536,R,F,A
4,6250,0,0.4586,R,F,A
4.5,6250,0,0.4619,R,F,A
5,6250,0,0.4627,R,F,A
0.5,6500,0,0.5186,R,F,A
1,6500,0,0.5118,R,F,A
1.5,6500,0,0.496,R,F,A
2,6500,0,0.4594,R,F,A
2.5,6500,0,0.4268,R,F,A
3,6500,0,0.4303,R,F,A
3.5,6500,0,0.435,R,F,A
4,6500,0,0.4387,R,F,A
4.5,6500,0,0.441,R,F,A
5,6500,0,0.441,R,F,A
0.5,6750,0,0.5062,R,F,A
1,6750,0,0.5055,R,F,A
1.5,6750,0,0.4967,R,F,A
2,6750,0,0.4773,R,F,A
2.5,6750,0,0.4381,R,F,A
3,6750,0,0.415,R,F,A
3.5,6750,0,0.4186,R,F,A
4,6750,0,0.4224,R,F,A
4.5,6750,0,0.4239,R,F,A
5,6750,0,0.4244,R,F,A
0.5,7000,0,0.4953,R,F,A
1,7000,0,0.4917,R,F,A
1.5,7000,0,0.4912,R,F,A
2,7000,0,0.4801,R,F,A
2.5,7000,0,0.4571,R,F,A
3,7000,0,0.415,R,F,A
3.5,7000,0,0.4053,R,F,A
4,7000,0,0.4077,R,F,A
4.5,7000,0,0.4093,R,F,A
5,7000,0,0.4108,R,F,A
0.5,7250,0,0.4859,R,F,A
1,7250,0,0.4778,R,F,A
1.5,7250,0,0.4764,R,F,A
2,7250,0,0.4761,R,F,A
2.5,7250,0,0.4625,R,F,A
3,7250,0,0.4348,R,F,A
3.5,7250,0,0.3976,R,F,A
4,7250,0,0.3931,R,F,A
4.5,7250,0,0.3957,R,F,A
5,7250,0,0.3982,R,F,A
0.5,7500,0,0.4786,R,F,A
1,7500,0,0.4639,R,F,A
1.5,7500,0,0.4588,R,F,A
2,7500,0,0.4587,R,F,A
2.5,7500,0,0.459,R,F,A
3,7500,0,0.4433,R,F,A
3.5,7500,0,0.4115,R,F,A
4,7500,0,0.3804,R,F,A
4.5,7500,0,0.3842,R,F,A
5,7500,0,0.3857,R,F,A
1,7750,0,0.4541,R,F,A
1.5,7750,0,0.444,R,F,A
2,7750,0,0.4403,R,F,A
2.5,7750,0,0.4402,R,F,A
3,7750,0,0.4405,R,F,A
3.5,7750,0,0.423,R,F,A
4,7750,0,0.3883,R,F,A
4.5,7750,0,0.3746,R,F,A
5,7750,0,0.3749,R,F,A
1,8000,0,0.4472,R,F,A
1.5,8000,0,0.4325,R,F,A
2,8000,0,0.4253,R,F,A
2.5,8000,0,0.423,R,F,A
3,8000,0,0.4234,R,F,A
3.5,8000,0,0.4231,R,F,A
4,8000,0,0.4016,R,F,A
4.5,8000,0,0.3701,R,F,A
5,8000,0,0.3638,R,F,A
1,8250,0,0.4421,R,F,A
1.5,8250,0,0.4244,R,F,A
2,8250,0,0.4135,R,F,A
2.5,8250,0,0.4083,R,F,A
3,8250,0,0.4067,R,F,A
3.5,8250,0,0.4078,R,F,A
4,8250,0,0.4056,R,F,A
4.5,8250,0,0.3807,R,F,A
5,8250,0,0.3532,R,F,A
1.5,8500,0,0.4186,R,F,A
2,8500,0,0.4053,R,F,A
2.5,8500,0,0.3969,R,F,A
3,8500,0,0.3929,R,F,A
3.5,8500,0,0.3922,R,F,A
4,8500,0,0.393,R,F,A
4.5,8500,0,0.3869,R,F,A
5,8500,0,0.3614,R,F,A
1.5,8750,0,0.4009,R,F,A
2,8750,0,0.3981,R,F,A
2.5,8750,0,0.388,R,F,A
3,8750,0,0.382,R,F,A
3.5,8750,0,0.3794,R,F,A
4,8750,0,0.3792,R,F,A
4.5,8750,0,0.3801,R,F,A
5,8750,0,0.3687,R,F,A
1.5,9000,0,0.4091,R,F,A
2,9000,0,0.3923,R,F,A
2.5,9000,0,0.3811,R,F,A
3,9000,0,0.3737,R,F,A
3.5,9000,0,0.3693,R,F,A
4,9000,0,0.3674,R,F,A
4.5,9000,0,0.368,R,F,A
5,9000,0,0.3701,R,F,A
2,9250,0,0.3867,R,F,A
2.5,9250,0,0.3751,R,F,A
3,9250,0,0.3673,R,F,A
3.5,9250,0,0.3615,R,F,A
4,9250,0,0.3583,R,F,A
4.5,9250,0,0.357,R,F,A
5,9250,0,0.3577,R,F,A
2,9500,0,0.3808,R,F,A
2.5,9500,0,0.3692,R,F,A
3,9500,0,0.3611,R,F,A
3.5,9500,0,0.3552,R,F,A
4,9500,0,0.3509,R,F,A
4.5,9500,0,0.3486,R,F,A
5,9500,0,0.348,R,F,A
2,9750,0,0.3748,R,F,A
2.5,9750,0,0.3629,R,F,A
3,9750,0,0.3549,R,F,A
3.5,9750,0,0.3493,R,F,A
4,9750,0,0.3448,R,F,A
4.5,9750,0,0.3416,R,F,A
5,9750,0,0.3398,R,F,A
2,10000,0,0.3689,R,F,A
2.5,10000,0,0.3566,R,F,A
3,10000,0,0.349,R,F,A
3.5,10000,0,0.3437,R,F,A
4,10000,0,0.3392,R,F,A
4.5,10000,0,0.3359,R,F,A
5,10000,0,0.3333,R,F,A
2,10250,0,0.3633,R,F,A
2.5,10250,0,0.3502,R,F,A
3,10250,0,0.3428,R,F,A
3.5,10250,0,0.338,R,F,A
4,10250,0,0.3339,R,F,A
4.5,10250,0,0.3302,R,F,A
5,10250,0,0.3276,R,F,A
2,10500,0,0.358,R,F,A
2.5,10500,0,0.3439,R,F,A
3,10500,0,0.3365,R,F,A
3.5,10500,0,0.3321,R,F,A
4,10500,0,0.3286,R,F,A
4.5,10500,0,0.3251,R,F,A
5,10500,0,0.322,R,F,A
2,10750,0,0.3532,R,F,A
2.5,10750,0,0.3378,R,F,A
3,10750,0,0.3302,R,F,A
3.5,10750,0,0.3263,R,F,A
4,10750,0,0.3233,R,F,A
4.5,10750,0,0.3201,R,F,A
5,10750,0,0.3172,R,F,A
2,11000,0,0.3493,R,F,A
2.5,11000,0,0.3321,R,F,A
3,11000,0,0.3241,R,F,A
3.5,11000,0,0.3203,R,F,A
4,11000,0,0.318,R,F,A
4.5,11000,0,0.3153,R,F,A
5,11000,0,0.3127,R,F,A
2,11250,0,0.346,R,F,A
2.5,11250,0,0.3268,R,F,A
3,11250,0,0.3181,R,F,A
3.5,11250,0,0.3144,R,F,A
4,11250,0,0.3125,R,F,A
4.5,11250,0,0.3105,R,F,A
5,11250,0,0.3082,R,F,A
2,11500,0,0.3436,R,F,A
2.5,11500,0,0.3221,R,F,A
3,11500,0,0.3124,R,F,A
3.5,11500,0,0.3085,R,F,A
4,11500,0,0.3069,R,F,A
4.5,11500,0,0.3054,R,F,A
5,11500,0,0.3036,R,F,A
2,11750,0,0.3416,R,F,A
2.5,11750,0,0.318,R,F,A
3,11750,0,0.3073,R,F,A
3.5,11750,0,0.3029,R,F,A
4,11750,0,0.3015,R,F,A
4.5,11750,0,0.3005,R,F,A
5,11750,0,0.2991,R,F,A
2.5,12000,0,0.3145,R,F,A
3,12000,0,0.3024,R,F,A
3.5,12000,0,0.2976,R,F,A
4,12000,0,0.296,R,F,A
4.5,12000,0,0.2955,R,F,A
5,12000,0,0.2945,R,F,A
2.5,12250,0,0.3114,R,F,A
3,12250,0,0.2981,R,F,A
3.5,12250,0,0.2927,R,F,A
4,12250,0,0.2909,R,F,A
4.5,12250,0,0.2907,R,F,A
5,12250,0,0.2901,R,F,A
2.5,12500,0,0.3088,R,F,A
3,12500,0,0.2943,R,F,A
3.5,12500,0,0.2882,R,F,A
4,12500,0,0.286,R,F,A
4.5,12500,0,0.2858,R,F,A
5,12500,0,0.2856,R,F,A
2.5,12750,0,0.3066,R,F,A
3,12750,0,0.291,R,F,A
3.5,12750,0,0.284,R,F,A
4,12750,0,0.2815,R,F,A
4.5,12750,0,0.2812,R,F,A
5,12750,0,0.2812,R,F,A
2.5,13000,0,0.3047,R,F,A
3,13000,0,0.2879,R,F,A
3.5,13000,0,0.2802,R,F,A
4,13000,0,0.2772,R,F,A
4.5,13000,0,0.2768,R,F,A
5,13000,0,0.277,R,F,A
2,14000,0,0.3433,R,F,A
2.5,14000,0,0.3,R,F,A
3,14000,0,0.2787,R,F,A
3.5,14000,0,0.2678,R,F,A
4,14000,0,0.2629,R,F,A
4.5,14000,0,0.2612,R,F,A
5,14000,0,0.2613,R,F,A
2.5,15000,0,0.2984,R,F,A
3,15000,0,0.2726,R,F,A
3.5,15000,0,0.2592,R,F,A
4,15000,0,0.2522,R,F,A
4.5,15000,0,0.2491,R,F,A
5,15000,0,0.2483,R,F,A
2.5,16000,0,0.2997,R,F,A
3,16000,0,0.2689,R,F,A
3.5,16000,0,0.2529,R,F,A
4,16000,0,0.2444,R,F,A
4.5,16000,0,0.2402,R,F,A
5,16000,0,0.2384,R,F,A
2.5,17000,0,0.3034,R,F,A
3,17000,0,0.2668,R,F,A
3.5,17000,0,0.2483,R,F,A
4,17000,0,0.2383,R,F,A
4.5,17000,0,0.233,R,F,A
5,17000,0,0.2304,R,F,A
2.5,18000,0,0.3085,R,F,A
3,18000,0,0.2663,R,F,A
3.5,18000,0,0.2448,R,F,A
4,18000,0,0.2333,R,F,A
4.5,18000,0,0.2271,R,F,A
5,18000,0,0.224,R,F,A
2.5,19000,0,0.3134,R,F,A
3,19000,0,0.2663,R,F,A
3.5,19000,0,0.2425,R,F,A
4,19000,0,0.2295,R,F,A
4.5,19000,0,0.2223,R,F,A
5,19000,0,0.2187,R,F,A
3,20000,0,0.2659,R,F,A
3.5,20000,0,0.2406,R,F,A
4,20000,0,0.2263,R,F,A
4.5,20000,0,0.2184,R,F,A
5,20000,0,0.2141,R,F,A
3,21000,0,0.2647,R,F,A
3.5,21000,0,0.2383,R,F,A
4,21000,0,0.2237,R,F,A
4.5,21000,0,0.215,R,F,A
5,21000,0,0.2103,R,F,A
3,22000,0,0.2636,R,F,A
3.5,22000,0,0.2353,R,F,A
4,22000,0,0.2207,R,F,A
4.5,22000,0,0.212,R,F,A
5,22000,0,0.2069,R,F,A
3,23000,0,0.2654,R,F,A
3.5,23000,0,0.2319,R,F,A
4,23000,0,0.2171,R,F,A
4.5,23000,0,0.209,R,F,A
5,23000,0,0.2039,R,F,A
3,24000,0,0.2714,R,F,A
3.5,24000,0,0.2292,R,F,A
4,24000,0,0.2133,R,F,A
4.5,24000,0,0.2054,R,F,A
5,24000,0,0.201,R,F,A
3,25000,0,0.2802,R,F,A
3.5,25000,0,0.2288,R,F,A
4,25000,0,0.2097,R,F,A
4.5,25000,0,0.2016,R,F,A
5,25000,0,0.1977,R,F,A
3,26000,0,0.2881,R,F,A
3.5,26000,0,0.231,R,F,A
4,26000,0,0.2074,R,F,A
4.5,26000,0,0.198,R,F,A
5,26000,0,0.194,R,F,A
3.5,27000,0,0.2339,R,F,A
4,27000,0,0.2068,R,F,A
4.5,27000,0,0.1951,R,F,A
5,27000,0,0.1905,R,F,A
3.5,28000,0,0.236,R,F,A
4,28000,0,0.2072,R,F,A
4.5,28000,0,0.1934,R,F,A
5,28000,0,0.1875,R,F,A
3.5,29000,0,0.2365,R,F,A
4,29000,0,0.2074,R,F,A
4.5,29000,0,0.1923,R,F,A
5,29000,0,0.1849,R,F,A
3.5,30000,0,0.2356,R,F,A
4,30000,0,0.2065,R,F,A
4.5,30000,0,0.191,R,F,A
5,30000,0,0.1828,R,F,A
3.5,31000,0,0.2338,R,F,A
4,31000,0,0.2042,R,F,A
4.5,31000,0,0.1893,R,F,A
5,31000,0,0.1805,R,F,A
4,32000,0,0.2009,R,F,A
4.5,32000,0,0.1861,R,F,A
5,32000,0,0.1776,R,F,A
4,33000,0,0.1964,R,F,A
4.5,33000,0,0.1822,R,F,A
5,33000,0,0.174,R,F,A
4,34000,0,0.1909,R,F,A
4.5,34000,0,0.1773,R,F,A
5,34000,0,0.1696,R,F,A
4,35000,0,0.1853,R,F,A
4.5,35000,0,0.1716,R,F,A
5,35000,0,0.1647,R,F,A
4,36000,0,0.1814,R,F,A
4.5,36000,0,0.165,R,F,A
5,36000,0,0.1589,R,F,A
4,37000,0,0.1796,R,F,A
4.5,37000,0,0.1586,R,F,A
5,37000,0,0.1524,R,F,A
4,38000,0,0.1793,R,F,A
4.5,38000,0,0.154,R,F,A
5,38000,0,0.1458,R,F,A
4,39000,0,0.1803,R,F,A
4.5,39000,0,0.1505,R,F,A
5,39000,0,0.1403,R,F,A
4.5,40000,0,0.1489,R,F,A
5,40000,0,0.1358,R,F,A
4.5,41000,0,0.1478,R,F,A
5,41000,0,0.1326,R,F,A
4.5,42000,0,0.1473,R,F,A
5,42000,0,0.1305,R,F,A
4.5,43000,0,0.147,R,F,A
5,43000,0,0.129,R,F,A
4.5,44000,0,0.1466,R,F,A
5,44000,0,0.1277,R,F,A
4.5,45000,0,0.1463,R,F,A
5,45000,0,0.1267,R,F,A
4.5,46000,0,0.146,R,F,A
5,46000,0,0.1257,R,F,A
4.5,47000,0,0.1458,R,F,A
5,47000,0,0.1246,R,F,A
4.5,48000,0,0.1456,R,F,A
5,48000,0,0.1237,R,F,A
4.5,49000,0,0.1457,R,F,A
5,49000,0,0.1227,R,F,A
5,50000,0,0.1219,R,F,A
0,3500,0,0.9059,R,F,A
0.5,3500,0,0.8955,R,F,A
1,3500,0,0.8801,R,F,A
1.5,3500,0,0.8612,R,F,A
2,3500,0,0.8414,R,F,A
2.5,3500,0,0.8219,R,F,A
3,3500,0,0.7988,R,F,A
3.5,3500,0,0.7408,R,F,A
4,3500,0,0.659,R,F,A
4.5,3500,0,0.5986,R,F,A
5,3500,0,0.5615,R,F,A
0,3750,0,0.8325,R,F,A
0.5,3750,0,0.8353,R,F,A
1,3750,0,0.837,R,F,A
1.5,3750,0,0.8375,R,F,A
2,3750,0,0.836,R,F,A
2.5,3750,0,0.8322,R,F,A
3,3750,0,0.8248,R,F,A
3.5,3750,0,0.7961,R,F,A
4,3750,0,0.7006,R,F,A
4.5,3750,0,0.5932,R,F,A
5,3750,0,0.5264,R,F,A
0,4000,0,0.7733,R,F,A
0.5,4000,0,0.7737,R,F,A
1,4000,0,0.7745,R,F,A
1.5,4000,0,0.7753,R,F,A
2,4000,0,0.7764,R,F,A
2.5,4000,0,0.7778,R,F,A
3,4000,0,0.7788,R,F,A
3.5,4000,0,0.7775,R,F,A
4,4000,0,0.7474,R,F,A
4.5,4000,0,0.6473,R,F,A
5,4000,0,0.5393,R,F,A
0,4250,0,0.7266,R,F,A
0.5,4250,0,0.7267,R,F,A
1,4250,0,0.7276,R,F,A
1.5,4250,0,0.728,R,F,A
2,4250,0,0.7288,R,F,A
2.5,4250,0,0.729,R,F,A
3,4250,0,0.7297,R,F,A
3.5,4250,0,0.7298,R,F,A
4,4250,0,0.7286,R,F,A
4.5,4250,0,0.7026,R,F,A
5,4250,0,0.6149,R,F,A
0,4500,0,0.6804,R,F,A
0.5,4500,0,0.6817,R,F,A
1,4500,0,0.6831,R,F,A
1.5,4500,0,0.6848,R,F,A
2,4500,0,0.6859,R,F,A
2.5,4500,0,0.6886,R,F,A
3,4500,0,0.69,R,F,A
3.5,4500,0,0.6907,R,F,A
4,4500,0,0.6906,R,F,A
4.5,4500,0,0.6895,R,F,A
5,4500,0,0.6701,R,F,A
0,4750,0,0.6329,R,F,A
0.5,4750,0,0.6364,R,F,A
1,4750,0,0.6382,R,F,A
1.5,4750,0,0.6406,R,F,A
2,4750,0,0.6436,R,F,A
2.5,4750,0,0.6473,R,F,A
3,4750,0,0.6501,R,F,A
3.5,4750,0,0.6533,R,F,A
4,4750,0,0.6547,R,F,A
4.5,4750,0,0.6555,R,F,A
5,4750,0,0.6543,R,F,A
0,5000,0,0.5866,R,F,A
0.5,5000,0,0.5903,R,F,A
1,5000,0,0.5938,R,F,A
1.5,5000,0,0.5977,R,F,A
2,5000,0,0.6005,R,F,A
2.5,5000,0,0.6047,R,F,A
3,5000,0,0.6094,R,F,A
3.5,5000,0,0.6143,R,F,A
4,5000,0,0.6173,R,F,A
4.5,5000,0,0.6198,R,F,A
5,5000,0,0.6204,R,F,A
0,5250,0,0.5421,R,F,A
0.5,5250,0,0.5468,R,F,A
1,5250,0,0.5523,R,F,A
1.5,5250,0,0.5571,R,F,A
2,5250,0,0.5604,R,F,A
2.5,5250,0,0.5648,R,F,A
3,5250,0,0.5691,R,F,A
3.5,5250,0,0.5746,R,F,A
4,5250,0,0.5796,R,F,A
4.5,5250,0,0.5831,R,F,A
5,5250,0,0.5848,R,F,A
0,5500,0,0.5408,R,F,A
0.5,5500,0,0.5098,R,F,A
1,5500,0,0.516,R,F,A
1.5,5500,0,0.5205,R,F,A
2,5500,0,0.5236,R,F,A
2.5,5500,0,0.5275,R,F,A
3,5500,0,0.5313,R,F,A
3.5,5500,0,0.538,R,F,A
4,5500,0,0.5437,R,F,A
4.5,5500,0,0.547,R,F,A
5,5500,0,0.5493,R,F,A
0,5750,0,0.5451,R,F,A
0.5,5750,0,0.5292,R,F,A
1,5750,0,0.4825,R,F,A
1.5,5750,0,0.4885,R,F,A
2,5750,0,0.4917,R,F,A
2.5,5750,0,0.4946,R,F,A
3,5750,0,0.4996,R,F,A
3.5,5750,0,0.5049,R,F,A
4,5750,0,0.5099,R,F,A
4.5,5750,0,0.5142,R,F,A
5,5750,0,0.5161,R,F,A
0,6000,0,0.5372,R,F,A
0.5,6000,0,0.5288,R,F,A
1,6000,0,0.5061,R,F,A
1.5,6000,0,0.4588,R,F,A
2,6000,0,0.4642,R,F,A
2.5,6000,0,0.4684,R,F,A
3,6000,0,0.4723,R,F,A
3.5,6000,0,0.476,R,F,A
4,6000,0,0.4801,R,F,A
4.5,6000,0,0.4847,R,F,A
5,6000,0,0.4859,R,F,A
0.5,6250,0,0.5241,R,F,A
1,6250,0,0.5132,R,F,A
1.5,6250,0,0.4866,R,F,A
2,6250,0,0.4406,R,F,A
2.5,6250,0,0.4451,R,F,A
3,6250,0,0.4491,R,F,A
3.5,6250,0,0.4523,R,F,A
4,6250,0,0.4562,R,F,A
4.5,6250,0,0.4597,R,F,A
5,6250,0,0.4601,R,F,A
0.5,6500,0,0.5154,R,F,A
1,6500,0,0.5102,R,F,A
1.5,6500,0,0.4963,R,F,A
2,6500,0,0.4695,R,F,A
2.5,6500,0,0.4249,R,F,A
3,6500,0,0.4297,R,F,A
3.5,6500,0,0.4332,R,F,A
4,6500,0,0.4372,R,F,A
4.5,6500,0,0.4391,R,F,A
5,6500,0,0.4395,R,F,A
0.5,6750,0,0.5034,R,F,A
1,6750,0,0.5026,R,F,A
1.5,6750,0,0.4956,R,F,A
2,6750,0,0.4774,R,F,A
2.5,6750,0,0.4447,R,F,A
3,6750,0,0.4132,R,F,A
3.5,6750,0,0.417,R,F,A
4,6750,0,0.4208,R,F,A
4.5,6750,0,0.4222,R,F,A
5,6750,0,0.4228,R,F,A
0.5,7000,0,0.4936,R,F,A
1,7000,0,0.489,R,F,A
1.5,7000,0,0.4889,R,F,A
2,7000,0,0.4796,R,F,A
2.5,7000,0,0.4575,R,F,A
3,7000,0,0.4205,R,F,A
3.5,7000,0,0.4035,R,F,A
4,7000,0,0.406,R,F,A
4.5,7000,0,0.4074,R,F,A
5,7000,0,0.4088,R,F,A
0.5,7250,0,0.4859,R,F,A
1,7250,0,0.476,R,F,A
1.5,7250,0,0.4741,R,F,A
2,7250,0,0.4741,R,F,A
2.5,7250,0,0.4622,R,F,A
3,7250,0,0.4365,R,F,A
3.5,7250,0,0.3977,R,F,A
4,7250,0,0.3938,R,F,A
4.5,7250,0,0.3942,R,F,A
5,7250,0,0.3961,R,F,A
0.5,7500,0,0.4801,R,F,A
1,7500,0,0.4639,R,F,A
1.5,7500,0,0.4574,R,F,A
2,7500,0,0.4562,R,F,A
2.5,7500,0,0.4567,R,F,A
3,7500,0,0.4432,R,F,A
3.5,7500,0,0.4138,R,F,A
4,7500,0,0.379,R,F,A
4.5,7500,0,0.3821,R,F,A
5,7500,0,0.3837,R,F,A
1,7750,0,0.4557,R,F,A
1.5,7750,0,0.4439,R,F,A
2,7750,0,0.4392,R,F,A
2.5,7750,0,0.4383,R,F,A
3,7750,0,0.4385,R,F,A
3.5,7750,0,0.423,R,F,A
4,7750,0,0.3903,R,F,A
4.5,7750,0,0.37,R,F,A
5,7750,0,0.373,R,F,A
1,8000,0,0.4495,R,F,A
1.5,8000,0,0.4338,R,F,A
2,8000,0,0.425,R,F,A
2.5,8000,0,0.4217,R,F,A
3,8000,0,0.4214,R,F,A
3.5,8000,0,0.4215,R,F,A
4,8000,0,0.4023,R,F,A
4.5,8000,0,0.3711,R,F,A
5,8000,0,0.3609,R,F,A
1,8250,0,0.4446,R,F,A
1.5,8250,0,0.4265,R,F,A
2,8250,0,0.4145,R,F,A
2.5,8250,0,0.4078,R,F,A
3,8250,0,0.4053,R,F,A
3.5,8250,0,0.4054,R,F,A
4,8250,0,0.4044,R,F,A
4.5,8250,0,0.3814,R,F,A
5,8250,0,0.3586,R,F,A
1.5,8500,0,0.4212,R,F,A
2,8500,0,0.4068,R,F,A
2.5,8500,0,0.3974,R,F,A
3,8500,0,0.3922,R,F,A
3.5,8500,0,0.3906,R,F,A
4,8500,0,0.3911,R,F,A
4.5,8500,0,0.3865,R,F,A
5,8500,0,0.3611,R,F,A
1.5,8750,0,0.4163,R,F,A
2,8750,0,0.4004,R,F,A
2.5,8750,0,0.3893,R,F,A
3,8750,0,0.3823,R,F,A
3.5,8750,0,0.3785,R,F,A
4,8750,0,0.3775,R,F,A
4.5,8750,0,0.3776,R,F,A
5,8750,0,0.3684,R,F,A
1.5,9000,0,0.4115,R,F,A
2,9000,0,0.3945,R,F,A
2.5,9000,0,0.3829,R,F,A
3,9000,0,0.3747,R,F,A
3.5,9000,0,0.3693,R,F,A
4,9000,0,0.3664,R,F,A
4.5,9000,0,0.366,R,F,A
5,9000,0,0.3677,R,F,A
2,9250,0,0.3889,R,F,A
2.5,9250,0,0.3772,R,F,A
3,9250,0,0.3683,R,F,A
3.5,9250,0,0.3619,R,F,A
4,9250,0,0.3578,R,F,A
4.5,9250,0,0.3557,R,F,A
5,9250,0,0.3557,R,F,A
2,9500,0,0.3827,R,F,A
2.5,9500,0,0.3711,R,F,A
3,9500,0,0.3625,R,F,A
3.5,9500,0,0.3559,R,F,A
4,9500,0,0.3509,R,F,A
4.5,9500,0,0.3478,R,F,A
5,9500,0,0.3463,R,F,A
2,9750,0,0.3764,R,F,A
2.5,9750,0,0.3646,R,F,A
3,9750,0,0.3565,R,F,A
3.5,9750,0,0.3502,R,F,A
4,9750,0,0.3449,R,F,A
4.5,9750,0,0.3412,R,F,A
5,9750,0,0.3388,R,F,A
2,10000,0,0.3698,R,F,A
2.5,10000,0,0.3579,R,F,A
3,10000,0,0.3503,R,F,A
3.5,10000,0,0.3445,R,F,A
4,10000,0,0.3393,R,F,A
4.5,10000,0,0.3355,R,F,A
5,10000,0,0.3322,R,F,A
2,10250,0,0.3636,R,F,A
2.5,10250,0,0.3512,R,F,A
3,10250,0,0.344,R,F,A
3.5,10250,0,0.3388,R,F,A
4,10250,0,0.3343,R,F,A
4.5,10250,0,0.3301,R,F,A
5,10250,0,0.3266,R,F,A
2,10500,0,0.358,R,F,A
2.5,10500,0,0.3442,R,F,A
3,10500,0,0.3372,R,F,A
3.5,10500,0,0.3328,R,F,A
4,10500,0,0.329,R,F,A
4.5,10500,0,0.3251,R,F,A
5,10500,0,0.3216,R,F,A
2,10750,0,0.3532,R,F,A
2.5,10750,0,0.3379,R,F,A
3,10750,0,0.3307,R,F,A
3.5,10750,0,0.3268,R,F,A
4,10750,0,0.3237,R,F,A
4.5,10750,0,0.3203,R,F,A
5,10750,0,0.3171,R,F,A
2,11000,0,0.3493,R,F,A
2.5,11000,0,0.3317,R,F,A
3,11000,0,0.3241,R,F,A
3.5,11000,0,0.3204,R,F,A
4,11000,0,0.318,R,F,A
4.5,11000,0,0.3155,R,F,A
5,11000,0,0.3124,R,F,A
2,11250,0,0.3461,R,F,A
2.5,11250,0,0.3264,R,F,A
3,11250,0,0.3177,R,F,A
3.5,11250,0,0.3143,R,F,A
4,11250,0,0.3124,R,F,A
4.5,11250,0,0.3107,R,F,A
5,11250,0,0.308,R,F,A
2.5,11500,0,0.3215,R,F,A
3,11500,0,0.3119,R,F,A
3.5,11500,0,0.3081,R,F,A
4,11500,0,0.3065,R,F,A
4.5,11500,0,0.3053,R,F,A
5,11500,0,0.3035,R,F,A
2.5,11750,0,0.3174,R,F,A
3,11750,0,0.3065,R,F,A
3.5,11750,0,0.3022,R,F,A
4,11750,0,0.3008,R,F,A
4.5,11750,0,0.3003,R,F,A
5,11750,0,0.2989,R,F,A
2.5,12000,0,0.3139,R,F,A
3,12000,0,0.3016,R,F,A
3.5,12000,0,0.2966,R,F,A
4,12000,0,0.2953,R,F,A
4.5,12000,0,0.2949,R,F,A
5,12000,0,0.2943,R,F,A
2.5,12250,0,0.3109,R,F,A
3,12250,0,0.2973,R,F,A
3.5,12250,0,0.2915,R,F,A
4,12250,0,0.2899,R,F,A
4.5,12250,0,0.29,R,F,A
5,12250,0,0.2898,R,F,A
2.5,12500,0,0.3083,R,F,A
3,12500,0,0.2935,R,F,A
3.5,12500,0,0.2867,R,F,A
4,12500,0,0.2847,R,F,A
4.5,12500,0,0.2848,R,F,A
5,12500,0,0.2852,R,F,A
2.5,12750,0,0.3061,R,F,A
3,12750,0,0.29,R,F,A
3.5,12750,0,0.2826,R,F,A
4,12750,0,0.2801,R,F,A
4.5,12750,0,0.2801,R,F,A
5,12750,0,0.2806,R,F,A
2.5,13000,0,0.3044,R,F,A
3,13000,0,0.2869,R,F,A
3.5,13000,0,0.2788,R,F,A
4,13000,0,0.2756,R,F,A
4.5,13000,0,0.2755,R,F,A
5,13000,0,0.2761,R,F,A
2.5,14000,0,0.3001,R,F,A
3,14000,0,0.2777,R,F,A
3.5,14000,0,0.2665,R,F,A
4,14000,0,0.2611,R,F,A
4.5,14000,0,0.2597,R,F,A
5,14000,0,0.2599,R,F,A
2.5,15000,0,0.2995,R,F,A
3,15000,0,0.2723,R,F,A
3.5,15000,0,0.2582,R,F,A
4,15000,0,0.2509,R,F,A
4.5,15000,0,0.2476,R,F,A
5,15000,0,0.2468,R,F,A
2.5,16000,0,0.3018,R,F,A
3,16000,0,0.2693,R,F,A
3.5,16000,0,0.2524,R,F,A
4,16000,0,0.2433,R,F,A
4.5,16000,0,0.2386,R,F,A
5,16000,0,0.2367,R,F,A
2.5,17000,0,0.3062,R,F,A
3,17000,0,0.2678,R,F,A
3.5,17000,0,0.2481,R,F,A
4,17000,0,0.2374,R,F,A
4.5,17000,0,0.2316,R,F,A
5,17000,0,0.2289,R,F,A
2.5,18000,0,0.3109,R,F,A
3,18000,0,0.2679,R,F,A
3.5,18000,0,0.2452,R,F,A
4,18000,0,0.2329,R,F,A
4.5,18000,0,0.2262,R,F,A
5,18000,0,0.2227,R,F,A
3,19000,0,0.2679,R,F,A
3.5,19000,0,0.2433,R,F,A
4,19000,0,0.2295,R,F,A
4.5,19000,0,0.2217,R,F,A
5,19000,0,0.2176,R,F,A
3,20000,0,0.2668,R,F,A
3.5,20000,0,0.2413,R,F,A
4,20000,0,0.2265,R,F,A
4.5,20000,0,0.2179,R,F,A
5,20000,0,0.2133,R,F,A
3,21000,0,0.2644,R,F,A
3.5,21000,0,0.2386,R,F,A
4,21000,0,0.2238,R,F,A
4.5,21000,0,0.2146,R,F,A
5,21000,0,0.2095,R,F,A
3,22000,0,0.263,R,F,A
3.5,22000,0,0.2347,R,F,A
4,22000,0,0.2206,R,F,A
4.5,22000,0,0.2116,R,F,A
5,22000,0,0.2062,R,F,A
3,23000,0,0.2654,R,F,A
3.5,23000,0,0.2305,R,F,A
4,23000,0,0.2164,R,F,A
4.5,23000,0,0.2083,R,F,A
5,23000,0,0.2031,R,F,A
3,24000,0,0.2725,R,F,A
3.5,24000,0,0.2278,R,F,A
4,24000,0,0.2118,R,F,A
4.5,24000,0,0.2044,R,F,A
5,24000,0,0.1999,R,F,A
3,25000,0,0.2819,R,F,A
3.5,25000,0,0.228,R,F,A
4,25000,0,0.2079,R,F,A
4.5,25000,0,0.2001,R,F,A
5,25000,0,0.1963,R,F,A
3.5,26000,0,0.2308,R,F,A
4,26000,0,0.2059,R,F,A
4.5,26000,0,0.1962,R,F,A
5,26000,0,0.1924,R,F,A
3.5,27000,0,0.2344,R,F,A
4,27000,0,0.2057,R,F,A
4.5,27000,0,0.1936,R,F,A
5,27000,0,0.1889,R,F,A
3.5,28000,0,0.2371,R,F,A
4,28000,0,0.207,R,F,A
4.5,28000,0,0.1922,R,F,A
5,28000,0,0.1859,R,F,A
3.5,29000,0,0.2377,R,F,A
4,29000,0,0.2075,R,F,A
4.5,29000,0,0.1916,R,F,A
5,29000,0,0.1838,R,F,A
3.5,30000,0,0.2368,R,F,A
4,30000,0,0.2069,R,F,A
4.5,30000,0,0.1908,R,F,A
5,30000,0,0.1821,R,F,A
4,31000,0,0.2046,R,F,A
4.5,31000,0,0.189,R,F,A
5,31000,0,0.1801,R,F,A
4,32000,0,0.2014,R,F,A
4.5,32000,0,0.1864,R,F,A
5,32000,0,0.1775,R,F,A
4,33000,0,0.197,R,F,A
4.5,33000,0,0.1827,R,F,A
5,33000,0,0.1741,R,F,A
4,34000,0,0.1913,R,F,A
4.5,34000,0,0.1776,R,F,A
5,34000,0,0.1698,R,F,A
4,35000,0,0.1863,R,F,A
4.5,35000,0,0.1717,R,F,A
5,35000,0,0.1648,R,F,A
4,36000,0,0.1827,R,F,A
4.5,36000,0,0.1652,R,F,A
5,36000,0,0.1593,R,F,A
4,37000,0,0.1809,R,F,A
4.5,37000,0,0.1591,R,F,A
5,37000,0,0.1527,R,F,A
4.5,38000,0,0.1546,R,F,A
5,38000,0,0.1461,R,F,A
4.5,39000,0,0.1517,R,F,A
5,39000,0,0.1408,R,F,A
4.5,40000,0,0.1497,R,F,A
5,40000,0,0.1362,R,F,A
4.5,41000,0,0.1488,R,F,A
5,41000,0,0.1333,R,F,A
4.5,42000,0,0.1481,R,F,A
5,42000,0,0.131,R,F,A
4.5,43000,0,0.1478,R,F,A
5,43000,0,0.1296,R,F,A
4.5,44000,0,0.1473,R,F,A
5,44000,0,0.1282,R,F,A
4.5,45000,0,0.147,R,F,A
5,45000,0,0.1271,R,F,A
4.5,46000,0,0.1467,R,F,A
5,46000,0,0.1261,R,F,A
5,47000,0,0.125,R,F,A
5,48000,0,0.1239,R,F,A
5,49000,0,0.123,R,F,A
5,50000,0,0.1222,R,F,A
0,3500,0,0.9314,R,F,A
0.5,3500,0,0.9206,R,F,A
1,3500,0,0.9035,R,F,A
1.5,3500,0,0.8817,R,F,A
2,3500,0,0.8583,R,F,A
2.5,3500,0,0.8353,R,F,A
3,3500,0,0.8098,R,F,A
3.5,3500,0,0.7522,R,F,A
4,3500,0,0.6702,R,F,A
4.5,3500,0,0.6062,R,F,A
5,3500,0,0.57,R,F,A
0,3750,0,0.8496,R,F,A
0.5,3750,0,0.8527,R,F,A
1,3750,0,0.8541,R,F,A
1.5,3750,0,0.8542,R,F,A
2,3750,0,0.8518,R,F,A
2.5,3750,0,0.8463,R,F,A
3,3750,0,0.8371,R,F,A
3.5,3750,0,0.8081,R,F,A
4,3750,0,0.7135,R,F,A
4.5,3750,0,0.6034,R,F,A
5,3750,0,0.5339,R,F,A
0,4000,0,0.7857,R,F,A
0.5,4000,0,0.7862,R,F,A
1,4000,0,0.7871,R,F,A
1.5,4000,0,0.7879,R,F,A
2,4000,0,0.7883,R,F,A
2.5,4000,0,0.7887,R,F,A
3,4000,0,0.7887,R,F,A
3.5,4000,0,0.7863,R,F,A
4,4000,0,0.7574,R,F,A
4.5,4000,0,0.6584,R,F,A
5,4000,0,0.5479,R,F,A
0,4250,0,0.7353,R,F,A
0.5,4250,0,0.7356,R,F,A
1,4250,0,0.7373,R,F,A
1.5,4250,0,0.737,R,F,A
2,4250,0,0.7377,R,F,A
2.5,4250,0,0.7377,R,F,A
3,4250,0,0.7376,R,F,A
3.5,4250,0,0.737,R,F,A
4,4250,0,0.735,R,F,A
4.5,4250,0,0.7102,R,F,A
5,4250,0,0.6256,R,F,A
0,4500,0,0.686,R,F,A
0.5,4500,0,0.6878,R,F,A
1,4500,0,0.6888,R,F,A
1.5,4500,0,0.6904,R,F,A
2,4500,0,0.692,R,F,A
2.5,4500,0,0.6944,R,F,A
3,4500,0,0.696,R,F,A
3.5,4500,0,0.6966,R,F,A
4,4500,0,0.6961,R,F,A
4.5,4500,0,0.6939,R,F,A
5,4500,0,0.6756,R,F,A
0,4750,0,0.6364,R,F,A
0.5,4750,0,0.6403,R,F,A
1,4750,0,0.6429,R,F,A
1.5,4750,0,0.6445,R,F,A
2,4750,0,0.6473,R,F,A
2.5,4750,0,0.6512,R,F,A
3,4750,0,0.6541,R,F,A
3.5,4750,0,0.6573,R,F,A
4,4750,0,0.6585,R,F,A
4.5,4750,0,0.6591,R,F,A
5,4750,0,0.6573,R,F,A
0,5000,0,0.5886,R,F,A
0.5,5000,0,0.5925,R,F,A
1,5000,0,0.5961,R,F,A
1.5,5000,0,0.6003,R,F,A
2,5000,0,0.6022,R,F,A
2.5,5000,0,0.6067,R,F,A
3,5000,0,0.6116,R,F,A
3.5,5000,0,0.6166,R,F,A
4,5000,0,0.6197,R,F,A
4.5,5000,0,0.6221,R,F,A
5,5000,0,0.6224,R,F,A
0,5250,0,0.5422,R,F,A
0.5,5250,0,0.548,R,F,A
1,5250,0,0.5532,R,F,A
1.5,5250,0,0.5581,R,F,A
2,5250,0,0.5616,R,F,A
2.5,5250,0,0.566,R,F,A
3,5250,0,0.5703,R,F,A
3.5,5250,0,0.5753,R,F,A
4,5250,0,0.5805,R,F,A
4.5,5250,0,0.5839,R,F,A
5,5250,0,0.5855,R,F,A
0,5500,0,0.5527,R,F,A
0.5,5500,0,0.5085,R,F,A
1,5500,0,0.5157,R,F,A
1.5,5500,0,0.5204,R,F,A
2,5500,0,0.5236,R,F,A
2.5,5500,0,0.5271,R,F,A
3,5500,0,0.5309,R,F,A
3.5,5500,0,0.5375,R,F,A
4,5500,0,0.5431,R,F,A
4.5,5500,0,0.5464,R,F,A
5,5500,0,0.5487,R,F,A
0,5750,0,0.5467,R,F,A
0.5,5750,0,0.531,R,F,A
1,5750,0,0.4981,R,F,A
1.5,5750,0,0.4866,R,F,A
2,5750,0,0.4909,R,F,A
2.5,5750,0,0.4939,R,F,A
3,5750,0,0.4986,R,F,A
3.5,5750,0,0.5036,R,F,A
4,5750,0,0.5088,R,F,A
4.5,5750,0,0.5125,R,F,A
5,5750,0,0.5146,R,F,A
0,6000,0,0.5352,R,F,A
0.5,6000,0,0.5292,R,F,A
1,6000,0,0.5146,R,F,A
1.5,6000,0,0.4726,R,F,A
2,6000,0,0.4622,R,F,A
2.5,6000,0,0.4668,R,F,A
3,6000,0,0.4711,R,F,A
3.5,6000,0,0.4749,R,F,A
4,6000,0,0.4785,R,F,A
4.5,6000,0,0.4829,R,F,A
5,6000,0,0.4841,R,F,A
0.5,6250,0,0.5218,R,F,A
1,6250,0,0.513,R,F,A
1.5,6250,0,0.4901,R,F,A
2,6250,0,0.4516,R,F,A
2.5,6250,0,0.4432,R,F,A
3,6250,0,0.4478,R,F,A
3.5,6250,0,0.4512,R,F,A
4,6250,0,0.4546,R,F,A
4.5,6250,0,0.4582,R,F,A
5,6250,0,0.4582,R,F,A
0.5,6500,0,0.5114,R,F,A
1,6500,0,0.5084,R,F,A
1.5,6500,0,0.4964,R,F,A
2,6500,0,0.4669,R,F,A
2.5,6500,0,0.4322,R,F,A
3,6500,0,0.4277,R,F,A
3.5,6500,0,0.4315,R,F,A
4,6500,0,0.4356,R,F,A
4.5,6500,0,0.4377,R,F,A
5,6500,0,0.4373,R,F,A
0.5,6750,0,0.5002,R,F,A
1,6750,0,0.4989,R,F,A
1.5,6750,0,0.4943,R,F,A
2,6750,0,0.4788,R,F,A
2.5,6750,0,0.4438,R,F,A
3,6750,0,0.4166,R,F,A
3.5,6750,0,0.4147,R,F,A
4,6750,0,0.4187,R,F,A
4.5,6750,0,0.4205,R,F,A
5,6750,0,0.4203,R,F,A
0.5,7000,0,0.4921,R,F,A
1,7000,0,0.4861,R,F,A
1.5,7000,0,0.4858,R,F,A
2,7000,0,0.4789,R,F,A
2.5,7000,0,0.4592,R,F,A
3,7000,0,0.4213,R,F,A
3.5,7000,0,0.4037,R,F,A
4,7000,0,0.4037,R,F,A
4.5,7000,0,0.4053,R,F,A
5,7000,0,0.4064,R,F,A
0.5,7250,0,0.487,R,F,A
1,7250,0,0.4745,R,F,A
1.5,7250,0,0.471,R,F,A
2,7250,0,0.4714,R,F,A
2.5,7250,0,0.4622,R,F,A
3,7250,0,0.4381,R,F,A
3.5,7250,0,0.3998,R,F,A
4,7250,0,0.3913,R,F,A
4.5,7250,0,0.3912,R,F,A
5,7250,0,0.3933,R,F,A
0.5,7500,0,0.4829,R,F,A
1,7500,0,0.4645,R,F,A
1.5,7500,0,0.4562,R,F,A
2,7500,0,0.4538,R,F,A
2.5,7500,0,0.4539,R,F,A
3,7500,0,0.443,R,F,A
3.5,7500,0,0.415,R,F,A
4,7500,0,0.3824,R,F,A
4.5,7500,0,0.3803,R,F,A
5,7500,0,0.3808,R,F,A
1,7750,0,0.4587,R,F,A
1.5,7750,0,0.4447,R,F,A
2,7750,0,0.4384,R,F,A
2.5,7750,0,0.436,R,F,A
3,7750,0,0.4363,R,F,A
3.5,7750,0,0.4234,R,F,A
4,7750,0,0.393,R,F,A
4.5,7750,0,0.3654,R,F,A
5,7750,0,0.37,R,F,A
1,8000,0,0.4536,R,F,A
1.5,8000,0,0.436,R,F,A
2,8000,0,0.4256,R,F,A
2.5,8000,0,0.4207,R,F,A
3,8000,0,0.4192,R,F,A
3.5,8000,0,0.4186,R,F,A
4,8000,0,0.4027,R,F,A
4.5,8000,0,0.3722,R,F,A
5,8000,0,0.3612,R,F,A
1,8250,0,0.4487,R,F,A
1.5,8250,0,0.4304,R,F,A
2,8250,0,0.4165,R,F,A
2.5,8250,0,0.4082,R,F,A
3,8250,0,0.4042,R,F,A
3.5,8250,0,0.403,R,F,A
4,8250,0,0.4022,R,F,A
4.5,8250,0,0.3824,R,F,A
5,8250,0,0.3535,R,F,A
1.5,8500,0,0.4256,R,F,A
2,8500,0,0.41,R,F,A
2.5,8500,0,0.3992,R,F,A
3,8500,0,0.3923,R,F,A
3.5,8500,0,0.3892,R,F,A
4,8500,0,0.3883,R,F,A
4.5,8500,0,0.3856,R,F,A
5,8500,0,0.3624,R,F,A
1.5,8750,0,0.4203,R,F,A
2,8750,0,0.4044,R,F,A
2.5,8750,0,0.392,R,F,A
3,8750,0,0.3832,R,F,A
3.5,8750,0,0.378,R,F,A
4,8750,0,0.3755,R,F,A
4.5,8750,0,0.3749,R,F,A
5,8750,0,0.3677,R,F,A
1.5,9000,0,0.4149,R,F,A
2,9000,0,0.3985,R,F,A
2.5,9000,0,0.3861,R,F,A
3,9000,0,0.3766,R,F,A
3.5,9000,0,0.3696,R,F,A
4,9000,0,0.3652,R,F,A
4.5,9000,0,0.3637,R,F,A
5,9000,0,0.3641,R,F,A
2,9250,0,0.3922,R,F,A
2.5,9250,0,0.3805,R,F,A
3,9250,0,0.371,R,F,A
3.5,9250,0,0.3632,R,F,A
4,9250,0,0.3575,R,F,A
4.5,9250,0,0.3541,R,F,A
5,9250,0,0.3532,R,F,A
2,9500,0,0.3853,R,F,A
2.5,9500,0,0.374,R,F,A
3,9500,0,0.3654,R,F,A
3.5,9500,0,0.3576,R,F,A
4,9500,0,0.3513,R,F,A
4.5,9500,0,0.3468,R,F,A
5,9500,0,0.3444,R,F,A
2,9750,0,0.3777,R,F,A
2.5,9750,0,0.3672,R,F,A
3,9750,0,0.3592,R,F,A
3.5,9750,0,0.3523,R,F,A
4,9750,0,0.3459,R,F,A
4.5,9750,0,0.3408,R,F,A
5,9750,0,0.3372,R,F,A
2,10000,0,0.3706,R,F,A
2.5,10000,0,0.3596,R,F,A
3,10000,0,0.3527,R,F,A
3.5,10000,0,0.3467,R,F,A
4,10000,0,0.3407,R,F,A
4.5,10000,0,0.3356,R,F,A
5,10000,0,0.3312,R,F,A
2,10250,0,0.3637,R,F,A
2.5,10250,0,0.352,R,F,A
3,10250,0,0.3457,R,F,A
3.5,10250,0,0.3406,R,F,A
4,10250,0,0.3357,R,F,A
4.5,10250,0,0.3306,R,F,A
5,10250,0,0.3258,R,F,A
2,10500,0,0.3578,R,F,A
2.5,10500,0,0.3444,R,F,A
3,10500,0,0.3384,R,F,A
3.5,10500,0,0.3342,R,F,A
4,10500,0,0.3302,R,F,A
4.5,10500,0,0.3258,R,F,A
5,10500,0,0.3213,R,F,A
2,10750,0,0.3528,R,F,A
2.5,10750,0,0.3373,R,F,A
3,10750,0,0.3311,R,F,A
3.5,10750,0,0.3278,R,F,A
4,10750,0,0.3247,R,F,A
4.5,10750,0,0.3211,R,F,A
5,10750,0,0.3171,R,F,A
2.5,11000,0,0.3308,R,F,A
3,11000,0,0.3237,R,F,A
3.5,11000,0,0.3207,R,F,A
4,11000,0,0.3187,R,F,A
4.5,11000,0,0.3161,R,F,A
5,11000,0,0.3125,R,F,A
2.5,11250,0,0.3252,R,F,A
3,11250,0,0.317,R,F,A
3.5,11250,0,0.3139,R,F,A
4,11250,0,0.3126,R,F,A
4.5,11250,0,0.3111,R,F,A
5,11250,0,0.3083,R,F,A
2.5,11500,0,0.3205,R,F,A
3,11500,0,0.3107,R,F,A
3.5,11500,0,0.3072,R,F,A
4,11500,0,0.3063,R,F,A
4.5,11500,0,0.3056,R,F,A
5,11500,0,0.3036,R,F,A
2.5,11750,0,0.3165,R,F,A
3,11750,0,0.305,R,F,A
3.5,11750,0,0.301,R,F,A
4,11750,0,0.3001,R,F,A
4.5,11750,0,0.3001,R,F,A
5,11750,0,0.299,R,F,A
2.5,12000,0,0.313,R,F,A
3,12000,0,0.3,R,F,A
3.5,12000,0,0.295,R,F,A
4,12000,0,0.2941,R,F,A
4.5,12000,0,0.2944,R,F,A
5,12000,0,0.2941,R,F,A
2.5,12250,0,0.3103,R,F,A
3,12250,0,0.2957,R,F,A
3.5,12250,0,0.2897,R,F,A
4,12250,0,0.2884,R,F,A
4.5,12250,0,0.289,R,F,A
5,12250,0,0.2893,R,F,A
2.5,12500,0,0.3078,R,F,A
3,12500,0,0.2918,R,F,A
3.5,12500,0,0.2848,R,F,A
4,12500,0,0.2829,R,F,A
4.5,12500,0,0.2835,R,F,A
5,12500,0,0.2844,R,F,A
2.5,12750,0,0.306,R,F,A
3,12750,0,0.2885,R,F,A
3.5,12750,0,0.2806,R,F,A
4,12750,0,0.2781,R,F,A
4.5,12750,0,0.2786,R,F,A
5,12750,0,0.2795,R,F,A
2.5,13000,0,0.3046,R,F,A
3,13000,0,0.2857,R,F,A
3.5,13000,0,0.2767,R,F,A
4,13000,0,0.2735,R,F,A
4.5,13000,0,0.2737,R,F,A
5,13000,0,0.2747,R,F,A
2.5,14000,0,0.3015,R,F,A
3,14000,0,0.2775,R,F,A
3.5,14000,0,0.2648,R,F,A
4,14000,0,0.2591,R,F,A
4.5,14000,0,0.257,R,F,A
5,14000,0,0.2575,R,F,A
2.5,15000,0,0.3024,R,F,A
3,15000,0,0.2726,R,F,A
3.5,15000,0,0.2571,R,F,A
4,15000,0,0.2489,R,F,A
4.5,15000,0,0.2451,R,F,A
5,15000,0,0.244,R,F,A
2.5,16000,0,0.3063,R,F,A
3,16000,0,0.2708,R,F,A
3.5,16000,0,0.2522,R,F,A
4,16000,0,0.242,R,F,A
4.5,16000,0,0.2365,R,F,A
5,16000,0,0.234,R,F,A
2.5,17000,0,0.3114,R,F,A
3,17000,0,0.2706,R,F,A
3.5,17000,0,0.2488,R,F,A
4,17000,0,0.2368,R,F,A
4.5,17000,0,0.2301,R,F,A
5,17000,0,0.2266,R,F,A
3,18000,0,0.2711,R,F,A
3.5,18000,0,0.2468,R,F,A
4,18000,0,0.233,R,F,A
4.5,18000,0,0.2251,R,F,A
5,18000,0,0.2208,R,F,A
3,19000,0,0.2706,R,F,A
3.5,19000,0,0.245,R,F,A
4,19000,0,0.23,R,F,A
4.5,19000,0,0.2212,R,F,A
5,19000,0,0.2162,R,F,A
3,20000,0,0.2677,R,F,A
3.5,20000,0,0.2427,R,F,A
4,20000,0,0.2273,R,F,A
4.5,20000,0,0.2178,R,F,A
5,20000,0,0.2122,R,F,A
3,21000,0,0.264,R,F,A
3.5,21000,0,0.2386,R,F,A
4,21000,0,0.2242,R,F,A
4.5,21000,0,0.2146,R,F,A
5,21000,0,0.2088,R,F,A
3,22000,0,0.2629,R,F,A
3.5,22000,0,0.2333,R,F,A
4,22000,0,0.22,R,F,A
4.5,22000,0,0.2114,R,F,A
5,22000,0,0.2056,R,F,A
3,23000,0,0.2671,R,F,A
3.5,23000,0,0.2284,R,F,A
4,23000,0,0.2145,R,F,A
4.5,23000,0,0.2073,R,F,A
5,23000,0,0.2024,R,F,A
3,24000,0,0.2759,R,F,A
3.5,24000,0,0.2264,R,F,A
4,24000,0,0.2092,R,F,A
4.5,24000,0,0.2025,R,F,A
5,24000,0,0.1986,R,F,A
3.5,25000,0,0.228,R,F,A
4,25000,0,0.2056,R,F,A
4.5,25000,0,0.1975,R,F,A
5,25000,0,0.1944,R,F,A
3.5,26000,0,0.2317,R,F,A
4,26000,0,0.2044,R,F,A
4.5,26000,0,0.1936,R,F,A
5,26000,0,0.19,R,F,A
3.5,27000,0,0.2361,R,F,A
4,27000,0,0.2052,R,F,A
4.5,27000,0,0.1914,R,F,A
5,27000,0,0.1862,R,F,A
3.5,28000,0,0.2393,R,F,A
4,28000,0,0.2069,R,F,A
4.5,28000,0,0.1907,R,F,A
5,28000,0,0.1835,R,F,A
3.5,29000,0,0.2405,R,F,A
4,29000,0,0.2083,R,F,A
4.5,29000,0,0.1907,R,F,A
5,29000,0,0.1819,R,F,A
3.5,30000,0,0.2398,R,F,A
4,30000,0,0.208,R,F,A
4.5,30000,0,0.1906,R,F,A
5,30000,0,0.1809,R,F,A
4,31000,0,0.2062,R,F,A
4.5,31000,0,0.1895,R,F,A
5,31000,0,0.1796,R,F,A
4,32000,0,0.2028,R,F,A
4.5,32000,0,0.1871,R,F,A
5,32000,0,0.1774,R,F,A
4,33000,0,0.1981,R,F,A
4.5,33000,0,0.1835,R,F,A
5,33000,0,0.1746,R,F,A
4,34000,0,0.1928,R,F,A
4.5,34000,0,0.1784,R,F,A
5,34000,0,0.1705,R,F,A
4,35000,0,0.1886,R,F,A
4.5,35000,0,0.1724,R,F,A
5,35000,0,0.1655,R,F,A
4,36000,0,0.1854,R,F,A
4.5,36000,0,0.1661,R,F,A
5,36000,0,0.1597,R,F,A
4.5,37000,0,0.1607,R,F,A
5,37000,0,0.1531,R,F,A
4.5,38000,0,0.1565,R,F,A
5,38000,0,0.147,R,F,A
4.5,39000,0,0.1536,R,F,A
5,39000,0,0.1419,R,F,A
4.5,40000,0,0.1518,R,F,A
5,40000,0,0.1379,R,F,A
4.5,41000,0,0.1509,R,F,A
5,41000,0,0.1349,R,F,A
4.5,42000,0,0.1502,R,F,A
5,42000,0,0.1326,R,F,A
5,43000,0,0.1311,R,F,A
5,44000,0,0.1296,R,F,A
5,45000,0,0.1284,R,F,A
5,46000,0,0.1271,R,F,A
5,47000,0,0.126,R,F,A
5,48000,0,0.1251,R,F,A
5,49000,0,0.124,R,F,A
5,50000,0,0.1231,R,F,A
0,3500,0.1,0.8888,R,F,A
0.5,3500,0.1,0.8769,R,F,A
1,3500,0.1,0.8608,R,F,A
1.5,3500,0.1,0.8428,R,F,A
2,3500,0.1,0.824,R,F,A
2.5,3500,0.1,0.8058,R,F,A
3,3500,0.1,0.7872,R,F,A
3.5,3500,0.1,0.7416,R,F,A
4,3500,0.1,0.6696,R,F,A
4.5,3500,0.1,0.6109,R,F,A
5,3500,0.1,0.571,R,F,A
0,3750,0.1,0.8261,R,F,A
0.5,3750,0.1,0.8282,R,F,A
1,3750,0.1,0.8296,R,F,A
1.5,3750,0.1,0.8294,R,F,A
2,3750,0.1,0.8272,R,F,A
2.5,3750,0.1,0.8232,R,F,A
3,3750,0.1,0.8164,R,F,A
3.5,3750,0.1,0.796,R,F,A
4,3750,0.1,0.7201,R,F,A
4.5,3750,0.1,0.6148,R,F,A
5,3750,0.1,0.5431,R,F,A
0,4000,0.1,0.7689,R,F,A
0.5,4000,0.1,0.7695,R,F,A
1,4000,0.1,0.7707,R,F,A
1.5,4000,0.1,0.7715,R,F,A
2,4000,0.1,0.773,R,F,A
2.5,4000,0.1,0.7751,R,F,A
3,4000,0.1,0.7767,R,F,A
3.5,4000,0.1,0.7761,R,F,A
4,4000,0.1,0.7545,R,F,A
4.5,4000,0.1,0.6691,R,F,A
5,4000,0.1,0.5615,R,F,A
0,4250,0.1,0.7248,R,F,A
0.5,4250,0.1,0.7247,R,F,A
1,4250,0.1,0.7259,R,F,A
1.5,4250,0.1,0.7258,R,F,A
2,4250,0.1,0.7265,R,F,A
2.5,4250,0.1,0.7276,R,F,A
3,4250,0.1,0.7285,R,F,A
3.5,4250,0.1,0.7299,R,F,A
4,4250,0.1,0.7296,R,F,A
4.5,4250,0.1,0.7095,R,F,A
5,4250,0.1,0.6321,R,F,A
0,4500,0.1,0.6818,R,F,A
0.5,4500,0.1,0.6818,R,F,A
1,4500,0.1,0.6843,R,F,A
1.5,4500,0.1,0.6852,R,F,A
2,4500,0.1,0.6871,R,F,A
2.5,4500,0.1,0.6887,R,F,A
3,4500,0.1,0.6903,R,F,A
3.5,4500,0.1,0.6916,R,F,A
4,4500,0.1,0.6921,R,F,A
4.5,4500,0.1,0.6915,R,F,A
5,4500,0.1,0.6752,R,F,A
0,4750,0.1,0.6367,R,F,A
0.5,4750,0.1,0.638,R,F,A
1,4750,0.1,0.6416,R,F,A
1.5,4750,0.1,0.6438,R,F,A
2,4750,0.1,0.6475,R,F,A
2.5,4750,0.1,0.6495,R,F,A
3,4750,0.1,0.6531,R,F,A
3.5,4750,0.1,0.656,R,F,A
4,4750,0.1,0.6579,R,F,A
4.5,4750,0.1,0.6587,R,F,A
5,4750,0.1,0.6581,R,F,A
0,5000,0.1,0.5892,R,F,A
0.5,5000,0.1,0.5943,R,F,A
1,5000,0.1,0.6004,R,F,A
1.5,5000,0.1,0.602,R,F,A
2,5000,0.1,0.6063,R,F,A
2.5,5000,0.1,0.6093,R,F,A
3,5000,0.1,0.6146,R,F,A
3.5,5000,0.1,0.6194,R,F,A
4,5000,0.1,0.6223,R,F,A
4.5,5000,0.1,0.6248,R,F,A
5,5000,0.1,0.6259,R,F,A
0,5250,0.1,0.5459,R,F,A
0.5,5250,0.1,0.5519,R,F,A
1,5250,0.1,0.558,R,F,A
1.5,5250,0.1,0.5609,R,F,A
2,5250,0.1,0.5665,R,F,A
2.5,5250,0.1,0.5711,R,F,A
3,5250,0.1,0.5766,R,F,A
3.5,5250,0.1,0.5813,R,F,A
4,5250,0.1,0.5861,R,F,A
4.5,5250,0.1,0.5901,R,F,A
5,5250,0.1,0.5916,R,F,A
0,5500,0.1,0.5438,R,F,A
0.5,5500,0.1,0.5135,R,F,A
1,5500,0.1,0.5208,R,F,A
1.5,5500,0.1,0.5255,R,F,A
2,5500,0.1,0.5298,R,F,A
2.5,5500,0.1,0.5334,R,F,A
3,5500,0.1,0.5392,R,F,A
3.5,5500,0.1,0.5452,R,F,A
4,5500,0.1,0.5513,R,F,A
4.5,5500,0.1,0.5549,R,F,A
5,5500,0.1,0.5575,R,F,A
0,5750,0.1,0.547,R,F,A
0.5,5750,0.1,0.5297,R,F,A
1,5750,0.1,0.4856,R,F,A
1.5,5750,0.1,0.4921,R,F,A
2,5750,0.1,0.4968,R,F,A
2.5,5750,0.1,0.5003,R,F,A
3,5750,0.1,0.506,R,F,A
3.5,5750,0.1,0.5125,R,F,A
4,5750,0.1,0.5184,R,F,A
4.5,5750,0.1,0.5222,R,F,A
5,5750,0.1,0.525,R,F,A
0,6000,0.1,0.5397,R,F,A
0.5,6000,0.1,0.53,R,F,A
1,6000,0.1,0.5075,R,F,A
1.5,6000,0.1,0.4617,R,F,A
2,6000,0.1,0.4678,R,F,A
2.5,6000,0.1,0.4731,R,F,A
3,6000,0.1,0.4774,R,F,A
3.5,6000,0.1,0.4827,R,F,A
4,6000,0.1,0.4877,R,F,A
4.5,6000,0.1,0.4929,R,F,A
5,6000,0.1,0.4951,R,F,A
0.5,6250,0.1,0.5254,R,F,A
1,6250,0.1,0.5139,R,F,A
1.5,6250,0.1,0.4861,R,F,A
2,6250,0.1,0.4436,R,F,A
2.5,6250,0.1,0.4483,R,F,A
3,6250,0.1,0.4533,R,F,A
3.5,6250,0.1,0.4575,R,F,A
4,6250,0.1,0.462,R,F,A
4.5,6250,0.1,0.4665,R,F,A
5,6250,0.1,0.468,R,F,A
0.5,6500,0.1,0.5174,R,F,A
1,6500,0.1,0.5115,R,F,A
1.5,6500,0.1,0.4973,R,F,A
2,6500,0.1,0.4668,R,F,A
2.5,6500,0.1,0.428,R,F,A
3,6500,0.1,0.4323,R,F,A
3.5,6500,0.1,0.4369,R,F,A
4,6500,0.1,0.4414,R,F,A
4.5,6500,0.1,0.4444,R,F,A
5,6500,0.1,0.4453,R,F,A
0.5,6750,0.1,0.5042,R,F,A
1,6750,0.1,0.5038,R,F,A
1.5,6750,0.1,0.4968,R,F,A
2,6750,0.1,0.4795,R,F,A
2.5,6750,0.1,0.4466,R,F,A
3,6750,0.1,0.4156,R,F,A
3.5,6750,0.1,0.4206,R,F,A
4,6750,0.1,0.4254,R,F,A
4.5,6750,0.1,0.4284,R,F,A
5,6750,0.1,0.43,R,F,A
0.5,7000,0.1,0.4935,R,F,A
1,7000,0.1,0.4896,R,F,A
1.5,7000,0.1,0.4898,R,F,A
2,7000,0.1,0.4808,R,F,A
2.5,7000,0.1,0.4589,R,F,A
3,7000,0.1,0.4223,R,F,A
3.5,7000,0.1,0.4058,R,F,A
4,7000,0.1,0.409,R,F,A
4.5,7000,0.1,0.4118,R,F,A
5,7000,0.1,0.4135,R,F,A
0.5,7250,0.1,0.4859,R,F,A
1,7250,0.1,0.4775,R,F,A
1.5,7250,0.1,0.4756,R,F,A
2,7250,0.1,0.4757,R,F,A
2.5,7250,0.1,0.463,R,F,A
3,7250,0.1,0.4364,R,F,A
3.5,7250,0.1,0.3975,R,F,A
4,7250,0.1,0.3955,R,F,A
4.5,7250,0.1,0.396,R,F,A
5,7250,0.1,0.3983,R,F,A
0.5,7500,0.1,0.4791,R,F,A
1,7500,0.1,0.4639,R,F,A
1.5,7500,0.1,0.4592,R,F,A
2,7500,0.1,0.4586,R,F,A
2.5,7500,0.1,0.4588,R,F,A
3,7500,0.1,0.4439,R,F,A
3.5,7500,0.1,0.4138,R,F,A
4,7500,0.1,0.3794,R,F,A
4.5,7500,0.1,0.3841,R,F,A
5,7500,0.1,0.3853,R,F,A
1,7750,0.1,0.4545,R,F,A
1.5,7750,0.1,0.4439,R,F,A
2,7750,0.1,0.4401,R,F,A
2.5,7750,0.1,0.44,R,F,A
3,7750,0.1,0.4402,R,F,A
3.5,7750,0.1,0.4235,R,F,A
4,7750,0.1,0.3909,R,F,A
4.5,7750,0.1,0.3696,R,F,A
5,7750,0.1,0.3747,R,F,A
1,8000,0.1,0.4479,R,F,A
1.5,8000,0.1,0.4328,R,F,A
2,8000,0.1,0.4252,R,F,A
2.5,8000,0.1,0.4226,R,F,A
3,8000,0.1,0.4231,R,F,A
3.5,8000,0.1,0.423,R,F,A
4,8000,0.1,0.4028,R,F,A
4.5,8000,0.1,0.3732,R,F,A
5,8000,0.1,0.3632,R,F,A
1,8250,0.1,0.443,R,F,A
1.5,8250,0.1,0.4251,R,F,A
2,8250,0.1,0.4138,R,F,A
2.5,8250,0.1,0.4081,R,F,A
3,8250,0.1,0.4064,R,F,A
3.5,8250,0.1,0.4073,R,F,A
4,8250,0.1,0.4057,R,F,A
4.5,8250,0.1,0.3813,R,F,A
5,8250,0.1,0.3566,R,F,A
1,8500,0.1,0.441,R,F,A
1.5,8500,0.1,0.4192,R,F,A
2,8500,0.1,0.4056,R,F,A
2.5,8500,0.1,0.3968,R,F,A
3,8500,0.1,0.3927,R,F,A
3.5,8500,0.1,0.3915,R,F,A
4,8500,0.1,0.3925,R,F,A
4.5,8500,0.1,0.3874,R,F,A
5,8500,0.1,0.3626,R,F,A
1.5,8750,0.1,0.4145,R,F,A
2,8750,0.1,0.3988,R,F,A
2.5,8750,0.1,0.3884,R,F,A
3,8750,0.1,0.3822,R,F,A
3.5,8750,0.1,0.379,R,F,A
4,8750,0.1,0.3786,R,F,A
4.5,8750,0.1,0.379,R,F,A
5,8750,0.1,0.3691,R,F,A
1.5,9000,0.1,0.41,R,F,A
2,9000,0.1,0.3932,R,F,A
2.5,9000,0.1,0.3818,R,F,A
3,9000,0.1,0.374,R,F,A
3.5,9000,0.1,0.3692,R,F,A
4,9000,0.1,0.3667,R,F,A
4.5,9000,0.1,0.367,R,F,A
5,9000,0.1,0.3692,R,F,A
2,9250,0.1,0.3877,R,F,A
2.5,9250,0.1,0.376,R,F,A
3,9250,0.1,0.3677,R,F,A
3.5,9250,0.1,0.3616,R,F,A
4,9250,0.1,0.3578,R,F,A
4.5,9250,0.1,0.3563,R,F,A
5,9250,0.1,0.3567,R,F,A
2,9500,0.1,0.3818,R,F,A
2.5,9500,0.1,0.3702,R,F,A
3,9500,0.1,0.3616,R,F,A
3.5,9500,0.1,0.3553,R,F,A
4,9500,0.1,0.3507,R,F,A
4.5,9500,0.1,0.3479,R,F,A
5,9500,0.1,0.3468,R,F,A
2,9750,0.1,0.3756,R,F,A
2.5,9750,0.1,0.3639,R,F,A
3,9750,0.1,0.3558,R,F,A
3.5,9750,0.1,0.3496,R,F,A
4,9750,0.1,0.3447,R,F,A
4.5,9750,0.1,0.3413,R,F,A
5,9750,0.1,0.3391,R,F,A
2,10000,0.1,0.3696,R,F,A
2.5,10000,0.1,0.3574,R,F,A
3,10000,0.1,0.35,R,F,A
3.5,10000,0.1,0.344,R,F,A
4,10000,0.1,0.3395,R,F,A
4.5,10000,0.1,0.3355,R,F,A
5,10000,0.1,0.3325,R,F,A
2,10500,0.1,0.3585,R,F,A
2.5,10500,0.1,0.3447,R,F,A
3,10500,0.1,0.3375,R,F,A
3.5,10500,0.1,0.3327,R,F,A
4,10500,0.1,0.3288,R,F,A
4.5,10500,0.1,0.3251,R,F,A
5,10500,0.1,0.3217,R,F,A
2,11000,0.1,0.3499,R,F,A
2.5,11000,0.1,0.3329,R,F,A
3,11000,0.1,0.325,R,F,A
3.5,11000,0.1,0.321,R,F,A
4,11000,0.1,0.3183,R,F,A
4.5,11000,0.1,0.3157,R,F,A
5,11000,0.1,0.3127,R,F,A
2.5,11500,0.1,0.3228,R,F,A
3,11500,0.1,0.3131,R,F,A
3.5,11500,0.1,0.309,R,F,A
4,11500,0.1,0.3072,R,F,A
4.5,11500,0.1,0.3058,R,F,A
5,11500,0.1,0.304,R,F,A
2.5,12000,0.1,0.3149,R,F,A
3,12000,0.1,0.303,R,F,A
3.5,12000,0.1,0.2979,R,F,A
4,12000,0.1,0.2962,R,F,A
4.5,12000,0.1,0.2958,R,F,A
5,12000,0.1,0.295,R,F,A
2.5,12500,0.1,0.3093,R,F,A
3,12500,0.1,0.2948,R,F,A
3.5,12500,0.1,0.2883,R,F,A
4,12500,0.1,0.286,R,F,A
4.5,12500,0.1,0.286,R,F,A
5,12500,0.1,0.2859,R,F,A
2.5,13000,0.1,0.3052,R,F,A
3,13000,0.1,0.2882,R,F,A
3.5,13000,0.1,0.2802,R,F,A
4,13000,0.1,0.277,R,F,A
4.5,13000,0.1,0.2768,R,F,A
5,13000,0.1,0.2772,R,F,A
2,14000,0.1,0.3445,R,F,A
2.5,14000,0.1,0.3002,R,F,A
3,14000,0.1,0.2787,R,F,A
3.5,14000,0.1,0.2676,R,F,A
4,14000,0.1,0.2625,R,F,A
4.5,14000,0.1,0.2611,R,F,A
5,14000,0.1,0.2612,R,F,A
2.5,15000,0.1,0.2989,R,F,A
3,15000,0.1,0.2726,R,F,A
3.5,15000,0.1,0.2589,R,F,A
4,15000,0.1,0.252,R,F,A
4.5,15000,0.1,0.2488,R,F,A
5,15000,0.1,0.2479,R,F,A
2.5,16000,0.1,0.3008,R,F,A
3,16000,0.1,0.269,R,F,A
3.5,16000,0.1,0.2528,R,F,A
4,16000,0.1,0.2441,R,F,A
4.5,16000,0.1,0.2396,R,F,A
5,16000,0.1,0.2377,R,F,A
2.5,17000,0.1,0.3049,R,F,A
3,17000,0.1,0.2674,R,F,A
3.5,17000,0.1,0.2483,R,F,A
4,17000,0.1,0.2381,R,F,A
4.5,17000,0.1,0.2326,R,F,A
5,17000,0.1,0.2297,R,F,A
2.5,18000,0.1,0.31,R,F,A
3,18000,0.1,0.2672,R,F,A
3.5,18000,0.1,0.2451,R,F,A
4,18000,0.1,0.2333,R,F,A
4.5,18000,0.1,0.2269,R,F,A
5,18000,0.1,0.2234,R,F,A
2.5,19000,0.1,0.3148,R,F,A
3,19000,0.1,0.2675,R,F,A
3.5,19000,0.1,0.2432,R,F,A
4,19000,0.1,0.2296,R,F,A
4.5,19000,0.1,0.2222,R,F,A
5,19000,0.1,0.2182,R,F,A
3,20000,0.1,0.267,R,F,A
3.5,20000,0.1,0.2414,R,F,A
4,20000,0.1,0.2268,R,F,A
4.5,20000,0.1,0.2184,R,F,A
5,20000,0.1,0.2138,R,F,A
3,21000,0.1,0.2657,R,F,A
3.5,21000,0.1,0.2392,R,F,A
4,21000,0.1,0.2243,R,F,A
4.5,21000,0.1,0.2152,R,F,A
5,21000,0.1,0.21,R,F,A
3,22000,0.1,0.2646,R,F,A
3.5,22000,0.1,0.2362,R,F,A
4,22000,0.1,0.2215,R,F,A
4.5,22000,0.1,0.2124,R,F,A
5,22000,0.1,0.2069,R,F,A
3,23000,0.1,0.2666,R,F,A
3.5,23000,0.1,0.2325,R,F,A
4,23000,0.1,0.2179,R,F,A
4.5,23000,0.1,0.2093,R,F,A
5,23000,0.1,0.204,R,F,A
3,24000,0.1,0.2729,R,F,A
3.5,24000,0.1,0.2299,R,F,A
4,24000,0.1,0.2137,R,F,A
4.5,24000,0.1,0.2059,R,F,A
5,24000,0.1,0.201,R,F,A
3,25000,0.1,0.2818,R,F,A
3.5,25000,0.1,0.2296,R,F,A
4,25000,0.1,0.2099,R,F,A
4.5,25000,0.1,0.2019,R,F,A
5,25000,0.1,0.1976,R,F,A
3,26000,0.1,0.2898,R,F,A
3.5,26000,0.1,0.2316,R,F,A
4,26000,0.1,0.2077,R,F,A
4.5,26000,0.1,0.1982,R,F,A
5,26000,0.1,0.1941,R,F,A
3.5,27000,0.1,0.2349,R,F,A
4,27000,0.1,0.2071,R,F,A
4.5,27000,0.1,0.1952,R,F,A
5,27000,0.1,0.1905,R,F,A
3.5,28000,0.1,0.2368,R,F,A
4,28000,0.1,0.2075,R,F,A
4.5,28000,0.1,0.1935,R,F,A
5,28000,0.1,0.1875,R,F,A
3.5,29000,0.1,0.237,R,F,A
4,29000,0.1,0.2079,R,F,A
4.5,29000,0.1,0.1925,R,F,A
5,29000,0.1,0.1851,R,F,A
3.5,30000,0.1,0.2355,R,F,A
4,30000,0.1,0.2065,R,F,A
4.5,30000,0.1,0.1912,R,F,A
5,30000,0.1,0.1829,R,F,A
3.5,31000,0.1,0.2337,R,F,A
4,31000,0.1,0.204,R,F,A
4.5,31000,0.1,0.189,R,F,A
5,31000,0.1,0.1805,R,F,A
4,32000,0.1,0.2001,R,F,A
4.5,32000,0.1,0.1855,R,F,A
5,32000,0.1,0.1774,R,F,A
4,33000,0.1,0.1952,R,F,A
4.5,33000,0.1,0.1813,R,F,A
5,33000,0.1,0.1734,R,F,A
4,34000,0.1,0.1896,R,F,A
4.5,34000,0.1,0.1763,R,F,A
5,34000,0.1,0.1687,R,F,A
4,35000,0.1,0.1842,R,F,A
4.5,35000,0.1,0.1701,R,F,A
5,35000,0.1,0.1633,R,F,A
4.5,37500,0.1,0.1546,R,F,A
5,37500,0.1,0.1472,R,F,A
4.5,40000,0.1,0.1473,R,F,A
5,40000,0.1,0.1339,R,F,A
5,42500,0.1,0.1279,R,F,A
5,45000,0.1,0.1251,R,F,A
5,47500,0.1,0.1227,R,F,A
5,50000,0.1,0.1204,R,F,A
0,3500,0.2,0.8918,R,F,A
0.5,3500,0.2,0.8773,R,F,A
1,3500,0.2,0.8588,R,F,A
1.5,3500,0.2,0.8384,R,F,A
2,3500,0.2,0.8177,R,F,A
2.5,3500,0.2,0.7981,R,F,A
3,3500,0.2,0.7804,R,F,A
3.5,3500,0.2,0.7518,R,F,A
4,3500,0.2,0.6903,R,F,A
4.5,3500,0.2,0.6229,R,F,A
5,3500,0.2,0.5814,R,F,A
0,3750,0.2,0.8326,R,F,A
0.5,3750,0.2,0.8347,R,F,A
1,3750,0.2,0.8354,R,F,A
1.5,3750,0.2,0.834,R,F,A
2,3750,0.2,0.8307,R,F,A
2.5,3750,0.2,0.8253,R,F,A
3,3750,0.2,0.8174,R,F,A
3.5,3750,0.2,0.8013,R,F,A
4,3750,0.2,0.7451,R,F,A
4.5,3750,0.2,0.646,R,F,A
5,3750,0.2,0.562,R,F,A
0,4000,0.2,0.7733,R,F,A
0.5,4000,0.2,0.7748,R,F,A
1,4000,0.2,0.7759,R,F,A
1.5,4000,0.2,0.7768,R,F,A
2,4000,0.2,0.7787,R,F,A
2.5,4000,0.2,0.7807,R,F,A
3,4000,0.2,0.7821,R,F,A
3.5,4000,0.2,0.7815,R,F,A
4,4000,0.2,0.7663,R,F,A
4.5,4000,0.2,0.6963,R,F,A
5,4000,0.2,0.5888,R,F,A
0,4250,0.2,0.7283,R,F,A
0.5,4250,0.2,0.7299,R,F,A
1,4250,0.2,0.7298,R,F,A
1.5,4250,0.2,0.7305,R,F,A
2,4250,0.2,0.7313,R,F,A
2.5,4250,0.2,0.7321,R,F,A
3,4250,0.2,0.7333,R,F,A
3.5,4250,0.2,0.7348,R,F,A
4,4250,0.2,0.7352,R,F,A
4.5,4250,0.2,0.7199,R,F,A
5,4250,0.2,0.652,R,F,A
0,4500,0.2,0.6856,R,F,A
0.5,4500,0.2,0.6875,R,F,A
1,4500,0.2,0.6888,R,F,A
1.5,4500,0.2,0.6904,R,F,A
2,4500,0.2,0.6924,R,F,A
2.5,4500,0.2,0.6932,R,F,A
3,4500,0.2,0.6945,R,F,A
3.5,4500,0.2,0.6958,R,F,A
4,4500,0.2,0.6967,R,F,A
4.5,4500,0.2,0.6964,R,F,A
5,4500,0.2,0.6827,R,F,A
0,4750,0.2,0.6408,R,F,A
0.5,4750,0.2,0.644,R,F,A
1,4750,0.2,0.6467,R,F,A
1.5,4750,0.2,0.6497,R,F,A
2,4750,0.2,0.653,R,F,A
2.5,4750,0.2,0.6548,R,F,A
3,4750,0.2,0.6583,R,F,A
3.5,4750,0.2,0.6609,R,F,A
4,4750,0.2,0.6626,R,F,A
4.5,4750,0.2,0.6636,R,F,A
5,4750,0.2,0.6632,R,F,A
0,5000,0.2,0.5943,R,F,A
0.5,5000,0.2,0.5997,R,F,A
1,5000,0.2,0.6052,R,F,A
1.5,5000,0.2,0.6074,R,F,A
2,5000,0.2,0.6121,R,F,A
2.5,5000,0.2,0.6155,R,F,A
3,5000,0.2,0.6203,R,F,A
3.5,5000,0.2,0.6241,R,F,A
4,5000,0.2,0.6279,R,F,A
4.5,5000,0.2,0.6303,R,F,A
5,5000,0.2,0.6316,R,F,A
0,5250,0.2,0.5489,R,F,A
0.5,5250,0.2,0.5555,R,F,A
1,5250,0.2,0.5631,R,F,A
1.5,5250,0.2,0.5662,R,F,A
2,5250,0.2,0.5713,R,F,A
2.5,5250,0.2,0.5766,R,F,A
3,5250,0.2,0.5824,R,F,A
3.5,5250,0.2,0.5874,R,F,A
4,5250,0.2,0.5923,R,F,A
4.5,5250,0.2,0.5964,R,F,A
5,5250,0.2,0.5979,R,F,A
0,5500,0.2,0.5567,R,F,A
0.5,5500,0.2,0.5158,R,F,A
1,5500,0.2,0.5238,R,F,A
1.5,5500,0.2,0.5285,R,F,A
2,5500,0.2,0.5337,R,F,A
2.5,5500,0.2,0.5395,R,F,A
3,5500,0.2,0.5452,R,F,A
3.5,5500,0.2,0.5515,R,F,A
4,5500,0.2,0.5576,R,F,A
4.5,5500,0.2,0.5614,R,F,A
5,5500,0.2,0.5644,R,F,A
0,5750,0.2,0.5487,R,F,A
0.5,5750,0.2,0.5313,R,F,A
1,5750,0.2,0.4872,R,F,A
1.5,5750,0.2,0.4936,R,F,A
2,5750,0.2,0.4993,R,F,A
2.5,5750,0.2,0.5055,R,F,A
3,5750,0.2,0.5112,R,F,A
3.5,5750,0.2,0.5183,R,F,A
4,5750,0.2,0.5247,R,F,A
4.5,5750,0.2,0.5288,R,F,A
5,5750,0.2,0.5317,R,F,A
0,6000,0.2,0.5392,R,F,A
0.5,6000,0.2,0.5319,R,F,A
1,6000,0.2,0.5104,R,F,A
1.5,6000,0.2,0.4626,R,F,A
2,6000,0.2,0.4704,R,F,A
2.5,6000,0.2,0.4759,R,F,A
3,6000,0.2,0.4815,R,F,A
3.5,6000,0.2,0.488,R,F,A
4,6000,0.2,0.494,R,F,A
4.5,6000,0.2,0.4984,R,F,A
5,6000,0.2,0.5019,R,F,A
0.5,6250,0.2,0.5258,R,F,A
1,6250,0.2,0.5154,R,F,A
1.5,6250,0.2,0.4924,R,F,A
2,6250,0.2,0.4475,R,F,A
2.5,6250,0.2,0.4505,R,F,A
3,6250,0.2,0.4561,R,F,A
3.5,6250,0.2,0.4613,R,F,A
4,6250,0.2,0.4664,R,F,A
4.5,6250,0.2,0.4717,R,F,A
5,6250,0.2,0.4741,R,F,A
0.5,6500,0.2,0.5166,R,F,A
1,6500,0.2,0.5119,R,F,A
1.5,6500,0.2,0.4983,R,F,A
2,6500,0.2,0.4711,R,F,A
2.5,6500,0.2,0.4314,R,F,A
3,6500,0.2,0.4339,R,F,A
3.5,6500,0.2,0.4395,R,F,A
4,6500,0.2,0.4443,R,F,A
4.5,6500,0.2,0.4484,R,F,A
5,6500,0.2,0.4501,R,F,A
0.5,6750,0.2,0.504,R,F,A
1,6750,0.2,0.5036,R,F,A
1.5,6750,0.2,0.4968,R,F,A
2,6750,0.2,0.4794,R,F,A
2.5,6750,0.2,0.4464,R,F,A
3,6750,0.2,0.4157,R,F,A
3.5,6750,0.2,0.4207,R,F,A
4,6750,0.2,0.4254,R,F,A
4.5,6750,0.2,0.4285,R,F,A
5,6750,0.2,0.4301,R,F,A
0.5,7000,0.2,0.4936,R,F,A
1,7000,0.2,0.4896,R,F,A
1.5,7000,0.2,0.4897,R,F,A
2,7000,0.2,0.4808,R,F,A
2.5,7000,0.2,0.4589,R,F,A
3,7000,0.2,0.4223,R,F,A
3.5,7000,0.2,0.4059,R,F,A
4,7000,0.2,0.4091,R,F,A
4.5,7000,0.2,0.4118,R,F,A
5,7000,0.2,0.4136,R,F,A
0.5,7250,0.2,0.4858,R,F,A
1,7250,0.2,0.4769,R,F,A
1.5,7250,0.2,0.4748,R,F,A
2,7250,0.2,0.475,R,F,A
2.5,7250,0.2,0.4635,R,F,A
3,7250,0.2,0.4375,R,F,A
3.5,7250,0.2,0.3985,R,F,A
4,7250,0.2,0.3959,R,F,A
4.5,7250,0.2,0.3967,R,F,A
5,7250,0.2,0.3992,R,F,A
0.5,7500,0.2,0.4793,R,F,A
1,7500,0.2,0.4643,R,F,A
1.5,7500,0.2,0.459,R,F,A
2,7500,0.2,0.4582,R,F,A
2.5,7500,0.2,0.4592,R,F,A
3,7500,0.2,0.445,R,F,A
3.5,7500,0.2,0.4154,R,F,A
4,7500,0.2,0.3799,R,F,A
4.5,7500,0.2,0.3841,R,F,A
5,7500,0.2,0.3856,R,F,A
1,7750,0.2,0.4548,R,F,A
1.5,7750,0.2,0.4441,R,F,A
2,7750,0.2,0.4401,R,F,A
2.5,7750,0.2,0.4398,R,F,A
3,7750,0.2,0.4403,R,F,A
3.5,7750,0.2,0.4242,R,F,A
4,7750,0.2,0.3925,R,F,A
4.5,7750,0.2,0.3714,R,F,A
5,7750,0.2,0.3745,R,F,A
1,8000,0.2,0.4485,R,F,A
1.5,8000,0.2,0.4333,R,F,A
2,8000,0.2,0.4255,R,F,A
2.5,8000,0.2,0.4225,R,F,A
3,8000,0.2,0.423,R,F,A
3.5,8000,0.2,0.4231,R,F,A
4,8000,0.2,0.4037,R,F,A
4.5,8000,0.2,0.3731,R,F,A
5,8000,0.2,0.3609,R,F,A
1,8250,0.2,0.4435,R,F,A
1.5,8250,0.2,0.4256,R,F,A
2,8250,0.2,0.4141,R,F,A
2.5,8250,0.2,0.408,R,F,A
3,8250,0.2,0.4062,R,F,A
3.5,8250,0.2,0.4069,R,F,A
4,8250,0.2,0.406,R,F,A
4.5,8250,0.2,0.3824,R,F,A
5,8250,0.2,0.3596,R,F,A
1,8500,0.2,0.4417,R,F,A
1.5,8500,0.2,0.4202,R,F,A
2,8500,0.2,0.4062,R,F,A
2.5,8500,0.2,0.3971,R,F,A
3,8500,0.2,0.3923,R,F,A
3.5,8500,0.2,0.3912,R,F,A
4,8500,0.2,0.3922,R,F,A
4.5,8500,0.2,0.3879,R,F,A
5,8500,0.2,0.3619,R,F,A
1.5,8750,0.2,0.4152,R,F,A
2,8750,0.2,0.3997,R,F,A
2.5,8750,0.2,0.3889,R,F,A
3,8750,0.2,0.3824,R,F,A
3.5,8750,0.2,0.3787,R,F,A
4,8750,0.2,0.378,R,F,A
4.5,8750,0.2,0.3786,R,F,A
5,8750,0.2,0.3698,R,F,A
1.5,9000,0.2,0.4109,R,F,A
2,9000,0.2,0.394,R,F,A
2.5,9000,0.2,0.3824,R,F,A
3,9000,0.2,0.3744,R,F,A
3.5,9000,0.2,0.3688,R,F,A
4,9000,0.2,0.3664,R,F,A
4.5,9000,0.2,0.3664,R,F,A
5,9000,0.2,0.3683,R,F,A
2,9250,0.2,0.3884,R,F,A
2.5,9250,0.2,0.3766,R,F,A
3,9250,0.2,0.368,R,F,A
3.5,9250,0.2,0.3615,R,F,A
4,9250,0.2,0.3576,R,F,A
4.5,9250,0.2,0.3556,R,F,A
5,9250,0.2,0.3558,R,F,A
2,9500,0.2,0.3826,R,F,A
2.5,9500,0.2,0.371,R,F,A
3,9500,0.2,0.3625,R,F,A
3.5,9500,0.2,0.3558,R,F,A
4,9500,0.2,0.3505,R,F,A
4.5,9500,0.2,0.3474,R,F,A
5,9500,0.2,0.346,R,F,A
2,9750,0.2,0.3763,R,F,A
2.5,9750,0.2,0.3647,R,F,A
3,9750,0.2,0.3568,R,F,A
3.5,9750,0.2,0.3501,R,F,A
4,9750,0.2,0.3448,R,F,A
4.5,9750,0.2,0.3408,R,F,A
5,9750,0.2,0.3383,R,F,A
2,10000,0.2,0.3702,R,F,A
2.5,10000,0.2,0.3584,R,F,A
3,10000,0.2,0.3507,R,F,A
3.5,10000,0.2,0.3449,R,F,A
4,10000,0.2,0.3398,R,F,A
4.5,10000,0.2,0.3354,R,F,A
5,10000,0.2,0.332,R,F,A
2,10500,0.2,0.359,R,F,A
2.5,10500,0.2,0.3453,R,F,A
3,10500,0.2,0.3383,R,F,A
3.5,10500,0.2,0.3337,R,F,A
4,10500,0.2,0.3295,R,F,A
4.5,10500,0.2,0.3255,R,F,A
5,10500,0.2,0.3216,R,F,A
2.5,11000,0.2,0.3331,R,F,A
3,11000,0.2,0.3256,R,F,A
3.5,11000,0.2,0.3219,R,F,A
4,11000,0.2,0.3191,R,F,A
4.5,11000,0.2,0.3162,R,F,A
5,11000,0.2,0.313,R,F,A
2.5,11500,0.2,0.3232,R,F,A
3,11500,0.2,0.3136,R,F,A
3.5,11500,0.2,0.3099,R,F,A
4,11500,0.2,0.3081,R,F,A
4.5,11500,0.2,0.3066,R,F,A
5,11500,0.2,0.3044,R,F,A
2.5,12000,0.2,0.3154,R,F,A
3,12000,0.2,0.3035,R,F,A
3.5,12000,0.2,0.2987,R,F,A
4,12000,0.2,0.297,R,F,A
4.5,12000,0.2,0.2964,R,F,A
5,12000,0.2,0.2954,R,F,A
2.5,12500,0.2,0.3098,R,F,A
3,12500,0.2,0.2951,R,F,A
3.5,12500,0.2,0.2888,R,F,A
4,12500,0.2,0.2867,R,F,A
4.5,12500,0.2,0.2863,R,F,A
5,12500,0.2,0.2863,R,F,A
2.5,13000,0.2,0.3057,R,F,A
3,13000,0.2,0.2886,R,F,A
3.5,13000,0.2,0.2805,R,F,A
4,13000,0.2,0.2773,R,F,A
4.5,13000,0.2,0.2768,R,F,A
5,13000,0.2,0.2772,R,F,A
2.5,14000,0.2,0.3008,R,F,A
3,14000,0.2,0.279,R,F,A
3.5,14000,0.2,0.2679,R,F,A
4,14000,0.2,0.2625,R,F,A
4.5,14000,0.2,0.2607,R,F,A
5,14000,0.2,0.261,R,F,A
2.5,15000,0.2,0.2996,R,F,A
3,15000,0.2,0.2729,R,F,A
3.5,15000,0.2,0.2588,R,F,A
4,15000,0.2,0.2516,R,F,A
4.5,15000,0.2,0.2484,R,F,A
5,15000,0.2,0.2476,R,F,A
2.5,16000,0.2,0.3018,R,F,A
3,16000,0.2,0.2693,R,F,A
3.5,16000,0.2,0.2526,R,F,A
4,16000,0.2,0.2438,R,F,A
4.5,16000,0.2,0.2392,R,F,A
5,16000,0.2,0.2374,R,F,A
2.5,17000,0.2,0.3064,R,F,A
3,17000,0.2,0.268,R,F,A
3.5,17000,0.2,0.2482,R,F,A
4,17000,0.2,0.2378,R,F,A
4.5,17000,0.2,0.2322,R,F,A
5,17000,0.2,0.2293,R,F,A
2.5,18000,0.2,0.3116,R,F,A
3,18000,0.2,0.2682,R,F,A
3.5,18000,0.2,0.2455,R,F,A
4,18000,0.2,0.2331,R,F,A
4.5,18000,0.2,0.2264,R,F,A
5,18000,0.2,0.2229,R,F,A
2.5,19000,0.2,0.3164,R,F,A
3,19000,0.2,0.2688,R,F,A
3.5,19000,0.2,0.2437,R,F,A
4,19000,0.2,0.2297,R,F,A
4.5,19000,0.2,0.2219,R,F,A
5,19000,0.2,0.2177,R,F,A
3,20000,0.2,0.2683,R,F,A
3.5,20000,0.2,0.2422,R,F,A
4,20000,0.2,0.2271,R,F,A
4.5,20000,0.2,0.2182,R,F,A
5,20000,0.2,0.2134,R,F,A
3,21000,0.2,0.2668,R,F,A
3.5,21000,0.2,0.2402,R,F,A
4,21000,0.2,0.2247,R,F,A
4.5,21000,0.2,0.2155,R,F,A
5,21000,0.2,0.21,R,F,A
3,22000,0.2,0.2659,R,F,A
3.5,22000,0.2,0.237,R,F,A
4,22000,0.2,0.2221,R,F,A
4.5,22000,0.2,0.2129,R,F,A
5,22000,0.2,0.2072,R,F,A
3,23000,0.2,0.2681,R,F,A
3.5,23000,0.2,0.2333,R,F,A
4,23000,0.2,0.2185,R,F,A
4.5,23000,0.2,0.21,R,F,A
5,23000,0.2,0.2043,R,F,A
3,24000,0.2,0.2749,R,F,A
3.5,24000,0.2,0.2307,R,F,A
4,24000,0.2,0.2144,R,F,A
4.5,24000,0.2,0.2065,R,F,A
5,24000,0.2,0.2016,R,F,A
3,25000,0.2,0.2839,R,F,A
3.5,25000,0.2,0.2307,R,F,A
4,25000,0.2,0.2107,R,F,A
4.5,25000,0.2,0.2025,R,F,A
5,25000,0.2,0.1982,R,F,A
3.5,26000,0.2,0.2328,R,F,A
4,26000,0.2,0.2086,R,F,A
4.5,26000,0.2,0.1987,R,F,A
5,26000,0.2,0.1945,R,F,A
3.5,27000,0.2,0.236,R,F,A
4,27000,0.2,0.2079,R,F,A
4.5,27000,0.2,0.1959,R,F,A
5,27000,0.2,0.1908,R,F,A
3.5,28000,0.2,0.2381,R,F,A
4,28000,0.2,0.2084,R,F,A
4.5,28000,0.2,0.1941,R,F,A
5,28000,0.2,0.1879,R,F,A
3.5,29000,0.2,0.2384,R,F,A
4,29000,0.2,0.2088,R,F,A
4.5,29000,0.2,0.193,R,F,A
5,29000,0.2,0.1855,R,F,A
3.5,30000,0.2,0.2371,R,F,A
4,30000,0.2,0.2076,R,F,A
4.5,30000,0.2,0.1917,R,F,A
5,30000,0.2,0.1833,R,F,A
4,31000,0.2,0.2048,R,F,A
4.5,31000,0.2,0.1894,R,F,A
5,31000,0.2,0.181,R,F,A
4,32000,0.2,0.2009,R,F,A
4.5,32000,0.2,0.1862,R,F,A
5,32000,0.2,0.1777,R,F,A
4,33000,0.2,0.196,R,F,A
4.5,33000,0.2,0.182,R,F,A
5,33000,0.2,0.174,R,F,A
4,34000,0.2,0.1904,R,F,A
4.5,34000,0.2,0.1767,R,F,A
5,34000,0.2,0.1693,R,F,A
4,35000,0.2,0.1855,R,F,A
4.5,35000,0.2,0.1705,R,F,A
5,35000,0.2,0.164,R,F,A
4.5,37500,0.2,0.1559,R,F,A
5,37500,0.2,0.148,R,F,A
4.5,40000,0.2,0.1489,R,F,A
5,40000,0.2,0.1352,R,F,A
5,42500,0.2,0.1297,R,F,A
5,45000,0.2,0.1271,R,F,A
5,47500,0.2,0.1246,R,F,A
5,50000,0.2,0.1223,R,F,A
0,3500,0.3,0.894,R,F,A
0.5,3500,0.3,0.8768,R,F,A
1,3500,0.3,0.8558,R,F,A
1.5,3500,0.3,0.8333,R,F,A
2,3500,0.3,0.8107,R,F,A
2.5,3500,0.3,0.7899,R,F,A
3,3500,0.3,0.7722,R,F,A
3.5,3500,0.3,0.7509,R,F,A
4,3500,0.3,0.6985,R,F,A
4.5,3500,0.3,0.6363,R,F,A
5,3500,0.3,0.5917,R,F,A
0,3750,0.3,0.8393,R,F,A
0.5,3750,0.3,0.8413,R,F,A
1,3750,0.3,0.8409,R,F,A
1.5,3750,0.3,0.8384,R,F,A
2,3750,0.3,0.8336,R,F,A
2.5,3750,0.3,0.8268,R,F,A
3,3750,0.3,0.8177,R,F,A
3.5,3750,0.3,0.8031,R,F,A
4,3750,0.3,0.7631,R,F,A
4.5,3750,0.3,0.6735,R,F,A
5,3750,0.3,0.5869,R,F,A
0,4000,0.3,0.7785,R,F,A
0.5,4000,0.3,0.7803,R,F,A
1,4000,0.3,0.7814,R,F,A
1.5,4000,0.3,0.7827,R,F,A
2,4000,0.3,0.7846,R,F,A
2.5,4000,0.3,0.7863,R,F,A
3,4000,0.3,0.7874,R,F,A
3.5,4000,0.3,0.7865,R,F,A
4,4000,0.3,0.7748,R,F,A
4.5,4000,0.3,0.7168,R,F,A
5,4000,0.3,0.6185,R,F,A
0,4250,0.3,0.7329,R,F,A
0.5,4250,0.3,0.7347,R,F,A
1,4250,0.3,0.7346,R,F,A
1.5,4250,0.3,0.7354,R,F,A
2,4250,0.3,0.7361,R,F,A
2.5,4250,0.3,0.7368,R,F,A
3,4250,0.3,0.7384,R,F,A
3.5,4250,0.3,0.7402,R,F,A
4,4250,0.3,0.7411,R,F,A
4.5,4250,0.3,0.729,R,F,A
5,4250,0.3,0.6713,R,F,A
0,4500,0.3,0.6897,R,F,A
0.5,4500,0.3,0.6932,R,F,A
1,4500,0.3,0.6937,R,F,A
1.5,4500,0.3,0.6957,R,F,A
2,4500,0.3,0.6965,R,F,A
2.5,4500,0.3,0.6977,R,F,A
3,4500,0.3,0.699,R,F,A
3.5,4500,0.3,0.7004,R,F,A
4,4500,0.3,0.7014,R,F,A
4.5,4500,0.3,0.7015,R,F,A
5,4500,0.3,0.6896,R,F,A
0,4750,0.3,0.6462,R,F,A
0.5,4750,0.3,0.6504,R,F,A
1,4750,0.3,0.6522,R,F,A
1.5,4750,0.3,0.6545,R,F,A
2,4750,0.3,0.6572,R,F,A
2.5,4750,0.3,0.6603,R,F,A
3,4750,0.3,0.6633,R,F,A
3.5,4750,0.3,0.6653,R,F,A
4,4750,0.3,0.6674,R,F,A
4.5,4750,0.3,0.6683,R,F,A
5,4750,0.3,0.6683,R,F,A
0,5000,0.3,0.5989,R,F,A
0.5,5000,0.3,0.6055,R,F,A
1,5000,0.3,0.6097,R,F,A
1.5,5000,0.3,0.6139,R,F,A
2,5000,0.3,0.6172,R,F,A
2.5,5000,0.3,0.6219,R,F,A
3,5000,0.3,0.6263,R,F,A
3.5,5000,0.3,0.6296,R,F,A
4,5000,0.3,0.6335,R,F,A
4.5,5000,0.3,0.6357,R,F,A
5,5000,0.3,0.6369,R,F,A
0,5250,0.3,0.5527,R,F,A
0.5,5250,0.3,0.5612,R,F,A
1,5250,0.3,0.5668,R,F,A
1.5,5250,0.3,0.5721,R,F,A
2,5250,0.3,0.5769,R,F,A
2.5,5250,0.3,0.5826,R,F,A
3,5250,0.3,0.5883,R,F,A
3.5,5250,0.3,0.5937,R,F,A
4,5250,0.3,0.5985,R,F,A
4.5,5250,0.3,0.6016,R,F,A
5,5250,0.3,0.6044,R,F,A
0,5500,0.3,0.5586,R,F,A
0.5,5500,0.3,0.5187,R,F,A
1,5500,0.3,0.527,R,F,A
1.5,5500,0.3,0.5345,R,F,A
2,5500,0.3,0.5398,R,F,A
2.5,5500,0.3,0.5459,R,F,A
3,5500,0.3,0.5511,R,F,A
3.5,5500,0.3,0.5582,R,F,A
4,5500,0.3,0.5637,R,F,A
4.5,5500,0.3,0.5677,R,F,A
5,5500,0.3,0.5707,R,F,A
0,5750,0.3,0.5512,R,F,A
0.5,5750,0.3,0.5364,R,F,A
1,5750,0.3,0.4908,R,F,A
1.5,5750,0.3,0.4981,R,F,A
2,5750,0.3,0.5035,R,F,A
2.5,5750,0.3,0.5105,R,F,A
3,5750,0.3,0.5168,R,F,A
3.5,5750,0.3,0.5242,R,F,A
4,5750,0.3,0.5309,R,F,A
4.5,5750,0.3,0.5355,R,F,A
5,5750,0.3,0.5386,R,F,A
0,6000,0.3,0.54,R,F,A
0.5,6000,0.3,0.5338,R,F,A
1,6000,0.3,0.5181,R,F,A
1.5,6000,0.3,0.467,R,F,A
2,6000,0.3,0.4731,R,F,A
2.5,6000,0.3,0.4796,R,F,A
3,6000,0.3,0.4861,R,F,A
3.5,6000,0.3,0.4933,R,F,A
4,6000,0.3,0.5002,R,F,A
4.5,6000,0.3,0.5046,R,F,A
5,6000,0.3,0.5086,R,F,A
0.5,6250,0.3,0.5258,R,F,A
1,6250,0.3,0.5163,R,F,A
1.5,6250,0.3,0.4949,R,F,A
2,6250,0.3,0.4478,R,F,A
2.5,6250,0.3,0.453,R,F,A
3,6250,0.3,0.4593,R,F,A
3.5,6250,0.3,0.4654,R,F,A
4,6250,0.3,0.4712,R,F,A
4.5,6250,0.3,0.4769,R,F,A
5,6250,0.3,0.4802,R,F,A
0.5,6500,0.3,0.5155,R,F,A
1,6500,0.3,0.5123,R,F,A
1.5,6500,0.3,0.499,R,F,A
2,6500,0.3,0.471,R,F,A
2.5,6500,0.3,0.4312,R,F,A
3,6500,0.3,0.4359,R,F,A
3.5,6500,0.3,0.4415,R,F,A
4,6500,0.3,0.4467,R,F,A
4.5,6500,0.3,0.4527,R,F,A
5,6500,0.3,0.4545,R,F,A
0.5,6750,0.3,0.5029,R,F,A
1,6750,0.3,0.5028,R,F,A
1.5,6750,0.3,0.4973,R,F,A
2,6750,0.3,0.4808,R,F,A
2.5,6750,0.3,0.4469,R,F,A
3,6750,0.3,0.4187,R,F,A
3.5,6750,0.3,0.422,R,F,A
4,6750,0.3,0.4274,R,F,A
4.5,6750,0.3,0.4313,R,F,A
5,6750,0.3,0.4334,R,F,A
0.5,7000,0.3,0.4929,R,F,A
1,7000,0.3,0.4886,R,F,A
1.5,7000,0.3,0.4889,R,F,A
2,7000,0.3,0.4811,R,F,A
2.5,7000,0.3,0.4606,R,F,A
3,7000,0.3,0.4238,R,F,A
3.5,7000,0.3,0.4059,R,F,A
4,7000,0.3,0.4101,R,F,A
4.5,7000,0.3,0.4133,R,F,A
5,7000,0.3,0.4156,R,F,A
0.5,7250,0.3,0.486,R,F,A
1,7250,0.3,0.4762,R,F,A
1.5,7250,0.3,0.4738,R,F,A
2,7250,0.3,0.4743,R,F,A
2.5,7250,0.3,0.4636,R,F,A
3,7250,0.3,0.4386,R,F,A
3.5,7250,0.3,0.4004,R,F,A
4,7250,0.3,0.396,R,F,A
4.5,7250,0.3,0.3976,R,F,A
5,7250,0.3,0.4002,R,F,A
1,7500,0.3,0.4646,R,F,A
1.5,7500,0.3,0.4586,R,F,A
2,7500,0.3,0.4584,R,F,A
2.5,7500,0.3,0.4588,R,F,A
3,7500,0.3,0.4455,R,F,A
3.5,7500,0.3,0.4165,R,F,A
4,7500,0.3,0.3863,R,F,A
4.5,7500,0.3,0.3849,R,F,A
5,7500,0.3,0.3859,R,F,A
1,7750,0.3,0.4556,R,F,A
1.5,7750,0.3,0.4444,R,F,A
2,7750,0.3,0.4399,R,F,A
2.5,7750,0.3,0.4399,R,F,A
3,7750,0.3,0.4412,R,F,A
3.5,7750,0.3,0.4255,R,F,A
4,7750,0.3,0.3935,R,F,A
4.5,7750,0.3,0.3753,R,F,A
5,7750,0.3,0.3745,R,F,A
1,8000,0.3,0.4491,R,F,A
1.5,8000,0.3,0.4338,R,F,A
2,8000,0.3,0.4255,R,F,A
2.5,8000,0.3,0.4225,R,F,A
3,8000,0.3,0.4225,R,F,A
3.5,8000,0.3,0.4227,R,F,A
4,8000,0.3,0.4045,R,F,A
4.5,8000,0.3,0.373,R,F,A
5,8000,0.3,0.3595,R,F,A
1,8250,0.3,0.4444,R,F,A
1.5,8250,0.3,0.4264,R,F,A
2,8250,0.3,0.4144,R,F,A
2.5,8250,0.3,0.4083,R,F,A
3,8250,0.3,0.4063,R,F,A
3.5,8250,0.3,0.4068,R,F,A
4,8250,0.3,0.4059,R,F,A
4.5,8250,0.3,0.3835,R,F,A
5,8250,0.3,0.3599,R,F,A
1,8500,0.3,0.4426,R,F,A
1.5,8500,0.3,0.4211,R,F,A
2,8500,0.3,0.4065,R,F,A
2.5,8500,0.3,0.3975,R,F,A
3,8500,0.3,0.3925,R,F,A
3.5,8500,0.3,0.3909,R,F,A
4,8500,0.3,0.392,R,F,A
4.5,8500,0.3,0.3884,R,F,A
5,8500,0.3,0.3627,R,F,A
1.5,8750,0.3,0.4163,R,F,A
2,8750,0.3,0.4004,R,F,A
2.5,8750,0.3,0.3893,R,F,A
3,8750,0.3,0.3821,R,F,A
3.5,8750,0.3,0.3786,R,F,A
4,8750,0.3,0.3776,R,F,A
4.5,8750,0.3,0.3782,R,F,A
5,8750,0.3,0.3701,R,F,A
1.5,9000,0.3,0.4117,R,F,A
2,9000,0.3,0.3949,R,F,A
2.5,9000,0.3,0.3832,R,F,A
3,9000,0.3,0.3747,R,F,A
3.5,9000,0.3,0.3689,R,F,A
4,9000,0.3,0.366,R,F,A
4.5,9000,0.3,0.3656,R,F,A
5,9000,0.3,0.3676,R,F,A
2,9250,0.3,0.3893,R,F,A
2.5,9250,0.3,0.3778,R,F,A
3,9250,0.3,0.3686,R,F,A
3.5,9250,0.3,0.3617,R,F,A
4,9250,0.3,0.3572,R,F,A
4.5,9250,0.3,0.3548,R,F,A
5,9250,0.3,0.3549,R,F,A
2,9500,0.3,0.3834,R,F,A
2.5,9500,0.3,0.3721,R,F,A
3,9500,0.3,0.3631,R,F,A
3.5,9500,0.3,0.3559,R,F,A
4,9500,0.3,0.3506,R,F,A
4.5,9500,0.3,0.3468,R,F,A
5,9500,0.3,0.3452,R,F,A
2,9750,0.3,0.3772,R,F,A
2.5,9750,0.3,0.3659,R,F,A
3,9750,0.3,0.3575,R,F,A
3.5,9750,0.3,0.3507,R,F,A
4,9750,0.3,0.3451,R,F,A
4.5,9750,0.3,0.3405,R,F,A
5,9750,0.3,0.3375,R,F,A
2,10000,0.3,0.3708,R,F,A
2.5,10000,0.3,0.3593,R,F,A
3,10000,0.3,0.3517,R,F,A
3.5,10000,0.3,0.3456,R,F,A
4,10000,0.3,0.3401,R,F,A
4.5,10000,0.3,0.3354,R,F,A
5,10000,0.3,0.3314,R,F,A
2,10500,0.3,0.3594,R,F,A
2.5,10500,0.3,0.3459,R,F,A
3,10500,0.3,0.3393,R,F,A
3.5,10500,0.3,0.3345,R,F,A
4,10500,0.3,0.3303,R,F,A
4.5,10500,0.3,0.3259,R,F,A
5,10500,0.3,0.3219,R,F,A
2.5,11000,0.3,0.3337,R,F,A
3,11000,0.3,0.3263,R,F,A
3.5,11000,0.3,0.3226,R,F,A
4,11000,0.3,0.3199,R,F,A
4.5,11000,0.3,0.317,R,F,A
5,11000,0.3,0.3134,R,F,A
2.5,11500,0.3,0.3236,R,F,A
3,11500,0.3,0.3143,R,F,A
3.5,11500,0.3,0.3105,R,F,A
4,11500,0.3,0.3088,R,F,A
4.5,11500,0.3,0.3074,R,F,A
5,11500,0.3,0.305,R,F,A
2.5,12000,0.3,0.3158,R,F,A
3,12000,0.3,0.304,R,F,A
3.5,12000,0.3,0.2992,R,F,A
4,12000,0.3,0.2976,R,F,A
4.5,12000,0.3,0.2973,R,F,A
5,12000,0.3,0.2963,R,F,A
2.5,12500,0.3,0.3103,R,F,A
3,12500,0.3,0.2956,R,F,A
3.5,12500,0.3,0.2891,R,F,A
4,12500,0.3,0.287,R,F,A
4.5,12500,0.3,0.287,R,F,A
5,12500,0.3,0.2869,R,F,A
2.5,13000,0.3,0.3062,R,F,A
3,13000,0.3,0.289,R,F,A
3.5,13000,0.3,0.2809,R,F,A
4,13000,0.3,0.2777,R,F,A
4.5,13000,0.3,0.2773,R,F,A
5,13000,0.3,0.2778,R,F,A
2.5,14000,0.3,0.3015,R,F,A
3,14000,0.3,0.2794,R,F,A
3.5,14000,0.3,0.268,R,F,A
4,14000,0.3,0.2627,R,F,A
4.5,14000,0.3,0.2608,R,F,A
5,14000,0.3,0.2609,R,F,A
2.5,15000,0.3,0.3007,R,F,A
3,15000,0.3,0.2733,R,F,A
3.5,15000,0.3,0.2591,R,F,A
4,15000,0.3,0.2517,R,F,A
4.5,15000,0.3,0.2483,R,F,A
5,15000,0.3,0.2473,R,F,A
2.5,16000,0.3,0.303,R,F,A
3,16000,0.3,0.27,R,F,A
3.5,16000,0.3,0.2527,R,F,A
4,16000,0.3,0.2435,R,F,A
4.5,16000,0.3,0.2389,R,F,A
5,16000,0.3,0.2369,R,F,A
2.5,17000,0.3,0.308,R,F,A
3,17000,0.3,0.2688,R,F,A
3.5,17000,0.3,0.2485,R,F,A
4,17000,0.3,0.2374,R,F,A
4.5,17000,0.3,0.2316,R,F,A
5,17000,0.3,0.2287,R,F,A
2.5,18000,0.3,0.3132,R,F,A
3,18000,0.3,0.2693,R,F,A
3.5,18000,0.3,0.246,R,F,A
4,18000,0.3,0.2331,R,F,A
4.5,18000,0.3,0.2259,R,F,A
5,18000,0.3,0.2223,R,F,A
3,19000,0.3,0.2698,R,F,A
3.5,19000,0.3,0.2445,R,F,A
4,19000,0.3,0.23,R,F,A
4.5,19000,0.3,0.2217,R,F,A
5,19000,0.3,0.2173,R,F,A
3,20000,0.3,0.2693,R,F,A
3.5,20000,0.3,0.2432,R,F,A
4,20000,0.3,0.2276,R,F,A
4.5,20000,0.3,0.2184,R,F,A
5,20000,0.3,0.2132,R,F,A
3,21000,0.3,0.2676,R,F,A
3.5,21000,0.3,0.2411,R,F,A
4,21000,0.3,0.2256,R,F,A
4.5,21000,0.3,0.2158,R,F,A
5,21000,0.3,0.21,R,F,A
3,22000,0.3,0.267,R,F,A
3.5,22000,0.3,0.2376,R,F,A
4,22000,0.3,0.2229,R,F,A
4.5,22000,0.3,0.2135,R,F,A
5,22000,0.3,0.2073,R,F,A
3,23000,0.3,0.2699,R,F,A
3.5,23000,0.3,0.234,R,F,A
4,23000,0.3,0.2193,R,F,A
4.5,23000,0.3,0.2106,R,F,A
5,23000,0.3,0.2048,R,F,A
3,24000,0.3,0.2771,R,F,A
3.5,24000,0.3,0.2317,R,F,A
4,24000,0.3,0.215,R,F,A
4.5,24000,0.3,0.2071,R,F,A
5,24000,0.3,0.2021,R,F,A
3,25000,0.3,0.2865,R,F,A
3.5,25000,0.3,0.2319,R,F,A
4,25000,0.3,0.2113,R,F,A
4.5,25000,0.3,0.2032,R,F,A
5,25000,0.3,0.1989,R,F,A
3.5,26000,0.3,0.2345,R,F,A
4,26000,0.3,0.2093,R,F,A
4.5,26000,0.3,0.1993,R,F,A
5,26000,0.3,0.1952,R,F,A
3.5,27000,0.3,0.2377,R,F,A
4,27000,0.3,0.209,R,F,A
4.5,27000,0.3,0.1965,R,F,A
5,27000,0.3,0.1914,R,F,A
3.5,28000,0.3,0.2398,R,F,A
4,28000,0.3,0.2096,R,F,A
4.5,28000,0.3,0.1949,R,F,A
5,28000,0.3,0.1883,R,F,A
3.5,29000,0.3,0.2398,R,F,A
4,29000,0.3,0.2099,R,F,A
4.5,29000,0.3,0.1941,R,F,A
5,29000,0.3,0.1859,R,F,A
3.5,30000,0.3,0.2387,R,F,A
4,30000,0.3,0.2085,R,F,A
4.5,30000,0.3,0.1926,R,F,A
5,30000,0.3,0.1838,R,F,A
4,31000,0.3,0.2059,R,F,A
4.5,31000,0.3,0.1904,R,F,A
5,31000,0.3,0.1813,R,F,A
4,32000,0.3,0.2019,R,F,A
4.5,32000,0.3,0.1871,R,F,A
5,32000,0.3,0.178,R,F,A
4,33000,0.3,0.1967,R,F,A
4.5,33000,0.3,0.1827,R,F,A
5,33000,0.3,0.1745,R,F,A
4,34000,0.3,0.1915,R,F,A
4.5,34000,0.3,0.1773,R,F,A
5,34000,0.3,0.1699,R,F,A
4.5,35000,0.3,0.171,R,F,A
5,35000,0.3,0.1646,R,F,A
4.5,37500,0.3,0.1567,R,F,A
5,37500,0.3,0.1486,R,F,A
4.5,40000,0.3,0.1507,R,F,A
5,40000,0.3,0.1366,R,F,A
5,42500,0.3,0.1312,R,F,A
5,45000,0.3,0.1288,R,F,A
5,47500,0.3,0.1264,R,F,A
5,50000,0.3,0.1242,R,F,A
0,3500,0.5,0.8966,R,F,A
0.5,3500,0.5,0.8739,R,F,A
1,3500,0.5,0.8478,R,F,A
1.5,3500,0.5,0.8208,R,F,A
2,3500,0.5,0.7946,R,F,A
2.5,3500,0.5,0.7714,R,F,A
3,3500,0.5,0.7527,R,F,A
3.5,3500,0.5,0.7396,R,F,A
4,3500,0.5,0.7106,R,F,A
4.5,3500,0.5,0.6562,R,F,A
5,3500,0.5,0.6071,R,F,A
0,3750,0.5,0.8539,R,F,A
0.5,3750,0.5,0.8541,R,F,A
1,3750,0.5,0.8515,R,F,A
1.5,3750,0.5,0.8462,R,F,A
2,3750,0.5,0.8382,R,F,A
2.5,3750,0.5,0.8279,R,F,A
3,3750,0.5,0.816,R,F,A
3.5,3750,0.5,0.8012,R,F,A
4,3750,0.5,0.778,R,F,A
4.5,3750,0.5,0.719,R,F,A
5,3750,0.5,0.6369,R,F,A
0,4000,0.5,0.7907,R,F,A
0.5,4000,0.5,0.7919,R,F,A
1,4000,0.5,0.7936,R,F,A
1.5,4000,0.5,0.7953,R,F,A
2,4000,0.5,0.7968,R,F,A
2.5,4000,0.5,0.7977,R,F,A
3,4000,0.5,0.7977,R,F,A
3.5,4000,0.5,0.7956,R,F,A
4,4000,0.5,0.7864,R,F,A
4.5,4000,0.5,0.7547,R,F,A
5,4000,0.5,0.6777,R,F,A
0,4250,0.5,0.7438,R,F,A
0.5,4250,0.5,0.7447,R,F,A
1,4250,0.5,0.7452,R,F,A
1.5,4250,0.5,0.7455,R,F,A
2,4250,0.5,0.7466,R,F,A
2.5,4250,0.5,0.7481,R,F,A
3,4250,0.5,0.7498,R,F,A
3.5,4250,0.5,0.7516,R,F,A
4,4250,0.5,0.753,R,F,A
4.5,4250,0.5,0.7448,R,F,A
5,4250,0.5,0.7043,R,F,A
0,4500,0.5,0.7019,R,F,A
0.5,4500,0.5,0.7036,R,F,A
1,4500,0.5,0.7047,R,F,A
1.5,4500,0.5,0.7063,R,F,A
2,4500,0.5,0.707,R,F,A
2.5,4500,0.5,0.708,R,F,A
3,4500,0.5,0.709,R,F,A
3.5,4500,0.5,0.7103,R,F,A
4,4500,0.5,0.7119,R,F,A
4.5,4500,0.5,0.7126,R,F,A
5,4500,0.5,0.7035,R,F,A
0,4750,0.5,0.6576,R,F,A
0.5,4750,0.5,0.6619,R,F,A
1,4750,0.5,0.6639,R,F,A
1.5,4750,0.5,0.6666,R,F,A
2,4750,0.5,0.6682,R,F,A
2.5,4750,0.5,0.6706,R,F,A
3,4750,0.5,0.6736,R,F,A
3.5,4750,0.5,0.6759,R,F,A
4,4750,0.5,0.6773,R,F,A
4.5,4750,0.5,0.6788,R,F,A
5,4750,0.5,0.6787,R,F,A
0,5000,0.5,0.6099,R,F,A
0.5,5000,0.5,0.6164,R,F,A
1,5000,0.5,0.6216,R,F,A
1.5,5000,0.5,0.6267,R,F,A
2,5000,0.5,0.6303,R,F,A
2.5,5000,0.5,0.6339,R,F,A
3,5000,0.5,0.6375,R,F,A
3.5,5000,0.5,0.641,R,F,A
4,5000,0.5,0.6441,R,F,A
4.5,5000,0.5,0.6469,R,F,A
5,5000,0.5,0.6478,R,F,A
0,5250,0.5,0.5691,R,F,A
0.5,5250,0.5,0.5703,R,F,A
1,5250,0.5,0.5786,R,F,A
1.5,5250,0.5,0.5848,R,F,A
2,5250,0.5,0.5903,R,F,A
2.5,5250,0.5,0.5952,R,F,A
3,5250,0.5,0.6012,R,F,A
3.5,5250,0.5,0.6055,R,F,A
4,5250,0.5,0.6105,R,F,A
4.5,5250,0.5,0.6136,R,F,A
5,5250,0.5,0.6166,R,F,A
0,5500,0.5,0.5692,R,F,A
0.5,5500,0.5,0.5371,R,F,A
1,5500,0.5,0.5354,R,F,A
1.5,5500,0.5,0.5447,R,F,A
2,5500,0.5,0.5524,R,F,A
2.5,5500,0.5,0.5583,R,F,A
3,5500,0.5,0.5648,R,F,A
3.5,5500,0.5,0.5701,R,F,A
4,5500,0.5,0.576,R,F,A
4.5,5500,0.5,0.5806,R,F,A
5,5500,0.5,0.5847,R,F,A
0,5750,0.5,0.5554,R,F,A
0.5,5750,0.5,0.545,R,F,A
1,5750,0.5,0.5087,R,F,A
1.5,5750,0.5,0.5059,R,F,A
2,5750,0.5,0.5143,R,F,A
2.5,5750,0.5,0.5208,R,F,A
3,5750,0.5,0.5278,R,F,A
3.5,5750,0.5,0.5354,R,F,A
4,5750,0.5,0.5431,R,F,A
4.5,5750,0.5,0.5488,R,F,A
5,5750,0.5,0.5521,R,F,A
0,6000,0.5,0.541,R,F,A
0.5,6000,0.5,0.5373,R,F,A
1,6000,0.5,0.5227,R,F,A
1.5,6000,0.5,0.4837,R,F,A
2,6000,0.5,0.4794,R,F,A
2.5,6000,0.5,0.4874,R,F,A
3,6000,0.5,0.4959,R,F,A
3.5,6000,0.5,0.5042,R,F,A
4,6000,0.5,0.5115,R,F,A
4.5,6000,0.5,0.5181,R,F,A
5,6000,0.5,0.5219,R,F,A
0.5,6250,0.5,0.5264,R,F,A
1,6250,0.5,0.5198,R,F,A
1.5,6250,0.5,0.5004,R,F,A
2,6250,0.5,0.461,R,F,A
2.5,6250,0.5,0.4583,R,F,A
3,6250,0.5,0.4668,R,F,A
3.5,6250,0.5,0.4748,R,F,A
4,6250,0.5,0.4821,R,F,A
4.5,6250,0.5,0.4878,R,F,A
5,6250,0.5,0.4925,R,F,A
0.5,6500,0.5,0.5136,R,F,A
1,6500,0.5,0.5129,R,F,A
1.5,6500,0.5,0.503,R,F,A
2,6500,0.5,0.4785,R,F,A
2.5,6500,0.5,0.4414,R,F,A
3,6500,0.5,0.441,R,F,A
3.5,6500,0.5,0.4481,R,F,A
4,6500,0.5,0.4551,R,F,A
4.5,6500,0.5,0.4617,R,F,A
5,6500,0.5,0.4664,R,F,A
0.5,6750,0.5,0.5008,R,F,A
1,6750,0.5,0.5007,R,F,A
1.5,6750,0.5,0.4986,R,F,A
2,6750,0.5,0.4842,R,F,A
2.5,6750,0.5,0.4542,R,F,A
3,6750,0.5,0.4246,R,F,A
3.5,6750,0.5,0.4252,R,F,A
4,6750,0.5,0.4322,R,F,A
4.5,6750,0.5,0.4381,R,F,A
5,6750,0.5,0.4415,R,F,A
0.5,7000,0.5,0.4913,R,F,A
1,7000,0.5,0.4866,R,F,A
1.5,7000,0.5,0.4873,R,F,A
2,7000,0.5,0.4828,R,F,A
2.5,7000,0.5,0.4642,R,F,A
3,7000,0.5,0.4297,R,F,A
3.5,7000,0.5,0.4088,R,F,A
4,7000,0.5,0.413,R,F,A
4.5,7000,0.5,0.4172,R,F,A
5,7000,0.5,0.4202,R,F,A
1,7250,0.5,0.4747,R,F,A
1.5,7250,0.5,0.4721,R,F,A
2,7250,0.5,0.4728,R,F,A
2.5,7250,0.5,0.4657,R,F,A
3,7250,0.5,0.4426,R,F,A
3.5,7250,0.5,0.4094,R,F,A
4,7250,0.5,0.3971,R,F,A
4.5,7250,0.5,0.3993,R,F,A
5,7250,0.5,0.4024,R,F,A
1,7500,0.5,0.4647,R,F,A
1.5,7500,0.5,0.4584,R,F,A
2,7500,0.5,0.4567,R,F,A
2.5,7500,0.5,0.4576,R,F,A
3,7500,0.5,0.4475,R,F,A
3.5,7500,0.5,0.421,R,F,A
4,7500,0.5,0.3899,R,F,A
4.5,7500,0.5,0.3859,R,F,A
5,7500,0.5,0.3873,R,F,A
1,7750,0.5,0.4568,R,F,A
1.5,7750,0.5,0.4451,R,F,A
2,7750,0.5,0.4412,R,F,A
2.5,7750,0.5,0.4406,R,F,A
3,7750,0.5,0.4415,R,F,A
3.5,7750,0.5,0.4286,R,F,A
4,7750,0.5,0.3982,R,F,A
4.5,7750,0.5,0.3729,R,F,A
5,7750,0.5,0.3752,R,F,A
1,8000,0.5,0.451,R,F,A
1.5,8000,0.5,0.435,R,F,A
2,8000,0.5,0.4261,R,F,A
2.5,8000,0.5,0.4224,R,F,A
3,8000,0.5,0.4222,R,F,A
3.5,8000,0.5,0.4234,R,F,A
4,8000,0.5,0.4083,R,F,A
4.5,8000,0.5,0.3798,R,F,A
5,8000,0.5,0.3637,R,F,A
1,8250,0.5,0.446,R,F,A
1.5,8250,0.5,0.4285,R,F,A
2,8250,0.5,0.4159,R,F,A
2.5,8250,0.5,0.409,R,F,A
3,8250,0.5,0.4063,R,F,A
3.5,8250,0.5,0.4061,R,F,A
4,8250,0.5,0.4064,R,F,A
4.5,8250,0.5,0.3874,R,F,A
5,8250,0.5,0.3589,R,F,A
1.5,8500,0.5,0.4233,R,F,A
2,8500,0.5,0.4084,R,F,A
2.5,8500,0.5,0.3986,R,F,A
3,8500,0.5,0.393,R,F,A
3.5,8500,0.5,0.3911,R,F,A
4,8500,0.5,0.3913,R,F,A
4.5,8500,0.5,0.3899,R,F,A
5,8500,0.5,0.3667,R,F,A
1.5,8750,0.5,0.4183,R,F,A
2,8750,0.5,0.4026,R,F,A
2.5,8750,0.5,0.3907,R,F,A
3,8750,0.5,0.3829,R,F,A
3.5,8750,0.5,0.3787,R,F,A
4,8750,0.5,0.3774,R,F,A
4.5,8750,0.5,0.3778,R,F,A
5,8750,0.5,0.3719,R,F,A
1.5,9000,0.5,0.4136,R,F,A
2,9000,0.5,0.3971,R,F,A
2.5,9000,0.5,0.3846,R,F,A
3,9000,0.5,0.3757,R,F,A
3.5,9000,0.5,0.3694,R,F,A
4,9000,0.5,0.3658,R,F,A
4.5,9000,0.5,0.3651,R,F,A
5,9000,0.5,0.3666,R,F,A
2,9250,0.5,0.3914,R,F,A
2.5,9250,0.5,0.3795,R,F,A
3,9250,0.5,0.3699,R,F,A
3.5,9250,0.5,0.3622,R,F,A
4,9250,0.5,0.357,R,F,A
4.5,9250,0.5,0.3542,R,F,A
5,9250,0.5,0.3538,R,F,A
2,9500,0.5,0.3852,R,F,A
2.5,9500,0.5,0.3738,R,F,A
3,9500,0.5,0.3645,R,F,A
3.5,9500,0.5,0.3568,R,F,A
4,9500,0.5,0.3506,R,F,A
4.5,9500,0.5,0.346,R,F,A
5,9500,0.5,0.3438,R,F,A
2,9750,0.5,0.3789,R,F,A
2.5,9750,0.5,0.3675,R,F,A
3,9750,0.5,0.3592,R,F,A
3.5,9750,0.5,0.3519,R,F,A
4,9750,0.5,0.3455,R,F,A
4.5,9750,0.5,0.3399,R,F,A
5,9750,0.5,0.3362,R,F,A
2,10000,0.5,0.3723,R,F,A
2.5,10000,0.5,0.361,R,F,A
3,10000,0.5,0.3534,R,F,A
3.5,10000,0.5,0.347,R,F,A
4,10000,0.5,0.3408,R,F,A
4.5,10000,0.5,0.3353,R,F,A
5,10000,0.5,0.3305,R,F,A
2,10500,0.5,0.3607,R,F,A
2.5,10500,0.5,0.3474,R,F,A
3,10500,0.5,0.3406,R,F,A
3.5,10500,0.5,0.3361,R,F,A
4,10500,0.5,0.3318,R,F,A
4.5,10500,0.5,0.3269,R,F,A
5,10500,0.5,0.3217,R,F,A
2.5,11000,0.5,0.3349,R,F,A
3,11000,0.5,0.3276,R,F,A
3.5,11000,0.5,0.3241,R,F,A
4,11000,0.5,0.3214,R,F,A
4.5,11000,0.5,0.3183,R,F,A
5,11000,0.5,0.3142,R,F,A
2.5,11500,0.5,0.325,R,F,A
3,11500,0.5,0.3155,R,F,A
3.5,11500,0.5,0.3118,R,F,A
4,11500,0.5,0.3102,R,F,A
4.5,11500,0.5,0.3089,R,F,A
5,11500,0.5,0.3064,R,F,A
2.5,12000,0.5,0.3174,R,F,A
3,12000,0.5,0.3051,R,F,A
3.5,12000,0.5,0.3003,R,F,A
4,12000,0.5,0.2989,R,F,A
4.5,12000,0.5,0.2986,R,F,A
5,12000,0.5,0.2977,R,F,A
2.5,12500,0.5,0.3119,R,F,A
3,12500,0.5,0.2969,R,F,A
3.5,12500,0.5,0.2903,R,F,A
4,12500,0.5,0.2883,R,F,A
4.5,12500,0.5,0.2882,R,F,A
5,12500,0.5,0.2884,R,F,A
2.5,13000,0.5,0.3079,R,F,A
3,13000,0.5,0.2902,R,F,A
3.5,13000,0.5,0.2819,R,F,A
4,13000,0.5,0.2786,R,F,A
4.5,13000,0.5,0.2783,R,F,A
5,13000,0.5,0.279,R,F,A
2.5,14000,0.5,0.3034,R,F,A
3,14000,0.5,0.2806,R,F,A
3.5,14000,0.5,0.2688,R,F,A
4,14000,0.5,0.2632,R,F,A
4.5,14000,0.5,0.2613,R,F,A
5,14000,0.5,0.2615,R,F,A
2.5,15000,0.5,0.3031,R,F,A
3,15000,0.5,0.2745,R,F,A
3.5,15000,0.5,0.2598,R,F,A
4,15000,0.5,0.2521,R,F,A
4.5,15000,0.5,0.2485,R,F,A
5,15000,0.5,0.2474,R,F,A
2.5,16000,0.5,0.306,R,F,A
3,16000,0.5,0.2717,R,F,A
3.5,16000,0.5,0.2536,R,F,A
4,16000,0.5,0.244,R,F,A
4.5,16000,0.5,0.2389,R,F,A
5,16000,0.5,0.2366,R,F,A
2.5,17000,0.5,0.3114,R,F,A
3,17000,0.5,0.2711,R,F,A
3.5,17000,0.5,0.2496,R,F,A
4,17000,0.5,0.2379,R,F,A
4.5,17000,0.5,0.2315,R,F,A
5,17000,0.5,0.2283,R,F,A
3,18000,0.5,0.272,R,F,A
3.5,18000,0.5,0.2475,R,F,A
4,18000,0.5,0.2337,R,F,A
4.5,18000,0.5,0.2259,R,F,A
5,18000,0.5,0.2218,R,F,A
3,19000,0.5,0.2728,R,F,A
3.5,19000,0.5,0.2466,R,F,A
4,19000,0.5,0.231,R,F,A
4.5,19000,0.5,0.2218,R,F,A
5,19000,0.5,0.2167,R,F,A
3,20000,0.5,0.272,R,F,A
3.5,20000,0.5,0.2455,R,F,A
4,20000,0.5,0.2293,R,F,A
4.5,20000,0.5,0.2192,R,F,A
5,20000,0.5,0.2131,R,F,A
3,21000,0.5,0.27,R,F,A
3.5,21000,0.5,0.2434,R,F,A
4,21000,0.5,0.2275,R,F,A
4.5,21000,0.5,0.2171,R,F,A
5,21000,0.5,0.2104,R,F,A
3,22000,0.5,0.2697,R,F,A
3.5,22000,0.5,0.2396,R,F,A
4,22000,0.5,0.2249,R,F,A
4.5,22000,0.5,0.215,R,F,A
5,22000,0.5,0.2084,R,F,A
3,23000,0.5,0.2738,R,F,A
3.5,23000,0.5,0.2357,R,F,A
4,23000,0.5,0.2209,R,F,A
4.5,23000,0.5,0.2122,R,F,A
5,23000,0.5,0.2062,R,F,A
3,24000,0.5,0.2822,R,F,A
3.5,24000,0.5,0.2338,R,F,A
4,24000,0.5,0.2164,R,F,A
4.5,24000,0.5,0.2086,R,F,A
5,24000,0.5,0.2036,R,F,A
3.5,25000,0.5,0.2349,R,F,A
4,25000,0.5,0.2129,R,F,A
4.5,25000,0.5,0.2043,R,F,A
5,25000,0.5,0.2002,R,F,A
3.5,26000,0.5,0.2378,R,F,A
4,26000,0.5,0.2112,R,F,A
4.5,26000,0.5,0.2005,R,F,A
5,26000,0.5,0.1962,R,F,A
3.5,27000,0.5,0.2413,R,F,A
4,27000,0.5,0.2114,R,F,A
4.5,27000,0.5,0.1979,R,F,A
5,27000,0.5,0.1926,R,F,A
3.5,28000,0.5,0.2432,R,F,A
4,28000,0.5,0.2123,R,F,A
4.5,28000,0.5,0.1968,R,F,A
5,28000,0.5,0.1896,R,F,A
3.5,29000,0.5,0.2433,R,F,A
4,29000,0.5,0.2124,R,F,A
4.5,29000,0.5,0.196,R,F,A
5,29000,0.5,0.1873,R,F,A
4,30000,0.5,0.211,R,F,A
4.5,30000,0.5,0.1946,R,F,A
5,30000,0.5,0.1855,R,F,A
4,31000,0.5,0.208,R,F,A
4.5,31000,0.5,0.1921,R,F,A
5,31000,0.5,0.183,R,F,A
4,32000,0.5,0.2037,R,F,A
4.5,32000,0.5,0.1889,R,F,A
5,32000,0.5,0.1799,R,F,A
4,33000,0.5,0.1986,R,F,A
4.5,33000,0.5,0.1843,R,F,A
5,33000,0.5,0.1761,R,F,A
4.5,34000,0.5,0.1788,R,F,A
5,34000,0.5,0.1714,R,F,A
4.5,35000,0.5,0.1726,R,F,A
5,35000,0.5,0.1658,R,F,A
4.5,37500,0.5,0.1592,R,F,A
5,37500,0.5,0.1502,R,F,A
5,40000,0.5,0.1391,R,F,A
5,42500,0.5,0.1348,R,F,A
5,45000,0.5,0.1329,R,F,A
0,3500,1,0.8864,R,F,A
0.5,3500,1,0.8507,R,F,A
1,3500,1,0.8136,R,F,A
1.5,3500,1,0.7782,R,F,A
2,3500,1,0.7469,R,F,A
2.5,3500,1,0.7212,R,F,A
3,3500,1,0.7025,R,F,A
3.5,3500,1,0.6922,R,F,A
4,3500,1,0.6871,R,F,A
4.5,3500,1,0.6692,R,F,A
5,3500,1,0.6373,R,F,A
0,3750,1,0.8875,R,F,A
0.5,3750,1,0.8811,R,F,A
1,3750,1,0.8703,R,F,A
1.5,3750,1,0.8552,R,F,A
2,3750,1,0.8372,R,F,A
2.5,3750,1,0.8175,R,F,A
3,3750,1,0.7974,R,F,A
3.5,3750,1,0.7777,R,F,A
4,3750,1,0.7584,R,F,A
4.5,3750,1,0.7413,R,F,A
5,3750,1,0.7094,R,F,A
0,4000,1,0.8244,R,F,A
0.5,4000,1,0.8263,R,F,A
1,4000,1,0.8278,R,F,A
1.5,4000,1,0.8277,R,F,A
2,4000,1,0.8262,R,F,A
2.5,4000,1,0.8224,R,F,A
3,4000,1,0.8168,R,F,A
3.5,4000,1,0.8088,R,F,A
4,4000,1,0.7969,R,F,A
4.5,4000,1,0.7772,R,F,A
5,4000,1,0.752,R,F,A
0,4250,1,0.7705,R,F,A
0.5,4250,1,0.7729,R,F,A
1,4250,1,0.7747,R,F,A
1.5,4250,1,0.7759,R,F,A
2,4250,1,0.7774,R,F,A
2.5,4250,1,0.7791,R,F,A
3,4250,1,0.7808,R,F,A
3.5,4250,1,0.7819,R,F,A
4,4250,1,0.7816,R,F,A
4.5,4250,1,0.7748,R,F,A
5,4250,1,0.7524,R,F,A
0,4500,1,0.726,R,F,A
0.5,4500,1,0.7292,R,F,A
1,4500,1,0.7315,R,F,A
1.5,4500,1,0.7332,R,F,A
2,4500,1,0.7341,R,F,A
2.5,4500,1,0.7354,R,F,A
3,4500,1,0.7367,R,F,A
3.5,4500,1,0.7388,R,F,A
4,4500,1,0.7411,R,F,A
4.5,4500,1,0.7426,R,F,A
5,4500,1,0.7355,R,F,A
0,4750,1,0.6832,R,F,A
0.5,4750,1,0.688,R,F,A
1,4750,1,0.6911,R,F,A
1.5,4750,1,0.6939,R,F,A
2,4750,1,0.6963,R,F,A
2.5,4750,1,0.6983,R,F,A
3,4750,1,0.7,R,F,A
3.5,4750,1,0.7016,R,F,A
4,4750,1,0.7033,R,F,A
4.5,4750,1,0.705,R,F,A
5,4750,1,0.7061,R,F,A
0,5000,1,0.6543,R,F,A
0.5,5000,1,0.6427,R,F,A
1,5000,1,0.6502,R,F,A
1.5,5000,1,0.6548,R,F,A
2,5000,1,0.6586,R,F,A
2.5,5000,1,0.6618,R,F,A
3,5000,1,0.6651,R,F,A
3.5,5000,1,0.668,R,F,A
4,5000,1,0.6708,R,F,A
4.5,5000,1,0.6728,R,F,A
5,5000,1,0.6743,R,F,A
0,5250,1,0.624,R,F,A
0.5,5250,1,0.6178,R,F,A
1,5250,1,0.6062,R,F,A
1.5,5250,1,0.6133,R,F,A
2,5250,1,0.6194,R,F,A
2.5,5250,1,0.6247,R,F,A
3,5250,1,0.6301,R,F,A
3.5,5250,1,0.6347,R,F,A
4,5250,1,0.6383,R,F,A
4.5,5250,1,0.6421,R,F,A
5,5250,1,0.6443,R,F,A
0,5500,1,0.5941,R,F,A
0.5,5500,1,0.592,R,F,A
1,5500,1,0.5825,R,F,A
1.5,5500,1,0.5706,R,F,A
2,5500,1,0.5791,R,F,A
2.5,5500,1,0.5869,R,F,A
3,5500,1,0.5939,R,F,A
3.5,5500,1,0.6001,R,F,A
4,5500,1,0.605,R,F,A
4.5,5500,1,0.6103,R,F,A
5,5500,1,0.6137,R,F,A
0,5750,1,0.5674,R,F,A
0.5,5750,1,0.5687,R,F,A
1,5750,1,0.5633,R,F,A
1.5,5750,1,0.5461,R,F,A
2,5750,1,0.539,R,F,A
2.5,5750,1,0.5488,R,F,A
3,5750,1,0.5575,R,F,A
3.5,5750,1,0.5656,R,F,A
4,5750,1,0.5724,R,F,A
4.5,5750,1,0.5785,R,F,A
5,5750,1,0.5819,R,F,A
0.5,6000,1,0.547,R,F,A
1,6000,1,0.5456,R,F,A
1.5,6000,1,0.5349,R,F,A
2,6000,1,0.5123,R,F,A
2.5,6000,1,0.5126,R,F,A
3,6000,1,0.5225,R,F,A
3.5,6000,1,0.5321,R,F,A
4,6000,1,0.54,R,F,A
4.5,6000,1,0.5464,R,F,A
5,6000,1,0.5514,R,F,A
0.5,6250,1,0.5264,R,F,A
1,6250,1,0.5288,R,F,A
1.5,6250,1,0.5233,R,F,A
2,6250,1,0.5052,R,F,A
2.5,6250,1,0.4799,R,F,A
3,6250,1,0.4882,R,F,A
3.5,6250,1,0.4984,R,F,A
4,6250,1,0.5077,R,F,A
4.5,6250,1,0.5159,R,F,A
5,6250,1,0.5211,R,F,A
0.5,6500,1,0.5082,R,F,A
1,6500,1,0.5119,R,F,A
1.5,6500,1,0.5112,R,F,A
2,6500,1,0.501,R,F,A
2.5,6500,1,0.4789,R,F,A
3,6500,1,0.4563,R,F,A
3.5,6500,1,0.4673,R,F,A
4,6500,1,0.4779,R,F,A
4.5,6500,1,0.4863,R,F,A
5,6500,1,0.4927,R,F,A
0.5,6750,1,0.495,R,F,A
1,6750,1,0.4946,R,F,A
1.5,6750,1,0.4983,R,F,A
2,6750,1,0.4936,R,F,A
2.5,6750,1,0.4784,R,F,A
3,6750,1,0.4497,R,F,A
3.5,6750,1,0.4416,R,F,A
4,6750,1,0.4501,R,F,A
4.5,6750,1,0.458,R,F,A
5,6750,1,0.4647,R,F,A
0.5,7000,1,0.4872,R,F,A
1,7000,1,0.4805,R,F,A
1.5,7000,1,0.4812,R,F,A
2,7000,1,0.4836,R,F,A
2.5,7000,1,0.4746,R,F,A
3,7000,1,0.4526,R,F,A
3.5,7000,1,0.4265,R,F,A
4,7000,1,0.4253,R,F,A
4.5,7000,1,0.4321,R,F,A
5,7000,1,0.4392,R,F,A
0.5,7250,1,0.4846,R,F,A
1,7250,1,0.4702,R,F,A
1.5,7250,1,0.4667,R,F,A
2,7250,1,0.4675,R,F,A
2.5,7250,1,0.4682,R,F,A
3,7250,1,0.4544,R,F,A
3.5,7250,1,0.428,R,F,A
4,7250,1,0.4074,R,F,A
4.5,7250,1,0.4093,R,F,A
5,7250,1,0.4157,R,F,A
1,7500,1,0.4639,R,F,A
1.5,7500,1,0.4547,R,F,A
2,7500,1,0.4522,R,F,A
2.5,7500,1,0.4532,R,F,A
3,7500,1,0.4515,R,F,A
3.5,7500,1,0.4333,R,F,A
4,7500,1,0.4035,R,F,A
4.5,7500,1,0.3915,R,F,A
5,7500,1,0.3943,R,F,A
1,7750,1,0.4594,R,F,A
1.5,7750,1,0.4465,R,F,A
2,7750,1,0.4399,R,F,A
2.5,7750,1,0.4379,R,F,A
3,7750,1,0.4382,R,F,A
3.5,7750,1,0.4339,R,F,A
4,7750,1,0.4107,R,F,A
4.5,7750,1,0.3835,R,F,A
5,7750,1,0.3794,R,F,A
1,8000,1,0.4549,R,F,A
1.5,8000,1,0.439,R,F,A
2,8000,1,0.4288,R,F,A
2.5,8000,1,0.4251,R,F,A
3,8000,1,0.4235,R,F,A
3.5,8000,1,0.4239,R,F,A
4,8000,1,0.4151,R,F,A
4.5,8000,1,0.3883,R,F,A
5,8000,1,0.3694,R,F,A
1,8250,1,0.4496,R,F,A
1.5,8250,1,0.4329,R,F,A
2,8250,1,0.4201,R,F,A
2.5,8250,1,0.412,R,F,A
3,8250,1,0.4097,R,F,A
3.5,8250,1,0.4087,R,F,A
4,8250,1,0.4092,R,F,A
4.5,8250,1,0.395,R,F,A
5,8250,1,0.3683,R,F,A
1.5,8500,1,0.4279,R,F,A
2,8500,1,0.4135,R,F,A
2.5,8500,1,0.4031,R,F,A
3,8500,1,0.3966,R,F,A
3.5,8500,1,0.3937,R,F,A
4,8500,1,0.3931,R,F,A
4.5,8500,1,0.393,R,F,A
5,8500,1,0.374,R,F,A
1.5,8750,1,0.4224,R,F,A
2,8750,1,0.4075,R,F,A
2.5,8750,1,0.396,R,F,A
3,8750,1,0.3875,R,F,A
3.5,8750,1,0.3823,R,F,A
4,8750,1,0.3802,R,F,A
4.5,8750,1,0.3796,R,F,A
5,8750,1,0.3758,R,F,A
2,9000,1,0.4019,R,F,A
2.5,9000,1,0.3898,R,F,A
3,9000,1,0.3803,R,F,A
3.5,9000,1,0.3733,R,F,A
4,9000,1,0.3691,R,F,A
4.5,9000,1,0.3676,R,F,A
5,9000,1,0.3685,R,F,A
2,9250,1,0.3957,R,F,A
2.5,9250,1,0.3844,R,F,A
3,9250,1,0.3746,R,F,A
3.5,9250,1,0.3663,R,F,A
4,9250,1,0.3603,R,F,A
4.5,9250,1,0.3568,R,F,A
5,9250,1,0.356,R,F,A
2,9500,1,0.3892,R,F,A
2.5,9500,1,0.3783,R,F,A
3,9500,1,0.369,R,F,A
3.5,9500,1,0.3609,R,F,A
4,9500,1,0.3538,R,F,A
4.5,9500,1,0.3486,R,F,A
5,9500,1,0.3457,R,F,A
2,9750,1,0.3822,R,F,A
2.5,9750,1,0.3719,R,F,A
3,9750,1,0.3638,R,F,A
3.5,9750,1,0.356,R,F,A
4,9750,1,0.3487,R,F,A
4.5,9750,1,0.3425,R,F,A
5,9750,1,0.3375,R,F,A
2,10000,1,0.3751,R,F,A
2.5,10000,1,0.3648,R,F,A
3,10000,1,0.3578,R,F,A
3.5,10000,1,0.3511,R,F,A
4,10000,1,0.3443,R,F,A
4.5,10000,1,0.3375,R,F,A
5,10000,1,0.3315,R,F,A
2.5,10500,1,0.3505,R,F,A
3,10500,1,0.3446,R,F,A
3.5,10500,1,0.3403,R,F,A
4,10500,1,0.3358,R,F,A
4.5,10500,1,0.3299,R,F,A
5,10500,1,0.3235,R,F,A
2.5,11000,1,0.3379,R,F,A
3,11000,1,0.3309,R,F,A
3.5,11000,1,0.3279,R,F,A
4,11000,1,0.3255,R,F,A
4.5,11000,1,0.3221,R,F,A
5,11000,1,0.3171,R,F,A
3,11500,1,0.3188,R,F,A
3.5,11500,1,0.3153,R,F,A
4,11500,1,0.3141,R,F,A
4.5,11500,1,0.3126,R,F,A
5,11500,1,0.3099,R,F,A
3,12000,1,0.309,R,F,A
3.5,12000,1,0.3041,R,F,A
4,12000,1,0.3026,R,F,A
4.5,12000,1,0.3025,R,F,A
5,12000,1,0.3015,R,F,A
3,12500,1,0.3016,R,F,A
3.5,12500,1,0.2945,R,F,A
4,12500,1,0.2921,R,F,A
4.5,12500,1,0.292,R,F,A
5,12500,1,0.2922,R,F,A
3,13000,1,0.2957,R,F,A
3.5,13000,1,0.2868,R,F,A
4,13000,1,0.283,R,F,A
4.5,13000,1,0.2823,R,F,A
5,13000,1,0.2827,R,F,A
3,14000,1,0.287,R,F,A
3.5,14000,1,0.2746,R,F,A
4,14000,1,0.2683,R,F,A
4.5,14000,1,0.2656,R,F,A
5,14000,1,0.2651,R,F,A
3,15000,1,0.2816,R,F,A
3.5,15000,1,0.2656,R,F,A
4,15000,1,0.2571,R,F,A
4.5,15000,1,0.2527,R,F,A
5,15000,1,0.2508,R,F,A
3,16000,1,0.2791,R,F,A
3.5,16000,1,0.2593,R,F,A
4,16000,1,0.2484,R,F,A
4.5,16000,1,0.2425,R,F,A
5,16000,1,0.2395,R,F,A
3,17000,1,0.2793,R,F,A
3.5,17000,1,0.2558,R,F,A
4,17000,1,0.2423,R,F,A
4.5,17000,1,0.2347,R,F,A
5,17000,1,0.2306,R,F,A
3,18000,1,0.2803,R,F,A
3.5,18000,1,0.2546,R,F,A
4,18000,1,0.2388,R,F,A
4.5,18000,1,0.2293,R,F,A
5,18000,1,0.2238,R,F,A
3,19000,1,0.2799,R,F,A
3.5,19000,1,0.2542,R,F,A
4,19000,1,0.2371,R,F,A
4.5,19000,1,0.226,R,F,A
5,19000,1,0.2193,R,F,A
3,20000,1,0.2777,R,F,A
3.5,20000,1,0.2526,R,F,A
4,20000,1,0.2361,R,F,A
4.5,20000,1,0.2243,R,F,A
5,20000,1,0.2164,R,F,A
3,21000,1,0.276,R,F,A
3.5,21000,1,0.249,R,F,A
4,21000,1,0.2343,R,F,A
4.5,21000,1,0.2232,R,F,A
5,21000,1,0.215,R,F,A
3.5,22000,1,0.2446,R,F,A
4,22000,1,0.2307,R,F,A
4.5,22000,1,0.2214,R,F,A
5,22000,1,0.2138,R,F,A
3.5,23000,1,0.2415,R,F,A
4,23000,1,0.2259,R,F,A
4.5,23000,1,0.2182,R,F,A
5,23000,1,0.2121,R,F,A
3.5,24000,1,0.2418,R,F,A
4,24000,1,0.2217,R,F,A
4.5,24000,1,0.2138,R,F,A
5,24000,1,0.2093,R,F,A
3.5,25000,1,0.245,R,F,A
4,25000,1,0.2191,R,F,A
4.5,25000,1,0.2092,R,F,A
5,25000,1,0.2053,R,F,A
3.5,26000,1,0.249,R,F,A
4,26000,1,0.2194,R,F,A
4.5,26000,1,0.2061,R,F,A
5,26000,1,0.2008,R,F,A
3.5,27000,1,0.2513,R,F,A
4,27000,1,0.2202,R,F,A
4.5,27000,1,0.2044,R,F,A
5,27000,1,0.1973,R,F,A
4,28000,1,0.2209,R,F,A
4.5,28000,1,0.2039,R,F,A
5,28000,1,0.1948,R,F,A
4,29000,1,0.2199,R,F,A
4.5,29000,1,0.2028,R,F,A
5,29000,1,0.193,R,F,A
4,30000,1,0.2171,R,F,A
4.5,30000,1,0.2011,R,F,A
5,30000,1,0.1909,R,F,A
4,31000,1,0.213,R,F,A
4.5,31000,1,0.1978,R,F,A
5,31000,1,0.1882,R,F,A
4.5,32000,1,0.1934,R,F,A
5,32000,1,0.1848,R,F,A
4.5,33000,1,0.188,R,F,A
5,33000,1,0.1804,R,F,A
4.5,34000,1,0.1819,R,F,A
5,34000,1,0.1751,R,F,A
4.5,35000,1,0.176,R,F,A
5,35000,1,0.1693,R,F,A
5,37500,1,0.1549,R,F,A
5,40000,1,0.1464,R,F,A
